{
"type": "FeatureCollection",
"name": "CANTONES SSS",
"crs": { "type": "name", "properties": { "name": "urn:ogc:def:crs:OGC:1.3:CRS84" } },
"features": [
{ "type": "Feature", "properties": { "fid": 110, "CANTON": "AGUACATITAN", "DISTRITO": "SAN MARCOS" }, "geometry": { "type": "Polygon", "coordinates": [ [ [ -89.229368, 13.653171 ], [ -89.229374, 13.652909 ], [ -89.229346, 13.652636 ], [ -89.229338, 13.652465 ], [ -89.229337, 13.652453 ], [ -89.229336, 13.652432 ], [ -89.229406, 13.6522 ], [ -89.229503, 13.651959 ], [ -89.229604, 13.651799 ], [ -89.229623, 13.651748 ], [ -89.229647, 13.651682 ], [ -89.229625, 13.651319 ], [ -89.229559, 13.650961 ], [ -89.229521, 13.650694 ], [ -89.229504, 13.650524 ], [ -89.229548, 13.650273 ], [ -89.229663, 13.649918 ], [ -89.229709, 13.649788 ], [ -89.22973, 13.649706 ], [ -89.22975, 13.649624 ], [ -89.22975, 13.64946 ], [ -89.229705, 13.64925 ], [ -89.229644, 13.649122 ], [ -89.229621, 13.649072 ], [ -89.229438, 13.648872 ], [ -89.2293, 13.648756 ], [ -89.229163, 13.648631 ], [ -89.228883, 13.648473 ], [ -89.228683, 13.648412 ], [ -89.228528, 13.648308 ], [ -89.228378, 13.648187 ], [ -89.228297, 13.648047 ], [ -89.22821, 13.647766 ], [ -89.228085, 13.647396 ], [ -89.228041, 13.647316 ], [ -89.22788, 13.647065 ], [ -89.227759, 13.646947 ], [ -89.227677, 13.64687 ], [ -89.227588, 13.64681 ], [ -89.22742, 13.646736 ], [ -89.227203, 13.64665 ], [ -89.227048, 13.646585 ], [ -89.226946, 13.646516 ], [ -89.226817, 13.646412 ], [ -89.226707, 13.646286 ], [ -89.22652, 13.6461 ], [ -89.226321, 13.645949 ], [ -89.226057, 13.645769 ], [ -89.225835, 13.645634 ], [ -89.225445, 13.645357 ], [ -89.225149, 13.645137 ], [ -89.224936, 13.644942 ], [ -89.224724, 13.644753 ], [ -89.224541, 13.644596 ], [ -89.224413, 13.64452 ], [ -89.224309, 13.64449 ], [ -89.224136, 13.64447 ], [ -89.223892, 13.644459 ], [ -89.223852, 13.644457 ], [ -89.223868, 13.644352 ], [ -89.223882, 13.644258 ], [ -89.223879, 13.644091 ], [ -89.223879, 13.644065 ], [ -89.223863, 13.64409 ], [ -89.223836, 13.644087 ], [ -89.223777, 13.64416 ], [ -89.223767, 13.644173 ], [ -89.223606, 13.644377 ], [ -89.223605, 13.644379 ], [ -89.223569, 13.644421 ], [ -89.223564, 13.644427 ], [ -89.223442, 13.644572 ], [ -89.223374, 13.644535 ], [ -89.223366, 13.644531 ], [ -89.223109, 13.644393 ], [ -89.223095, 13.644385 ], [ -89.223093, 13.644385 ], [ -89.223031, 13.644351 ], [ -89.223019, 13.644344 ], [ -89.223018, 13.644344 ], [ -89.22296, 13.644313 ], [ -89.22295, 13.64431 ], [ -89.2229, 13.644299 ], [ -89.222881, 13.644287 ], [ -89.22288, 13.644287 ], [ -89.222755, 13.644213 ], [ -89.222734, 13.644202 ], [ -89.222732, 13.644201 ], [ -89.222566, 13.644111 ], [ -89.222545, 13.644098 ], [ -89.22254, 13.644095 ], [ -89.222324, 13.643963 ], [ -89.222337, 13.643952 ], [ -89.222341, 13.643948 ], [ -89.222511, 13.643798 ], [ -89.222494, 13.643789 ], [ -89.222481, 13.643782 ], [ -89.222121, 13.643583 ], [ -89.222115, 13.643579 ], [ -89.222104, 13.643572 ], [ -89.221836, 13.643408 ], [ -89.221835, 13.643407 ], [ -89.22183, 13.643401 ], [ -89.221718, 13.643263 ], [ -89.221715, 13.643259 ], [ -89.221714, 13.643258 ], [ -89.221685, 13.643223 ], [ -89.221684, 13.643221 ], [ -89.221683, 13.64322 ], [ -89.221658, 13.643154 ], [ -89.221656, 13.643149 ], [ -89.221656, 13.643148 ], [ -89.221626, 13.643013 ], [ -89.221623, 13.643002 ], [ -89.221623, 13.642999 ], [ -89.22162, 13.642987 ], [ -89.22162, 13.642986 ], [ -89.22162, 13.642985 ], [ -89.221625, 13.642887 ], [ -89.221625, 13.642877 ], [ -89.221626, 13.642871 ], [ -89.22166, 13.642751 ], [ -89.221664, 13.642737 ], [ -89.221667, 13.642727 ], [ -89.221675, 13.642676 ], [ -89.221676, 13.64267 ], [ -89.221677, 13.642664 ], [ -89.221682, 13.642578 ], [ -89.221682, 13.642566 ], [ -89.221683, 13.642555 ], [ -89.221664, 13.64247 ], [ -89.221662, 13.642457 ], [ -89.221659, 13.642444 ], [ -89.220929, 13.642429 ], [ -89.220808, 13.642426 ], [ -89.220675, 13.642424 ], [ -89.220621, 13.642462 ], [ -89.220611, 13.642469 ], [ -89.2206, 13.642477 ], [ -89.220521, 13.642477 ], [ -89.220518, 13.642428 ], [ -89.220518, 13.642418 ], [ -89.220517, 13.642405 ], [ -89.220526, 13.642368 ], [ -89.220528, 13.642359 ], [ -89.220531, 13.642348 ], [ -89.220525, 13.642328 ], [ -89.220524, 13.642323 ], [ -89.220522, 13.642316 ], [ -89.219863, 13.642317 ], [ -89.219848, 13.642275 ], [ -89.219843, 13.642263 ], [ -89.219837, 13.642245 ], [ -89.219792, 13.642239 ], [ -89.219778, 13.642237 ], [ -89.219757, 13.642234 ], [ -89.219727, 13.642256 ], [ -89.219716, 13.642264 ], [ -89.2197, 13.642276 ], [ -89.219699, 13.642296 ], [ -89.219698, 13.642303 ], [ -89.219697, 13.642315 ], [ -89.219043, 13.642342 ], [ -89.218774, 13.642354 ], [ -89.218433, 13.642368 ], [ -89.218196, 13.641691 ], [ -89.218232, 13.641131 ], [ -89.218267, 13.640758 ], [ -89.218377, 13.64052 ], [ -89.218662, 13.640203 ], [ -89.219087, 13.639894 ], [ -89.219358, 13.639821 ], [ -89.219651, 13.639821 ], [ -89.219879, 13.639741 ], [ -89.220091, 13.639546 ], [ -89.2202, 13.639323 ], [ -89.220216, 13.639048 ], [ -89.220222, 13.638943 ], [ -89.220199, 13.638547 ], [ -89.220257, 13.638382 ], [ -89.220266, 13.638356 ], [ -89.220378, 13.638036 ], [ -89.220279, 13.637812 ], [ -89.22028, 13.637806 ], [ -89.220256, 13.637701 ], [ -89.220354, 13.637505 ], [ -89.220555, 13.637441 ], [ -89.220554, 13.637276 ], [ -89.220636, 13.637164 ], [ -89.220751, 13.637098 ], [ -89.220845, 13.637073 ], [ -89.220898, 13.636997 ], [ -89.220898, 13.636949 ], [ -89.220459, 13.636553 ], [ -89.220328, 13.636476 ], [ -89.220254, 13.636344 ], [ -89.220299, 13.636216 ], [ -89.220348, 13.636148 ], [ -89.220455, 13.636108 ], [ -89.220484, 13.635987 ], [ -89.220524, 13.635949 ], [ -89.220574, 13.635941 ], [ -89.220615, 13.635929 ], [ -89.220623, 13.635805 ], [ -89.220668, 13.635749 ], [ -89.220754, 13.635716 ], [ -89.220774, 13.635608 ], [ -89.220676, 13.635452 ], [ -89.220712, 13.635392 ], [ -89.220684, 13.635319 ], [ -89.2207, 13.635243 ], [ -89.220696, 13.635195 ], [ -89.220749, 13.635147 ], [ -89.220823, 13.635049 ], [ -89.220868, 13.635017 ], [ -89.220901, 13.634977 ], [ -89.22088, 13.634876 ], [ -89.220896, 13.634816 ], [ -89.220933, 13.634776 ], [ -89.220945, 13.634696 ], [ -89.221019, 13.634636 ], [ -89.221068, 13.634551 ], [ -89.221163, 13.634475 ], [ -89.221236, 13.634403 ], [ -89.221224, 13.634347 ], [ -89.221171, 13.634319 ], [ -89.221068, 13.634211 ], [ -89.221051, 13.634082 ], [ -89.221014, 13.633956 ], [ -89.220932, 13.63384 ], [ -89.220736, 13.6338 ], [ -89.220707, 13.633603 ], [ -89.220592, 13.633479 ], [ -89.220506, 13.633399 ], [ -89.220501, 13.633263 ], [ -89.220579, 13.632962 ], [ -89.220595, 13.632675 ], [ -89.220579, 13.632563 ], [ -89.220747, 13.632507 ], [ -89.220837, 13.632415 ], [ -89.220919, 13.632158 ], [ -89.221074, 13.632026 ], [ -89.221115, 13.631839 ], [ -89.221443, 13.631634 ], [ -89.221471, 13.631498 ], [ -89.221574, 13.63145 ], [ -89.221602, 13.631285 ], [ -89.221614, 13.631253 ], [ -89.221635, 13.631093 ], [ -89.221913, 13.630948 ], [ -89.221831, 13.630705 ], [ -89.221978, 13.630436 ], [ -89.222106, 13.630412 ], [ -89.222118, 13.630307 ], [ -89.222407, 13.629707 ], [ -89.222435, 13.62971 ], [ -89.222443, 13.62971 ], [ -89.222782, 13.629737 ], [ -89.222831, 13.629741 ], [ -89.22284, 13.629741 ], [ -89.223187, 13.629768 ], [ -89.223237, 13.629772 ], [ -89.223256, 13.629774 ], [ -89.224392, 13.630039 ], [ -89.224558, 13.630078 ], [ -89.224655, 13.6301 ], [ -89.224702, 13.629852 ], [ -89.224708, 13.629815 ], [ -89.224714, 13.629786 ], [ -89.224763, 13.62953 ], [ -89.224771, 13.629491 ], [ -89.224778, 13.629453 ], [ -89.224812, 13.629276 ], [ -89.224817, 13.629249 ], [ -89.224824, 13.629217 ], [ -89.224946, 13.628728 ], [ -89.224965, 13.628654 ], [ -89.224992, 13.628545 ], [ -89.225042, 13.628482 ], [ -89.225125, 13.62849 ], [ -89.225482, 13.628525 ], [ -89.22587, 13.628564 ], [ -89.226095, 13.628586 ], [ -89.226302, 13.628645 ], [ -89.226523, 13.628707 ], [ -89.226669, 13.628749 ], [ -89.226777, 13.628747 ], [ -89.226889, 13.628746 ], [ -89.226973, 13.628745 ], [ -89.227029, 13.628738 ], [ -89.227085, 13.628732 ], [ -89.227133, 13.628726 ], [ -89.227547, 13.628691 ], [ -89.227959, 13.628656 ], [ -89.228355, 13.628622 ], [ -89.228365, 13.628699 ], [ -89.228374, 13.628774 ], [ -89.228384, 13.628855 ], [ -89.228066, 13.629216 ], [ -89.227767, 13.629557 ], [ -89.227404, 13.62997 ], [ -89.22732, 13.63004 ], [ -89.227244, 13.630104 ], [ -89.22714, 13.630191 ], [ -89.227103, 13.630237 ], [ -89.22707, 13.630278 ], [ -89.22702, 13.630339 ], [ -89.227028, 13.630393 ], [ -89.227036, 13.630438 ], [ -89.227048, 13.630516 ], [ -89.227103, 13.630499 ], [ -89.227148, 13.630485 ], [ -89.227234, 13.630459 ], [ -89.227414, 13.63048 ], [ -89.227555, 13.630497 ], [ -89.227859, 13.630533 ], [ -89.228087, 13.630551 ], [ -89.228258, 13.630563 ], [ -89.228673, 13.630595 ], [ -89.22877, 13.630607 ], [ -89.228839, 13.630616 ], [ -89.229028, 13.630641 ], [ -89.22915, 13.630651 ], [ -89.229232, 13.630658 ], [ -89.229486, 13.630679 ], [ -89.229605, 13.630697 ], [ -89.22968, 13.630708 ], [ -89.229947, 13.630748 ], [ -89.229959, 13.630749 ], [ -89.229966, 13.63075 ], [ -89.229996, 13.630754 ], [ -89.230064, 13.630756 ], [ -89.230101, 13.630757 ], [ -89.230277, 13.630763 ], [ -89.230401, 13.630793 ], [ -89.230461, 13.630808 ], [ -89.230801, 13.630891 ], [ -89.231008, 13.630898 ], [ -89.231098, 13.630901 ], [ -89.231707, 13.63092 ], [ -89.231749, 13.630914 ], [ -89.231765, 13.630912 ], [ -89.231897, 13.630893 ], [ -89.231983, 13.630898 ], [ -89.23201, 13.6309 ], [ -89.232298, 13.630917 ], [ -89.232455, 13.63093 ], [ -89.232494, 13.630933 ], [ -89.233058, 13.63098 ], [ -89.233131, 13.630973 ], [ -89.233145, 13.630972 ], [ -89.233428, 13.630949 ], [ -89.23359, 13.630969 ], [ -89.233607, 13.630971 ], [ -89.234274, 13.631052 ], [ -89.234335, 13.631066 ], [ -89.234336, 13.631066 ], [ -89.234602, 13.631126 ], [ -89.234591, 13.631195 ], [ -89.23459, 13.6312 ], [ -89.234535, 13.631543 ], [ -89.234494, 13.631631 ], [ -89.234486, 13.631647 ], [ -89.234244, 13.632155 ], [ -89.234256, 13.632198 ], [ -89.23426, 13.632213 ], [ -89.234343, 13.632514 ], [ -89.234326, 13.632536 ], [ -89.234315, 13.632549 ], [ -89.234164, 13.632737 ], [ -89.234164, 13.632755 ], [ -89.234164, 13.632774 ], [ -89.234167, 13.632989 ], [ -89.234176, 13.632991 ], [ -89.234193, 13.632995 ], [ -89.234352, 13.633036 ], [ -89.234382, 13.633041 ], [ -89.234499, 13.633062 ], [ -89.235462, 13.633237 ], [ -89.235463, 13.633237 ], [ -89.235509, 13.633233 ], [ -89.235828, 13.633199 ], [ -89.235835, 13.633199 ], [ -89.235845, 13.633141 ], [ -89.235915, 13.632731 ], [ -89.235918, 13.63271 ], [ -89.235936, 13.632671 ], [ -89.23607, 13.632377 ], [ -89.236081, 13.632354 ], [ -89.236084, 13.632334 ], [ -89.236114, 13.632181 ], [ -89.236117, 13.632164 ], [ -89.236097, 13.632105 ], [ -89.23593, 13.631612 ], [ -89.235906, 13.631542 ], [ -89.235922, 13.631515 ], [ -89.236066, 13.631281 ], [ -89.236091, 13.63124 ], [ -89.23608, 13.631192 ], [ -89.235982, 13.630742 ], [ -89.235961, 13.630648 ], [ -89.235956, 13.630606 ], [ -89.235901, 13.630188 ], [ -89.235888, 13.630085 ], [ -89.235889, 13.630064 ], [ -89.235908, 13.62983 ], [ -89.235913, 13.629764 ], [ -89.23592, 13.629746 ], [ -89.236014, 13.629519 ], [ -89.236044, 13.629446 ], [ -89.23606, 13.629427 ], [ -89.236268, 13.629163 ], [ -89.236344, 13.629067 ], [ -89.236351, 13.629067 ], [ -89.236457, 13.629061 ], [ -89.236501, 13.629059 ], [ -89.236506, 13.629053 ], [ -89.236609, 13.628945 ], [ -89.236655, 13.628897 ], [ -89.236647, 13.628887 ], [ -89.236479, 13.628668 ], [ -89.236396, 13.62856 ], [ -89.236401, 13.628549 ], [ -89.236523, 13.628244 ], [ -89.236589, 13.628078 ], [ -89.236608, 13.628081 ], [ -89.23737, 13.628209 ], [ -89.237824, 13.628285 ], [ -89.237866, 13.628298 ], [ -89.237867, 13.628298 ], [ -89.237915, 13.628425 ], [ -89.237964, 13.628553 ], [ -89.237984, 13.628628 ], [ -89.238004, 13.628702 ], [ -89.238036, 13.628812 ], [ -89.238068, 13.628923 ], [ -89.238075, 13.628969 ], [ -89.238083, 13.629016 ], [ -89.238103, 13.629166 ], [ -89.238117, 13.629273 ], [ -89.238114, 13.62933 ], [ -89.23811, 13.629387 ], [ -89.238102, 13.629453 ], [ -89.238093, 13.629518 ], [ -89.23807, 13.629584 ], [ -89.238048, 13.62965 ], [ -89.237955, 13.629905 ], [ -89.237896, 13.630104 ], [ -89.237837, 13.630304 ], [ -89.237782, 13.630521 ], [ -89.237765, 13.630611 ], [ -89.237748, 13.6307 ], [ -89.237747, 13.630753 ], [ -89.237747, 13.630806 ], [ -89.237759, 13.630898 ], [ -89.237804, 13.630995 ], [ -89.237848, 13.631091 ], [ -89.237829, 13.631115 ], [ -89.237825, 13.63112 ], [ -89.23782, 13.631126 ], [ -89.237808, 13.631141 ], [ -89.237795, 13.631156 ], [ -89.23778, 13.631174 ], [ -89.237733, 13.631232 ], [ -89.237709, 13.63128 ], [ -89.237682, 13.631334 ], [ -89.237568, 13.631561 ], [ -89.237571, 13.631617 ], [ -89.237574, 13.631678 ], [ -89.237594, 13.632024 ], [ -89.237594, 13.632043 ], [ -89.237595, 13.632062 ], [ -89.237597, 13.632216 ], [ -89.237594, 13.632232 ], [ -89.237592, 13.632246 ], [ -89.237563, 13.632418 ], [ -89.237562, 13.632426 ], [ -89.237562, 13.632427 ], [ -89.237561, 13.632433 ], [ -89.237543, 13.632584 ], [ -89.237542, 13.632591 ], [ -89.237542, 13.632592 ], [ -89.237496, 13.632813 ], [ -89.237495, 13.632817 ], [ -89.237495, 13.632823 ], [ -89.237434, 13.63363 ], [ -89.23743, 13.633679 ], [ -89.237429, 13.633693 ], [ -89.237332, 13.634166 ], [ -89.237322, 13.634213 ], [ -89.237318, 13.634235 ], [ -89.237301, 13.634389 ], [ -89.237298, 13.634412 ], [ -89.237297, 13.634424 ], [ -89.23708, 13.63508 ], [ -89.237037, 13.635209 ], [ -89.237012, 13.635283 ], [ -89.236975, 13.635506 ], [ -89.236966, 13.635563 ], [ -89.23696, 13.635598 ], [ -89.236902, 13.63574 ], [ -89.236883, 13.635786 ], [ -89.236872, 13.635815 ], [ -89.236768, 13.63607 ], [ -89.236725, 13.636173 ], [ -89.236698, 13.636239 ], [ -89.236593, 13.636509 ], [ -89.23654, 13.636646 ], [ -89.236506, 13.636734 ], [ -89.236462, 13.636827 ], [ -89.236422, 13.636875 ], [ -89.236382, 13.636922 ], [ -89.236309, 13.637052 ], [ -89.236304, 13.637061 ], [ -89.236275, 13.637121 ], [ -89.236245, 13.637181 ], [ -89.236181, 13.637316 ], [ -89.236116, 13.63745 ], [ -89.235946, 13.63776 ], [ -89.235848, 13.637968 ], [ -89.235847, 13.637968 ], [ -89.235748, 13.638176 ], [ -89.235616, 13.638437 ], [ -89.235483, 13.638697 ], [ -89.235359, 13.638948 ], [ -89.235266, 13.639138 ], [ -89.235236, 13.639199 ], [ -89.235174, 13.639332 ], [ -89.235112, 13.639465 ], [ -89.235004, 13.639662 ], [ -89.234749, 13.640114 ], [ -89.234666, 13.640258 ], [ -89.234602, 13.640369 ], [ -89.234252, 13.640845 ], [ -89.234104, 13.641048 ], [ -89.233938, 13.641274 ], [ -89.233852, 13.641534 ], [ -89.23372, 13.641932 ], [ -89.233677, 13.642058 ], [ -89.233715, 13.642075 ], [ -89.233727, 13.64208 ], [ -89.233812, 13.642113 ], [ -89.234081, 13.642218 ], [ -89.234162, 13.642249 ], [ -89.23422, 13.642288 ], [ -89.234424, 13.642427 ], [ -89.234499, 13.642479 ], [ -89.234561, 13.642511 ], [ -89.234806, 13.642637 ], [ -89.234915, 13.642692 ], [ -89.234944, 13.642709 ], [ -89.234848, 13.643001 ], [ -89.234696, 13.643335 ], [ -89.234485, 13.643661 ], [ -89.234484, 13.643663 ], [ -89.234469, 13.643712 ], [ -89.234469, 13.643715 ], [ -89.234476, 13.643793 ], [ -89.234476, 13.643794 ], [ -89.234504, 13.643952 ], [ -89.234504, 13.643956 ], [ -89.234446, 13.644153 ], [ -89.234444, 13.644157 ], [ -89.234426, 13.644178 ], [ -89.234424, 13.644179 ], [ -89.234286, 13.644281 ], [ -89.234301, 13.644292 ], [ -89.234303, 13.644294 ], [ -89.234312, 13.644298 ], [ -89.234326, 13.644303 ], [ -89.234329, 13.644304 ], [ -89.234474, 13.644366 ], [ -89.234732, 13.644475 ], [ -89.234792, 13.6445 ], [ -89.234965, 13.644518 ], [ -89.235324, 13.644555 ], [ -89.235419, 13.644565 ], [ -89.235639, 13.644583 ], [ -89.236185, 13.644629 ], [ -89.236348, 13.644643 ], [ -89.236372, 13.644645 ], [ -89.236358, 13.644737 ], [ -89.236329, 13.644733 ], [ -89.236306, 13.644843 ], [ -89.236296, 13.644893 ], [ -89.236259, 13.644995 ], [ -89.236114, 13.64539 ], [ -89.236062, 13.645532 ], [ -89.236027, 13.64562 ], [ -89.23584, 13.646081 ], [ -89.235768, 13.646259 ], [ -89.23576, 13.646281 ], [ -89.235696, 13.646451 ], [ -89.235669, 13.646522 ], [ -89.235666, 13.646527 ], [ -89.235628, 13.646609 ], [ -89.235612, 13.646645 ], [ -89.235611, 13.646645 ], [ -89.23554, 13.646645 ], [ -89.235538, 13.646671 ], [ -89.235358, 13.646682 ], [ -89.235359, 13.646726 ], [ -89.235319, 13.647835 ], [ -89.235313, 13.64863 ], [ -89.235309, 13.648796 ], [ -89.235296, 13.648795 ], [ -89.235298, 13.649387 ], [ -89.235308, 13.649388 ], [ -89.235331, 13.64939 ], [ -89.235343, 13.649394 ], [ -89.235346, 13.649395 ], [ -89.235356, 13.649399 ], [ -89.235372, 13.649471 ], [ -89.235376, 13.649492 ], [ -89.23539, 13.649559 ], [ -89.235363, 13.649647 ], [ -89.235356, 13.64967 ], [ -89.235327, 13.649763 ], [ -89.235302, 13.649813 ], [ -89.235296, 13.649825 ], [ -89.235266, 13.649886 ], [ -89.235264, 13.649946 ], [ -89.235263, 13.649958 ], [ -89.23526, 13.650041 ], [ -89.235241, 13.650107 ], [ -89.235238, 13.650119 ], [ -89.235208, 13.650224 ], [ -89.23512, 13.650308 ], [ -89.235106, 13.650321 ], [ -89.234947, 13.650472 ], [ -89.234909, 13.65051 ], [ -89.234905, 13.650514 ], [ -89.234826, 13.650591 ], [ -89.234722, 13.65074 ], [ -89.234714, 13.65075 ], [ -89.234468, 13.651103 ], [ -89.234451, 13.651165 ], [ -89.23445, 13.651166 ], [ -89.234403, 13.651334 ], [ -89.234375, 13.651456 ], [ -89.234374, 13.651461 ], [ -89.234286, 13.651853 ], [ -89.234258, 13.651915 ], [ -89.234254, 13.651924 ], [ -89.234144, 13.652173 ], [ -89.234139, 13.652192 ], [ -89.234138, 13.652196 ], [ -89.234113, 13.652291 ], [ -89.234134, 13.652293 ], [ -89.234144, 13.652294 ], [ -89.234289, 13.65231 ], [ -89.234295, 13.652311 ], [ -89.234301, 13.652311 ], [ -89.234372, 13.652316 ], [ -89.234388, 13.652319 ], [ -89.234424, 13.652325 ], [ -89.234777, 13.652386 ], [ -89.234779, 13.652386 ], [ -89.234835, 13.652389 ], [ -89.235306, 13.652415 ], [ -89.235326, 13.652416 ], [ -89.23532, 13.652453 ], [ -89.235261, 13.65283 ], [ -89.235256, 13.652863 ], [ -89.235251, 13.652903 ], [ -89.235186, 13.653449 ], [ -89.235177, 13.653523 ], [ -89.235172, 13.653536 ], [ -89.235069, 13.653815 ], [ -89.23505, 13.653867 ], [ -89.235048, 13.653874 ], [ -89.234967, 13.654266 ], [ -89.234948, 13.654354 ], [ -89.234947, 13.654359 ], [ -89.234926, 13.654535 ], [ -89.234921, 13.654579 ], [ -89.23492, 13.654587 ], [ -89.234919, 13.654597 ], [ -89.234918, 13.6546 ], [ -89.234386, 13.654596 ], [ -89.234212, 13.654594 ], [ -89.234151, 13.654594 ], [ -89.233762, 13.654593 ], [ -89.233619, 13.654593 ], [ -89.233558, 13.654593 ], [ -89.233326, 13.65459 ], [ -89.23323, 13.654589 ], [ -89.233182, 13.654588 ], [ -89.232844, 13.654563 ], [ -89.232685, 13.65455 ], [ -89.232598, 13.654544 ], [ -89.232401, 13.654526 ], [ -89.232296, 13.654516 ], [ -89.232233, 13.654511 ], [ -89.232228, 13.654508 ], [ -89.232225, 13.654506 ], [ -89.232223, 13.654505 ], [ -89.232199, 13.654493 ], [ -89.232183, 13.654485 ], [ -89.232172, 13.654479 ], [ -89.232157, 13.654471 ], [ -89.232147, 13.654466 ], [ -89.232145, 13.654465 ], [ -89.232137, 13.654461 ], [ -89.232131, 13.654461 ], [ -89.232131, 13.654458 ], [ -89.23213, 13.654431 ], [ -89.232127, 13.654431 ], [ -89.232123, 13.654431 ], [ -89.232107, 13.654431 ], [ -89.232086, 13.654431 ], [ -89.232069, 13.654431 ], [ -89.232066, 13.65445 ], [ -89.232061, 13.654477 ], [ -89.232057, 13.654501 ], [ -89.232056, 13.654503 ], [ -89.232056, 13.654507 ], [ -89.232055, 13.654511 ], [ -89.231695, 13.654363 ], [ -89.2309, 13.654036 ], [ -89.230189, 13.653744 ], [ -89.230078, 13.653699 ], [ -89.229758, 13.653571 ], [ -89.229466, 13.653454 ], [ -89.22946, 13.653453 ], [ -89.229437, 13.65345 ], [ -89.229415, 13.653447 ], [ -89.229414, 13.653447 ], [ -89.22941, 13.653446 ], [ -89.229407, 13.653446 ], [ -89.229404, 13.65344 ], [ -89.229365, 13.653365 ], [ -89.229364, 13.653364 ], [ -89.229368, 13.653171 ] ] ] } },
{ "type": "Feature", "properties": { "fid": 111, "CANTON": "CASA DE PIEDRA", "DISTRITO": "SAN MARCOS" }, "geometry": { "type": "Polygon", "coordinates": [ [ [ -89.214208257999843, 13.64278297921919 ], [ -89.212678108346097, 13.642701808715826 ], [ -89.211116261758619, 13.641206257313804 ], [ -89.210567412772576, 13.64080492264644 ], [ -89.210431458216078, 13.640418811705999 ], [ -89.210125529714773, 13.640220203610816 ], [ -89.209956412287838, 13.639966527470419 ], [ -89.208846030544194, 13.6383451349311 ], [ -89.207830036119816, 13.636843426613082 ], [ -89.207791196702388, 13.636790644840682 ], [ -89.207714362974158, 13.636752378752414 ], [ -89.20770754257255, 13.636715953653324 ], [ -89.207893, 13.636639 ], [ -89.207998, 13.636538 ], [ -89.208078, 13.63642 ], [ -89.208179, 13.636332 ], [ -89.208264, 13.636255 ], [ -89.208373, 13.636007 ], [ -89.208491, 13.635891 ], [ -89.208557, 13.635834 ], [ -89.208585, 13.635766 ], [ -89.208572, 13.635682 ], [ -89.208536, 13.635541 ], [ -89.208525, 13.635446 ], [ -89.20856, 13.635323 ], [ -89.20866, 13.63521 ], [ -89.208775, 13.635149 ], [ -89.208857, 13.635088 ], [ -89.208898, 13.634988 ], [ -89.209024, 13.634808 ], [ -89.209209, 13.634584 ], [ -89.209377, 13.634401 ], [ -89.209489, 13.634256 ], [ -89.209562, 13.634145 ], [ -89.209577, 13.63403 ], [ -89.20958, 13.634004 ], [ -89.209587, 13.633863 ], [ -89.209551, 13.633792 ], [ -89.209549, 13.633732 ], [ -89.209584, 13.633661 ], [ -89.209565, 13.633538 ], [ -89.20949, 13.633409 ], [ -89.209572, 13.63333 ], [ -89.20968, 13.633037 ], [ -89.209802, 13.632988 ], [ -89.210135, 13.632826 ], [ -89.210382, 13.632676 ], [ -89.210531, 13.63249 ], [ -89.210601, 13.632052 ], [ -89.210876, 13.631992 ], [ -89.211083, 13.631777 ], [ -89.21131, 13.631619 ], [ -89.211514, 13.631495 ], [ -89.211738, 13.631388 ], [ -89.211761, 13.631252 ], [ -89.211877, 13.631124 ], [ -89.212069, 13.631213 ], [ -89.212108, 13.631192 ], [ -89.212153, 13.631125 ], [ -89.212288, 13.630927 ], [ -89.212371, 13.630825 ], [ -89.212719, 13.630376 ], [ -89.212843, 13.630274 ], [ -89.212966, 13.630115 ], [ -89.212974, 13.629979 ], [ -89.213208, 13.62967 ], [ -89.213561, 13.629413 ], [ -89.213803, 13.629312 ], [ -89.214022, 13.629345 ], [ -89.214025, 13.629345 ], [ -89.214026, 13.629344 ], [ -89.21412, 13.629183 ], [ -89.214281, 13.629068 ], [ -89.214441, 13.628953 ], [ -89.214565, 13.62887 ], [ -89.214689, 13.628787 ], [ -89.214675, 13.628676 ], [ -89.214674, 13.628673 ], [ -89.214708, 13.628582 ], [ -89.214811, 13.628465 ], [ -89.214991, 13.628311 ], [ -89.215149, 13.628134 ], [ -89.215189, 13.6281 ], [ -89.215321, 13.627963 ], [ -89.215412, 13.627853 ], [ -89.215577, 13.627691 ], [ -89.215649, 13.627597 ], [ -89.215681, 13.627543 ], [ -89.215719, 13.627467 ], [ -89.21577, 13.627347 ], [ -89.215761, 13.627066 ], [ -89.215771, 13.626997 ], [ -89.215784, 13.626945 ], [ -89.215872, 13.626764 ], [ -89.216204, 13.626569 ], [ -89.216292, 13.62651 ], [ -89.21642, 13.626413 ], [ -89.216497, 13.626338 ], [ -89.216523, 13.626199 ], [ -89.216529, 13.626027 ], [ -89.21656, 13.625969 ], [ -89.21661, 13.625907 ], [ -89.216637, 13.625887 ], [ -89.216669, 13.625871 ], [ -89.216833, 13.625814 ], [ -89.217061, 13.625745 ], [ -89.217184, 13.625664 ], [ -89.217357, 13.625594 ], [ -89.217508, 13.625455 ], [ -89.217558, 13.625365 ], [ -89.217599, 13.625208 ], [ -89.217607, 13.625141 ], [ -89.217635, 13.625033 ], [ -89.217661, 13.625017 ], [ -89.217725, 13.62502 ], [ -89.21777, 13.625036 ], [ -89.217878, 13.625075 ], [ -89.218165, 13.625073 ], [ -89.218368, 13.625059 ], [ -89.218404, 13.625054 ], [ -89.218444, 13.625041 ], [ -89.218582, 13.625006 ], [ -89.218586, 13.625006 ], [ -89.218794, 13.62503 ], [ -89.218851, 13.625034 ], [ -89.218947, 13.625041 ], [ -89.218986, 13.625043 ], [ -89.219049, 13.625032 ], [ -89.219139, 13.625019 ], [ -89.219163, 13.624994 ], [ -89.219191, 13.624972 ], [ -89.219225, 13.624971 ], [ -89.219243, 13.624982 ], [ -89.219286, 13.625004 ], [ -89.219366, 13.625051 ], [ -89.219414, 13.625072 ], [ -89.21946, 13.625091 ], [ -89.219524, 13.62511 ], [ -89.219598, 13.625091 ], [ -89.219721, 13.625031 ], [ -89.219777, 13.624998 ], [ -89.219862, 13.624879 ], [ -89.219966, 13.624708 ], [ -89.219988, 13.624689 ], [ -89.220029, 13.624679 ], [ -89.220111, 13.624679 ], [ -89.220263, 13.624686 ], [ -89.220299, 13.624684 ], [ -89.220338, 13.624657 ], [ -89.220373, 13.624628 ], [ -89.220444, 13.624523 ], [ -89.220617, 13.624164 ], [ -89.220634, 13.624073 ], [ -89.220634, 13.623993 ], [ -89.220576, 13.623919 ], [ -89.220545, 13.623866 ], [ -89.220541, 13.623851 ], [ -89.220543, 13.623827 ], [ -89.220564, 13.623801 ], [ -89.220609, 13.623784 ], [ -89.220649, 13.62377 ], [ -89.220812, 13.623742 ], [ -89.220902, 13.623689 ], [ -89.220954, 13.623611 ], [ -89.220949, 13.62339 ], [ -89.220946, 13.623331 ], [ -89.220972, 13.623306 ], [ -89.220994, 13.623293 ], [ -89.221192, 13.623311 ], [ -89.221215, 13.6233 ], [ -89.221269, 13.623258 ], [ -89.221341, 13.623031 ], [ -89.22137, 13.622943 ], [ -89.221418, 13.622801 ], [ -89.221531, 13.622729 ], [ -89.221553, 13.622744 ], [ -89.221609, 13.622786 ], [ -89.221774, 13.622909 ], [ -89.221775, 13.622909 ], [ -89.221813, 13.622954 ], [ -89.221936, 13.623098 ], [ -89.22194, 13.623102 ], [ -89.221966, 13.623133 ], [ -89.222061, 13.623245 ], [ -89.222067, 13.623251 ], [ -89.222049, 13.623286 ], [ -89.221978, 13.623428 ], [ -89.221972, 13.623441 ], [ -89.221953, 13.623453 ], [ -89.221862, 13.623509 ], [ -89.221852, 13.623515 ], [ -89.221846, 13.623555 ], [ -89.221812, 13.623773 ], [ -89.221807, 13.623805 ], [ -89.22182, 13.623834 ], [ -89.221904, 13.62403 ], [ -89.221919, 13.624063 ], [ -89.221943, 13.624078 ], [ -89.222149, 13.624208 ], [ -89.22219, 13.624234 ], [ -89.222199, 13.624239 ], [ -89.222304, 13.624293 ], [ -89.222328, 13.624306 ], [ -89.222328, 13.624308 ], [ -89.222337, 13.624344 ], [ -89.222339, 13.624353 ], [ -89.222339, 13.624355 ], [ -89.222338, 13.624421 ], [ -89.222338, 13.62444 ], [ -89.222337, 13.624488 ], [ -89.222337, 13.624502 ], [ -89.222337, 13.624503 ], [ -89.222312, 13.624592 ], [ -89.222305, 13.624617 ], [ -89.222304, 13.624623 ], [ -89.222229, 13.624679 ], [ -89.222208, 13.624695 ], [ -89.2222, 13.6247 ], [ -89.222197, 13.624704 ], [ -89.222196, 13.624705 ], [ -89.222195, 13.624705 ], [ -89.222167, 13.624733 ], [ -89.222159, 13.624742 ], [ -89.222154, 13.624747 ], [ -89.22206, 13.62484 ], [ -89.222032, 13.624869 ], [ -89.222012, 13.624889 ], [ -89.221968, 13.625042 ], [ -89.221954, 13.625089 ], [ -89.221943, 13.625129 ], [ -89.221838, 13.625351 ], [ -89.221805, 13.625421 ], [ -89.221773, 13.625489 ], [ -89.221845, 13.625854 ], [ -89.221868, 13.625972 ], [ -89.221893, 13.626102 ], [ -89.2219, 13.626137 ], [ -89.221903, 13.626148 ], [ -89.221905, 13.626162 ], [ -89.222043, 13.626226 ], [ -89.22209, 13.626248 ], [ -89.222154, 13.626278 ], [ -89.222218, 13.626307 ], [ -89.222241, 13.626318 ], [ -89.222275, 13.626334 ], [ -89.222357, 13.626467 ], [ -89.222387, 13.626515 ], [ -89.222436, 13.626595 ], [ -89.222392, 13.626678 ], [ -89.222376, 13.626709 ], [ -89.222347, 13.626765 ], [ -89.222326, 13.62679 ], [ -89.222317, 13.626799 ], [ -89.222301, 13.626818 ], [ -89.222279, 13.626843 ], [ -89.22227, 13.626854 ], [ -89.222251, 13.626875 ], [ -89.222252, 13.626884 ], [ -89.222252, 13.626888 ], [ -89.222253, 13.626896 ], [ -89.222257, 13.626939 ], [ -89.222259, 13.626957 ], [ -89.222263, 13.627001 ], [ -89.222267, 13.627041 ], [ -89.222268, 13.627059 ], [ -89.222273, 13.627106 ], [ -89.222273, 13.627111 ], [ -89.222273, 13.627114 ], [ -89.222274, 13.627121 ], [ -89.222259, 13.627236 ], [ -89.222251, 13.627293 ], [ -89.222228, 13.627457 ], [ -89.222235, 13.627466 ], [ -89.222238, 13.627471 ], [ -89.222249, 13.627485 ], [ -89.222281, 13.627527 ], [ -89.222298, 13.62755 ], [ -89.222355, 13.627626 ], [ -89.22231, 13.627654 ], [ -89.222283, 13.627669 ], [ -89.222192, 13.627724 ], [ -89.22216, 13.627743 ], [ -89.22214, 13.627755 ], [ -89.222067, 13.627799 ], [ -89.222063, 13.627821 ], [ -89.22206, 13.627836 ], [ -89.222048, 13.627893 ], [ -89.222043, 13.627919 ], [ -89.222039, 13.627937 ], [ -89.222024, 13.628013 ], [ -89.222019, 13.628038 ], [ -89.222015, 13.628058 ], [ -89.221997, 13.628144 ], [ -89.222017, 13.628184 ], [ -89.222035, 13.62822 ], [ -89.222113, 13.628379 ], [ -89.222125, 13.628402 ], [ -89.222136, 13.628426 ], [ -89.22219, 13.628536 ], [ -89.222204, 13.62854 ], [ -89.22222, 13.628544 ], [ -89.222297, 13.628568 ], [ -89.222304, 13.628577 ], [ -89.222314, 13.628589 ], [ -89.222363, 13.628652 ], [ -89.222374, 13.628666 ], [ -89.222393, 13.62869 ], [ -89.222493, 13.628818 ], [ -89.222498, 13.628824 ], [ -89.222507, 13.628836 ], [ -89.222561, 13.628904 ], [ -89.222562, 13.628911 ], [ -89.222566, 13.628933 ], [ -89.222589, 13.629059 ], [ -89.22259, 13.62906 ], [ -89.222591, 13.629067 ], [ -89.222599, 13.629112 ], [ -89.222599, 13.629113 ], [ -89.222596, 13.629128 ], [ -89.222579, 13.629223 ], [ -89.222579, 13.629226 ], [ -89.222576, 13.629244 ], [ -89.222551, 13.629379 ], [ -89.22255, 13.629385 ], [ -89.22255, 13.629388 ], [ -89.222546, 13.62941 ], [ -89.222545, 13.629411 ], [ -89.222539, 13.629421 ], [ -89.222457, 13.629533 ], [ -89.222449, 13.629544 ], [ -89.222446, 13.629551 ], [ -89.222382, 13.629688 ], [ -89.222375, 13.629705 ], [ -89.222376, 13.629705 ], [ -89.222407, 13.629707 ], [ -89.222118, 13.630307 ], [ -89.222106, 13.630412 ], [ -89.221978, 13.630436 ], [ -89.221831, 13.630705 ], [ -89.221913, 13.630948 ], [ -89.221635, 13.631093 ], [ -89.221614, 13.631253 ], [ -89.221602, 13.631285 ], [ -89.221574, 13.63145 ], [ -89.221471, 13.631498 ], [ -89.221443, 13.631634 ], [ -89.221115, 13.631839 ], [ -89.221074, 13.632026 ], [ -89.220919, 13.632158 ], [ -89.220837, 13.632415 ], [ -89.220747, 13.632507 ], [ -89.220579, 13.632563 ], [ -89.220595, 13.632675 ], [ -89.220579, 13.632962 ], [ -89.220501, 13.633263 ], [ -89.220506, 13.633399 ], [ -89.220592, 13.633479 ], [ -89.220707, 13.633603 ], [ -89.220736, 13.6338 ], [ -89.220932, 13.63384 ], [ -89.221014, 13.633956 ], [ -89.221051, 13.634082 ], [ -89.221068, 13.634211 ], [ -89.221171, 13.634319 ], [ -89.221224, 13.634347 ], [ -89.221236, 13.634403 ], [ -89.221163, 13.634475 ], [ -89.221068, 13.634551 ], [ -89.221019, 13.634636 ], [ -89.220945, 13.634696 ], [ -89.220933, 13.634776 ], [ -89.220896, 13.634816 ], [ -89.22088, 13.634876 ], [ -89.220901, 13.634977 ], [ -89.220868, 13.635017 ], [ -89.220823, 13.635049 ], [ -89.220749, 13.635147 ], [ -89.220696, 13.635195 ], [ -89.2207, 13.635243 ], [ -89.220684, 13.635319 ], [ -89.220712, 13.635392 ], [ -89.220676, 13.635452 ], [ -89.220774, 13.635608 ], [ -89.220754, 13.635716 ], [ -89.220668, 13.635749 ], [ -89.220623, 13.635805 ], [ -89.220615, 13.635929 ], [ -89.220574, 13.635941 ], [ -89.220524, 13.635949 ], [ -89.220484, 13.635987 ], [ -89.220455, 13.636108 ], [ -89.220348, 13.636148 ], [ -89.220299, 13.636216 ], [ -89.220254, 13.636344 ], [ -89.220328, 13.636476 ], [ -89.220459, 13.636553 ], [ -89.220898, 13.636949 ], [ -89.220898, 13.636997 ], [ -89.220845, 13.637073 ], [ -89.220751, 13.637098 ], [ -89.220636, 13.637164 ], [ -89.220554, 13.637276 ], [ -89.220555, 13.637441 ], [ -89.220354, 13.637505 ], [ -89.220256, 13.637701 ], [ -89.22028, 13.637806 ], [ -89.220279, 13.637812 ], [ -89.220378, 13.638036 ], [ -89.220266, 13.638356 ], [ -89.220257, 13.638382 ], [ -89.220199, 13.638547 ], [ -89.220222, 13.638943 ], [ -89.220216, 13.639048 ], [ -89.2202, 13.639323 ], [ -89.220091, 13.639546 ], [ -89.219879, 13.639741 ], [ -89.219651, 13.639821 ], [ -89.219358, 13.639821 ], [ -89.219087, 13.639894 ], [ -89.218662, 13.640203 ], [ -89.218377, 13.64052 ], [ -89.218267, 13.640758 ], [ -89.218232, 13.641131 ], [ -89.218196, 13.641691 ], [ -89.218433, 13.642368 ], [ -89.218353, 13.642371 ], [ -89.218312, 13.642331 ], [ -89.218294, 13.642313 ], [ -89.218265, 13.642284 ], [ -89.218264, 13.642254 ], [ -89.218263, 13.64224 ], [ -89.218262, 13.642217 ], [ -89.218170762797499, 13.642743616588749 ], [ -89.218089239617797, 13.643173884369801 ], [ -89.216898037746603, 13.643320935168539 ], [ -89.216333840043617, 13.643124122016339 ], [ -89.215402257789876, 13.643071638509085 ], [ -89.214208257999843, 13.64278297921919 ] ] ] } },
{ "type": "Feature", "properties": { "fid": 112, "CANTON": "GUADALUPE EL MANGO", "DISTRITO": "SAN MARCOS" }, "geometry": { "type": "Polygon", "coordinates": [ [ [ -89.189164, 13.656788 ], [ -89.189149, 13.65671 ], [ -89.189086, 13.656452 ], [ -89.188974, 13.656132 ], [ -89.188935, 13.655896 ], [ -89.188933, 13.655753 ], [ -89.188348, 13.654097 ], [ -89.188099, 13.653523 ], [ -89.187913, 13.65315 ], [ -89.187411, 13.652188 ], [ -89.187232, 13.651819 ], [ -89.186945, 13.651248 ], [ -89.186927, 13.651211 ], [ -89.186633, 13.65062 ], [ -89.186565, 13.650483 ], [ -89.18629, 13.649952 ], [ -89.185835, 13.649345 ], [ -89.185552, 13.649041 ], [ -89.185274, 13.648809 ], [ -89.18515, 13.64868 ], [ -89.184926, 13.648449 ], [ -89.184913, 13.648439 ], [ -89.184718, 13.648283 ], [ -89.184447, 13.648135 ], [ -89.184297, 13.64806 ], [ -89.184046, 13.647933 ], [ -89.183953, 13.647886 ], [ -89.183842, 13.647826 ], [ -89.183719, 13.64776 ], [ -89.183326, 13.647621 ], [ -89.183248, 13.647593 ], [ -89.182891, 13.647518 ], [ -89.182534, 13.647442 ], [ -89.181914, 13.647421 ], [ -89.181608, 13.647411 ], [ -89.181403, 13.647433 ], [ -89.180968, 13.647479 ], [ -89.18079, 13.647497 ], [ -89.180578, 13.64752 ], [ -89.180458, 13.64755 ], [ -89.180279, 13.647596 ], [ -89.1801, 13.647641 ], [ -89.17923, 13.647829 ], [ -89.178609, 13.647944 ], [ -89.178392, 13.647996 ], [ -89.17797, 13.648099 ], [ -89.177769, 13.648153 ], [ -89.177466, 13.648235 ], [ -89.177309, 13.648278 ], [ -89.176986, 13.648341 ], [ -89.176733, 13.64839 ], [ -89.176496, 13.648436 ], [ -89.176179, 13.648501 ], [ -89.176034, 13.648531 ], [ -89.175787, 13.648581 ], [ -89.175571, 13.648624 ], [ -89.175435, 13.648651 ], [ -89.175162, 13.648747 ], [ -89.17462, 13.648847 ], [ -89.173311, 13.649147 ], [ -89.173165, 13.649184 ], [ -89.173075, 13.649014 ], [ -89.173011, 13.648731 ], [ -89.172574, 13.648804 ], [ -89.172358, 13.648839 ], [ -89.172347, 13.648791 ], [ -89.172328, 13.648711 ], [ -89.172296, 13.648575 ], [ -89.17251, 13.648525 ], [ -89.172643, 13.648494 ], [ -89.172528, 13.648301 ], [ -89.172519, 13.648254 ], [ -89.17249, 13.648039 ], [ -89.172462, 13.647799 ], [ -89.172456, 13.647745 ], [ -89.172454, 13.647416 ], [ -89.172423, 13.647327 ], [ -89.172326, 13.64711 ], [ -89.17239, 13.646804 ], [ -89.172473, 13.646771 ], [ -89.172532, 13.646737 ], [ -89.17259, 13.646701 ], [ -89.172643, 13.646669 ], [ -89.172617, 13.646555 ], [ -89.172605, 13.646502 ], [ -89.172596, 13.646468 ], [ -89.172291, 13.646554 ], [ -89.171853, 13.64667 ], [ -89.17135, 13.646224 ], [ -89.171819, 13.645997 ], [ -89.17094, 13.643319 ], [ -89.1713, 13.643298 ], [ -89.171063, 13.642626 ], [ -89.171055, 13.642605 ], [ -89.171067, 13.642603 ], [ -89.171192, 13.642533 ], [ -89.17124, 13.642499 ], [ -89.171412, 13.642331 ], [ -89.171535, 13.64221 ], [ -89.171725, 13.641997 ], [ -89.171764, 13.641965 ], [ -89.171865, 13.641911 ], [ -89.171958, 13.641903 ], [ -89.172101, 13.641902 ], [ -89.172307, 13.641943 ], [ -89.172436, 13.641991 ], [ -89.17246, 13.642012 ], [ -89.17253, 13.642086 ], [ -89.172724, 13.642402 ], [ -89.172775, 13.642467 ], [ -89.172889, 13.642516 ], [ -89.173057, 13.642544 ], [ -89.173349, 13.6426 ], [ -89.173465, 13.642618 ], [ -89.173603, 13.64262 ], [ -89.173704, 13.642618 ], [ -89.173816, 13.6426 ], [ -89.174004, 13.642533 ], [ -89.174255, 13.642451 ], [ -89.174456, 13.642391 ], [ -89.174519, 13.64237 ], [ -89.174608, 13.642341 ], [ -89.174679, 13.6423 ], [ -89.174746, 13.64222 ], [ -89.17476, 13.642152 ], [ -89.174742, 13.642064 ], [ -89.174665, 13.641976 ], [ -89.174468, 13.641894 ], [ -89.174312, 13.641835 ], [ -89.174226, 13.641802 ], [ -89.174029, 13.641763 ], [ -89.173896, 13.641795 ], [ -89.173806, 13.641832 ], [ -89.173684, 13.641902 ], [ -89.173667, 13.64191 ], [ -89.173595, 13.641914 ], [ -89.17358, 13.641911 ], [ -89.173552, 13.641852 ], [ -89.173586, 13.641774 ], [ -89.173624, 13.641714 ], [ -89.17379, 13.641609 ], [ -89.17387, 13.641529 ], [ -89.173948, 13.641482 ], [ -89.174054, 13.641429 ], [ -89.174173, 13.641388 ], [ -89.174242, 13.641369 ], [ -89.17448, 13.641321 ], [ -89.174527, 13.641313 ], [ -89.174585, 13.641309 ], [ -89.174669, 13.641306 ], [ -89.174818, 13.641322 ], [ -89.175054, 13.641396 ], [ -89.175135, 13.641424 ], [ -89.175301, 13.641496 ], [ -89.175371, 13.641534 ], [ -89.175494, 13.641607 ], [ -89.175544, 13.641622 ], [ -89.175589, 13.64163 ], [ -89.175754, 13.641587 ], [ -89.175831, 13.641565 ], [ -89.175926, 13.641527 ], [ -89.176076, 13.641456 ], [ -89.176158, 13.641432 ], [ -89.176226, 13.641433 ], [ -89.176316, 13.641455 ], [ -89.176444, 13.641515 ], [ -89.176552, 13.641569 ], [ -89.176628, 13.641586 ], [ -89.176708, 13.641597 ], [ -89.176769, 13.641585 ], [ -89.176818, 13.641562 ], [ -89.176921, 13.641511 ], [ -89.177093, 13.641439 ], [ -89.177212, 13.641414 ], [ -89.177294, 13.641412 ], [ -89.177337, 13.641416 ], [ -89.177447, 13.641444 ], [ -89.17754, 13.641475 ], [ -89.177664, 13.641525 ], [ -89.177732, 13.641552 ], [ -89.177823, 13.641595 ], [ -89.177864, 13.641638 ], [ -89.177893, 13.641689 ], [ -89.17803, 13.64204 ], [ -89.178078, 13.642123 ], [ -89.178151, 13.642222 ], [ -89.178203, 13.642278 ], [ -89.178304, 13.642347 ], [ -89.178344, 13.642349 ], [ -89.178431, 13.642334 ], [ -89.178535, 13.642308 ], [ -89.178815, 13.642228 ], [ -89.178915, 13.642184 ], [ -89.178991, 13.642148 ], [ -89.179154, 13.642035 ], [ -89.179353, 13.641856 ], [ -89.179532, 13.641666 ], [ -89.179617, 13.641587 ], [ -89.179724, 13.64151 ], [ -89.179787, 13.641477 ], [ -89.179898, 13.641453 ], [ -89.179987, 13.641442 ], [ -89.180291, 13.641412 ], [ -89.180567, 13.641387 ], [ -89.180953, 13.641332 ], [ -89.181101, 13.641334 ], [ -89.181279, 13.641349 ], [ -89.181492, 13.641428 ], [ -89.181652, 13.6415 ], [ -89.181954, 13.641655 ], [ -89.182089, 13.641721 ], [ -89.18219, 13.64175 ], [ -89.182307, 13.641769 ], [ -89.182421, 13.641768 ], [ -89.182489, 13.641754 ], [ -89.182577, 13.641733 ], [ -89.182682, 13.641691 ], [ -89.182846, 13.641628 ], [ -89.182939, 13.641618 ], [ -89.183377, 13.641599 ], [ -89.183429, 13.641543 ], [ -89.183471, 13.641581 ], [ -89.183773, 13.641853 ], [ -89.184059, 13.642092 ], [ -89.184425, 13.642298 ], [ -89.184606, 13.642389 ], [ -89.18471, 13.642441 ], [ -89.185052, 13.642576 ], [ -89.185442, 13.642656 ], [ -89.185662, 13.642735 ], [ -89.185792, 13.642807 ], [ -89.185898, 13.642807 ], [ -89.191562, 13.64583 ], [ -89.19171, 13.645703 ], [ -89.193322, 13.645596 ], [ -89.193649, 13.645737 ], [ -89.193974, 13.645911 ], [ -89.194422, 13.646229 ], [ -89.194712, 13.646428 ], [ -89.19496, 13.64658 ], [ -89.195062, 13.64668 ], [ -89.195109, 13.646784 ], [ -89.195216, 13.64707 ], [ -89.195373, 13.647419 ], [ -89.195578, 13.64771 ], [ -89.195778, 13.648014 ], [ -89.195836, 13.648214 ], [ -89.196077, 13.649029 ], [ -89.196107, 13.649131 ], [ -89.19615, 13.649264 ], [ -89.196205, 13.649452 ], [ -89.196293, 13.649614 ], [ -89.196405, 13.649769 ], [ -89.196498, 13.649953 ], [ -89.196735, 13.650289 ], [ -89.19679, 13.650444 ], [ -89.196801, 13.65057 ], [ -89.196771, 13.650846 ], [ -89.196758, 13.650966 ], [ -89.196749, 13.651112 ], [ -89.196782, 13.651214 ], [ -89.196834, 13.651292 ], [ -89.196906, 13.651356 ], [ -89.197002, 13.65142 ], [ -89.197135, 13.651493 ], [ -89.197504, 13.651716 ], [ -89.197619, 13.651859 ], [ -89.197667, 13.652023 ], [ -89.197652, 13.652159 ], [ -89.197613, 13.652313 ], [ -89.197531, 13.652408 ], [ -89.197376, 13.652521 ], [ -89.197202, 13.652598 ], [ -89.196931, 13.652709 ], [ -89.196798, 13.652793 ], [ -89.196668, 13.652908 ], [ -89.196535, 13.653019 ], [ -89.196442, 13.653094 ], [ -89.196404, 13.65313 ], [ -89.196193, 13.653242 ], [ -89.196053, 13.65326 ], [ -89.195905, 13.653231 ], [ -89.195852, 13.653221 ], [ -89.195793, 13.653207 ], [ -89.195542, 13.653184 ], [ -89.195371, 13.653207 ], [ -89.195244, 13.653282 ], [ -89.195148, 13.653403 ], [ -89.195097, 13.653553 ], [ -89.195075, 13.653694 ], [ -89.19506, 13.653857 ], [ -89.195059, 13.654013 ], [ -89.195053, 13.654298 ], [ -89.195033, 13.654456 ], [ -89.194998, 13.654775 ], [ -89.194949, 13.655118 ], [ -89.194947, 13.655204 ], [ -89.194942, 13.655377 ], [ -89.194964, 13.655568 ], [ -89.194966, 13.655587 ], [ -89.194982, 13.655701 ], [ -89.194965, 13.655737 ], [ -89.194923, 13.655769 ], [ -89.194925, 13.65624 ], [ -89.194956, 13.656692 ], [ -89.194991, 13.656801 ], [ -89.195068, 13.656928 ], [ -89.195133, 13.656997 ], [ -89.195197, 13.657051 ], [ -89.19526, 13.657103 ], [ -89.195382, 13.657205 ], [ -89.195485, 13.657302 ], [ -89.195522, 13.657369 ], [ -89.195609, 13.657586 ], [ -89.19565, 13.657657 ], [ -89.195685, 13.657716 ], [ -89.195716, 13.657704 ], [ -89.195818, 13.657663 ], [ -89.195895, 13.657641 ], [ -89.195959, 13.657654 ], [ -89.195997, 13.657674 ], [ -89.196034, 13.657744 ], [ -89.196078, 13.657899 ], [ -89.196096, 13.658004 ], [ -89.196094, 13.658145 ], [ -89.196085, 13.658209 ], [ -89.196067, 13.658313 ], [ -89.196046, 13.658345 ], [ -89.196004, 13.658372 ], [ -89.195955, 13.658387 ], [ -89.195881, 13.6584 ], [ -89.195835, 13.658405 ], [ -89.195782, 13.658424 ], [ -89.19574, 13.658447 ], [ -89.195446, 13.658589 ], [ -89.195228, 13.658682 ], [ -89.194888, 13.658794 ], [ -89.194506, 13.658924 ], [ -89.194406, 13.65899 ], [ -89.19433, 13.659049 ], [ -89.194241, 13.659225 ], [ -89.194168, 13.659336 ], [ -89.194124, 13.65947 ], [ -89.194098, 13.659661 ], [ -89.194102, 13.659745 ], [ -89.19411, 13.660002 ], [ -89.194088, 13.660093 ], [ -89.194067, 13.66018 ], [ -89.194017, 13.660514 ], [ -89.194013, 13.660836 ], [ -89.194025, 13.661405 ], [ -89.194057, 13.661819 ], [ -89.194074, 13.662024 ], [ -89.1941, 13.662341 ], [ -89.194112, 13.662491 ], [ -89.194093, 13.663012 ], [ -89.194105, 13.663362 ], [ -89.194116, 13.663699 ], [ -89.194154, 13.663947 ], [ -89.194209, 13.664105 ], [ -89.194214, 13.664118 ], [ -89.194241, 13.664257 ], [ -89.19425, 13.664387 ], [ -89.194238, 13.664536 ], [ -89.194197, 13.664838 ], [ -89.194187, 13.665115 ], [ -89.194168, 13.66545 ], [ -89.194182, 13.665661 ], [ -89.194233, 13.665921 ], [ -89.19427, 13.666086 ], [ -89.194351, 13.666633 ], [ -89.194425, 13.667082 ], [ -89.194506, 13.667689 ], [ -89.194608, 13.668036 ], [ -89.194729, 13.668397 ], [ -89.194794, 13.668524 ], [ -89.194858, 13.668667 ], [ -89.194925, 13.668829 ], [ -89.194926, 13.668832 ], [ -89.194934, 13.668921 ], [ -89.194967, 13.669262 ], [ -89.194944, 13.669602 ], [ -89.194929, 13.669793 ], [ -89.194849, 13.669901 ], [ -89.194899, 13.670175 ], [ -89.194944, 13.670483 ], [ -89.194969, 13.670718 ], [ -89.194978, 13.670803 ], [ -89.194981, 13.671048 ], [ -89.194975, 13.671414 ], [ -89.194881, 13.671387 ], [ -89.194829, 13.671373 ], [ -89.194677, 13.671344 ], [ -89.19449, 13.671365 ], [ -89.194252, 13.671428 ], [ -89.194001, 13.671497 ], [ -89.193797, 13.671547 ], [ -89.19357, 13.671575 ], [ -89.193344, 13.671577 ], [ -89.193088, 13.671548 ], [ -89.192922, 13.671511 ], [ -89.192825, 13.671479 ], [ -89.19262, 13.671403 ], [ -89.19254, 13.671365 ], [ -89.192484, 13.671348 ], [ -89.19231, 13.671232 ], [ -89.192227, 13.671163 ], [ -89.192122, 13.671076 ], [ -89.192048, 13.670998 ], [ -89.191973, 13.67093 ], [ -89.191907, 13.670867 ], [ -89.191777, 13.67078 ], [ -89.191663, 13.670596 ], [ -89.191585, 13.670458 ], [ -89.191551, 13.670399 ], [ -89.191414, 13.670124 ], [ -89.191153, 13.67011 ], [ -89.191097, 13.670107 ], [ -89.191015, 13.669853 ], [ -89.190938, 13.669571 ], [ -89.190893, 13.669349 ], [ -89.190837, 13.669078 ], [ -89.190799, 13.668831 ], [ -89.190766, 13.668585 ], [ -89.190762, 13.668545 ], [ -89.190726, 13.668163 ], [ -89.190632, 13.667197 ], [ -89.190506, 13.665891 ], [ -89.190479, 13.665546 ], [ -89.190474, 13.665478 ], [ -89.19035, 13.66456 ], [ -89.190338, 13.664471 ], [ -89.190187, 13.663543 ], [ -89.190126, 13.66317 ], [ -89.189953, 13.662111 ], [ -89.189893, 13.661734 ], [ -89.189877, 13.661635 ], [ -89.189717, 13.660641 ], [ -89.18968, 13.660076 ], [ -89.189614, 13.659438 ], [ -89.189429, 13.658294 ], [ -89.189362, 13.657878 ], [ -89.189164, 13.656788 ] ] ] } },
{ "type": "Feature", "properties": { "fid": 113, "CANTON": "EL PEPETO", "DISTRITO": "SAN MARCOS" }, "geometry": { "type": "Polygon", "coordinates": [ [ [ -89.155879, 13.66772 ], [ -89.155954, 13.667758 ], [ -89.155984, 13.667773 ], [ -89.156062, 13.667825 ], [ -89.15612, 13.667863 ], [ -89.156146, 13.667881 ], [ -89.15622, 13.667946 ], [ -89.156285, 13.668004 ], [ -89.156317, 13.668032 ], [ -89.156665, 13.666837 ], [ -89.15702, 13.665614 ], [ -89.157201, 13.664991 ], [ -89.157205, 13.664976 ], [ -89.157364, 13.665044 ], [ -89.157556, 13.665127 ], [ -89.157662, 13.665173 ], [ -89.157804, 13.665106 ], [ -89.158011, 13.665008 ], [ -89.15813, 13.664952 ], [ -89.15849, 13.664827 ], [ -89.159133, 13.664605 ], [ -89.159519, 13.664471 ], [ -89.159663, 13.664492 ], [ -89.159987, 13.66454 ], [ -89.16019, 13.66457 ], [ -89.160238, 13.664637 ], [ -89.160381, 13.664831 ], [ -89.160473, 13.664956 ], [ -89.160509, 13.665006 ], [ -89.160657, 13.665208 ], [ -89.160755, 13.665343 ], [ -89.160769, 13.665356 ], [ -89.160857, 13.665445 ], [ -89.160918, 13.665505 ], [ -89.160929, 13.665507 ], [ -89.161097, 13.665537 ], [ -89.161212, 13.665557 ], [ -89.161213, 13.665557 ], [ -89.161391, 13.665596 ], [ -89.161504, 13.66562 ], [ -89.161518, 13.665623 ], [ -89.16179, 13.665593 ], [ -89.161959, 13.665575 ], [ -89.162003, 13.66557 ], [ -89.162012, 13.665569 ], [ -89.162017, 13.665569 ], [ -89.162019, 13.665569 ], [ -89.162075, 13.665053 ], [ -89.162109, 13.664744 ], [ -89.162128, 13.664564 ], [ -89.162145, 13.663986 ], [ -89.162155, 13.663647 ], [ -89.162162, 13.663384 ], [ -89.162132, 13.663406 ], [ -89.162115, 13.663419 ], [ -89.162097, 13.663432 ], [ -89.162068, 13.663453 ], [ -89.162052, 13.663465 ], [ -89.162032, 13.66348 ], [ -89.161985, 13.663473 ], [ -89.161961, 13.66347 ], [ -89.161921, 13.663465 ], [ -89.161886, 13.66342 ], [ -89.161868, 13.663397 ], [ -89.161833, 13.663352 ], [ -89.161825, 13.663295 ], [ -89.16182, 13.663267 ], [ -89.16181, 13.6632 ], [ -89.161833, 13.663109 ], [ -89.161844, 13.663068 ], [ -89.161875, 13.662943 ], [ -89.161653, 13.662887 ], [ -89.161557, 13.662863 ], [ -89.161198, 13.662773 ], [ -89.16097, 13.662763 ], [ -89.160879, 13.662759 ], [ -89.160449, 13.66274 ], [ -89.160449, 13.662728 ], [ -89.160449, 13.662724 ], [ -89.160449, 13.662698 ], [ -89.160405, 13.662567 ], [ -89.160392, 13.662527 ], [ -89.160279, 13.662193 ], [ -89.160251, 13.662132 ], [ -89.160243, 13.662116 ], [ -89.160157, 13.661933 ], [ -89.16007, 13.661847 ], [ -89.160055, 13.661832 ], [ -89.159748, 13.661528 ], [ -89.159661, 13.661464 ], [ -89.159653, 13.661458 ], [ -89.159285, 13.661187 ], [ -89.15918, 13.661167 ], [ -89.159178, 13.661167 ], [ -89.158638, 13.661065 ], [ -89.158594, 13.661066 ], [ -89.158585, 13.661066 ], [ -89.158268, 13.661075 ], [ -89.158281, 13.661022 ], [ -89.15829, 13.66099 ], [ -89.158449, 13.660357 ], [ -89.158441, 13.660357 ], [ -89.158423, 13.660358 ], [ -89.158188, 13.660364 ], [ -89.158185, 13.660364 ], [ -89.158189, 13.660317 ], [ -89.158238, 13.659756 ], [ -89.158241, 13.65972 ], [ -89.158248, 13.659674 ], [ -89.158357, 13.658899 ], [ -89.15837, 13.658807 ], [ -89.158371, 13.658801 ], [ -89.158398, 13.65861 ], [ -89.158403, 13.658577 ], [ -89.158403, 13.658576 ], [ -89.158448, 13.658339 ], [ -89.158457, 13.65829 ], [ -89.158458, 13.658284 ], [ -89.158467, 13.658245 ], [ -89.158472, 13.658224 ], [ -89.158475, 13.658209 ], [ -89.158476, 13.658206 ], [ -89.158515, 13.65803 ], [ -89.15853, 13.657962 ], [ -89.158533, 13.657951 ], [ -89.158718, 13.657994 ], [ -89.15875, 13.658 ], [ -89.158848, 13.65801 ], [ -89.159089, 13.657901 ], [ -89.159319, 13.658025 ], [ -89.159531, 13.658028 ], [ -89.159608, 13.65813 ], [ -89.159749, 13.658243 ], [ -89.159789, 13.65825 ], [ -89.159861, 13.658283 ], [ -89.159972, 13.658331 ], [ -89.160134, 13.658345 ], [ -89.160155, 13.65838 ], [ -89.16035, 13.658536 ], [ -89.160355, 13.658531 ], [ -89.160358, 13.658528 ], [ -89.160384, 13.658493 ], [ -89.160402, 13.658469 ], [ -89.160416, 13.65845 ], [ -89.160432, 13.658425 ], [ -89.160443, 13.658407 ], [ -89.160454, 13.65839 ], [ -89.160471, 13.658361 ], [ -89.160482, 13.658341 ], [ -89.160496, 13.658317 ], [ -89.160533, 13.658263 ], [ -89.160557, 13.658228 ], [ -89.160594, 13.658175 ], [ -89.16061, 13.658157 ], [ -89.160621, 13.658146 ], [ -89.16064, 13.658125 ], [ -89.16062, 13.658081 ], [ -89.160626, 13.658067 ], [ -89.160632, 13.658053 ], [ -89.160675, 13.657968 ], [ -89.160718, 13.657883 ], [ -89.160781, 13.657759 ], [ -89.160844, 13.657635 ], [ -89.160856, 13.657595 ], [ -89.160868, 13.657555 ], [ -89.160908, 13.657492 ], [ -89.160942, 13.657417 ], [ -89.160974, 13.65733 ], [ -89.161014, 13.657228 ], [ -89.161014, 13.657214 ], [ -89.161033, 13.657215 ], [ -89.161033, 13.657214 ], [ -89.161042, 13.657201 ], [ -89.161043, 13.6572 ], [ -89.161058, 13.657142 ], [ -89.161059, 13.657135 ], [ -89.16106, 13.657134 ], [ -89.161097, 13.656988 ], [ -89.161102, 13.656966 ], [ -89.161104, 13.656959 ], [ -89.16111, 13.656935 ], [ -89.161111, 13.656931 ], [ -89.161111, 13.656929 ], [ -89.161161, 13.65673 ], [ -89.161178, 13.656663 ], [ -89.161183, 13.656646 ], [ -89.161111, 13.656617 ], [ -89.161101, 13.656615 ], [ -89.16108, 13.65662 ], [ -89.160956, 13.65667 ], [ -89.160935, 13.656673 ], [ -89.160914, 13.65667 ], [ -89.160894, 13.65666 ], [ -89.160805, 13.656602 ], [ -89.160749, 13.656575 ], [ -89.160666, 13.656538 ], [ -89.160717, 13.656029 ], [ -89.160727, 13.655604 ], [ -89.160733, 13.655363 ], [ -89.160803, 13.654989 ], [ -89.160805, 13.654946 ], [ -89.160839, 13.654311 ], [ -89.161028, 13.654159 ], [ -89.161324, 13.653948 ], [ -89.161328, 13.653945 ], [ -89.161396, 13.653902 ], [ -89.161742, 13.653679 ], [ -89.161637, 13.653526 ], [ -89.161537, 13.65341 ], [ -89.161502, 13.653213 ], [ -89.161499, 13.653157 ], [ -89.161525, 13.653107 ], [ -89.16158, 13.653074 ], [ -89.161636, 13.653053 ], [ -89.161768, 13.653024 ], [ -89.161824, 13.653003 ], [ -89.161873, 13.653001 ], [ -89.161894, 13.653 ], [ -89.162012, 13.652976 ], [ -89.162063, 13.652979 ], [ -89.162149, 13.652995 ], [ -89.162232, 13.653 ], [ -89.162297, 13.652992 ], [ -89.1623, 13.652992 ], [ -89.162383, 13.652945 ], [ -89.162509, 13.652837 ], [ -89.16234, 13.652876 ], [ -89.16223, 13.652887 ], [ -89.162128, 13.652882 ], [ -89.161953, 13.652869 ], [ -89.16194, 13.652867 ], [ -89.161864, 13.652856 ], [ -89.161776, 13.652835 ], [ -89.161706, 13.652808 ], [ -89.161613, 13.652728 ], [ -89.161388, 13.652495 ], [ -89.161296, 13.652408 ], [ -89.161194, 13.652319 ], [ -89.161138, 13.652266 ], [ -89.161082, 13.652197 ], [ -89.161071, 13.652154 ], [ -89.160849, 13.651943 ], [ -89.160805, 13.651886 ], [ -89.160692, 13.651739 ], [ -89.160637, 13.651674 ], [ -89.160771, 13.651667 ], [ -89.160784, 13.651628 ], [ -89.160797, 13.651591 ], [ -89.160813, 13.651543 ], [ -89.160821, 13.651515 ], [ -89.16083, 13.65148 ], [ -89.160841, 13.651438 ], [ -89.160846, 13.651421 ], [ -89.160853, 13.651396 ], [ -89.160861, 13.651365 ], [ -89.160864, 13.651354 ], [ -89.160871, 13.651331 ], [ -89.160878, 13.651303 ], [ -89.16088, 13.651296 ], [ -89.160886, 13.651274 ], [ -89.160894, 13.651247 ], [ -89.160896, 13.651241 ], [ -89.160907, 13.651217 ], [ -89.16092, 13.651189 ], [ -89.160922, 13.651182 ], [ -89.160938, 13.651129 ], [ -89.160958, 13.651064 ], [ -89.160958, 13.651063 ], [ -89.160967, 13.651035 ], [ -89.160977, 13.651002 ], [ -89.160978, 13.651 ], [ -89.160994, 13.650947 ], [ -89.161012, 13.650888 ], [ -89.161015, 13.650878 ], [ -89.161021, 13.650853 ], [ -89.161028, 13.650823 ], [ -89.16103, 13.650816 ], [ -89.161036, 13.650795 ], [ -89.161044, 13.650771 ], [ -89.161046, 13.650762 ], [ -89.161056, 13.650739 ], [ -89.161068, 13.650713 ], [ -89.161073, 13.6507 ], [ -89.161079, 13.650665 ], [ -89.161085, 13.650623 ], [ -89.16109, 13.650597 ], [ -89.1611, 13.650531 ], [ -89.161113, 13.65045 ], [ -89.161123, 13.650388 ], [ -89.161156, 13.650334 ], [ -89.161179, 13.650296 ], [ -89.161196, 13.650267 ], [ -89.161235, 13.650204 ], [ -89.161316, 13.649975 ], [ -89.161419, 13.649684 ], [ -89.161536, 13.649357 ], [ -89.161643, 13.64903 ], [ -89.161783, 13.648606 ], [ -89.161969, 13.648039 ], [ -89.161979, 13.648012 ], [ -89.161993, 13.647976 ], [ -89.162014, 13.64792 ], [ -89.162166, 13.647316 ], [ -89.162377, 13.646474 ], [ -89.162767, 13.644919 ], [ -89.162774, 13.644892 ], [ -89.162899, 13.644843 ], [ -89.16306, 13.644784 ], [ -89.163267, 13.644714 ], [ -89.163271, 13.644714 ], [ -89.163499, 13.644703 ], [ -89.163676, 13.644665 ], [ -89.163908, 13.644645 ], [ -89.164153, 13.644595 ], [ -89.164255, 13.644585 ], [ -89.164419, 13.644563 ], [ -89.164584, 13.64453 ], [ -89.164848, 13.644471 ], [ -89.164968, 13.644425 ], [ -89.165303, 13.644241 ], [ -89.165472, 13.644127 ], [ -89.165559, 13.64403 ], [ -89.165677, 13.643948 ], [ -89.165906, 13.643928 ], [ -89.166049, 13.643936 ], [ -89.166202, 13.643915 ], [ -89.1663, 13.643919 ], [ -89.166429, 13.643868 ], [ -89.166625, 13.643753 ], [ -89.16673, 13.643699 ], [ -89.166885, 13.643654 ], [ -89.167018, 13.643661 ], [ -89.167061, 13.643668 ], [ -89.1672, 13.643748 ], [ -89.167272, 13.643797 ], [ -89.167359, 13.643852 ], [ -89.167459, 13.643898 ], [ -89.167635, 13.643926 ], [ -89.167762, 13.643928 ], [ -89.167931, 13.643887 ], [ -89.167991, 13.643857 ], [ -89.168037, 13.643804 ], [ -89.168061, 13.643763 ], [ -89.168111, 13.64363 ], [ -89.16816, 13.643484 ], [ -89.168255, 13.643321 ], [ -89.168323, 13.643232 ], [ -89.168473, 13.643109 ], [ -89.168515, 13.643077 ], [ -89.168563, 13.643067 ], [ -89.16861, 13.643067 ], [ -89.168658, 13.643067 ], [ -89.168778, 13.643062 ], [ -89.168863, 13.643072 ], [ -89.169059, 13.643082 ], [ -89.169145, 13.643075 ], [ -89.169432, 13.642995 ], [ -89.169598, 13.642965 ], [ -89.169664, 13.642953 ], [ -89.169752, 13.642964 ], [ -89.169846, 13.642985 ], [ -89.170028, 13.642974 ], [ -89.170154, 13.642951 ], [ -89.170387, 13.642783 ], [ -89.170477, 13.642718 ], [ -89.170556, 13.642678 ], [ -89.170761, 13.642632 ], [ -89.170876, 13.64262 ], [ -89.171001, 13.642613 ], [ -89.171055, 13.642605 ], [ -89.171063, 13.642626 ], [ -89.1713, 13.643298 ], [ -89.17094, 13.643319 ], [ -89.171819, 13.645997 ], [ -89.17135, 13.646224 ], [ -89.171853, 13.64667 ], [ -89.172291, 13.646554 ], [ -89.172596, 13.646468 ], [ -89.172605, 13.646502 ], [ -89.172617, 13.646555 ], [ -89.172643, 13.646669 ], [ -89.17259, 13.646701 ], [ -89.172532, 13.646737 ], [ -89.172473, 13.646771 ], [ -89.17239, 13.646804 ], [ -89.172326, 13.64711 ], [ -89.172423, 13.647327 ], [ -89.172454, 13.647416 ], [ -89.172456, 13.647745 ], [ -89.172462, 13.647799 ], [ -89.17249, 13.648039 ], [ -89.172519, 13.648254 ], [ -89.172528, 13.648301 ], [ -89.172643, 13.648494 ], [ -89.17251, 13.648525 ], [ -89.172296, 13.648575 ], [ -89.172328, 13.648711 ], [ -89.172347, 13.648791 ], [ -89.172358, 13.648839 ], [ -89.172574, 13.648804 ], [ -89.173011, 13.648731 ], [ -89.173075, 13.649014 ], [ -89.173165, 13.649184 ], [ -89.173016, 13.649222 ], [ -89.172541, 13.649342 ], [ -89.172472, 13.649359 ], [ -89.172179, 13.649418 ], [ -89.172006, 13.649452 ], [ -89.171243, 13.649604 ], [ -89.171176, 13.649621 ], [ -89.170968, 13.649673 ], [ -89.170891, 13.649693 ], [ -89.170805, 13.649714 ], [ -89.170375, 13.649822 ], [ -89.169824, 13.64995 ], [ -89.169797, 13.649955 ], [ -89.169468, 13.650024 ], [ -89.169425, 13.650032 ], [ -89.169314, 13.650051 ], [ -89.168746, 13.650149 ], [ -89.168654, 13.650165 ], [ -89.168531, 13.650189 ], [ -89.168279, 13.650236 ], [ -89.167955, 13.650298 ], [ -89.167775, 13.650343 ], [ -89.167212, 13.650482 ], [ -89.166793, 13.650585 ], [ -89.165172, 13.650997 ], [ -89.164144, 13.651276 ], [ -89.163677, 13.651417 ], [ -89.163496, 13.651447 ], [ -89.163717, 13.65157 ], [ -89.163806, 13.651739 ], [ -89.1641, 13.652174 ], [ -89.164248, 13.652349 ], [ -89.164265, 13.652363 ], [ -89.164359, 13.652449 ], [ -89.164471, 13.65251 ], [ -89.164687, 13.652581 ], [ -89.164717, 13.652591 ], [ -89.165233, 13.65269 ], [ -89.165759, 13.652774 ], [ -89.165962, 13.652804 ], [ -89.16632, 13.652895 ], [ -89.166249, 13.653211 ], [ -89.166166, 13.65354 ], [ -89.166149, 13.653634 ], [ -89.166056, 13.653982 ], [ -89.166043, 13.654069 ], [ -89.166031, 13.654178 ], [ -89.166002, 13.65435 ], [ -89.166002, 13.654409 ], [ -89.16598, 13.65464 ], [ -89.165954, 13.654891 ], [ -89.16624, 13.65493 ], [ -89.166298, 13.654925 ], [ -89.166555, 13.654951 ], [ -89.166617, 13.654976 ], [ -89.166754, 13.655036 ], [ -89.166836, 13.655084 ], [ -89.166982, 13.655157 ], [ -89.167111, 13.655225 ], [ -89.167361, 13.655357 ], [ -89.167489, 13.655425 ], [ -89.167576, 13.655477 ], [ -89.167722, 13.655557 ], [ -89.167818, 13.655617 ], [ -89.167956, 13.655746 ], [ -89.168028, 13.655889 ], [ -89.168068, 13.656004 ], [ -89.168115, 13.656142 ], [ -89.168143, 13.656238 ], [ -89.16816, 13.656303 ], [ -89.168277, 13.656215 ], [ -89.168419, 13.656144 ], [ -89.168541, 13.656113 ], [ -89.168668, 13.655974 ], [ -89.168699, 13.655861 ], [ -89.168869, 13.655755 ], [ -89.168987, 13.655625 ], [ -89.169073, 13.655514 ], [ -89.169156, 13.655429 ], [ -89.169236, 13.655383 ], [ -89.169459, 13.655339 ], [ -89.169582, 13.65531 ], [ -89.169592, 13.655431 ], [ -89.169671, 13.656019 ], [ -89.169715, 13.656258 ], [ -89.169728, 13.656335 ], [ -89.169728, 13.656419 ], [ -89.16976, 13.656552 ], [ -89.169799, 13.656754 ], [ -89.169823, 13.656928 ], [ -89.169841, 13.657089 ], [ -89.169948, 13.657083 ], [ -89.170056, 13.657059 ], [ -89.170193, 13.657048 ], [ -89.170251, 13.657035 ], [ -89.170274, 13.657019 ], [ -89.170696, 13.656979 ], [ -89.170644, 13.656619 ], [ -89.170631, 13.656519 ], [ -89.170591, 13.656337 ], [ -89.170574, 13.656146 ], [ -89.170988, 13.656148 ], [ -89.171141, 13.65616 ], [ -89.171144, 13.656551 ], [ -89.171159, 13.656762 ], [ -89.171248, 13.656819 ], [ -89.171393, 13.656899 ], [ -89.171501, 13.65697 ], [ -89.171604, 13.657044 ], [ -89.171729, 13.657096 ], [ -89.171898, 13.657143 ], [ -89.172091, 13.657139 ], [ -89.172339, 13.657141 ], [ -89.172578, 13.657253 ], [ -89.172678, 13.657309 ], [ -89.17272, 13.657339 ], [ -89.172836, 13.657379 ], [ -89.172894, 13.657396 ], [ -89.172995, 13.657385 ], [ -89.173108, 13.657386 ], [ -89.173201, 13.657187 ], [ -89.173318, 13.657042 ], [ -89.173399, 13.656958 ], [ -89.17348, 13.656702 ], [ -89.173777, 13.656697 ], [ -89.173887, 13.656697 ], [ -89.173963, 13.656699 ], [ -89.174046, 13.656727 ], [ -89.174087, 13.656747 ], [ -89.174164, 13.6568 ], [ -89.174201, 13.656852 ], [ -89.174234, 13.656931 ], [ -89.174257, 13.657036 ], [ -89.174257, 13.657164 ], [ -89.174257, 13.657455 ], [ -89.174268, 13.657733 ], [ -89.17427, 13.65776 ], [ -89.174296, 13.657763 ], [ -89.174325, 13.657767 ], [ -89.174516, 13.657793 ], [ -89.174723, 13.657821 ], [ -89.174759, 13.657726 ], [ -89.174833, 13.657709 ], [ -89.174921, 13.65767 ], [ -89.174984, 13.657645 ], [ -89.175015, 13.657644 ], [ -89.175055, 13.657754 ], [ -89.175094, 13.657826 ], [ -89.175107, 13.657883 ], [ -89.175122, 13.657968 ], [ -89.175194, 13.657953 ], [ -89.175268, 13.65794 ], [ -89.175313, 13.657949 ], [ -89.175511, 13.657913 ], [ -89.175575, 13.657898 ], [ -89.175636, 13.657875 ], [ -89.175699, 13.657777 ], [ -89.175749, 13.65767 ], [ -89.175778, 13.657945 ], [ -89.175793, 13.658001 ], [ -89.17587, 13.658187 ], [ -89.175908, 13.658291 ], [ -89.175967, 13.658507 ], [ -89.176033, 13.658762 ], [ -89.176064, 13.658863 ], [ -89.176158, 13.658939 ], [ -89.176142, 13.659008 ], [ -89.176174, 13.659025 ], [ -89.176221, 13.659049 ], [ -89.176327, 13.659094 ], [ -89.176353, 13.659104 ], [ -89.176343, 13.659123 ], [ -89.176311, 13.659191 ], [ -89.176425, 13.659175 ], [ -89.176542, 13.659147 ], [ -89.176652, 13.65909 ], [ -89.176824, 13.659018 ], [ -89.177031, 13.658941 ], [ -89.177728, 13.658692 ], [ -89.178056, 13.658572 ], [ -89.178331, 13.658473 ], [ -89.178719, 13.658352 ], [ -89.178691, 13.658284 ], [ -89.178755, 13.658252 ], [ -89.17878, 13.658235 ], [ -89.178806, 13.658231 ], [ -89.178821, 13.658235 ], [ -89.178849, 13.658249 ], [ -89.178871, 13.658264 ], [ -89.178882, 13.658302 ], [ -89.178909, 13.658324 ], [ -89.178937, 13.658344 ], [ -89.17897, 13.658383 ], [ -89.178983, 13.658402 ], [ -89.178986, 13.658415 ], [ -89.178995, 13.658451 ], [ -89.179001, 13.65848 ], [ -89.178997, 13.6585 ], [ -89.178998, 13.658519 ], [ -89.17901, 13.658534 ], [ -89.179094, 13.658603 ], [ -89.179112, 13.658628 ], [ -89.179116, 13.658652 ], [ -89.179124, 13.658662 ], [ -89.179151, 13.658677 ], [ -89.179213, 13.658704 ], [ -89.179301, 13.658713 ], [ -89.179234, 13.658741 ], [ -89.179152, 13.658786 ], [ -89.179201, 13.658871 ], [ -89.179219, 13.65886 ], [ -89.179281, 13.658826 ], [ -89.179291, 13.658814 ], [ -89.179329, 13.65879 ], [ -89.17942, 13.658782 ], [ -89.179424, 13.658843 ], [ -89.179431, 13.659141 ], [ -89.179684, 13.659146 ], [ -89.179958, 13.659156 ], [ -89.180202, 13.659151 ], [ -89.180202, 13.65957 ], [ -89.180195, 13.65969 ], [ -89.180207, 13.660159 ], [ -89.180262, 13.660175 ], [ -89.180339, 13.660214 ], [ -89.180458, 13.660273 ], [ -89.180515, 13.66032 ], [ -89.180265, 13.660356 ], [ -89.180378, 13.660575 ], [ -89.180465, 13.66074 ], [ -89.180503, 13.660787 ], [ -89.18052, 13.660824 ], [ -89.180543, 13.660841 ], [ -89.180603, 13.660868 ], [ -89.180646, 13.660879 ], [ -89.180733, 13.660895 ], [ -89.180822, 13.660909 ], [ -89.180907, 13.660948 ], [ -89.180939, 13.661003 ], [ -89.180876, 13.661036 ], [ -89.180661, 13.661217 ], [ -89.180548, 13.661317 ], [ -89.180451, 13.661394 ], [ -89.180333, 13.661474 ], [ -89.18028, 13.661511 ], [ -89.180201, 13.661571 ], [ -89.180036, 13.661678 ], [ -89.179951, 13.661734 ], [ -89.179913, 13.661781 ], [ -89.179866, 13.661858 ], [ -89.179847, 13.661931 ], [ -89.179828, 13.662025 ], [ -89.179816, 13.662093 ], [ -89.179797, 13.66215 ], [ -89.179794, 13.662157 ], [ -89.179767, 13.662187 ], [ -89.179695, 13.662283 ], [ -89.179717, 13.662298 ], [ -89.179701, 13.662316 ], [ -89.179629, 13.662409 ], [ -89.179528, 13.662548 ], [ -89.179457, 13.662699 ], [ -89.179157, 13.663314 ], [ -89.179682, 13.663902 ], [ -89.18021, 13.664542 ], [ -89.180543, 13.665128 ], [ -89.180715, 13.665459 ], [ -89.18076, 13.665545 ], [ -89.180689, 13.665508 ], [ -89.180573, 13.665494 ], [ -89.18034, 13.665481 ], [ -89.179991, 13.665349 ], [ -89.179772, 13.665299 ], [ -89.179469, 13.665231 ], [ -89.179459, 13.66517 ], [ -89.179464, 13.665117 ], [ -89.179473, 13.665083 ], [ -89.179474, 13.665059 ], [ -89.179453, 13.665053 ], [ -89.17944, 13.665065 ], [ -89.179419, 13.66508 ], [ -89.179389, 13.665057 ], [ -89.179329, 13.66498 ], [ -89.179318, 13.664959 ], [ -89.1793, 13.664911 ], [ -89.179193, 13.664791 ], [ -89.179076, 13.664684 ], [ -89.178973, 13.664586 ], [ -89.17885, 13.66444 ], [ -89.178773, 13.664332 ], [ -89.178699, 13.664236 ], [ -89.178626, 13.664196 ], [ -89.178565, 13.66418 ], [ -89.178559, 13.664122 ], [ -89.178535, 13.663897 ], [ -89.178531, 13.663864 ], [ -89.178513, 13.663573 ], [ -89.178598, 13.663324 ], [ -89.178724, 13.662957 ], [ -89.178359, 13.662837 ], [ -89.178372, 13.662648 ], [ -89.178496, 13.662576 ], [ -89.178422, 13.662381 ], [ -89.178216, 13.662281 ], [ -89.178242, 13.662583 ], [ -89.177912, 13.6627 ], [ -89.177894, 13.662706 ], [ -89.177915, 13.662877 ], [ -89.178043, 13.663345 ], [ -89.178046, 13.66336 ], [ -89.178025, 13.663366 ], [ -89.177554, 13.663511 ], [ -89.177312, 13.663532 ], [ -89.177263, 13.663547 ], [ -89.177051, 13.663589 ], [ -89.177076, 13.663717 ], [ -89.177101, 13.663851 ], [ -89.177116, 13.663926 ], [ -89.17713, 13.664 ], [ -89.177134, 13.664024 ], [ -89.177051, 13.663996 ], [ -89.176874, 13.663935 ], [ -89.176839, 13.66393 ], [ -89.176838, 13.663945 ], [ -89.176813, 13.663951 ], [ -89.17655, 13.664012 ], [ -89.176499, 13.664206 ], [ -89.176483, 13.664391 ], [ -89.17647, 13.664526 ], [ -89.176283, 13.665153 ], [ -89.176566, 13.665125 ], [ -89.176595, 13.665123 ], [ -89.176546, 13.665366 ], [ -89.176552, 13.665451 ], [ -89.176227, 13.665488 ], [ -89.175962, 13.665514 ], [ -89.175948, 13.66555 ], [ -89.175923, 13.66562 ], [ -89.176499, 13.666093 ], [ -89.176778, 13.666298 ], [ -89.176925, 13.666265 ], [ -89.177125, 13.666299 ], [ -89.177452, 13.666373 ], [ -89.177878, 13.666629 ], [ -89.177892, 13.666644 ], [ -89.178024, 13.666777 ], [ -89.17804, 13.666792 ], [ -89.178126, 13.666879 ], [ -89.178261, 13.667015 ], [ -89.178309, 13.667028 ], [ -89.178482, 13.667076 ], [ -89.178514, 13.667074 ], [ -89.178781, 13.667061 ], [ -89.179095, 13.667261 ], [ -89.179138, 13.667255 ], [ -89.179612, 13.667195 ], [ -89.17963, 13.667194 ], [ -89.17985, 13.667182 ], [ -89.179963, 13.667213 ], [ -89.180148, 13.667197 ], [ -89.180335, 13.667071 ], [ -89.180441, 13.667052 ], [ -89.180547, 13.667065 ], [ -89.180782, 13.667171 ], [ -89.180929, 13.667265 ], [ -89.181211, 13.667237 ], [ -89.181305, 13.667206 ], [ -89.181446, 13.667258 ], [ -89.181533, 13.667288 ], [ -89.18156, 13.667301 ], [ -89.181616, 13.667317 ], [ -89.181713, 13.667344 ], [ -89.18171, 13.667372 ], [ -89.181701, 13.667455 ], [ -89.181689, 13.667431 ], [ -89.181619, 13.667461 ], [ -89.181615, 13.667455 ], [ -89.181563, 13.667482 ], [ -89.181524, 13.667517 ], [ -89.181479, 13.667556 ], [ -89.181439, 13.667589 ], [ -89.181396, 13.667644 ], [ -89.181302, 13.667797 ], [ -89.181128, 13.667991 ], [ -89.181026, 13.668107 ], [ -89.180755, 13.668259 ], [ -89.180881, 13.668324 ], [ -89.180803, 13.668431 ], [ -89.180654, 13.668612 ], [ -89.180611, 13.668645 ], [ -89.180355, 13.668733 ], [ -89.180353, 13.668737 ], [ -89.18035, 13.668741 ], [ -89.180349, 13.668742 ], [ -89.180347, 13.668745 ], [ -89.180346, 13.668747 ], [ -89.180345, 13.668748 ], [ -89.180344, 13.668749 ], [ -89.180343, 13.66875 ], [ -89.180343, 13.668751 ], [ -89.180342, 13.668752 ], [ -89.180341, 13.668752 ], [ -89.180341, 13.668753 ], [ -89.18034, 13.668754 ], [ -89.180339, 13.668755 ], [ -89.180339, 13.668756 ], [ -89.180338, 13.668756 ], [ -89.180338, 13.668757 ], [ -89.180337, 13.668758 ], [ -89.180336, 13.668759 ], [ -89.180335, 13.668761 ], [ -89.180335, 13.668762 ], [ -89.180334, 13.668763 ], [ -89.180334, 13.668765 ], [ -89.180333, 13.668766 ], [ -89.180333, 13.668767 ], [ -89.180332, 13.668767 ], [ -89.180332, 13.668768 ], [ -89.180332, 13.668769 ], [ -89.180331, 13.668769 ], [ -89.180331, 13.66877 ], [ -89.180331, 13.668771 ], [ -89.18033, 13.668772 ], [ -89.18033, 13.668773 ], [ -89.18033, 13.668774 ], [ -89.180329, 13.668775 ], [ -89.180329, 13.668776 ], [ -89.180329, 13.668777 ], [ -89.180328, 13.668778 ], [ -89.180328, 13.668779 ], [ -89.180327, 13.668781 ], [ -89.180327, 13.668782 ], [ -89.180327, 13.668783 ], [ -89.180326, 13.668784 ], [ -89.180326, 13.668785 ], [ -89.180326, 13.668786 ], [ -89.180325, 13.668786 ], [ -89.180325, 13.668788 ], [ -89.180324, 13.668789 ], [ -89.180324, 13.66879 ], [ -89.180323, 13.668791 ], [ -89.180323, 13.668792 ], [ -89.180322, 13.668794 ], [ -89.180321, 13.668795 ], [ -89.180321, 13.668796 ], [ -89.18032, 13.668797 ], [ -89.180319, 13.668799 ], [ -89.180319, 13.6688 ], [ -89.180318, 13.668801 ], [ -89.180318, 13.668802 ], [ -89.180317, 13.668804 ], [ -89.180316, 13.668806 ], [ -89.180316, 13.668807 ], [ -89.180316, 13.668808 ], [ -89.180315, 13.668809 ], [ -89.180315, 13.66881 ], [ -89.180314, 13.668811 ], [ -89.180314, 13.668812 ], [ -89.180313, 13.668814 ], [ -89.180313, 13.668815 ], [ -89.180313, 13.668816 ], [ -89.180312, 13.668817 ], [ -89.180312, 13.668819 ], [ -89.180312, 13.66882 ], [ -89.180311, 13.668821 ], [ -89.180311, 13.668823 ], [ -89.18031, 13.668824 ], [ -89.18031, 13.668825 ], [ -89.18031, 13.668826 ], [ -89.180309, 13.668827 ], [ -89.180309, 13.668828 ], [ -89.180308, 13.668829 ], [ -89.180308, 13.668831 ], [ -89.180307, 13.668832 ], [ -89.180307, 13.668833 ], [ -89.180307, 13.668834 ], [ -89.180306, 13.668834 ], [ -89.180306, 13.668835 ], [ -89.180306, 13.668836 ], [ -89.180305, 13.668836 ], [ -89.180305, 13.668837 ], [ -89.180302, 13.668842 ], [ -89.180299, 13.668847 ], [ -89.180297, 13.668851 ], [ -89.180294, 13.668857 ], [ -89.180292, 13.668862 ], [ -89.180289, 13.668868 ], [ -89.180289, 13.668871 ], [ -89.180287, 13.668875 ], [ -89.180286, 13.668879 ], [ -89.180285, 13.668882 ], [ -89.180284, 13.668886 ], [ -89.180283, 13.66889 ], [ -89.180281, 13.668895 ], [ -89.180279, 13.668901 ], [ -89.180278, 13.668903 ], [ -89.180277, 13.668907 ], [ -89.180276, 13.66891 ], [ -89.180276, 13.668912 ], [ -89.180275, 13.668913 ], [ -89.180273, 13.668916 ], [ -89.180272, 13.668919 ], [ -89.180271, 13.668922 ], [ -89.180271, 13.668925 ], [ -89.18027, 13.668929 ], [ -89.180269, 13.668933 ], [ -89.180269, 13.668936 ], [ -89.180268, 13.66894 ], [ -89.180267, 13.668944 ], [ -89.180266, 13.668951 ], [ -89.180265, 13.668956 ], [ -89.180264, 13.668961 ], [ -89.180263, 13.668965 ], [ -89.180262, 13.668969 ], [ -89.180261, 13.668973 ], [ -89.18026, 13.668977 ], [ -89.180258, 13.668984 ], [ -89.180258, 13.668986 ], [ -89.180257, 13.668989 ], [ -89.180256, 13.668992 ], [ -89.180255, 13.668995 ], [ -89.180253, 13.668999 ], [ -89.180253, 13.669001 ], [ -89.180251, 13.669005 ], [ -89.180251, 13.669006 ], [ -89.180249, 13.669009 ], [ -89.180248, 13.669012 ], [ -89.180247, 13.669017 ], [ -89.180245, 13.669021 ], [ -89.180245, 13.669022 ], [ -89.180244, 13.669025 ], [ -89.180242, 13.669028 ], [ -89.18024, 13.669031 ], [ -89.180239, 13.669035 ], [ -89.180237, 13.669039 ], [ -89.180236, 13.66904 ], [ -89.180235, 13.669043 ], [ -89.180234, 13.669045 ], [ -89.180233, 13.669047 ], [ -89.180232, 13.66905 ], [ -89.180231, 13.669054 ], [ -89.18023, 13.669055 ], [ -89.180229, 13.669057 ], [ -89.180228, 13.66906 ], [ -89.180227, 13.669064 ], [ -89.180226, 13.669065 ], [ -89.180225, 13.669067 ], [ -89.180224, 13.66907 ], [ -89.180223, 13.669073 ], [ -89.180222, 13.669076 ], [ -89.18022, 13.669079 ], [ -89.180219, 13.669082 ], [ -89.180218, 13.669084 ], [ -89.180216, 13.669087 ], [ -89.180215, 13.66909 ], [ -89.180214, 13.669092 ], [ -89.180213, 13.669094 ], [ -89.180211, 13.669098 ], [ -89.18021, 13.669101 ], [ -89.180209, 13.669103 ], [ -89.180209, 13.669105 ], [ -89.180208, 13.669108 ], [ -89.180207, 13.669112 ], [ -89.180206, 13.669116 ], [ -89.180205, 13.66912 ], [ -89.180204, 13.669124 ], [ -89.180204, 13.669127 ], [ -89.180203, 13.66913 ], [ -89.180201, 13.669133 ], [ -89.1802, 13.669136 ], [ -89.180199, 13.669138 ], [ -89.180198, 13.66914 ], [ -89.180197, 13.669143 ], [ -89.180196, 13.669146 ], [ -89.180195, 13.669148 ], [ -89.180194, 13.66915 ], [ -89.180193, 13.669152 ], [ -89.180193, 13.669153 ], [ -89.180192, 13.669156 ], [ -89.180191, 13.66916 ], [ -89.18019, 13.669162 ], [ -89.180189, 13.669166 ], [ -89.180189, 13.669167 ], [ -89.180188, 13.66917 ], [ -89.180187, 13.669174 ], [ -89.180187, 13.669176 ], [ -89.180187, 13.669178 ], [ -89.180186, 13.669179 ], [ -89.180185, 13.669182 ], [ -89.180183, 13.669186 ], [ -89.180182, 13.669189 ], [ -89.18018, 13.669192 ], [ -89.180179, 13.669196 ], [ -89.180178, 13.6692 ], [ -89.180178, 13.669204 ], [ -89.180177, 13.669209 ], [ -89.180176, 13.669215 ], [ -89.180174, 13.669224 ], [ -89.180173, 13.669232 ], [ -89.180171, 13.669238 ], [ -89.180169, 13.669244 ], [ -89.180168, 13.669247 ], [ -89.180167, 13.669249 ], [ -89.180167, 13.66925 ], [ -89.180166, 13.669253 ], [ -89.180165, 13.669256 ], [ -89.180164, 13.669258 ], [ -89.180162, 13.669262 ], [ -89.18016, 13.669265 ], [ -89.180157, 13.669271 ], [ -89.180156, 13.669276 ], [ -89.180155, 13.669279 ], [ -89.180154, 13.669282 ], [ -89.180153, 13.669284 ], [ -89.180151, 13.669289 ], [ -89.180149, 13.669293 ], [ -89.180146, 13.669298 ], [ -89.180143, 13.669302 ], [ -89.180143, 13.669303 ], [ -89.180142, 13.669306 ], [ -89.18014, 13.669309 ], [ -89.180139, 13.669313 ], [ -89.180138, 13.669316 ], [ -89.180137, 13.669318 ], [ -89.180135, 13.669322 ], [ -89.180134, 13.669323 ], [ -89.180133, 13.669325 ], [ -89.180132, 13.669327 ], [ -89.180131, 13.669331 ], [ -89.180129, 13.669335 ], [ -89.180126, 13.669341 ], [ -89.180124, 13.669346 ], [ -89.180123, 13.669349 ], [ -89.180121, 13.669355 ], [ -89.180119, 13.669359 ], [ -89.180117, 13.669363 ], [ -89.180115, 13.669367 ], [ -89.180113, 13.669372 ], [ -89.18011, 13.669377 ], [ -89.180107, 13.669382 ], [ -89.180105, 13.669386 ], [ -89.180103, 13.66939 ], [ -89.180101, 13.669394 ], [ -89.1801, 13.669398 ], [ -89.180098, 13.669403 ], [ -89.180097, 13.669411 ], [ -89.180096, 13.669417 ], [ -89.180095, 13.669423 ], [ -89.180095, 13.669427 ], [ -89.180094, 13.66943 ], [ -89.180093, 13.669433 ], [ -89.180092, 13.669435 ], [ -89.180092, 13.669436 ], [ -89.180091, 13.669439 ], [ -89.18009, 13.669442 ], [ -89.180089, 13.669445 ], [ -89.180087, 13.669449 ], [ -89.180086, 13.669456 ], [ -89.180084, 13.669462 ], [ -89.180084, 13.669465 ], [ -89.180083, 13.669466 ], [ -89.180079, 13.669478 ], [ -89.180077, 13.669482 ], [ -89.180075, 13.66949 ], [ -89.180072, 13.669499 ], [ -89.180069, 13.669508 ], [ -89.180068, 13.669514 ], [ -89.180066, 13.66952 ], [ -89.180065, 13.669529 ], [ -89.180063, 13.669538 ], [ -89.180062, 13.669543 ], [ -89.180061, 13.669549 ], [ -89.180059, 13.669557 ], [ -89.180059, 13.669558 ], [ -89.180058, 13.669567 ], [ -89.180057, 13.669573 ], [ -89.180057, 13.669579 ], [ -89.180057, 13.669582 ], [ -89.180056, 13.669584 ], [ -89.180055, 13.669589 ], [ -89.180054, 13.669593 ], [ -89.180054, 13.669602 ], [ -89.180053, 13.66961 ], [ -89.180052, 13.66962 ], [ -89.180052, 13.669629 ], [ -89.180052, 13.66963 ], [ -89.18005, 13.669639 ], [ -89.18005, 13.669649 ], [ -89.180049, 13.669666 ], [ -89.180049, 13.669678 ], [ -89.180048, 13.669693 ], [ -89.180047, 13.669712 ], [ -89.180046, 13.669722 ], [ -89.180043, 13.669732 ], [ -89.180043, 13.669733 ], [ -89.18004, 13.669742 ], [ -89.180038, 13.66975 ], [ -89.180036, 13.66976 ], [ -89.180032, 13.669774 ], [ -89.18003, 13.669787 ], [ -89.180028, 13.669801 ], [ -89.180025, 13.669816 ], [ -89.180024, 13.669822 ], [ -89.180023, 13.669828 ], [ -89.180021, 13.66984 ], [ -89.18002, 13.669844 ], [ -89.180019, 13.669846 ], [ -89.180018, 13.66985 ], [ -89.180017, 13.669856 ], [ -89.180016, 13.669858 ], [ -89.180015, 13.669864 ], [ -89.180014, 13.669873 ], [ -89.180012, 13.669879 ], [ -89.180011, 13.669883 ], [ -89.180011, 13.669885 ], [ -89.18001, 13.669889 ], [ -89.180009, 13.669893 ], [ -89.180008, 13.669897 ], [ -89.180007, 13.669901 ], [ -89.180007, 13.669905 ], [ -89.180006, 13.669909 ], [ -89.180004, 13.669914 ], [ -89.180003, 13.669918 ], [ -89.180001, 13.669922 ], [ -89.18, 13.669926 ], [ -89.179997, 13.669932 ], [ -89.179996, 13.669938 ], [ -89.179993, 13.669945 ], [ -89.17999, 13.669953 ], [ -89.179987, 13.669961 ], [ -89.179984, 13.669966 ], [ -89.179982, 13.669971 ], [ -89.179979, 13.669978 ], [ -89.179976, 13.669985 ], [ -89.179973, 13.669993 ], [ -89.17997, 13.67 ], [ -89.179966, 13.670006 ], [ -89.179963, 13.670013 ], [ -89.17996, 13.670019 ], [ -89.179958, 13.670024 ], [ -89.179957, 13.670025 ], [ -89.179956, 13.67003 ], [ -89.179955, 13.670033 ], [ -89.179954, 13.670037 ], [ -89.179953, 13.67004 ], [ -89.179952, 13.670043 ], [ -89.179951, 13.670046 ], [ -89.17995, 13.670049 ], [ -89.179949, 13.670053 ], [ -89.179948, 13.670056 ], [ -89.179948, 13.670058 ], [ -89.179947, 13.670059 ], [ -89.179946, 13.670062 ], [ -89.179946, 13.670064 ], [ -89.179945, 13.670066 ], [ -89.179944, 13.670067 ], [ -89.179944, 13.670069 ], [ -89.179942, 13.670072 ], [ -89.179941, 13.670075 ], [ -89.17994, 13.670078 ], [ -89.179939, 13.670079 ], [ -89.179938, 13.670081 ], [ -89.179938, 13.670082 ], [ -89.179937, 13.670084 ], [ -89.179936, 13.670087 ], [ -89.179935, 13.67009 ], [ -89.179933, 13.670094 ], [ -89.180184, 13.67006 ], [ -89.180219, 13.670047 ], [ -89.18022, 13.670047 ], [ -89.180255, 13.670034 ], [ -89.180287, 13.670042 ], [ -89.180493, 13.670012 ], [ -89.180641, 13.669883 ], [ -89.180695, 13.669795 ], [ -89.180792, 13.669573 ], [ -89.180867, 13.66953 ], [ -89.180972, 13.66957 ], [ -89.181023, 13.669747 ], [ -89.181256, 13.669675 ], [ -89.181412, 13.669633 ], [ -89.181546, 13.669595 ], [ -89.181669, 13.669565 ], [ -89.181766, 13.669545 ], [ -89.181844, 13.669531 ], [ -89.182036, 13.669495 ], [ -89.182166, 13.669468 ], [ -89.182242, 13.669449 ], [ -89.182374, 13.669426 ], [ -89.182539, 13.669393 ], [ -89.182696, 13.669361 ], [ -89.182867, 13.669318 ], [ -89.183065, 13.669275 ], [ -89.183239, 13.669246 ], [ -89.183225, 13.669288 ], [ -89.183654, 13.669343 ], [ -89.183872, 13.669361 ], [ -89.184086, 13.669378 ], [ -89.18435, 13.669422 ], [ -89.184441, 13.669452 ], [ -89.184699, 13.669558 ], [ -89.184931, 13.669697 ], [ -89.184946, 13.669708 ], [ -89.184956, 13.669715 ], [ -89.184961, 13.669719 ], [ -89.184675, 13.670145 ], [ -89.184478, 13.670439 ], [ -89.184366, 13.670606 ], [ -89.184507, 13.670639 ], [ -89.184612, 13.670663 ], [ -89.184676, 13.670678 ], [ -89.184804, 13.670765 ], [ -89.184907, 13.670834 ], [ -89.184972, 13.670878 ], [ -89.185138, 13.671024 ], [ -89.185281, 13.671149 ], [ -89.185377, 13.671233 ], [ -89.185384, 13.671362 ], [ -89.18539, 13.671481 ], [ -89.185395, 13.671565 ], [ -89.185397, 13.671611 ], [ -89.185399, 13.671656 ], [ -89.185401, 13.671689 ], [ -89.185306, 13.671647 ], [ -89.185203, 13.6716 ], [ -89.185123, 13.671564 ], [ -89.185045, 13.67151 ], [ -89.184953, 13.671446 ], [ -89.184879, 13.671394 ], [ -89.184749, 13.671347 ], [ -89.184688, 13.671325 ], [ -89.184614, 13.671324 ], [ -89.18453, 13.671323 ], [ -89.18445, 13.671322 ], [ -89.184374, 13.671676 ], [ -89.184333, 13.671867 ], [ -89.18404, 13.671873 ], [ -89.183724, 13.671879 ], [ -89.183372, 13.671887 ], [ -89.183153, 13.671879 ], [ -89.183018, 13.671875 ], [ -89.182924, 13.671882 ], [ -89.182829, 13.671889 ], [ -89.182703, 13.671899 ], [ -89.182505, 13.671855 ], [ -89.182364, 13.671823 ], [ -89.182236, 13.671835 ], [ -89.182115, 13.671846 ], [ -89.181926, 13.671863 ], [ -89.181759, 13.671853 ], [ -89.181624, 13.671845 ], [ -89.1815, 13.671975 ], [ -89.181391, 13.672089 ], [ -89.18119, 13.672299 ], [ -89.181071, 13.672398 ], [ -89.180962, 13.67249 ], [ -89.180904, 13.672509 ], [ -89.180858, 13.672524 ], [ -89.180756, 13.672559 ], [ -89.180606, 13.672571 ], [ -89.180449, 13.672583 ], [ -89.18022, 13.672632 ], [ -89.180053, 13.672667 ], [ -89.179608, 13.67276 ], [ -89.179817, 13.672946 ], [ -89.180066, 13.673169 ], [ -89.180143, 13.673305 ], [ -89.180194, 13.673393 ], [ -89.180357, 13.67368 ], [ -89.180546, 13.673925 ], [ -89.180802, 13.67426 ], [ -89.180879, 13.67427 ], [ -89.180922, 13.674275 ], [ -89.181097, 13.674298 ], [ -89.181663, 13.67415 ], [ -89.182547, 13.673918 ], [ -89.182586, 13.67388 ], [ -89.182605, 13.673861 ], [ -89.182701, 13.673767 ], [ -89.182826, 13.673738 ], [ -89.18305, 13.673686 ], [ -89.183091, 13.674175 ], [ -89.183107, 13.674363 ], [ -89.183216, 13.675666 ], [ -89.183219, 13.675713 ], [ -89.182883, 13.675903 ], [ -89.182688, 13.676055 ], [ -89.182553, 13.676118 ], [ -89.182396, 13.676125 ], [ -89.182298, 13.676083 ], [ -89.182235, 13.675958 ], [ -89.182195, 13.675769 ], [ -89.182067, 13.675671 ], [ -89.182002, 13.675723 ], [ -89.181972, 13.675787 ], [ -89.181924, 13.675868 ], [ -89.181873, 13.675935 ], [ -89.181798, 13.675988 ], [ -89.181693, 13.676087 ], [ -89.181577, 13.676324 ], [ -89.181527, 13.676354 ], [ -89.181412, 13.676375 ], [ -89.180529, 13.676111 ], [ -89.180384, 13.676036 ], [ -89.180352, 13.67597 ], [ -89.180307, 13.675286 ], [ -89.180253, 13.675232 ], [ -89.180157, 13.675221 ], [ -89.179907, 13.675394 ], [ -89.179688, 13.675477 ], [ -89.179588, 13.675509 ], [ -89.179497, 13.675632 ], [ -89.179339, 13.675698 ], [ -89.179127, 13.675734 ], [ -89.179069, 13.675782 ], [ -89.17837, 13.676078 ], [ -89.178342, 13.676174 ], [ -89.178373, 13.676306 ], [ -89.178688, 13.676731 ], [ -89.178692, 13.676828 ], [ -89.178121, 13.676814 ], [ -89.177891, 13.67671 ], [ -89.177778, 13.676743 ], [ -89.177481, 13.677048 ], [ -89.17738, 13.677047 ], [ -89.17695, 13.676935 ], [ -89.176855, 13.677134 ], [ -89.176923, 13.677203 ], [ -89.177246, 13.677532 ], [ -89.177381, 13.67767 ], [ -89.176859, 13.678166 ], [ -89.176663, 13.678352 ], [ -89.176536, 13.678189 ], [ -89.175933, 13.677409 ], [ -89.175635, 13.677025 ], [ -89.175759, 13.676626 ], [ -89.175814, 13.67645 ], [ -89.175722, 13.676386 ], [ -89.17528, 13.67608 ], [ -89.175026, 13.675905 ], [ -89.174633, 13.675806 ], [ -89.174432, 13.675755 ], [ -89.174328, 13.675755 ], [ -89.173827, 13.675753 ], [ -89.173496, 13.675752 ], [ -89.173452, 13.675719 ], [ -89.173426, 13.6757 ], [ -89.173414, 13.675668 ], [ -89.173352, 13.675512 ], [ -89.173306, 13.675393 ], [ -89.17318, 13.675201 ], [ -89.173095, 13.675072 ], [ -89.173076, 13.675054 ], [ -89.172985, 13.674963 ], [ -89.172905, 13.674885 ], [ -89.172863, 13.674758 ], [ -89.172831, 13.67466 ], [ -89.172825, 13.674651 ], [ -89.172795, 13.674609 ], [ -89.172765, 13.674568 ], [ -89.172897, 13.674165 ], [ -89.173012, 13.673812 ], [ -89.173025, 13.67378 ], [ -89.173088, 13.673615 ], [ -89.173158, 13.67343 ], [ -89.173098, 13.673382 ], [ -89.173037, 13.673334 ], [ -89.173038, 13.6733 ], [ -89.173039, 13.673124 ], [ -89.17304, 13.672901 ], [ -89.172993, 13.672851 ], [ -89.172938, 13.672794 ], [ -89.17294, 13.67279 ], [ -89.172952, 13.672766 ], [ -89.172969, 13.672732 ], [ -89.172822, 13.672716 ], [ -89.172631, 13.672697 ], [ -89.172566, 13.672746 ], [ -89.172208, 13.673017 ], [ -89.171621, 13.673462 ], [ -89.171337, 13.673188 ], [ -89.170916, 13.672783 ], [ -89.170901, 13.672799 ], [ -89.170814, 13.672891 ], [ -89.170652, 13.673063 ], [ -89.170539, 13.673255 ], [ -89.170347, 13.673582 ], [ -89.170342, 13.673601 ], [ -89.170307, 13.67371 ], [ -89.170235, 13.673942 ], [ -89.170223, 13.673989 ], [ -89.170199, 13.674082 ], [ -89.170198, 13.674102 ], [ -89.170191, 13.674223 ], [ -89.170175, 13.674522 ], [ -89.170127, 13.674677 ], [ -89.170017, 13.675029 ], [ -89.17, 13.675017 ], [ -89.16989, 13.674939 ], [ -89.169579, 13.674716 ], [ -89.169462, 13.674644 ], [ -89.169149, 13.674453 ], [ -89.169092, 13.674506 ], [ -89.168693, 13.674873 ], [ -89.167375, 13.676088 ], [ -89.16724, 13.676201 ], [ -89.166815, 13.676558 ], [ -89.166787, 13.676583 ], [ -89.166575, 13.676772 ], [ -89.165746, 13.677511 ], [ -89.165725, 13.677525 ], [ -89.165646, 13.677578 ], [ -89.165644, 13.677577 ], [ -89.165626, 13.677574 ], [ -89.165544, 13.677559 ], [ -89.165519, 13.677582 ], [ -89.165532, 13.677633 ], [ -89.165499, 13.677788 ], [ -89.165441, 13.678052 ], [ -89.164311, 13.676895 ], [ -89.157254, 13.66967 ], [ -89.15512, 13.667484 ], [ -89.154874, 13.667233 ], [ -89.1549, 13.667244 ], [ -89.154909, 13.667248 ], [ -89.154911, 13.667249 ], [ -89.154956, 13.667277 ], [ -89.154976, 13.667289 ], [ -89.15498, 13.667292 ], [ -89.155242, 13.667425 ], [ -89.155369, 13.66749 ], [ -89.155408, 13.66751 ], [ -89.155609, 13.667596 ], [ -89.155722, 13.667644 ], [ -89.155763, 13.667662 ], [ -89.155879, 13.66772 ] ] ] } },
{ "type": "Feature", "properties": { "fid": 114, "CANTON": "AREA URBANA", "DISTRITO": "SAN MARCOS" }, "geometry": { "type": "Polygon", "coordinates": [ [ [ -89.183248, 13.647593 ], [ -89.183326, 13.647621 ], [ -89.183719, 13.64776 ], [ -89.183842, 13.647826 ], [ -89.183953, 13.647886 ], [ -89.184046, 13.647933 ], [ -89.184297, 13.64806 ], [ -89.184447, 13.648135 ], [ -89.184718, 13.648283 ], [ -89.184913, 13.648439 ], [ -89.184926, 13.648449 ], [ -89.18515, 13.64868 ], [ -89.185274, 13.648809 ], [ -89.185552, 13.649041 ], [ -89.185835, 13.649345 ], [ -89.18629, 13.649952 ], [ -89.186565, 13.650483 ], [ -89.186633, 13.65062 ], [ -89.186927, 13.651211 ], [ -89.186945, 13.651248 ], [ -89.187232, 13.651819 ], [ -89.187411, 13.652188 ], [ -89.187913, 13.65315 ], [ -89.188099, 13.653523 ], [ -89.188348, 13.654097 ], [ -89.188933, 13.655753 ], [ -89.188935, 13.655896 ], [ -89.188974, 13.656132 ], [ -89.189086, 13.656452 ], [ -89.189149, 13.65671 ], [ -89.189164, 13.656788 ], [ -89.189362, 13.657878 ], [ -89.189429, 13.658294 ], [ -89.189614, 13.659438 ], [ -89.18968, 13.660076 ], [ -89.189717, 13.660641 ], [ -89.189877, 13.661635 ], [ -89.189893, 13.661734 ], [ -89.189953, 13.662111 ], [ -89.190126, 13.66317 ], [ -89.190187, 13.663543 ], [ -89.190338, 13.664471 ], [ -89.19035, 13.66456 ], [ -89.190474, 13.665478 ], [ -89.190479, 13.665546 ], [ -89.190506, 13.665891 ], [ -89.190632, 13.667197 ], [ -89.190726, 13.668163 ], [ -89.190762, 13.668545 ], [ -89.190766, 13.668585 ], [ -89.190799, 13.668831 ], [ -89.190837, 13.669078 ], [ -89.190893, 13.669349 ], [ -89.190938, 13.669571 ], [ -89.191015, 13.669853 ], [ -89.191097, 13.670107 ], [ -89.190851, 13.670095 ], [ -89.190775, 13.669909 ], [ -89.190694, 13.669641 ], [ -89.190659, 13.669526 ], [ -89.190593, 13.669547 ], [ -89.19028, 13.669645 ], [ -89.19005, 13.669717 ], [ -89.190051, 13.669717 ], [ -89.190093, 13.66976 ], [ -89.190126, 13.669792 ], [ -89.190127, 13.669794 ], [ -89.19017, 13.66985 ], [ -89.190203, 13.669893 ], [ -89.190206, 13.669897 ], [ -89.190286, 13.670049 ], [ -89.190348, 13.670167 ], [ -89.190358, 13.670185 ], [ -89.190374, 13.670232 ], [ -89.190387, 13.670269 ], [ -89.190389, 13.670277 ], [ -89.190405, 13.670343 ], [ -89.190418, 13.670395 ], [ -89.190422, 13.670409 ], [ -89.190469, 13.670472 ], [ -89.190508, 13.670524 ], [ -89.190521, 13.670541 ], [ -89.190552, 13.670577 ], [ -89.190577, 13.670607 ], [ -89.190587, 13.670619 ], [ -89.190613, 13.670641 ], [ -89.190636, 13.670658 ], [ -89.190646, 13.670667 ], [ -89.190601, 13.670675 ], [ -89.190562, 13.670682 ], [ -89.190541, 13.670686 ], [ -89.190495, 13.670694 ], [ -89.190486, 13.670695 ], [ -89.190465, 13.670699 ], [ -89.190427, 13.670657 ], [ -89.190358, 13.670678 ], [ -89.190133, 13.670733 ], [ -89.189848, 13.670788 ], [ -89.189487, 13.670861 ], [ -89.189568, 13.670981 ], [ -89.189627, 13.671096 ], [ -89.189389, 13.671162 ], [ -89.189351, 13.671172 ], [ -89.189317, 13.671151 ], [ -89.189026, 13.671241 ], [ -89.188894, 13.670839 ], [ -89.188841, 13.670655 ], [ -89.188738, 13.670501 ], [ -89.188645, 13.6704 ], [ -89.188544, 13.670281 ], [ -89.188479, 13.670197 ], [ -89.188338, 13.669962 ], [ -89.188285, 13.669828 ], [ -89.188284, 13.669825 ], [ -89.188212, 13.669849 ], [ -89.188175, 13.669862 ], [ -89.188172, 13.669862 ], [ -89.188158, 13.669867 ], [ -89.188167, 13.669887 ], [ -89.188168, 13.669888 ], [ -89.188172, 13.669897 ], [ -89.188121, 13.669922 ], [ -89.188119, 13.669923 ], [ -89.188094, 13.669935 ], [ -89.18815, 13.670035 ], [ -89.188152, 13.670039 ], [ -89.188182, 13.670092 ], [ -89.188119, 13.670122 ], [ -89.188117, 13.670123 ], [ -89.188081, 13.67014 ], [ -89.188128, 13.670201 ], [ -89.188128, 13.670202 ], [ -89.188158, 13.670241 ], [ -89.18812, 13.670271 ], [ -89.18812, 13.670272 ], [ -89.188094, 13.670293 ], [ -89.188135, 13.670357 ], [ -89.188167, 13.670405 ], [ -89.188204, 13.670369 ], [ -89.188205, 13.670369 ], [ -89.188235, 13.67034 ], [ -89.188238, 13.670344 ], [ -89.18824, 13.670348 ], [ -89.188253, 13.670339 ], [ -89.188254, 13.670338 ], [ -89.188266, 13.670329 ], [ -89.18827, 13.670336 ], [ -89.188274, 13.670343 ], [ -89.188267, 13.670354 ], [ -89.188266, 13.670355 ], [ -89.188258, 13.670367 ], [ -89.188253, 13.670386 ], [ -89.188253, 13.670388 ], [ -89.188246, 13.670411 ], [ -89.188248, 13.670422 ], [ -89.188248, 13.670423 ], [ -89.18825, 13.670437 ], [ -89.188261, 13.670459 ], [ -89.188263, 13.670462 ], [ -89.188279, 13.670494 ], [ -89.188261, 13.670503 ], [ -89.188257, 13.670504 ], [ -89.188228, 13.670518 ], [ -89.188255, 13.670583 ], [ -89.188261, 13.670596 ], [ -89.188309, 13.670708 ], [ -89.188275, 13.670735 ], [ -89.188267, 13.670742 ], [ -89.188201, 13.670793 ], [ -89.188142, 13.670795 ], [ -89.188124, 13.670795 ], [ -89.187998, 13.6708 ], [ -89.18795, 13.670778 ], [ -89.187934, 13.670771 ], [ -89.187822, 13.67072 ], [ -89.187799, 13.670696 ], [ -89.187789, 13.670686 ], [ -89.187727, 13.670622 ], [ -89.187666, 13.670622 ], [ -89.187637, 13.670622 ], [ -89.187452, 13.670623 ], [ -89.187391, 13.670572 ], [ -89.187356, 13.670542 ], [ -89.187146, 13.670363 ], [ -89.187111, 13.67034 ], [ -89.187086, 13.670324 ], [ -89.186944, 13.67023 ], [ -89.186913, 13.670212 ], [ -89.186887, 13.670196 ], [ -89.186743, 13.670108 ], [ -89.186741, 13.670062 ], [ -89.186739, 13.670014 ], [ -89.186725, 13.669752 ], [ -89.186727, 13.669719 ], [ -89.186729, 13.669674 ], [ -89.18674, 13.669439 ], [ -89.186739, 13.669428 ], [ -89.186737, 13.669409 ], [ -89.186727, 13.669308 ], [ -89.186726, 13.669299 ], [ -89.186721, 13.669275 ], [ -89.186701, 13.669154 ], [ -89.186701, 13.669153 ], [ -89.186699, 13.669152 ], [ -89.186694, 13.669142 ], [ -89.186693, 13.669142 ], [ -89.18668, 13.66914 ], [ -89.186617, 13.669133 ], [ -89.186616, 13.669133 ], [ -89.186607, 13.669133 ], [ -89.18656, 13.669132 ], [ -89.186558, 13.669132 ], [ -89.186532, 13.669132 ], [ -89.186398, 13.669131 ], [ -89.186389, 13.669131 ], [ -89.186346, 13.66912 ], [ -89.1861, 13.669058 ], [ -89.186075, 13.669052 ], [ -89.186068, 13.669048 ], [ -89.186017, 13.669024 ], [ -89.18601, 13.669021 ], [ -89.186013, 13.669016 ], [ -89.186029, 13.668978 ], [ -89.186031, 13.668972 ], [ -89.186024, 13.66897 ], [ -89.186053, 13.668904 ], [ -89.186089, 13.668819 ], [ -89.186113, 13.668763 ], [ -89.186131, 13.668647 ], [ -89.186141, 13.668573 ], [ -89.186151, 13.668496 ], [ -89.186156, 13.668459 ], [ -89.18615, 13.668451 ], [ -89.186165, 13.668358 ], [ -89.186188, 13.668229 ], [ -89.186184, 13.66823 ], [ -89.18618, 13.668232 ], [ -89.186179, 13.668233 ], [ -89.186117, 13.668259 ], [ -89.186096, 13.668267 ], [ -89.186096, 13.668268 ], [ -89.186004, 13.668312 ], [ -89.185973, 13.668327 ], [ -89.185971, 13.668328 ], [ -89.185922, 13.668347 ], [ -89.185903, 13.668354 ], [ -89.185902, 13.668355 ], [ -89.185803, 13.668391 ], [ -89.185764, 13.668405 ], [ -89.185758, 13.668407 ], [ -89.185623, 13.668446 ], [ -89.185567, 13.668462 ], [ -89.185555, 13.668465 ], [ -89.185499, 13.668473 ], [ -89.185474, 13.668477 ], [ -89.185467, 13.668478 ], [ -89.1854, 13.66849 ], [ -89.185369, 13.668495 ], [ -89.185359, 13.668497 ], [ -89.185337, 13.668662 ], [ -89.185327, 13.668744 ], [ -89.185323, 13.668774 ], [ -89.185183, 13.66902 ], [ -89.185109, 13.66915 ], [ -89.185079, 13.669203 ], [ -89.185047, 13.669364 ], [ -89.185028, 13.669454 ], [ -89.18502, 13.669495 ], [ -89.184973, 13.669601 ], [ -89.184945, 13.669665 ], [ -89.184931, 13.669697 ], [ -89.184699, 13.669558 ], [ -89.184441, 13.669452 ], [ -89.18435, 13.669422 ], [ -89.184086, 13.669378 ], [ -89.183872, 13.669361 ], [ -89.183654, 13.669343 ], [ -89.183225, 13.669288 ], [ -89.183239, 13.669246 ], [ -89.183065, 13.669275 ], [ -89.182867, 13.669318 ], [ -89.182696, 13.669361 ], [ -89.182539, 13.669393 ], [ -89.182374, 13.669426 ], [ -89.182242, 13.669449 ], [ -89.182166, 13.669468 ], [ -89.182036, 13.669495 ], [ -89.181844, 13.669531 ], [ -89.181766, 13.669545 ], [ -89.181669, 13.669565 ], [ -89.181546, 13.669595 ], [ -89.181412, 13.669633 ], [ -89.181256, 13.669675 ], [ -89.181023, 13.669747 ], [ -89.180972, 13.66957 ], [ -89.180867, 13.66953 ], [ -89.180792, 13.669573 ], [ -89.180695, 13.669795 ], [ -89.180641, 13.669883 ], [ -89.180493, 13.670012 ], [ -89.180287, 13.670042 ], [ -89.180255, 13.670034 ], [ -89.18022, 13.670047 ], [ -89.180219, 13.670047 ], [ -89.180184, 13.67006 ], [ -89.179933, 13.670094 ], [ -89.179935, 13.67009 ], [ -89.179936, 13.670087 ], [ -89.179937, 13.670084 ], [ -89.179938, 13.670082 ], [ -89.179938, 13.670081 ], [ -89.179939, 13.670079 ], [ -89.17994, 13.670078 ], [ -89.179941, 13.670075 ], [ -89.179942, 13.670072 ], [ -89.179944, 13.670069 ], [ -89.179944, 13.670067 ], [ -89.179945, 13.670066 ], [ -89.179946, 13.670064 ], [ -89.179946, 13.670062 ], [ -89.179947, 13.670059 ], [ -89.179948, 13.670058 ], [ -89.179948, 13.670056 ], [ -89.179949, 13.670053 ], [ -89.17995, 13.670049 ], [ -89.179951, 13.670046 ], [ -89.179952, 13.670043 ], [ -89.179953, 13.67004 ], [ -89.179954, 13.670037 ], [ -89.179955, 13.670033 ], [ -89.179956, 13.67003 ], [ -89.179957, 13.670025 ], [ -89.179958, 13.670024 ], [ -89.17996, 13.670019 ], [ -89.179963, 13.670013 ], [ -89.179966, 13.670006 ], [ -89.17997, 13.67 ], [ -89.179973, 13.669993 ], [ -89.179976, 13.669985 ], [ -89.179979, 13.669978 ], [ -89.179982, 13.669971 ], [ -89.179984, 13.669966 ], [ -89.179987, 13.669961 ], [ -89.17999, 13.669953 ], [ -89.179993, 13.669945 ], [ -89.179996, 13.669938 ], [ -89.179997, 13.669932 ], [ -89.18, 13.669926 ], [ -89.180001, 13.669922 ], [ -89.180003, 13.669918 ], [ -89.180004, 13.669914 ], [ -89.180006, 13.669909 ], [ -89.180007, 13.669905 ], [ -89.180007, 13.669901 ], [ -89.180008, 13.669897 ], [ -89.180009, 13.669893 ], [ -89.18001, 13.669889 ], [ -89.180011, 13.669885 ], [ -89.180011, 13.669883 ], [ -89.180012, 13.669879 ], [ -89.180014, 13.669873 ], [ -89.180015, 13.669864 ], [ -89.180016, 13.669858 ], [ -89.180017, 13.669856 ], [ -89.180018, 13.66985 ], [ -89.180019, 13.669846 ], [ -89.18002, 13.669844 ], [ -89.180021, 13.66984 ], [ -89.180023, 13.669828 ], [ -89.180024, 13.669822 ], [ -89.180025, 13.669816 ], [ -89.180028, 13.669801 ], [ -89.18003, 13.669787 ], [ -89.180032, 13.669774 ], [ -89.180036, 13.66976 ], [ -89.180038, 13.66975 ], [ -89.18004, 13.669742 ], [ -89.180043, 13.669733 ], [ -89.180043, 13.669732 ], [ -89.180046, 13.669722 ], [ -89.180047, 13.669712 ], [ -89.180048, 13.669693 ], [ -89.180049, 13.669678 ], [ -89.180049, 13.669666 ], [ -89.18005, 13.669649 ], [ -89.18005, 13.669639 ], [ -89.180052, 13.66963 ], [ -89.180052, 13.669629 ], [ -89.180052, 13.66962 ], [ -89.180053, 13.66961 ], [ -89.180054, 13.669602 ], [ -89.180054, 13.669593 ], [ -89.180055, 13.669589 ], [ -89.180056, 13.669584 ], [ -89.180057, 13.669582 ], [ -89.180057, 13.669579 ], [ -89.180057, 13.669573 ], [ -89.180058, 13.669567 ], [ -89.180059, 13.669558 ], [ -89.180059, 13.669557 ], [ -89.180061, 13.669549 ], [ -89.180062, 13.669543 ], [ -89.180063, 13.669538 ], [ -89.180065, 13.669529 ], [ -89.180066, 13.66952 ], [ -89.180068, 13.669514 ], [ -89.180069, 13.669508 ], [ -89.180072, 13.669499 ], [ -89.180075, 13.66949 ], [ -89.180077, 13.669482 ], [ -89.180079, 13.669478 ], [ -89.180083, 13.669466 ], [ -89.180084, 13.669465 ], [ -89.180084, 13.669462 ], [ -89.180086, 13.669456 ], [ -89.180087, 13.669449 ], [ -89.180089, 13.669445 ], [ -89.18009, 13.669442 ], [ -89.180091, 13.669439 ], [ -89.180092, 13.669436 ], [ -89.180092, 13.669435 ], [ -89.180093, 13.669433 ], [ -89.180094, 13.66943 ], [ -89.180095, 13.669427 ], [ -89.180095, 13.669423 ], [ -89.180096, 13.669417 ], [ -89.180097, 13.669411 ], [ -89.180098, 13.669403 ], [ -89.1801, 13.669398 ], [ -89.180101, 13.669394 ], [ -89.180103, 13.66939 ], [ -89.180105, 13.669386 ], [ -89.180107, 13.669382 ], [ -89.18011, 13.669377 ], [ -89.180113, 13.669372 ], [ -89.180115, 13.669367 ], [ -89.180117, 13.669363 ], [ -89.180119, 13.669359 ], [ -89.180121, 13.669355 ], [ -89.180123, 13.669349 ], [ -89.180124, 13.669346 ], [ -89.180126, 13.669341 ], [ -89.180129, 13.669335 ], [ -89.180131, 13.669331 ], [ -89.180132, 13.669327 ], [ -89.180133, 13.669325 ], [ -89.180134, 13.669323 ], [ -89.180135, 13.669322 ], [ -89.180137, 13.669318 ], [ -89.180138, 13.669316 ], [ -89.180139, 13.669313 ], [ -89.18014, 13.669309 ], [ -89.180142, 13.669306 ], [ -89.180143, 13.669303 ], [ -89.180143, 13.669302 ], [ -89.180146, 13.669298 ], [ -89.180149, 13.669293 ], [ -89.180151, 13.669289 ], [ -89.180153, 13.669284 ], [ -89.180154, 13.669282 ], [ -89.180155, 13.669279 ], [ -89.180156, 13.669276 ], [ -89.180157, 13.669271 ], [ -89.18016, 13.669265 ], [ -89.180162, 13.669262 ], [ -89.180164, 13.669258 ], [ -89.180165, 13.669256 ], [ -89.180166, 13.669253 ], [ -89.180167, 13.66925 ], [ -89.180167, 13.669249 ], [ -89.180168, 13.669247 ], [ -89.180169, 13.669244 ], [ -89.180171, 13.669238 ], [ -89.180173, 13.669232 ], [ -89.180174, 13.669224 ], [ -89.180176, 13.669215 ], [ -89.180177, 13.669209 ], [ -89.180178, 13.669204 ], [ -89.180178, 13.6692 ], [ -89.180179, 13.669196 ], [ -89.18018, 13.669192 ], [ -89.180182, 13.669189 ], [ -89.180183, 13.669186 ], [ -89.180185, 13.669182 ], [ -89.180186, 13.669179 ], [ -89.180187, 13.669178 ], [ -89.180187, 13.669176 ], [ -89.180187, 13.669174 ], [ -89.180188, 13.66917 ], [ -89.180189, 13.669167 ], [ -89.180189, 13.669166 ], [ -89.18019, 13.669162 ], [ -89.180191, 13.66916 ], [ -89.180192, 13.669156 ], [ -89.180193, 13.669153 ], [ -89.180193, 13.669152 ], [ -89.180194, 13.66915 ], [ -89.180195, 13.669148 ], [ -89.180196, 13.669146 ], [ -89.180197, 13.669143 ], [ -89.180198, 13.66914 ], [ -89.180199, 13.669138 ], [ -89.1802, 13.669136 ], [ -89.180201, 13.669133 ], [ -89.180203, 13.66913 ], [ -89.180204, 13.669127 ], [ -89.180204, 13.669124 ], [ -89.180205, 13.66912 ], [ -89.180206, 13.669116 ], [ -89.180207, 13.669112 ], [ -89.180208, 13.669108 ], [ -89.180209, 13.669105 ], [ -89.180209, 13.669103 ], [ -89.18021, 13.669101 ], [ -89.180211, 13.669098 ], [ -89.180213, 13.669094 ], [ -89.180214, 13.669092 ], [ -89.180215, 13.66909 ], [ -89.180216, 13.669087 ], [ -89.180218, 13.669084 ], [ -89.180219, 13.669082 ], [ -89.18022, 13.669079 ], [ -89.180222, 13.669076 ], [ -89.180223, 13.669073 ], [ -89.180224, 13.66907 ], [ -89.180225, 13.669067 ], [ -89.180226, 13.669065 ], [ -89.180227, 13.669064 ], [ -89.180228, 13.66906 ], [ -89.180229, 13.669057 ], [ -89.18023, 13.669055 ], [ -89.180231, 13.669054 ], [ -89.180232, 13.66905 ], [ -89.180233, 13.669047 ], [ -89.180234, 13.669045 ], [ -89.180235, 13.669043 ], [ -89.180236, 13.66904 ], [ -89.180237, 13.669039 ], [ -89.180239, 13.669035 ], [ -89.18024, 13.669031 ], [ -89.180242, 13.669028 ], [ -89.180244, 13.669025 ], [ -89.180245, 13.669022 ], [ -89.180245, 13.669021 ], [ -89.180247, 13.669017 ], [ -89.180248, 13.669012 ], [ -89.180249, 13.669009 ], [ -89.180251, 13.669006 ], [ -89.180251, 13.669005 ], [ -89.180253, 13.669001 ], [ -89.180253, 13.668999 ], [ -89.180255, 13.668995 ], [ -89.180256, 13.668992 ], [ -89.180257, 13.668989 ], [ -89.180258, 13.668986 ], [ -89.180258, 13.668984 ], [ -89.18026, 13.668977 ], [ -89.180261, 13.668973 ], [ -89.180262, 13.668969 ], [ -89.180263, 13.668965 ], [ -89.180264, 13.668961 ], [ -89.180265, 13.668956 ], [ -89.180266, 13.668951 ], [ -89.180267, 13.668944 ], [ -89.180268, 13.66894 ], [ -89.180269, 13.668936 ], [ -89.180269, 13.668933 ], [ -89.18027, 13.668929 ], [ -89.180271, 13.668925 ], [ -89.180271, 13.668922 ], [ -89.180272, 13.668919 ], [ -89.180273, 13.668916 ], [ -89.180275, 13.668913 ], [ -89.180276, 13.668912 ], [ -89.180276, 13.66891 ], [ -89.180277, 13.668907 ], [ -89.180278, 13.668903 ], [ -89.180279, 13.668901 ], [ -89.180281, 13.668895 ], [ -89.180283, 13.66889 ], [ -89.180284, 13.668886 ], [ -89.180285, 13.668882 ], [ -89.180286, 13.668879 ], [ -89.180287, 13.668875 ], [ -89.180289, 13.668871 ], [ -89.180289, 13.668868 ], [ -89.180292, 13.668862 ], [ -89.180294, 13.668857 ], [ -89.180297, 13.668851 ], [ -89.180299, 13.668847 ], [ -89.180302, 13.668842 ], [ -89.180305, 13.668837 ], [ -89.180305, 13.668836 ], [ -89.180306, 13.668836 ], [ -89.180306, 13.668835 ], [ -89.180306, 13.668834 ], [ -89.180307, 13.668834 ], [ -89.180307, 13.668833 ], [ -89.180307, 13.668832 ], [ -89.180308, 13.668831 ], [ -89.180308, 13.668829 ], [ -89.180309, 13.668828 ], [ -89.180309, 13.668827 ], [ -89.18031, 13.668826 ], [ -89.18031, 13.668825 ], [ -89.18031, 13.668824 ], [ -89.180311, 13.668823 ], [ -89.180311, 13.668821 ], [ -89.180312, 13.66882 ], [ -89.180312, 13.668819 ], [ -89.180312, 13.668817 ], [ -89.180313, 13.668816 ], [ -89.180313, 13.668815 ], [ -89.180313, 13.668814 ], [ -89.180314, 13.668812 ], [ -89.180314, 13.668811 ], [ -89.180315, 13.66881 ], [ -89.180315, 13.668809 ], [ -89.180316, 13.668808 ], [ -89.180316, 13.668807 ], [ -89.180316, 13.668806 ], [ -89.180317, 13.668804 ], [ -89.180318, 13.668802 ], [ -89.180318, 13.668801 ], [ -89.180319, 13.6688 ], [ -89.180319, 13.668799 ], [ -89.18032, 13.668797 ], [ -89.180321, 13.668796 ], [ -89.180321, 13.668795 ], [ -89.180322, 13.668794 ], [ -89.180323, 13.668792 ], [ -89.180323, 13.668791 ], [ -89.180324, 13.66879 ], [ -89.180324, 13.668789 ], [ -89.180325, 13.668788 ], [ -89.180325, 13.668786 ], [ -89.180326, 13.668786 ], [ -89.180326, 13.668785 ], [ -89.180326, 13.668784 ], [ -89.180327, 13.668783 ], [ -89.180327, 13.668782 ], [ -89.180327, 13.668781 ], [ -89.180328, 13.668779 ], [ -89.180328, 13.668778 ], [ -89.180329, 13.668777 ], [ -89.180329, 13.668776 ], [ -89.180329, 13.668775 ], [ -89.18033, 13.668774 ], [ -89.18033, 13.668773 ], [ -89.18033, 13.668772 ], [ -89.180331, 13.668771 ], [ -89.180331, 13.66877 ], [ -89.180331, 13.668769 ], [ -89.180332, 13.668769 ], [ -89.180332, 13.668768 ], [ -89.180332, 13.668767 ], [ -89.180333, 13.668767 ], [ -89.180333, 13.668766 ], [ -89.180334, 13.668765 ], [ -89.180334, 13.668763 ], [ -89.180335, 13.668762 ], [ -89.180335, 13.668761 ], [ -89.180336, 13.668759 ], [ -89.180337, 13.668758 ], [ -89.180338, 13.668757 ], [ -89.180338, 13.668756 ], [ -89.180339, 13.668756 ], [ -89.180339, 13.668755 ], [ -89.18034, 13.668754 ], [ -89.180341, 13.668753 ], [ -89.180341, 13.668752 ], [ -89.180342, 13.668752 ], [ -89.180343, 13.668751 ], [ -89.180343, 13.66875 ], [ -89.180344, 13.668749 ], [ -89.180345, 13.668748 ], [ -89.180346, 13.668747 ], [ -89.180347, 13.668745 ], [ -89.180349, 13.668742 ], [ -89.18035, 13.668741 ], [ -89.180353, 13.668737 ], [ -89.180355, 13.668733 ], [ -89.180611, 13.668645 ], [ -89.180654, 13.668612 ], [ -89.180803, 13.668431 ], [ -89.180881, 13.668324 ], [ -89.180755, 13.668259 ], [ -89.181026, 13.668107 ], [ -89.181128, 13.667991 ], [ -89.181302, 13.667797 ], [ -89.181396, 13.667644 ], [ -89.181439, 13.667589 ], [ -89.181479, 13.667556 ], [ -89.181524, 13.667517 ], [ -89.181563, 13.667482 ], [ -89.181615, 13.667455 ], [ -89.181619, 13.667461 ], [ -89.181689, 13.667431 ], [ -89.181701, 13.667455 ], [ -89.18171, 13.667372 ], [ -89.181713, 13.667344 ], [ -89.181616, 13.667317 ], [ -89.18156, 13.667301 ], [ -89.181533, 13.667288 ], [ -89.181446, 13.667258 ], [ -89.181305, 13.667206 ], [ -89.181211, 13.667237 ], [ -89.180929, 13.667265 ], [ -89.180782, 13.667171 ], [ -89.180547, 13.667065 ], [ -89.180441, 13.667052 ], [ -89.180335, 13.667071 ], [ -89.180148, 13.667197 ], [ -89.179963, 13.667213 ], [ -89.17985, 13.667182 ], [ -89.17963, 13.667194 ], [ -89.179612, 13.667195 ], [ -89.179138, 13.667255 ], [ -89.179095, 13.667261 ], [ -89.178781, 13.667061 ], [ -89.178514, 13.667074 ], [ -89.178482, 13.667076 ], [ -89.178309, 13.667028 ], [ -89.178261, 13.667015 ], [ -89.178126, 13.666879 ], [ -89.17804, 13.666792 ], [ -89.178024, 13.666777 ], [ -89.177892, 13.666644 ], [ -89.177878, 13.666629 ], [ -89.177452, 13.666373 ], [ -89.177125, 13.666299 ], [ -89.176925, 13.666265 ], [ -89.176778, 13.666298 ], [ -89.176499, 13.666093 ], [ -89.175923, 13.66562 ], [ -89.175948, 13.66555 ], [ -89.175962, 13.665514 ], [ -89.176227, 13.665488 ], [ -89.176552, 13.665451 ], [ -89.176546, 13.665366 ], [ -89.176595, 13.665123 ], [ -89.176566, 13.665125 ], [ -89.176283, 13.665153 ], [ -89.17647, 13.664526 ], [ -89.176483, 13.664391 ], [ -89.176499, 13.664206 ], [ -89.17655, 13.664012 ], [ -89.176813, 13.663951 ], [ -89.176838, 13.663945 ], [ -89.176839, 13.66393 ], [ -89.176874, 13.663935 ], [ -89.177051, 13.663996 ], [ -89.177134, 13.664024 ], [ -89.17713, 13.664 ], [ -89.177116, 13.663926 ], [ -89.177101, 13.663851 ], [ -89.177076, 13.663717 ], [ -89.177051, 13.663589 ], [ -89.177263, 13.663547 ], [ -89.177312, 13.663532 ], [ -89.177554, 13.663511 ], [ -89.178025, 13.663366 ], [ -89.178046, 13.66336 ], [ -89.178043, 13.663345 ], [ -89.177915, 13.662877 ], [ -89.177894, 13.662706 ], [ -89.177912, 13.6627 ], [ -89.178242, 13.662583 ], [ -89.178216, 13.662281 ], [ -89.178422, 13.662381 ], [ -89.178496, 13.662576 ], [ -89.178372, 13.662648 ], [ -89.178359, 13.662837 ], [ -89.178724, 13.662957 ], [ -89.178598, 13.663324 ], [ -89.178513, 13.663573 ], [ -89.178531, 13.663864 ], [ -89.178535, 13.663897 ], [ -89.178559, 13.664122 ], [ -89.178565, 13.66418 ], [ -89.178626, 13.664196 ], [ -89.178699, 13.664236 ], [ -89.178773, 13.664332 ], [ -89.17885, 13.66444 ], [ -89.178973, 13.664586 ], [ -89.179076, 13.664684 ], [ -89.179193, 13.664791 ], [ -89.1793, 13.664911 ], [ -89.179318, 13.664959 ], [ -89.179329, 13.66498 ], [ -89.179389, 13.665057 ], [ -89.179419, 13.66508 ], [ -89.17944, 13.665065 ], [ -89.179453, 13.665053 ], [ -89.179474, 13.665059 ], [ -89.179473, 13.665083 ], [ -89.179464, 13.665117 ], [ -89.179459, 13.66517 ], [ -89.179469, 13.665231 ], [ -89.179772, 13.665299 ], [ -89.179991, 13.665349 ], [ -89.18034, 13.665481 ], [ -89.180573, 13.665494 ], [ -89.180689, 13.665508 ], [ -89.18076, 13.665545 ], [ -89.180715, 13.665459 ], [ -89.180543, 13.665128 ], [ -89.18021, 13.664542 ], [ -89.179682, 13.663902 ], [ -89.179157, 13.663314 ], [ -89.179457, 13.662699 ], [ -89.179528, 13.662548 ], [ -89.179629, 13.662409 ], [ -89.179701, 13.662316 ], [ -89.179717, 13.662298 ], [ -89.179695, 13.662283 ], [ -89.179767, 13.662187 ], [ -89.179794, 13.662157 ], [ -89.179797, 13.66215 ], [ -89.179816, 13.662093 ], [ -89.179828, 13.662025 ], [ -89.179847, 13.661931 ], [ -89.179866, 13.661858 ], [ -89.179913, 13.661781 ], [ -89.179951, 13.661734 ], [ -89.180036, 13.661678 ], [ -89.180201, 13.661571 ], [ -89.18028, 13.661511 ], [ -89.180333, 13.661474 ], [ -89.180451, 13.661394 ], [ -89.180548, 13.661317 ], [ -89.180661, 13.661217 ], [ -89.180876, 13.661036 ], [ -89.180939, 13.661003 ], [ -89.180907, 13.660948 ], [ -89.180822, 13.660909 ], [ -89.180733, 13.660895 ], [ -89.180646, 13.660879 ], [ -89.180603, 13.660868 ], [ -89.180543, 13.660841 ], [ -89.18052, 13.660824 ], [ -89.180503, 13.660787 ], [ -89.180465, 13.66074 ], [ -89.180378, 13.660575 ], [ -89.180265, 13.660356 ], [ -89.180515, 13.66032 ], [ -89.180458, 13.660273 ], [ -89.180339, 13.660214 ], [ -89.180262, 13.660175 ], [ -89.180207, 13.660159 ], [ -89.180195, 13.65969 ], [ -89.180202, 13.65957 ], [ -89.180202, 13.659151 ], [ -89.179958, 13.659156 ], [ -89.179684, 13.659146 ], [ -89.179431, 13.659141 ], [ -89.179424, 13.658843 ], [ -89.17942, 13.658782 ], [ -89.179329, 13.65879 ], [ -89.179291, 13.658814 ], [ -89.179281, 13.658826 ], [ -89.179219, 13.65886 ], [ -89.179201, 13.658871 ], [ -89.179152, 13.658786 ], [ -89.179234, 13.658741 ], [ -89.179301, 13.658713 ], [ -89.179213, 13.658704 ], [ -89.179151, 13.658677 ], [ -89.179124, 13.658662 ], [ -89.179116, 13.658652 ], [ -89.179112, 13.658628 ], [ -89.179094, 13.658603 ], [ -89.17901, 13.658534 ], [ -89.178998, 13.658519 ], [ -89.178997, 13.6585 ], [ -89.179001, 13.65848 ], [ -89.178995, 13.658451 ], [ -89.178986, 13.658415 ], [ -89.178983, 13.658402 ], [ -89.17897, 13.658383 ], [ -89.178937, 13.658344 ], [ -89.178909, 13.658324 ], [ -89.178882, 13.658302 ], [ -89.178871, 13.658264 ], [ -89.178849, 13.658249 ], [ -89.178821, 13.658235 ], [ -89.178806, 13.658231 ], [ -89.17878, 13.658235 ], [ -89.178755, 13.658252 ], [ -89.178691, 13.658284 ], [ -89.178719, 13.658352 ], [ -89.178331, 13.658473 ], [ -89.178056, 13.658572 ], [ -89.177728, 13.658692 ], [ -89.177031, 13.658941 ], [ -89.176824, 13.659018 ], [ -89.176652, 13.65909 ], [ -89.176542, 13.659147 ], [ -89.176425, 13.659175 ], [ -89.176311, 13.659191 ], [ -89.176343, 13.659123 ], [ -89.176353, 13.659104 ], [ -89.176327, 13.659094 ], [ -89.176221, 13.659049 ], [ -89.176174, 13.659025 ], [ -89.176142, 13.659008 ], [ -89.176158, 13.658939 ], [ -89.176064, 13.658863 ], [ -89.176033, 13.658762 ], [ -89.175967, 13.658507 ], [ -89.175908, 13.658291 ], [ -89.17587, 13.658187 ], [ -89.175793, 13.658001 ], [ -89.175778, 13.657945 ], [ -89.175749, 13.65767 ], [ -89.175699, 13.657777 ], [ -89.175636, 13.657875 ], [ -89.175575, 13.657898 ], [ -89.175511, 13.657913 ], [ -89.175313, 13.657949 ], [ -89.175268, 13.65794 ], [ -89.175194, 13.657953 ], [ -89.175122, 13.657968 ], [ -89.175107, 13.657883 ], [ -89.175094, 13.657826 ], [ -89.175055, 13.657754 ], [ -89.175015, 13.657644 ], [ -89.174984, 13.657645 ], [ -89.174921, 13.65767 ], [ -89.174833, 13.657709 ], [ -89.174759, 13.657726 ], [ -89.174723, 13.657821 ], [ -89.174516, 13.657793 ], [ -89.174325, 13.657767 ], [ -89.174296, 13.657763 ], [ -89.17427, 13.65776 ], [ -89.174268, 13.657733 ], [ -89.174257, 13.657455 ], [ -89.174257, 13.657164 ], [ -89.174257, 13.657036 ], [ -89.174234, 13.656931 ], [ -89.174201, 13.656852 ], [ -89.174164, 13.6568 ], [ -89.174087, 13.656747 ], [ -89.174046, 13.656727 ], [ -89.173963, 13.656699 ], [ -89.173887, 13.656697 ], [ -89.173777, 13.656697 ], [ -89.17348, 13.656702 ], [ -89.173399, 13.656958 ], [ -89.173318, 13.657042 ], [ -89.173201, 13.657187 ], [ -89.173108, 13.657386 ], [ -89.172995, 13.657385 ], [ -89.172894, 13.657396 ], [ -89.172836, 13.657379 ], [ -89.17272, 13.657339 ], [ -89.172678, 13.657309 ], [ -89.172578, 13.657253 ], [ -89.172339, 13.657141 ], [ -89.172091, 13.657139 ], [ -89.171898, 13.657143 ], [ -89.171729, 13.657096 ], [ -89.171604, 13.657044 ], [ -89.171501, 13.65697 ], [ -89.171393, 13.656899 ], [ -89.171248, 13.656819 ], [ -89.171159, 13.656762 ], [ -89.171144, 13.656551 ], [ -89.171141, 13.65616 ], [ -89.170988, 13.656148 ], [ -89.170574, 13.656146 ], [ -89.170591, 13.656337 ], [ -89.170631, 13.656519 ], [ -89.170644, 13.656619 ], [ -89.170696, 13.656979 ], [ -89.170274, 13.657019 ], [ -89.170251, 13.657035 ], [ -89.170193, 13.657048 ], [ -89.170056, 13.657059 ], [ -89.169948, 13.657083 ], [ -89.169841, 13.657089 ], [ -89.169823, 13.656928 ], [ -89.169799, 13.656754 ], [ -89.16976, 13.656552 ], [ -89.169728, 13.656419 ], [ -89.169728, 13.656335 ], [ -89.169715, 13.656258 ], [ -89.169671, 13.656019 ], [ -89.169592, 13.655431 ], [ -89.169582, 13.65531 ], [ -89.169459, 13.655339 ], [ -89.169236, 13.655383 ], [ -89.169156, 13.655429 ], [ -89.169073, 13.655514 ], [ -89.168987, 13.655625 ], [ -89.168869, 13.655755 ], [ -89.168699, 13.655861 ], [ -89.168668, 13.655974 ], [ -89.168541, 13.656113 ], [ -89.168419, 13.656144 ], [ -89.168277, 13.656215 ], [ -89.16816, 13.656303 ], [ -89.168143, 13.656238 ], [ -89.168115, 13.656142 ], [ -89.168068, 13.656004 ], [ -89.168028, 13.655889 ], [ -89.167956, 13.655746 ], [ -89.167818, 13.655617 ], [ -89.167722, 13.655557 ], [ -89.167576, 13.655477 ], [ -89.167489, 13.655425 ], [ -89.167361, 13.655357 ], [ -89.167111, 13.655225 ], [ -89.166982, 13.655157 ], [ -89.166836, 13.655084 ], [ -89.166754, 13.655036 ], [ -89.166617, 13.654976 ], [ -89.166555, 13.654951 ], [ -89.166298, 13.654925 ], [ -89.16624, 13.65493 ], [ -89.165954, 13.654891 ], [ -89.16598, 13.65464 ], [ -89.166002, 13.654409 ], [ -89.166002, 13.65435 ], [ -89.166031, 13.654178 ], [ -89.166043, 13.654069 ], [ -89.166056, 13.653982 ], [ -89.166149, 13.653634 ], [ -89.166166, 13.65354 ], [ -89.166249, 13.653211 ], [ -89.16632, 13.652895 ], [ -89.165962, 13.652804 ], [ -89.165759, 13.652774 ], [ -89.165233, 13.65269 ], [ -89.164717, 13.652591 ], [ -89.164687, 13.652581 ], [ -89.164471, 13.65251 ], [ -89.164359, 13.652449 ], [ -89.164265, 13.652363 ], [ -89.164248, 13.652349 ], [ -89.1641, 13.652174 ], [ -89.163806, 13.651739 ], [ -89.163717, 13.65157 ], [ -89.163496, 13.651447 ], [ -89.163677, 13.651417 ], [ -89.164144, 13.651276 ], [ -89.165172, 13.650997 ], [ -89.166793, 13.650585 ], [ -89.167212, 13.650482 ], [ -89.167775, 13.650343 ], [ -89.167955, 13.650298 ], [ -89.168279, 13.650236 ], [ -89.168531, 13.650189 ], [ -89.168654, 13.650165 ], [ -89.168746, 13.650149 ], [ -89.169314, 13.650051 ], [ -89.169425, 13.650032 ], [ -89.169468, 13.650024 ], [ -89.169797, 13.649955 ], [ -89.169824, 13.64995 ], [ -89.170375, 13.649822 ], [ -89.170805, 13.649714 ], [ -89.170891, 13.649693 ], [ -89.170968, 13.649673 ], [ -89.171176, 13.649621 ], [ -89.171243, 13.649604 ], [ -89.172006, 13.649452 ], [ -89.172179, 13.649418 ], [ -89.172472, 13.649359 ], [ -89.172541, 13.649342 ], [ -89.173016, 13.649222 ], [ -89.173165, 13.649184 ], [ -89.173311, 13.649147 ], [ -89.17462, 13.648847 ], [ -89.175162, 13.648747 ], [ -89.175435, 13.648651 ], [ -89.175571, 13.648624 ], [ -89.175787, 13.648581 ], [ -89.176034, 13.648531 ], [ -89.176179, 13.648501 ], [ -89.176496, 13.648436 ], [ -89.176733, 13.64839 ], [ -89.176986, 13.648341 ], [ -89.177309, 13.648278 ], [ -89.177466, 13.648235 ], [ -89.177769, 13.648153 ], [ -89.17797, 13.648099 ], [ -89.178392, 13.647996 ], [ -89.178609, 13.647944 ], [ -89.17923, 13.647829 ], [ -89.1801, 13.647641 ], [ -89.180279, 13.647596 ], [ -89.180458, 13.64755 ], [ -89.180578, 13.64752 ], [ -89.18079, 13.647497 ], [ -89.180968, 13.647479 ], [ -89.181403, 13.647433 ], [ -89.181608, 13.647411 ], [ -89.181914, 13.647421 ], [ -89.182534, 13.647442 ], [ -89.182891, 13.647518 ], [ -89.183248, 13.647593 ] ] ] } },
{ "type": "Feature", "properties": { "fid": 159, "CANTON": "AMAYON", "DISTRITO": null }, "geometry": { "type": "Polygon", "coordinates": [ [ [ -89.202277, 13.482269 ], [ -89.202457, 13.482093 ], [ -89.202491, 13.482037 ], [ -89.202512, 13.481972 ], [ -89.202528, 13.481897 ], [ -89.202527, 13.481819 ], [ -89.202437, 13.481606 ], [ -89.202317, 13.481391 ], [ -89.202272, 13.481215 ], [ -89.202247, 13.481059 ], [ -89.202267, 13.480825 ], [ -89.202307, 13.480708 ], [ -89.2026, 13.480283 ], [ -89.202767, 13.479835 ], [ -89.202873, 13.47951 ], [ -89.203149, 13.479629 ], [ -89.20319, 13.47964 ], [ -89.203519, 13.479726 ], [ -89.204057, 13.479193 ], [ -89.204107, 13.479117 ], [ -89.204142, 13.479052 ], [ -89.204181, 13.478936 ], [ -89.204236, 13.478699 ], [ -89.204285, 13.47841 ], [ -89.204384, 13.478066 ], [ -89.204456, 13.477855 ], [ -89.204573, 13.477808 ], [ -89.204708, 13.477712 ], [ -89.204745, 13.47758 ], [ -89.204783, 13.477386 ], [ -89.204949, 13.477391 ], [ -89.205116, 13.477396 ], [ -89.205359, 13.477414 ], [ -89.205602, 13.477432 ], [ -89.205958, 13.47746 ], [ -89.206314, 13.477489 ], [ -89.206664, 13.477524 ], [ -89.207013, 13.477559 ], [ -89.207105, 13.47756 ], [ -89.207196, 13.477561 ], [ -89.20693, 13.477868 ], [ -89.206664, 13.478175 ], [ -89.206652, 13.478335 ], [ -89.20664, 13.478496 ], [ -89.206639, 13.478563 ], [ -89.206638, 13.478591 ], [ -89.206638, 13.478652 ], [ -89.206637, 13.47866 ], [ -89.206637, 13.478661 ], [ -89.206637, 13.478685 ], [ -89.206621, 13.478734 ], [ -89.20658, 13.478802 ], [ -89.206519, 13.47889 ], [ -89.206515, 13.478893 ], [ -89.206415, 13.478973 ], [ -89.2063, 13.479019 ], [ -89.20614, 13.479776 ], [ -89.205824, 13.480708 ], [ -89.205528, 13.481177 ], [ -89.205211, 13.481652 ], [ -89.204718, 13.482231 ], [ -89.204216, 13.482757 ], [ -89.203732, 13.483129 ], [ -89.203362, 13.48325 ], [ -89.202793, 13.482814 ], [ -89.20232, 13.482333 ], [ -89.202277, 13.482269 ] ] ] } },
{ "type": "Feature", "properties": { "fid": 183, "CANTON": "CERCO DE PIEDRA", "DISTRITO": "ROSARIO DE MORA" }, "geometry": { "type": "Polygon", "coordinates": [ [ [ -89.210484, 13.515105 ], [ -89.210572, 13.51461 ], [ -89.21091, 13.51418 ], [ -89.210984, 13.514067 ], [ -89.211065, 13.513783 ], [ -89.211058, 13.513624 ], [ -89.210956, 13.513466 ], [ -89.210584, 13.513102 ], [ -89.210503, 13.51299 ], [ -89.210098, 13.512526 ], [ -89.209868, 13.512222 ], [ -89.209726, 13.512097 ], [ -89.20959, 13.512018 ], [ -89.209415, 13.511965 ], [ -89.209226, 13.511945 ], [ -89.208746, 13.512084 ], [ -89.208489, 13.512058 ], [ -89.208253, 13.511939 ], [ -89.207726, 13.511474 ], [ -89.207104, 13.511362 ], [ -89.205855, 13.511508 ], [ -89.20551, 13.511529 ], [ -89.205402, 13.511509 ], [ -89.205314, 13.511311 ], [ -89.205138, 13.510888 ], [ -89.20486, 13.51024 ], [ -89.204441, 13.509715 ], [ -89.204306, 13.509596 ], [ -89.204069, 13.509464 ], [ -89.203813, 13.509372 ], [ -89.202692, 13.509485 ], [ -89.202543, 13.509478 ], [ -89.202435, 13.509393 ], [ -89.202326, 13.508864 ], [ -89.202096, 13.508514 ], [ -89.201346, 13.507607 ], [ -89.201163, 13.507369 ], [ -89.201055, 13.507165 ], [ -89.201055, 13.506953 ], [ -89.201156, 13.506695 ], [ -89.201291, 13.506425 ], [ -89.201426, 13.50622 ], [ -89.201469, 13.50605 ], [ -89.201486, 13.505982 ], [ -89.201378, 13.505698 ], [ -89.200513, 13.505256 ], [ -89.200418, 13.50519 ], [ -89.200317, 13.504879 ], [ -89.200019, 13.504665 ], [ -89.199904, 13.504526 ], [ -89.199843, 13.504341 ], [ -89.199884, 13.504057 ], [ -89.200052, 13.503779 ], [ -89.200221, 13.503613 ], [ -89.200383, 13.503455 ], [ -89.200592, 13.503076 ], [ -89.200619, 13.502937 ], [ -89.200693, 13.502799 ], [ -89.200767, 13.502693 ], [ -89.200936, 13.502666 ], [ -89.2012, 13.502699 ], [ -89.201693, 13.502844 ], [ -89.202091, 13.502811 ], [ -89.202868, 13.502374 ], [ -89.203347, 13.502135 ], [ -89.204245, 13.501844 ], [ -89.204698, 13.501556 ], [ -89.204974, 13.501238 ], [ -89.204893, 13.50106 ], [ -89.204014, 13.500353 ], [ -89.203838, 13.499844 ], [ -89.203804, 13.499507 ], [ -89.203729, 13.49898 ], [ -89.203756, 13.498768 ], [ -89.204006, 13.498457 ], [ -89.204195, 13.498272 ], [ -89.2046, 13.497868 ], [ -89.204714, 13.49767 ], [ -89.20466, 13.497452 ], [ -89.204714, 13.497181 ], [ -89.20466, 13.496924 ], [ -89.204612, 13.496739 ], [ -89.20441, 13.496614 ], [ -89.204247, 13.496528 ], [ -89.203923, 13.496456 ], [ -89.20345, 13.496416 ], [ -89.203207, 13.496423 ], [ -89.202957, 13.496423 ], [ -89.202714, 13.496357 ], [ -89.202606, 13.496205 ], [ -89.202545, 13.495928 ], [ -89.202477, 13.495607 ], [ -89.202348, 13.495383 ], [ -89.202233, 13.495079 ], [ -89.202159, 13.494623 ], [ -89.20201, 13.494067 ], [ -89.20161, 13.493124 ], [ -89.201428, 13.49278 ], [ -89.201083, 13.492126 ], [ -89.20092, 13.49167 ], [ -89.200974, 13.491374 ], [ -89.201068, 13.491063 ], [ -89.201244, 13.490792 ], [ -89.201486, 13.490309 ], [ -89.201594, 13.489899 ], [ -89.201533, 13.489629 ], [ -89.201337, 13.489378 ], [ -89.201066, 13.489074 ], [ -89.200864, 13.489022 ], [ -89.200742, 13.489094 ], [ -89.200533, 13.489214 ], [ -89.200283, 13.489214 ], [ -89.199885, 13.489208 ], [ -89.199533, 13.489162 ], [ -89.199331, 13.489003 ], [ -89.199384, 13.488659 ], [ -89.199479, 13.488276 ], [ -89.199607, 13.487925 ], [ -89.199788, 13.487224 ], [ -89.200058, 13.486639 ], [ -89.200287, 13.486222 ], [ -89.200382, 13.486017 ], [ -89.200395, 13.485887 ], [ -89.200179, 13.485728 ], [ -89.200071, 13.485536 ], [ -89.20007, 13.485358 ], [ -89.200212, 13.48506 ], [ -89.200516, 13.484597 ], [ -89.2009, 13.484167 ], [ -89.201238, 13.483899 ], [ -89.201521, 13.483714 ], [ -89.20194, 13.483555 ], [ -89.202345, 13.483495 ], [ -89.202845, 13.483422 ], [ -89.203176, 13.483382 ], [ -89.203202, 13.483364 ], [ -89.203362, 13.48325 ], [ -89.203732, 13.483129 ], [ -89.204216, 13.482757 ], [ -89.204718, 13.482231 ], [ -89.205211, 13.481652 ], [ -89.205528, 13.481177 ], [ -89.205824, 13.480708 ], [ -89.20614, 13.479776 ], [ -89.2063, 13.479019 ], [ -89.206415, 13.478973 ], [ -89.206515, 13.478893 ], [ -89.206519, 13.47889 ], [ -89.20658, 13.478802 ], [ -89.206621, 13.478734 ], [ -89.206637, 13.478685 ], [ -89.206637, 13.478661 ], [ -89.206678, 13.478659 ], [ -89.206717, 13.478657 ], [ -89.206989, 13.478664 ], [ -89.207017, 13.478986 ], [ -89.207074, 13.479142 ], [ -89.207165, 13.479342 ], [ -89.207259, 13.479494 ], [ -89.207382, 13.479629 ], [ -89.207548, 13.479839 ], [ -89.207771, 13.480165 ], [ -89.207881, 13.480316 ], [ -89.207969, 13.480481 ], [ -89.208149, 13.480903 ], [ -89.208359, 13.481416 ], [ -89.208391, 13.481584 ], [ -89.208356, 13.481718 ], [ -89.2083, 13.481962 ], [ -89.208268, 13.482252 ], [ -89.208245, 13.482662 ], [ -89.20821, 13.482936 ], [ -89.208199, 13.483018 ], [ -89.208146, 13.483496 ], [ -89.208125, 13.483626 ], [ -89.208149, 13.483839 ], [ -89.208179, 13.484012 ], [ -89.20816, 13.484156 ], [ -89.208022, 13.484399 ], [ -89.207773, 13.48473 ], [ -89.207583, 13.484922 ], [ -89.207433, 13.485043 ], [ -89.20732, 13.485119 ], [ -89.207229, 13.485156 ], [ -89.207127, 13.485169 ], [ -89.207001, 13.485201 ], [ -89.206801, 13.485396 ], [ -89.206753, 13.485677 ], [ -89.206718, 13.486167 ], [ -89.206735, 13.486437 ], [ -89.206732, 13.486532 ], [ -89.206719, 13.486841 ], [ -89.206725, 13.48709 ], [ -89.206749, 13.487211 ], [ -89.206829, 13.487425 ], [ -89.206896, 13.487543 ], [ -89.206987, 13.487638 ], [ -89.206977, 13.487766 ], [ -89.206945, 13.48791 ], [ -89.206883, 13.488083 ], [ -89.206677, 13.488285 ], [ -89.206268, 13.488642 ], [ -89.206078, 13.489036 ], [ -89.205992, 13.489205 ], [ -89.206003, 13.48936 ], [ -89.206057, 13.489526 ], [ -89.206124, 13.489675 ], [ -89.206271, 13.489835 ], [ -89.206518, 13.489986 ], [ -89.206874, 13.49017 ], [ -89.207258, 13.490366 ], [ -89.207518, 13.490611 ], [ -89.207603, 13.490818 ], [ -89.207641, 13.491054 ], [ -89.207615, 13.491398 ], [ -89.207564, 13.491793 ], [ -89.207511, 13.49215 ], [ -89.207479, 13.492523 ], [ -89.207509, 13.492936 ], [ -89.20756, 13.493167 ], [ -89.207708, 13.493672 ], [ -89.207818, 13.494071 ], [ -89.207971, 13.494627 ], [ -89.208078, 13.495124 ], [ -89.208167, 13.495379 ], [ -89.208312, 13.495694 ], [ -89.208476, 13.495909 ], [ -89.208762, 13.496228 ], [ -89.209212, 13.496432 ], [ -89.20978, 13.496825 ], [ -89.210027, 13.496885 ], [ -89.210429, 13.496882 ], [ -89.210819, 13.496724 ], [ -89.211023, 13.496709 ], [ -89.211176, 13.496774 ], [ -89.211245, 13.496892 ], [ -89.211302, 13.497055 ], [ -89.211369, 13.497389 ], [ -89.211497, 13.497539 ], [ -89.211739, 13.497628 ], [ -89.212326, 13.497772 ], [ -89.213021, 13.497866 ], [ -89.213265, 13.497886 ], [ -89.213504, 13.497868 ], [ -89.213673, 13.497818 ], [ -89.213938, 13.497673 ], [ -89.214339, 13.497429 ], [ -89.214527, 13.497369 ], [ -89.214761, 13.497357 ], [ -89.214954, 13.497399 ], [ -89.215089, 13.497459 ], [ -89.215201, 13.497546 ], [ -89.215276, 13.497677 ], [ -89.215303, 13.497858 ], [ -89.215277, 13.498088 ], [ -89.215229, 13.498356 ], [ -89.214981, 13.499228 ], [ -89.214845, 13.499637 ], [ -89.214658, 13.500267 ], [ -89.214578, 13.500581 ], [ -89.214522, 13.50093 ], [ -89.214516, 13.501177 ], [ -89.214538, 13.501294 ], [ -89.214613, 13.501475 ], [ -89.214849, 13.501958 ], [ -89.215047, 13.502337 ], [ -89.215174, 13.502562 ], [ -89.215225, 13.502723 ], [ -89.215263, 13.503138 ], [ -89.215268, 13.503553 ], [ -89.215319, 13.503755 ], [ -89.215405, 13.503959 ], [ -89.215489, 13.504295 ], [ -89.215591, 13.504711 ], [ -89.215644, 13.504845 ], [ -89.215859, 13.505081 ], [ -89.216036, 13.505242 ], [ -89.216355, 13.505476 ], [ -89.216497, 13.505654 ], [ -89.216508, 13.505759 ], [ -89.216529, 13.505951 ], [ -89.216527, 13.506107 ], [ -89.216433, 13.506474 ], [ -89.216372, 13.506833 ], [ -89.216437, 13.507119 ], [ -89.216493, 13.50728 ], [ -89.216866, 13.507957 ], [ -89.217001, 13.508196 ], [ -89.217164, 13.508586 ], [ -89.217339, 13.508975 ], [ -89.217408, 13.509215 ], [ -89.217484, 13.509585 ], [ -89.217519, 13.509901 ], [ -89.217503, 13.510095 ], [ -89.217399, 13.510297 ], [ -89.216963, 13.510727 ], [ -89.216473, 13.511299 ], [ -89.216122, 13.511749 ], [ -89.215844, 13.512315 ], [ -89.21574, 13.512506 ], [ -89.215649, 13.512792 ], [ -89.215628, 13.513117 ], [ -89.215631, 13.51324 ], [ -89.215717, 13.513507 ], [ -89.21584, 13.513714 ], [ -89.215985, 13.513864 ], [ -89.216269, 13.513942 ], [ -89.216649, 13.513992 ], [ -89.217035, 13.514015 ], [ -89.217418, 13.513986 ], [ -89.217764, 13.513925 ], [ -89.218352, 13.513699 ], [ -89.218703, 13.513581 ], [ -89.2191, 13.513533 ], [ -89.219488, 13.51363 ], [ -89.219922, 13.513763 ], [ -89.220356, 13.513949 ], [ -89.220573, 13.514166 ], [ -89.220747, 13.514385 ], [ -89.220847, 13.514671 ], [ -89.220903, 13.514997 ], [ -89.22093, 13.515359 ], [ -89.220957, 13.515804 ], [ -89.220947, 13.5161 ], [ -89.220864, 13.516494 ], [ -89.220817, 13.516737 ], [ -89.22079, 13.516989 ], [ -89.220908, 13.517353 ], [ -89.221002, 13.517631 ], [ -89.221153, 13.517896 ], [ -89.221343, 13.518157 ], [ -89.221512, 13.51832 ], [ -89.221624, 13.518386 ], [ -89.221695, 13.518398 ], [ -89.22138, 13.518412 ], [ -89.220404, 13.518459 ], [ -89.21969, 13.518626 ], [ -89.219297, 13.518718 ], [ -89.218502, 13.518906 ], [ -89.218433, 13.51958 ], [ -89.216988, 13.518854 ], [ -89.215048, 13.518532 ], [ -89.214058, 13.518048 ], [ -89.212531, 13.517565 ], [ -89.211747, 13.517 ], [ -89.21125, 13.515667 ], [ -89.210553, 13.515156 ], [ -89.210484, 13.515105 ] ] ] } },
{ "type": "Feature", "properties": { "fid": 186, "CANTON": "SAN RAMON", "DISTRITO": "ROSARIO DE MORA" }, "geometry": { "type": "Polygon", "coordinates": [ [ [ -89.184601, 13.546972 ], [ -89.184515, 13.546834 ], [ -89.184524, 13.546733 ], [ -89.184916, 13.546238 ], [ -89.185306, 13.545857 ], [ -89.185309, 13.545754 ], [ -89.185452, 13.545847 ], [ -89.185706, 13.546013 ], [ -89.186385, 13.546842 ], [ -89.187234, 13.548601 ], [ -89.187844, 13.548833 ], [ -89.188794, 13.549563 ], [ -89.19005, 13.550492 ], [ -89.190999, 13.550226 ], [ -89.192863, 13.549527 ], [ -89.193472, 13.549209 ], [ -89.194372, 13.548738 ], [ -89.194879, 13.548755 ], [ -89.195046, 13.549631 ], [ -89.195081, 13.549633 ], [ -89.196196, 13.549708 ], [ -89.196243, 13.549711 ], [ -89.196237, 13.549693 ], [ -89.196081, 13.549074 ], [ -89.19609, 13.548613 ], [ -89.196097, 13.548442 ], [ -89.196118, 13.548342 ], [ -89.196469, 13.547801 ], [ -89.196614, 13.547582 ], [ -89.196647, 13.547473 ], [ -89.196631, 13.547331 ], [ -89.19661, 13.547275 ], [ -89.196406, 13.546888 ], [ -89.196386, 13.546809 ], [ -89.196377, 13.54669 ], [ -89.196399, 13.546492 ], [ -89.196489, 13.546083 ], [ -89.196493, 13.546019 ], [ -89.196459, 13.545937 ], [ -89.196417, 13.545886 ], [ -89.196297, 13.545835 ], [ -89.195946, 13.545717 ], [ -89.195907, 13.545683 ], [ -89.195873, 13.545591 ], [ -89.195715, 13.545044 ], [ -89.19557, 13.544335 ], [ -89.195568, 13.544137 ], [ -89.195608, 13.544137 ], [ -89.197034, 13.544126 ], [ -89.197163, 13.543599 ], [ -89.197603, 13.543266 ], [ -89.197908, 13.542336 ], [ -89.198721, 13.541406 ], [ -89.199262, 13.540542 ], [ -89.199804, 13.539147 ], [ -89.200074, 13.537952 ], [ -89.200548, 13.537088 ], [ -89.201565, 13.536788 ], [ -89.202955, 13.536422 ], [ -89.204516, 13.535317 ], [ -89.204614, 13.535248 ], [ -89.204599, 13.535373 ], [ -89.204613, 13.536292 ], [ -89.204816, 13.536893 ], [ -89.204749, 13.537224 ], [ -89.204263, 13.537984 ], [ -89.204189, 13.538267 ], [ -89.20421, 13.538975 ], [ -89.204115, 13.539127 ], [ -89.203805, 13.539405 ], [ -89.203717, 13.539696 ], [ -89.203589, 13.540155 ], [ -89.203705, 13.540677 ], [ -89.203685, 13.540803 ], [ -89.203597, 13.540982 ], [ -89.20353, 13.541319 ], [ -89.203483, 13.541666 ], [ -89.20351, 13.542208 ], [ -89.203544, 13.542479 ], [ -89.203619, 13.542803 ], [ -89.203605, 13.542902 ], [ -89.203518, 13.543061 ], [ -89.20293, 13.543759 ], [ -89.202559, 13.544321 ], [ -89.202391, 13.544658 ], [ -89.202655, 13.545101 ], [ -89.202594, 13.545306 ], [ -89.202398, 13.54551 ], [ -89.202304, 13.545688 ], [ -89.202196, 13.546191 ], [ -89.202068, 13.546521 ], [ -89.201926, 13.54668 ], [ -89.201765, 13.547004 ], [ -89.201731, 13.54732 ], [ -89.201677, 13.547618 ], [ -89.20159, 13.547803 ], [ -89.201097, 13.548464 ], [ -89.20074, 13.549356 ], [ -89.200686, 13.549891 ], [ -89.200315, 13.550731 ], [ -89.199978, 13.551098 ], [ -89.199973, 13.551106 ], [ -89.199863, 13.551297 ], [ -89.199688, 13.551806 ], [ -89.199722, 13.552004 ], [ -89.199843, 13.552189 ], [ -89.199864, 13.552315 ], [ -89.199777, 13.55292 ], [ -89.199595, 13.553482 ], [ -89.199487, 13.553627 ], [ -89.199345, 13.553958 ], [ -89.199082, 13.554282 ], [ -89.198933, 13.55454 ], [ -89.198839, 13.554851 ], [ -89.19892, 13.555171 ], [ -89.198927, 13.555337 ], [ -89.19886, 13.555429 ], [ -89.198515, 13.555529 ], [ -89.197955, 13.555932 ], [ -89.197624, 13.556058 ], [ -89.197253, 13.556419 ], [ -89.197246, 13.556571 ], [ -89.197206, 13.556789 ], [ -89.197003, 13.556941 ], [ -89.196774, 13.557034 ], [ -89.196659, 13.55714 ], [ -89.196618, 13.557312 ], [ -89.196632, 13.557477 ], [ -89.196612, 13.557642 ], [ -89.196666, 13.55791 ], [ -89.196687, 13.558168 ], [ -89.19666, 13.558274 ], [ -89.196511, 13.558657 ], [ -89.196512, 13.558809 ], [ -89.196572, 13.558981 ], [ -89.196593, 13.559252 ], [ -89.196667, 13.55943 ], [ -89.196823, 13.559609 ], [ -89.196924, 13.559688 ], [ -89.19706, 13.559741 ], [ -89.197144, 13.559932 ], [ -89.197238, 13.56005 ], [ -89.197353, 13.560274 ], [ -89.197495, 13.560393 ], [ -89.197555, 13.560479 ], [ -89.197589, 13.560849 ], [ -89.197704, 13.56108 ], [ -89.197757, 13.561191 ], [ -89.197865, 13.561297 ], [ -89.197953, 13.561548 ], [ -89.197973, 13.561737 ], [ -89.198156, 13.56249 ], [ -89.198182, 13.562789 ], [ -89.198176, 13.562791 ], [ -89.19813, 13.562766 ], [ -89.198064, 13.562696 ], [ -89.197982, 13.562552 ], [ -89.197877, 13.562203 ], [ -89.197818, 13.562127 ], [ -89.197752, 13.562064 ], [ -89.197639, 13.562002 ], [ -89.197581, 13.561905 ], [ -89.197538, 13.561766 ], [ -89.197529, 13.561658 ], [ -89.19748, 13.56149 ], [ -89.19748, 13.56139 ], [ -89.197418, 13.561239 ], [ -89.197347, 13.561153 ], [ -89.19723, 13.561047 ], [ -89.197079, 13.560973 ], [ -89.196895, 13.560937 ], [ -89.196713, 13.560933 ], [ -89.196291, 13.560961 ], [ -89.196184, 13.560999 ], [ -89.196094, 13.561098 ], [ -89.196069, 13.561118 ], [ -89.196014, 13.561138 ], [ -89.195817, 13.560921 ], [ -89.19559, 13.560788 ], [ -89.195467, 13.560742 ], [ -89.195364, 13.56076 ], [ -89.195409, 13.560905 ], [ -89.195422, 13.56113 ], [ -89.195399, 13.561281 ], [ -89.195357, 13.561366 ], [ -89.195195, 13.561592 ], [ -89.195061, 13.561843 ], [ -89.194843, 13.562256 ], [ -89.194817, 13.562334 ], [ -89.194742, 13.562544 ], [ -89.194716, 13.562817 ], [ -89.194748, 13.563311 ], [ -89.194708, 13.563312 ], [ -89.194435, 13.563322 ], [ -89.194358, 13.563325 ], [ -89.194339, 13.563325 ], [ -89.194016, 13.563337 ], [ -89.193888, 13.563341 ], [ -89.193858, 13.563342 ], [ -89.193253, 13.563364 ], [ -89.193196, 13.563368 ], [ -89.193183, 13.563369 ], [ -89.192876, 13.563394 ], [ -89.192863, 13.563397 ], [ -89.192861, 13.563397 ], [ -89.192785, 13.563412 ], [ -89.192768, 13.563421 ], [ -89.192764, 13.563423 ], [ -89.192638, 13.563488 ], [ -89.192635, 13.56349 ], [ -89.192634, 13.56349 ], [ -89.192603, 13.563501 ], [ -89.192596, 13.563502 ], [ -89.192595, 13.563502 ], [ -89.192518, 13.563507 ], [ -89.192512, 13.563504 ], [ -89.192511, 13.563503 ], [ -89.192427, 13.56346 ], [ -89.192315, 13.56346 ], [ -89.192309, 13.563463 ], [ -89.192309, 13.563463 ], [ -89.192163, 13.563549 ], [ -89.192161, 13.563549 ], [ -89.192161, 13.563549 ], [ -89.192083, 13.56357 ], [ -89.192083, 13.56357 ], [ -89.192082, 13.56357 ], [ -89.191885, 13.563524 ], [ -89.191882, 13.563524 ], [ -89.19188, 13.563523 ], [ -89.191775, 13.563506 ], [ -89.191773, 13.563505 ], [ -89.19177, 13.563505 ], [ -89.191701, 13.563505 ], [ -89.191497, 13.563569 ], [ -89.191491, 13.563571 ], [ -89.191477, 13.563575 ], [ -89.191372, 13.563576 ], [ -89.191303, 13.563585 ], [ -89.1913, 13.563585 ], [ -89.191292, 13.563586 ], [ -89.191211, 13.563613 ], [ -89.191207, 13.563614 ], [ -89.191196, 13.563618 ], [ -89.191145, 13.563615 ], [ -89.191143, 13.563615 ], [ -89.191135, 13.563615 ], [ -89.191062, 13.563601 ], [ -89.191058, 13.5636 ], [ -89.191045, 13.563598 ], [ -89.19086, 13.563777 ], [ -89.190847, 13.56379 ], [ -89.190809, 13.563827 ], [ -89.190608, 13.563829 ], [ -89.190592, 13.563829 ], [ -89.190545, 13.56383 ], [ -89.190309, 13.563764 ], [ -89.190289, 13.563758 ], [ -89.190227, 13.563741 ], [ -89.190123, 13.563724 ], [ -89.190113, 13.563723 ], [ -89.190083, 13.563718 ], [ -89.190021, 13.563714 ], [ -89.190015, 13.563714 ], [ -89.189995, 13.563713 ], [ -89.18983, 13.563762 ], [ -89.189811, 13.563768 ], [ -89.189752, 13.563786 ], [ -89.189638, 13.563797 ], [ -89.189623, 13.563799 ], [ -89.189578, 13.563803 ], [ -89.189507, 13.563811 ], [ -89.189497, 13.563812 ], [ -89.189466, 13.563815 ], [ -89.189422, 13.5638 ], [ -89.189415, 13.563798 ], [ -89.189394, 13.563791 ], [ -89.189288, 13.563731 ], [ -89.18927, 13.563721 ], [ -89.189215, 13.56369 ], [ -89.189169, 13.563697 ], [ -89.189161, 13.563698 ], [ -89.189135, 13.563703 ], [ -89.189035, 13.56376 ], [ -89.189015, 13.563772 ], [ -89.188953, 13.563807 ], [ -89.188799, 13.563859 ], [ -89.188767, 13.56387 ], [ -89.188662, 13.563904 ], [ -89.188585, 13.563916 ], [ -89.188567, 13.563919 ], [ -89.18851, 13.563928 ], [ -89.188398, 13.563928 ], [ -89.188359, 13.563926 ], [ -89.188348, 13.563926 ], [ -89.188314, 13.563925 ], [ -89.188224, 13.563921 ], [ -89.188197, 13.56392 ], [ -89.188111, 13.563916 ], [ -89.187942, 13.564134 ], [ -89.187888, 13.564205 ], [ -89.187711, 13.564432 ], [ -89.187686, 13.564426 ], [ -89.187677, 13.564424 ], [ -89.187648, 13.564418 ], [ -89.187623, 13.564471 ], [ -89.187613, 13.564492 ], [ -89.187582, 13.564558 ], [ -89.187562, 13.564603 ], [ -89.187553, 13.564621 ], [ -89.187525, 13.564681 ], [ -89.187506, 13.564691 ], [ -89.187498, 13.564696 ], [ -89.187469, 13.56471 ], [ -89.187411, 13.564735 ], [ -89.187375, 13.564595 ], [ -89.187411, 13.56443 ], [ -89.187839, 13.563986 ], [ -89.187947, 13.563835 ], [ -89.187999, 13.563729 ], [ -89.188267, 13.56349 ], [ -89.188425, 13.563322 ], [ -89.188506, 13.563198 ], [ -89.188526, 13.562983 ], [ -89.188386, 13.56244 ], [ -89.188225, 13.562056 ], [ -89.187725, 13.561651 ], [ -89.187513, 13.561486 ], [ -89.187477, 13.561497 ], [ -89.187422, 13.561309 ], [ -89.18744, 13.561094 ], [ -89.18758, 13.560869 ], [ -89.187598, 13.560398 ], [ -89.187502, 13.559702 ], [ -89.187482, 13.559521 ], [ -89.187446, 13.559236 ], [ -89.187208, 13.558472 ], [ -89.187104, 13.558209 ], [ -89.186948, 13.557639 ], [ -89.186975, 13.557 ], [ -89.187113, 13.556177 ], [ -89.187407, 13.555447 ], [ -89.18769, 13.555026 ], [ -89.188287, 13.554512 ], [ -89.188296, 13.554371 ], [ -89.18821, 13.554247 ], [ -89.187806, 13.55381 ], [ -89.187518, 13.55354 ], [ -89.187222, 13.553304 ], [ -89.187069, 13.553163 ], [ -89.186987, 13.552845 ], [ -89.186996, 13.552654 ], [ -89.187032, 13.552464 ], [ -89.187199, 13.552092 ], [ -89.187719, 13.551676 ], [ -89.187773, 13.551552 ], [ -89.187746, 13.551305 ], [ -89.187633, 13.551177 ], [ -89.187299, 13.550878 ], [ -89.187019, 13.550715 ], [ -89.186652, 13.550693 ], [ -89.186447, 13.55051 ], [ -89.18605, 13.549805 ], [ -89.185906, 13.549476 ], [ -89.185797, 13.549173 ], [ -89.185351, 13.548661 ], [ -89.185238, 13.548242 ], [ -89.184998, 13.547953 ], [ -89.184973, 13.547433 ], [ -89.184657, 13.547062 ], [ -89.184601, 13.546972 ] ] ] } },
{ "type": "Feature", "properties": { "fid": 196, "CANTON": "PLAN DEL MANGO", "DISTRITO": "ROSARIO DE MORA" }, "geometry": { "type": "Polygon", "coordinates": [ [ [ -89.189389, 13.524108 ], [ -89.18941, 13.524082 ], [ -89.189545, 13.523728 ], [ -89.18954, 13.523403 ], [ -89.189174, 13.523072 ], [ -89.188971, 13.523012 ], [ -89.188056, 13.522738 ], [ -89.187993, 13.522508 ], [ -89.18797, 13.522192 ], [ -89.187931, 13.521591 ], [ -89.188046, 13.520996 ], [ -89.188267, 13.520377 ], [ -89.188284, 13.520148 ], [ -89.188262, 13.519874 ], [ -89.188144, 13.519584 ], [ -89.18793, 13.519441 ], [ -89.187776, 13.519282 ], [ -89.187754, 13.51911 ], [ -89.187785, 13.518811 ], [ -89.188306, 13.518051 ], [ -89.188485, 13.517754 ], [ -89.188388, 13.517379 ], [ -89.188011, 13.51691 ], [ -89.187707, 13.51657 ], [ -89.187576, 13.516389 ], [ -89.187533, 13.516218 ], [ -89.187565, 13.516048 ], [ -89.18765, 13.515847 ], [ -89.187767, 13.515719 ], [ -89.18806, 13.515521 ], [ -89.188405, 13.515432 ], [ -89.188594, 13.515191 ], [ -89.188639, 13.515077 ], [ -89.188652, 13.514787 ], [ -89.188539, 13.514615 ], [ -89.188178, 13.514204 ], [ -89.188084, 13.514025 ], [ -89.188079, 13.513829 ], [ -89.18811, 13.513718 ], [ -89.188376, 13.513555 ], [ -89.188608, 13.513419 ], [ -89.188754, 13.513238 ], [ -89.189004, 13.512701 ], [ -89.189294, 13.512146 ], [ -89.18946, 13.511757 ], [ -89.189552, 13.511226 ], [ -89.189412, 13.510888 ], [ -89.189038, 13.510451 ], [ -89.188882, 13.510124 ], [ -89.188907, 13.509749 ], [ -89.188844, 13.509511 ], [ -89.188855, 13.50923 ], [ -89.188902, 13.508982 ], [ -89.18928, 13.50862 ], [ -89.189638, 13.508362 ], [ -89.190203, 13.508216 ], [ -89.190829, 13.507982 ], [ -89.19146, 13.507651 ], [ -89.191841, 13.5073 ], [ -89.191931, 13.507121 ], [ -89.192007, 13.506819 ], [ -89.192072, 13.506199 ], [ -89.192101, 13.50581 ], [ -89.192202, 13.50553 ], [ -89.192378, 13.505083 ], [ -89.192089, 13.504623 ], [ -89.191583, 13.503988 ], [ -89.191583, 13.50374 ], [ -89.191709, 13.503475 ], [ -89.191944, 13.503475 ], [ -89.192232, 13.50344 ], [ -89.192647, 13.503475 ], [ -89.193062, 13.503262 ], [ -89.193062, 13.503015 ], [ -89.193025, 13.502697 ], [ -89.192809, 13.502344 ], [ -89.192664, 13.502079 ], [ -89.192649, 13.501572 ], [ -89.192526, 13.50118 ], [ -89.192217, 13.500652 ], [ -89.192076, 13.500199 ], [ -89.191943, 13.499419 ], [ -89.191916, 13.49905 ], [ -89.191969, 13.498412 ], [ -89.192092, 13.497881 ], [ -89.192153, 13.497484 ], [ -89.192008, 13.49732 ], [ -89.191704, 13.49739 ], [ -89.191478, 13.497418 ], [ -89.191317, 13.497297 ], [ -89.191291, 13.497107 ], [ -89.191388, 13.496891 ], [ -89.191637, 13.496272 ], [ -89.192161, 13.495642 ], [ -89.192478, 13.49546 ], [ -89.192916, 13.495208 ], [ -89.193198, 13.49481 ], [ -89.193118, 13.494396 ], [ -89.192994, 13.494129 ], [ -89.192694, 13.493767 ], [ -89.192606, 13.493525 ], [ -89.192676, 13.493318 ], [ -89.192975, 13.492902 ], [ -89.193062, 13.492497 ], [ -89.193236, 13.490942 ], [ -89.193237, 13.490935 ], [ -89.19336, 13.489597 ], [ -89.193341, 13.488933 ], [ -89.193473, 13.488601 ], [ -89.193843, 13.488117 ], [ -89.19416, 13.487936 ], [ -89.194565, 13.487944 ], [ -89.195111, 13.487823 ], [ -89.195411, 13.487486 ], [ -89.195375, 13.487058 ], [ -89.195269, 13.486644 ], [ -89.195357, 13.486385 ], [ -89.195532, 13.4861 ], [ -89.195638, 13.48585 ], [ -89.195673, 13.485418 ], [ -89.195708, 13.484987 ], [ -89.195856, 13.485023 ], [ -89.195928, 13.485042 ], [ -89.196046, 13.485073 ], [ -89.196097, 13.485087 ], [ -89.1962, 13.485096 ], [ -89.196234, 13.485099 ], [ -89.196275, 13.485102 ], [ -89.196437, 13.485149 ], [ -89.196461, 13.485155 ], [ -89.196492, 13.485164 ], [ -89.196517, 13.485172 ], [ -89.196603, 13.485067 ], [ -89.196712, 13.484979 ], [ -89.196848, 13.484906 ], [ -89.196984, 13.484833 ], [ -89.196994, 13.484784 ], [ -89.197174, 13.484572 ], [ -89.197265, 13.484465 ], [ -89.197275, 13.484453 ], [ -89.19749, 13.484273 ], [ -89.197622, 13.484162 ], [ -89.197686, 13.484123 ], [ -89.19778, 13.484065 ], [ -89.197885, 13.484 ], [ -89.197986, 13.483943 ], [ -89.197997, 13.483937 ], [ -89.198079, 13.48389 ], [ -89.19805, 13.483777 ], [ -89.198038, 13.483728 ], [ -89.198027, 13.483687 ], [ -89.198001, 13.483579 ], [ -89.197979, 13.483485 ], [ -89.197406, 13.483584 ], [ -89.198005, 13.48291 ], [ -89.198669, 13.482464 ], [ -89.199374, 13.482152 ], [ -89.200307, 13.481082 ], [ -89.200659, 13.480805 ], [ -89.201232, 13.480952 ], [ -89.201549, 13.481236 ], [ -89.201885, 13.481909 ], [ -89.202204, 13.482159 ], [ -89.202277, 13.482269 ], [ -89.20232, 13.482333 ], [ -89.202793, 13.482814 ], [ -89.203362, 13.48325 ], [ -89.203202, 13.483364 ], [ -89.203176, 13.483382 ], [ -89.202845, 13.483422 ], [ -89.202345, 13.483495 ], [ -89.20194, 13.483555 ], [ -89.201521, 13.483714 ], [ -89.201238, 13.483899 ], [ -89.2009, 13.484167 ], [ -89.200516, 13.484597 ], [ -89.200212, 13.48506 ], [ -89.20007, 13.485358 ], [ -89.200071, 13.485536 ], [ -89.200179, 13.485728 ], [ -89.200395, 13.485887 ], [ -89.200382, 13.486017 ], [ -89.200287, 13.486222 ], [ -89.200058, 13.486639 ], [ -89.199788, 13.487224 ], [ -89.199607, 13.487925 ], [ -89.199479, 13.488276 ], [ -89.199384, 13.488659 ], [ -89.199331, 13.489003 ], [ -89.199533, 13.489162 ], [ -89.199885, 13.489208 ], [ -89.200283, 13.489214 ], [ -89.200533, 13.489214 ], [ -89.200742, 13.489094 ], [ -89.200864, 13.489022 ], [ -89.201066, 13.489074 ], [ -89.201337, 13.489378 ], [ -89.201533, 13.489629 ], [ -89.201594, 13.489899 ], [ -89.201486, 13.490309 ], [ -89.201244, 13.490792 ], [ -89.201068, 13.491063 ], [ -89.200974, 13.491374 ], [ -89.20092, 13.49167 ], [ -89.201083, 13.492126 ], [ -89.201428, 13.49278 ], [ -89.20161, 13.493124 ], [ -89.20201, 13.494067 ], [ -89.202159, 13.494623 ], [ -89.202233, 13.495079 ], [ -89.202348, 13.495383 ], [ -89.202477, 13.495607 ], [ -89.202545, 13.495928 ], [ -89.202606, 13.496205 ], [ -89.202714, 13.496357 ], [ -89.202957, 13.496423 ], [ -89.203207, 13.496423 ], [ -89.20345, 13.496416 ], [ -89.203923, 13.496456 ], [ -89.204247, 13.496528 ], [ -89.20441, 13.496614 ], [ -89.204612, 13.496739 ], [ -89.20466, 13.496924 ], [ -89.204714, 13.497181 ], [ -89.20466, 13.497452 ], [ -89.204714, 13.49767 ], [ -89.2046, 13.497868 ], [ -89.204195, 13.498272 ], [ -89.204006, 13.498457 ], [ -89.203756, 13.498768 ], [ -89.203729, 13.49898 ], [ -89.203804, 13.499507 ], [ -89.203838, 13.499844 ], [ -89.204014, 13.500353 ], [ -89.204893, 13.50106 ], [ -89.204974, 13.501238 ], [ -89.204698, 13.501556 ], [ -89.204245, 13.501844 ], [ -89.203347, 13.502135 ], [ -89.202868, 13.502374 ], [ -89.202091, 13.502811 ], [ -89.201693, 13.502844 ], [ -89.2012, 13.502699 ], [ -89.200936, 13.502666 ], [ -89.200767, 13.502693 ], [ -89.200693, 13.502799 ], [ -89.200619, 13.502937 ], [ -89.200592, 13.503076 ], [ -89.200383, 13.503455 ], [ -89.200221, 13.503613 ], [ -89.200052, 13.503779 ], [ -89.199884, 13.504057 ], [ -89.199843, 13.504341 ], [ -89.199904, 13.504526 ], [ -89.200019, 13.504665 ], [ -89.200317, 13.504879 ], [ -89.200418, 13.50519 ], [ -89.200513, 13.505256 ], [ -89.201378, 13.505698 ], [ -89.201486, 13.505982 ], [ -89.201469, 13.50605 ], [ -89.201453, 13.506064 ], [ -89.201378, 13.506089 ], [ -89.201162, 13.505873 ], [ -89.200404, 13.505548 ], [ -89.200246, 13.505512 ], [ -89.200117, 13.50551 ], [ -89.199988, 13.505537 ], [ -89.19981, 13.505664 ], [ -89.199788, 13.505679 ], [ -89.199087, 13.506059 ], [ -89.197888, 13.506689 ], [ -89.197863, 13.507025 ], [ -89.197839, 13.507171 ], [ -89.197777, 13.507396 ], [ -89.197631, 13.507849 ], [ -89.197483, 13.508329 ], [ -89.197493, 13.508901 ], [ -89.197419, 13.509229 ], [ -89.197294, 13.509637 ], [ -89.197282, 13.509764 ], [ -89.197314, 13.510002 ], [ -89.19731, 13.510119 ], [ -89.197302, 13.510203 ], [ -89.197152, 13.510885 ], [ -89.197111, 13.511079 ], [ -89.197037, 13.511321 ], [ -89.196986, 13.511644 ], [ -89.197024, 13.511782 ], [ -89.197023, 13.51217 ], [ -89.196997, 13.51232 ], [ -89.196976, 13.51236 ], [ -89.196916, 13.512482 ], [ -89.196785, 13.512604 ], [ -89.196684, 13.512717 ], [ -89.196646, 13.512805 ], [ -89.196618, 13.513144 ], [ -89.196598, 13.513337 ], [ -89.196551, 13.513435 ], [ -89.196519, 13.513476 ], [ -89.196121, 13.513826 ], [ -89.196086, 13.513862 ], [ -89.196059, 13.513963 ], [ -89.196057, 13.514068 ], [ -89.196153, 13.514372 ], [ -89.196152, 13.514437 ], [ -89.196126, 13.514529 ], [ -89.196098, 13.514665 ], [ -89.196107, 13.514784 ], [ -89.196201, 13.515249 ], [ -89.196187, 13.515295 ], [ -89.196135, 13.515518 ], [ -89.196047, 13.515655 ], [ -89.195963, 13.515777 ], [ -89.195936, 13.515976 ], [ -89.195772, 13.516268 ], [ -89.195506, 13.516465 ], [ -89.195466, 13.516519 ], [ -89.195481, 13.516646 ], [ -89.19543, 13.517296 ], [ -89.195239, 13.51784 ], [ -89.19508, 13.518141 ], [ -89.195067, 13.518287 ], [ -89.195067, 13.518372 ], [ -89.195089, 13.518422 ], [ -89.195182, 13.518618 ], [ -89.195019, 13.519089 ], [ -89.194754, 13.519614 ], [ -89.19473, 13.519756 ], [ -89.194711, 13.52009 ], [ -89.194683, 13.52018 ], [ -89.194554, 13.520419 ], [ -89.194521, 13.520558 ], [ -89.194523, 13.520703 ], [ -89.194586, 13.521211 ], [ -89.194598, 13.521398 ], [ -89.194594, 13.521482 ], [ -89.19445, 13.521797 ], [ -89.194062, 13.522134 ], [ -89.193796, 13.522445 ], [ -89.193724, 13.522876 ], [ -89.193384, 13.523325 ], [ -89.193155, 13.52384 ], [ -89.19309, 13.524092 ], [ -89.193056, 13.524409 ], [ -89.193122, 13.525026 ], [ -89.193134, 13.525325 ], [ -89.193072, 13.525545 ], [ -89.193028, 13.525816 ], [ -89.192994, 13.526094 ], [ -89.192892, 13.526374 ], [ -89.192855, 13.52636 ], [ -89.192216, 13.526111 ], [ -89.192179, 13.526016 ], [ -89.192403, 13.525259 ], [ -89.191319, 13.524776 ], [ -89.189517, 13.524152 ], [ -89.189389, 13.524108 ] ] ] } },
{ "type": "Feature", "properties": { "fid": 197, "CANTON": "EL JUTILLO", "DISTRITO": "ROSARIO DE MORA" }, "geometry": { "type": "Polygon", "coordinates": [ [ [ -89.220565, 13.586237 ], [ -89.220514, 13.586267 ], [ -89.220424, 13.586285 ], [ -89.22032, 13.586291 ], [ -89.220257, 13.586259 ], [ -89.21998, 13.586093 ], [ -89.21995, 13.586046 ], [ -89.219965, 13.585943 ], [ -89.220001, 13.58589 ], [ -89.22004, 13.585855 ], [ -89.220213, 13.58574 ], [ -89.220272, 13.585643 ], [ -89.220233, 13.585351 ], [ -89.220163, 13.585237 ], [ -89.219836, 13.585107 ], [ -89.219674, 13.584987 ], [ -89.219442, 13.584816 ], [ -89.219233, 13.584701 ], [ -89.219078, 13.584536 ], [ -89.219064, 13.584441 ], [ -89.21903, 13.584306 ], [ -89.218986, 13.584225 ], [ -89.218809, 13.584056 ], [ -89.218389, 13.583715 ], [ -89.218172, 13.583561 ], [ -89.218112, 13.58354 ], [ -89.217952, 13.583505 ], [ -89.217829, 13.583529 ], [ -89.217732, 13.583577 ], [ -89.217581, 13.583703 ], [ -89.217403, 13.58406 ], [ -89.217328, 13.58419 ], [ -89.217182, 13.584323 ], [ -89.216997, 13.584408 ], [ -89.21687, 13.584443 ], [ -89.216784, 13.584559 ], [ -89.216734, 13.58463 ], [ -89.216683, 13.584681 ], [ -89.216653, 13.58471 ], [ -89.21647, 13.584812 ], [ -89.216309, 13.584845 ], [ -89.216244, 13.584854 ], [ -89.216128, 13.584865 ], [ -89.215916, 13.584848 ], [ -89.215768, 13.584831 ], [ -89.21563, 13.584832 ], [ -89.215561, 13.584822 ], [ -89.215493, 13.5848 ], [ -89.215391, 13.584768 ], [ -89.214957, 13.584742 ], [ -89.214563, 13.584688 ], [ -89.21439, 13.584665 ], [ -89.21421, 13.584661 ], [ -89.214117, 13.584638 ], [ -89.213931, 13.584477 ], [ -89.213676, 13.584352 ], [ -89.213303, 13.584199 ], [ -89.212795, 13.58407 ], [ -89.212426, 13.583928 ], [ -89.212257, 13.583915 ], [ -89.211958, 13.583983 ], [ -89.211627, 13.584137 ], [ -89.21147, 13.58414 ], [ -89.211372, 13.584091 ], [ -89.211344, 13.584067 ], [ -89.211289, 13.584023 ], [ -89.211189, 13.583882 ], [ -89.210948, 13.58366 ], [ -89.210854, 13.583648 ], [ -89.210659, 13.583684 ], [ -89.210356, 13.583734 ], [ -89.21018, 13.583687 ], [ -89.20994, 13.583521 ], [ -89.209882, 13.583484 ], [ -89.209606, 13.583266 ], [ -89.209495, 13.583184 ], [ -89.209331, 13.583079 ], [ -89.209218, 13.583041 ], [ -89.209051, 13.582996 ], [ -89.208926, 13.583011 ], [ -89.208754, 13.583061 ], [ -89.208472, 13.583257 ], [ -89.208437, 13.583275 ], [ -89.208362, 13.583315 ], [ -89.208207, 13.583409 ], [ -89.208093, 13.583415 ], [ -89.207958, 13.58338 ], [ -89.207861, 13.583328 ], [ -89.207795, 13.583243 ], [ -89.207779, 13.583211 ], [ -89.207741, 13.582954 ], [ -89.207752, 13.582859 ], [ -89.207805, 13.582648 ], [ -89.207801, 13.582603 ], [ -89.207774, 13.582577 ], [ -89.207735, 13.582572 ], [ -89.207681, 13.582594 ], [ -89.207633, 13.582631 ], [ -89.207535, 13.58274 ], [ -89.207223, 13.582959 ], [ -89.207146, 13.58298 ], [ -89.206606, 13.582981 ], [ -89.206445, 13.582998 ], [ -89.206364, 13.582975 ], [ -89.206235, 13.582874 ], [ -89.206017, 13.582698 ], [ -89.20583, 13.582633 ], [ -89.205792, 13.58261 ], [ -89.205563, 13.582476 ], [ -89.205314, 13.582432 ], [ -89.205107, 13.582449 ], [ -89.204943, 13.582459 ], [ -89.20468, 13.582431 ], [ -89.204664, 13.582425 ], [ -89.204389, 13.582323 ], [ -89.204016, 13.582166 ], [ -89.203924, 13.582152 ], [ -89.203846, 13.582161 ], [ -89.20387, 13.582138 ], [ -89.206403, 13.579795 ], [ -89.206664, 13.579294 ], [ -89.207054, 13.578545 ], [ -89.207875, 13.577239 ], [ -89.208216, 13.577294 ], [ -89.208442, 13.57685 ], [ -89.209123, 13.576682 ], [ -89.209802, 13.575682 ], [ -89.209864, 13.575592 ], [ -89.209858, 13.575591 ], [ -89.209767, 13.575492 ], [ -89.209747, 13.575367 ], [ -89.209851, 13.575085 ], [ -89.209928, 13.574838 ], [ -89.209928, 13.574747 ], [ -89.209928, 13.574736 ], [ -89.209857, 13.574555 ], [ -89.209756, 13.57439 ], [ -89.209722, 13.574203 ], [ -89.209735, 13.574049 ], [ -89.209873, 13.573999 ], [ -89.210041, 13.574029 ], [ -89.210156, 13.574144 ], [ -89.210257, 13.574213 ], [ -89.210391, 13.574236 ], [ -89.210492, 13.5742 ], [ -89.210704, 13.573982 ], [ -89.210929, 13.573729 ], [ -89.210972, 13.573434 ], [ -89.2111, 13.573134 ], [ -89.211244, 13.572693 ], [ -89.211231, 13.572552 ], [ -89.211146, 13.572466 ], [ -89.210968, 13.572369 ], [ -89.210911, 13.572276 ], [ -89.210897, 13.572184 ], [ -89.210921, 13.572043 ], [ -89.210971, 13.571865 ], [ -89.211075, 13.571668 ], [ -89.211223, 13.571556 ], [ -89.211357, 13.571495 ], [ -89.211482, 13.571488 ], [ -89.211711, 13.571553 ], [ -89.211751, 13.57159 ], [ -89.211802, 13.57159 ], [ -89.21199, 13.571211 ], [ -89.21205, 13.570773 ], [ -89.21207, 13.570694 ], [ -89.212184, 13.570472 ], [ -89.212231, 13.57038 ], [ -89.212379, 13.570245 ], [ -89.212661, 13.569975 ], [ -89.212728, 13.569948 ], [ -89.212974, 13.569843 ], [ -89.213286, 13.569615 ], [ -89.213372, 13.569553 ], [ -89.213546, 13.569483 ], [ -89.213875, 13.569412 ], [ -89.214091, 13.569261 ], [ -89.214275, 13.56908 ], [ -89.214511, 13.568788 ], [ -89.214768, 13.568426 ], [ -89.21485, 13.568351 ], [ -89.215199, 13.56822 ], [ -89.215548, 13.568089 ], [ -89.215784, 13.567938 ], [ -89.215938, 13.567687 ], [ -89.216061, 13.567426 ], [ -89.216481, 13.567003 ], [ -89.216697, 13.566661 ], [ -89.216943, 13.566058 ], [ -89.217347, 13.565645 ], [ -89.217542, 13.565416 ], [ -89.217655, 13.565277 ], [ -89.217741, 13.565155 ], [ -89.217896, 13.564812 ], [ -89.217906, 13.56445 ], [ -89.217915, 13.564202 ], [ -89.217968, 13.564055 ], [ -89.218051, 13.563935 ], [ -89.218196, 13.56364 ], [ -89.218403, 13.563538 ], [ -89.218509, 13.563491 ], [ -89.218986, 13.56328 ], [ -89.219099, 13.563183 ], [ -89.219137, 13.56315 ], [ -89.219315, 13.562708 ], [ -89.219279, 13.562536 ], [ -89.219268, 13.562486 ], [ -89.219475, 13.562154 ], [ -89.219738, 13.561988 ], [ -89.220021, 13.561877 ], [ -89.220798, 13.56176 ], [ -89.220968, 13.56178 ], [ -89.220969, 13.56178 ], [ -89.221178, 13.561865 ], [ -89.221202, 13.561939 ], [ -89.221376, 13.562366 ], [ -89.221556, 13.562853 ], [ -89.221597, 13.563291 ], [ -89.221629, 13.563656 ], [ -89.221614, 13.563924 ], [ -89.221592, 13.564024 ], [ -89.221515, 13.564142 ], [ -89.221533, 13.564242 ], [ -89.221555, 13.564384 ], [ -89.221528, 13.564473 ], [ -89.221499, 13.564552 ], [ -89.22144, 13.564654 ], [ -89.221346, 13.564793 ], [ -89.221197, 13.56501 ], [ -89.221053, 13.565343 ], [ -89.220975, 13.565526 ], [ -89.220871, 13.565915 ], [ -89.220791, 13.566238 ], [ -89.220933, 13.566453 ], [ -89.22125, 13.566829 ], [ -89.221411, 13.567113 ], [ -89.221504, 13.567245 ], [ -89.221617, 13.567379 ], [ -89.221644, 13.567473 ], [ -89.22163, 13.567578 ], [ -89.221593, 13.567709 ], [ -89.221523, 13.567859 ], [ -89.221376, 13.568122 ], [ -89.221251, 13.568307 ], [ -89.22113, 13.568559 ], [ -89.221101, 13.568722 ], [ -89.221093, 13.568861 ], [ -89.221168, 13.569188 ], [ -89.22123, 13.569503 ], [ -89.221276, 13.569878 ], [ -89.221306, 13.570136 ], [ -89.221309, 13.57033 ], [ -89.221282, 13.570477 ], [ -89.221247, 13.570569 ], [ -89.22105, 13.570975 ], [ -89.220889, 13.571306 ], [ -89.220892, 13.571587 ], [ -89.220895, 13.571847 ], [ -89.220951, 13.572136 ], [ -89.221003, 13.572593 ], [ -89.221027, 13.572917 ], [ -89.221038, 13.573077 ], [ -89.221014, 13.57323 ], [ -89.220974, 13.5734 ], [ -89.220878, 13.57362 ], [ -89.220806, 13.573762 ], [ -89.220755, 13.573914 ], [ -89.220672, 13.574121 ], [ -89.220584, 13.574299 ], [ -89.22048, 13.574422 ], [ -89.220351, 13.574527 ], [ -89.22018, 13.574672 ], [ -89.220043, 13.574829 ], [ -89.219947, 13.574984 ], [ -89.219762, 13.575352 ], [ -89.219575, 13.575826 ], [ -89.219506, 13.57601 ], [ -89.219479, 13.576151 ], [ -89.219492, 13.576282 ], [ -89.219533, 13.576434 ], [ -89.219605, 13.57656 ], [ -89.219675, 13.576628 ], [ -89.219772, 13.576678 ], [ -89.219949, 13.576712 ], [ -89.220158, 13.57672 ], [ -89.220423, 13.576732 ], [ -89.220667, 13.576758 ], [ -89.220795, 13.576784 ], [ -89.220913, 13.576839 ], [ -89.220978, 13.576928 ], [ -89.221063, 13.577106 ], [ -89.221241, 13.577502 ], [ -89.221396, 13.577842 ], [ -89.221592, 13.578117 ], [ -89.221743, 13.578388 ], [ -89.221852, 13.578612 ], [ -89.221949, 13.578814 ], [ -89.222003, 13.578984 ], [ -89.222014, 13.579055 ], [ -89.222019, 13.579297 ], [ -89.222001, 13.579631 ], [ -89.222038, 13.579794 ], [ -89.222111, 13.579897 ], [ -89.222232, 13.579994 ], [ -89.222363, 13.580062 ], [ -89.22243, 13.580072 ], [ -89.222561, 13.580051 ], [ -89.222679, 13.580004 ], [ -89.222906, 13.579927 ], [ -89.223032, 13.579893 ], [ -89.223107, 13.579893 ], [ -89.223255, 13.57999 ], [ -89.223384, 13.580111 ], [ -89.223459, 13.580226 ], [ -89.223512, 13.580375 ], [ -89.223628, 13.580564 ], [ -89.223759, 13.580729 ], [ -89.223938, 13.580867 ], [ -89.224097, 13.580946 ], [ -89.224376, 13.581069 ], [ -89.224704, 13.581203 ], [ -89.224781, 13.581234 ], [ -89.225081, 13.58137 ], [ -89.225576, 13.581566 ], [ -89.225925, 13.581689 ], [ -89.226206, 13.581817 ], [ -89.226359, 13.581924 ], [ -89.226464, 13.582045 ], [ -89.226536, 13.582157 ], [ -89.226582, 13.582294 ], [ -89.226643, 13.582563 ], [ -89.22673, 13.582944 ], [ -89.226794, 13.583208 ], [ -89.226869, 13.583368 ], [ -89.226979, 13.583489 ], [ -89.227116, 13.583575 ], [ -89.227507, 13.583739 ], [ -89.227797, 13.583905 ], [ -89.228054, 13.584114 ], [ -89.228268, 13.584326 ], [ -89.228427, 13.584509 ], [ -89.228507, 13.584646 ], [ -89.228566, 13.5848 ], [ -89.228674, 13.585057 ], [ -89.228808, 13.585359 ], [ -89.228891, 13.585584 ], [ -89.228895, 13.585592 ], [ -89.22893, 13.585674 ], [ -89.228852, 13.585715 ], [ -89.228821, 13.585732 ], [ -89.227336, 13.586522 ], [ -89.226877, 13.586766 ], [ -89.226876, 13.586767 ], [ -89.225896, 13.587319 ], [ -89.225585, 13.587494 ], [ -89.225562, 13.587507 ], [ -89.225523, 13.587469 ], [ -89.225517, 13.587423 ], [ -89.22532, 13.586908 ], [ -89.225266, 13.586874 ], [ -89.225182, 13.586865 ], [ -89.225074, 13.586882 ], [ -89.224977, 13.586912 ], [ -89.224767, 13.586989 ], [ -89.224692, 13.587007 ], [ -89.224457, 13.586959 ], [ -89.224264, 13.586816 ], [ -89.224189, 13.586816 ], [ -89.22406, 13.586873 ], [ -89.223712, 13.586976 ], [ -89.22328, 13.587079 ], [ -89.223002, 13.587159 ], [ -89.222656, 13.587207 ], [ -89.222281, 13.587231 ], [ -89.222116, 13.587204 ], [ -89.221577, 13.586963 ], [ -89.221479, 13.586771 ], [ -89.221398, 13.586593 ], [ -89.221339, 13.58647 ], [ -89.221166, 13.586333 ], [ -89.221043, 13.586245 ], [ -89.22096, 13.586177 ], [ -89.220766, 13.586137 ], [ -89.220643, 13.58619 ], [ -89.220565, 13.586237 ] ] ] } },
{ "type": "Feature", "properties": { "fid": 211, "CANTON": "EL CARMEN", "DISTRITO": "SANTO TOMAS" }, "geometry": { "type": "Polygon", "coordinates": [ [ [ -89.127132, 13.636077 ], [ -89.127173, 13.635986 ], [ -89.127225, 13.635928 ], [ -89.127312, 13.635827 ], [ -89.127356, 13.635781 ], [ -89.12744, 13.635687 ], [ -89.127483, 13.635639 ], [ -89.127527, 13.635592 ], [ -89.127557, 13.635556 ], [ -89.127582, 13.635527 ], [ -89.12761, 13.635496 ], [ -89.127654, 13.635447 ], [ -89.127693, 13.635403 ], [ -89.127736, 13.635357 ], [ -89.127828, 13.635258 ], [ -89.127744, 13.635187 ], [ -89.127676, 13.635127 ], [ -89.127681, 13.635122 ], [ -89.127655, 13.635099 ], [ -89.127634, 13.63508 ], [ -89.127585, 13.635037 ], [ -89.127489, 13.634955 ], [ -89.127332, 13.634835 ], [ -89.127003, 13.634603 ], [ -89.126913, 13.634519 ], [ -89.126752, 13.634711 ], [ -89.126697, 13.634772 ], [ -89.126392, 13.635115 ], [ -89.126387, 13.635121 ], [ -89.12634, 13.635172 ], [ -89.126282, 13.635123 ], [ -89.125986, 13.634893 ], [ -89.125669, 13.634684 ], [ -89.125529, 13.634613 ], [ -89.125538, 13.634566 ], [ -89.125544, 13.634534 ], [ -89.125584, 13.634296 ], [ -89.12561, 13.634222 ], [ -89.125624, 13.634226 ], [ -89.12565, 13.634151 ], [ -89.12565, 13.634149 ], [ -89.125673, 13.634077 ], [ -89.125694, 13.634008 ], [ -89.125725, 13.63383 ], [ -89.125736, 13.633766 ], [ -89.125752, 13.633712 ], [ -89.125769, 13.63366 ], [ -89.125811, 13.633536 ], [ -89.125807, 13.633478 ], [ -89.125807, 13.633449 ], [ -89.125803, 13.633448 ], [ -89.125802, 13.633363 ], [ -89.125791, 13.633361 ], [ -89.12579, 13.633241 ], [ -89.125791, 13.633239 ], [ -89.125819, 13.633159 ], [ -89.125865, 13.632998 ], [ -89.125755, 13.632971 ], [ -89.125697, 13.632881 ], [ -89.125518, 13.632838 ], [ -89.125485, 13.633016 ], [ -89.125479, 13.633015 ], [ -89.125429, 13.63295 ], [ -89.125295, 13.632932 ], [ -89.125236, 13.632922 ], [ -89.125159, 13.632908 ], [ -89.125082, 13.632893 ], [ -89.125078, 13.632906 ], [ -89.125034, 13.632886 ], [ -89.125012, 13.63288 ], [ -89.124996, 13.632873 ], [ -89.124942, 13.632852 ], [ -89.124869, 13.632827 ], [ -89.124797, 13.632806 ], [ -89.124785, 13.632848 ], [ -89.124769, 13.63291 ], [ -89.124699, 13.632893 ], [ -89.124595, 13.632867 ], [ -89.124476, 13.632841 ], [ -89.124254, 13.632791 ], [ -89.124047, 13.632571 ], [ -89.123991, 13.632368 ], [ -89.123968, 13.631909 ], [ -89.123986, 13.63128 ], [ -89.124027, 13.630884 ], [ -89.124028, 13.630876 ], [ -89.12425, 13.630936 ], [ -89.124302, 13.630936 ], [ -89.124309, 13.630936 ], [ -89.12454, 13.630939 ], [ -89.124549, 13.63091 ], [ -89.124555, 13.630891 ], [ -89.124632, 13.630637 ], [ -89.124634, 13.630634 ], [ -89.124644, 13.630615 ], [ -89.124728, 13.630458 ], [ -89.124735, 13.630446 ], [ -89.124741, 13.630408 ], [ -89.124807, 13.629987 ], [ -89.124819, 13.629908 ], [ -89.124835, 13.629904 ], [ -89.12526, 13.629812 ], [ -89.125381, 13.629786 ], [ -89.125391, 13.629784 ], [ -89.125466, 13.629588 ], [ -89.125494, 13.629517 ], [ -89.1255, 13.6295 ], [ -89.125674, 13.629181 ], [ -89.125786, 13.628976 ], [ -89.125842, 13.628976 ], [ -89.12587, 13.628811 ], [ -89.125895, 13.628735 ], [ -89.125912, 13.628559 ], [ -89.125908, 13.628183 ], [ -89.125873, 13.627974 ], [ -89.125852, 13.627816 ], [ -89.125894, 13.627688 ], [ -89.125993, 13.627519 ], [ -89.126098, 13.62735 ], [ -89.126147, 13.627209 ], [ -89.126186, 13.627039 ], [ -89.126203, 13.626746 ], [ -89.126069, 13.626439 ], [ -89.126062, 13.62636 ], [ -89.126122, 13.626177 ], [ -89.126122, 13.626139 ], [ -89.126037, 13.626015 ], [ -89.126068, 13.625481 ], [ -89.12609, 13.625422 ], [ -89.126125, 13.625366 ], [ -89.12609, 13.625207 ], [ -89.12603, 13.625169 ], [ -89.125974, 13.625166 ], [ -89.125871, 13.625114 ], [ -89.125808, 13.62508 ], [ -89.12578, 13.625045 ], [ -89.125769, 13.625004 ], [ -89.125748, 13.624876 ], [ -89.125758, 13.624811 ], [ -89.125709, 13.62459 ], [ -89.12573, 13.624487 ], [ -89.125772, 13.624321 ], [ -89.12579, 13.624249 ], [ -89.125836, 13.624111 ], [ -89.125864, 13.624066 ], [ -89.12593, 13.623958 ], [ -89.126026, 13.623858 ], [ -89.126145, 13.623744 ], [ -89.126195, 13.623723 ], [ -89.1263, 13.623664 ], [ -89.126346, 13.623609 ], [ -89.126381, 13.623554 ], [ -89.126381, 13.623516 ], [ -89.126402, 13.623364 ], [ -89.126434, 13.623257 ], [ -89.126515, 13.623123 ], [ -89.126691, 13.622926 ], [ -89.126684, 13.622836 ], [ -89.126663, 13.62274 ], [ -89.12662, 13.622705 ], [ -89.126589, 13.622699 ], [ -89.126437, 13.622695 ], [ -89.126336, 13.622712 ], [ -89.126263, 13.622723 ], [ -89.126173, 13.622715 ], [ -89.126111, 13.622697 ], [ -89.126053, 13.622684 ], [ -89.125912, 13.622617 ], [ -89.125903, 13.622547 ], [ -89.125992, 13.622451 ], [ -89.126061, 13.62229 ], [ -89.126115, 13.622201 ], [ -89.12612, 13.622097 ], [ -89.126111, 13.621931 ], [ -89.126116, 13.621867 ], [ -89.126189, 13.621778 ], [ -89.126262, 13.621703 ], [ -89.126339, 13.621674 ], [ -89.126404, 13.62166 ], [ -89.126479, 13.62166 ], [ -89.126557, 13.621644 ], [ -89.1266, 13.621619 ], [ -89.126636, 13.621585 ], [ -89.126654, 13.621539 ], [ -89.126656, 13.621482 ], [ -89.126638, 13.621367 ], [ -89.126656, 13.621263 ], [ -89.126817, 13.621046 ], [ -89.126931, 13.620977 ], [ -89.126975, 13.620879 ], [ -89.126933, 13.620754 ], [ -89.12679, 13.620564 ], [ -89.126555, 13.620231 ], [ -89.126549, 13.619954 ], [ -89.12662, 13.619789 ], [ -89.126645, 13.619727 ], [ -89.12666, 13.619579 ], [ -89.12666, 13.619376 ], [ -89.126638, 13.619139 ], [ -89.126822, 13.618865 ], [ -89.127092, 13.618814 ], [ -89.127278, 13.618786 ], [ -89.127565, 13.618697 ], [ -89.127656, 13.618615 ], [ -89.127804, 13.618394 ], [ -89.127895, 13.618175 ], [ -89.127923, 13.618033 ], [ -89.127961, 13.617836 ], [ -89.128035, 13.617703 ], [ -89.128155, 13.617463 ], [ -89.12832, 13.617328 ], [ -89.128461, 13.617228 ], [ -89.128584, 13.617019 ], [ -89.128589, 13.616881 ], [ -89.128526, 13.616697 ], [ -89.128512, 13.616545 ], [ -89.128497, 13.616431 ], [ -89.128515, 13.616311 ], [ -89.12858, 13.616182 ], [ -89.128703, 13.616097 ], [ -89.128843, 13.616086 ], [ -89.128964, 13.616089 ], [ -89.129172, 13.616146 ], [ -89.12929, 13.616175 ], [ -89.129436, 13.616147 ], [ -89.129498, 13.616087 ], [ -89.129544, 13.616016 ], [ -89.12955, 13.616096 ], [ -89.129564, 13.616135 ], [ -89.129587, 13.616214 ], [ -89.129646, 13.616344 ], [ -89.129675, 13.61647 ], [ -89.129716, 13.616604 ], [ -89.129983, 13.617413 ], [ -89.130037, 13.617582 ], [ -89.130201, 13.617941 ], [ -89.130199, 13.618037 ], [ -89.13026, 13.618144 ], [ -89.130282, 13.618257 ], [ -89.130316, 13.618369 ], [ -89.130297, 13.618467 ], [ -89.130223, 13.618561 ], [ -89.130145, 13.618773 ], [ -89.130153, 13.618967 ], [ -89.130219, 13.619204 ], [ -89.130424, 13.619539 ], [ -89.130471, 13.619697 ], [ -89.130486, 13.619897 ], [ -89.130476, 13.619986 ], [ -89.130425, 13.620089 ], [ -89.130398, 13.620261 ], [ -89.1304, 13.620335 ], [ -89.130391, 13.62045 ], [ -89.130386, 13.620646 ], [ -89.130325, 13.621206 ], [ -89.130316, 13.621478 ], [ -89.130267, 13.62173 ], [ -89.130216, 13.621974 ], [ -89.130191, 13.622222 ], [ -89.130179, 13.622275 ], [ -89.130174, 13.622318 ], [ -89.130187, 13.622562 ], [ -89.13028, 13.622763 ], [ -89.130324, 13.622988 ], [ -89.130431, 13.623148 ], [ -89.130495, 13.62321 ], [ -89.130551, 13.623346 ], [ -89.130588, 13.623483 ], [ -89.130507, 13.62372 ], [ -89.130368, 13.623892 ], [ -89.130253, 13.624066 ], [ -89.130258, 13.624186 ], [ -89.130334, 13.624334 ], [ -89.130501, 13.624504 ], [ -89.130542, 13.624619 ], [ -89.13066, 13.624997 ], [ -89.130843, 13.625116 ], [ -89.130983, 13.625243 ], [ -89.131059, 13.625353 ], [ -89.131093, 13.625506 ], [ -89.131112, 13.625637 ], [ -89.131186, 13.625834 ], [ -89.131274, 13.625912 ], [ -89.131436, 13.62613 ], [ -89.131568, 13.626302 ], [ -89.131636, 13.62646 ], [ -89.131778, 13.626874 ], [ -89.131749, 13.627364 ], [ -89.131828, 13.627515 ], [ -89.131935, 13.627617 ], [ -89.132163, 13.627775 ], [ -89.133116, 13.628016 ], [ -89.133337, 13.628224 ], [ -89.133574, 13.628487 ], [ -89.133965, 13.628922 ], [ -89.134293, 13.629116 ], [ -89.134463, 13.629253 ], [ -89.134382, 13.629338 ], [ -89.134132, 13.629555 ], [ -89.134093, 13.629616 ], [ -89.134103, 13.629679 ], [ -89.134178, 13.629908 ], [ -89.134227, 13.630076 ], [ -89.134219, 13.63034 ], [ -89.134143, 13.630468 ], [ -89.134128, 13.630673 ], [ -89.134004, 13.630885 ], [ -89.134009, 13.63093 ], [ -89.134076, 13.631043 ], [ -89.13409, 13.631108 ], [ -89.134077, 13.631304 ], [ -89.134115, 13.631575 ], [ -89.134106, 13.631648 ], [ -89.134116, 13.631687 ], [ -89.134099, 13.631708 ], [ -89.134082, 13.63173 ], [ -89.133958, 13.63184 ], [ -89.133888, 13.631884 ], [ -89.133822, 13.631906 ], [ -89.133622, 13.631887 ], [ -89.133278, 13.631966 ], [ -89.133211, 13.631963 ], [ -89.133173, 13.631948 ], [ -89.13299, 13.63185 ], [ -89.132912, 13.63186 ], [ -89.132867, 13.631882 ], [ -89.132789, 13.631963 ], [ -89.132837, 13.632121 ], [ -89.132848, 13.632312 ], [ -89.132836, 13.632372 ], [ -89.132775, 13.632469 ], [ -89.132713, 13.632567 ], [ -89.132619, 13.632626 ], [ -89.13236, 13.632746 ], [ -89.132087, 13.632875 ], [ -89.131954, 13.633089 ], [ -89.131843, 13.633289 ], [ -89.131709, 13.633524 ], [ -89.131692, 13.63355 ], [ -89.131649, 13.633619 ], [ -89.131503, 13.633799 ], [ -89.131423, 13.633912 ], [ -89.131251, 13.634207 ], [ -89.131119, 13.634413 ], [ -89.130885, 13.634909 ], [ -89.130881, 13.634915 ], [ -89.130843, 13.634915 ], [ -89.130724, 13.634816 ], [ -89.13059, 13.634716 ], [ -89.130494, 13.634659 ], [ -89.130409, 13.634634 ], [ -89.130439, 13.634531 ], [ -89.130386, 13.634509 ], [ -89.13033, 13.634468 ], [ -89.130258, 13.634431 ], [ -89.12991, 13.634304 ], [ -89.129838, 13.63428 ], [ -89.129687, 13.63423 ], [ -89.129564, 13.634378 ], [ -89.128666, 13.634273 ], [ -89.128638, 13.63427 ], [ -89.12861, 13.634318 ], [ -89.128552, 13.634401 ], [ -89.128446, 13.634525 ], [ -89.128382, 13.634608 ], [ -89.12837, 13.634648 ], [ -89.128358, 13.634688 ], [ -89.128352, 13.634786 ], [ -89.128367, 13.634901 ], [ -89.128411, 13.63507 ], [ -89.128437, 13.635196 ], [ -89.128454, 13.635329 ], [ -89.128454, 13.6354 ], [ -89.128424, 13.635584 ], [ -89.128385, 13.635798 ], [ -89.128332, 13.636018 ], [ -89.128264, 13.636171 ], [ -89.128153, 13.63634 ], [ -89.128089, 13.636447 ], [ -89.128042, 13.636528 ], [ -89.127976, 13.636677 ], [ -89.12789, 13.636932 ], [ -89.127865, 13.637052 ], [ -89.127784, 13.637177 ], [ -89.127702, 13.636954 ], [ -89.12763, 13.636738 ], [ -89.127556, 13.636623 ], [ -89.127434, 13.636487 ], [ -89.127304, 13.636308 ], [ -89.127132, 13.636077 ] ] ] } },
{ "type": "Feature", "properties": { "fid": 231, "CANTON": "POTRERILLOS", "DISTRITO": "SANTO TOMAS" }, "geometry": { "type": "Polygon", "coordinates": [ [ [ -89.134463, 13.629253 ], [ -89.134293, 13.629116 ], [ -89.133965, 13.628922 ], [ -89.133574, 13.628487 ], [ -89.133337, 13.628224 ], [ -89.133116, 13.628016 ], [ -89.132163, 13.627775 ], [ -89.131935, 13.627617 ], [ -89.131828, 13.627515 ], [ -89.131749, 13.627364 ], [ -89.131778, 13.626874 ], [ -89.131636, 13.62646 ], [ -89.131568, 13.626302 ], [ -89.131436, 13.62613 ], [ -89.131274, 13.625912 ], [ -89.131186, 13.625834 ], [ -89.131112, 13.625637 ], [ -89.131093, 13.625506 ], [ -89.131059, 13.625353 ], [ -89.130983, 13.625243 ], [ -89.130843, 13.625116 ], [ -89.13066, 13.624997 ], [ -89.130542, 13.624619 ], [ -89.130501, 13.624504 ], [ -89.130334, 13.624334 ], [ -89.130258, 13.624186 ], [ -89.130253, 13.624066 ], [ -89.130368, 13.623892 ], [ -89.130507, 13.62372 ], [ -89.130588, 13.623483 ], [ -89.130551, 13.623346 ], [ -89.130495, 13.62321 ], [ -89.130431, 13.623148 ], [ -89.130324, 13.622988 ], [ -89.13028, 13.622763 ], [ -89.130187, 13.622562 ], [ -89.130174, 13.622318 ], [ -89.130179, 13.622275 ], [ -89.130191, 13.622222 ], [ -89.130216, 13.621974 ], [ -89.130267, 13.62173 ], [ -89.130316, 13.621478 ], [ -89.130325, 13.621206 ], [ -89.130386, 13.620646 ], [ -89.130391, 13.62045 ], [ -89.1304, 13.620335 ], [ -89.130398, 13.620261 ], [ -89.130425, 13.620089 ], [ -89.130476, 13.619986 ], [ -89.130486, 13.619897 ], [ -89.130471, 13.619697 ], [ -89.130424, 13.619539 ], [ -89.130219, 13.619204 ], [ -89.130153, 13.618967 ], [ -89.130145, 13.618773 ], [ -89.130223, 13.618561 ], [ -89.130297, 13.618467 ], [ -89.130316, 13.618369 ], [ -89.130282, 13.618257 ], [ -89.13026, 13.618144 ], [ -89.130199, 13.618037 ], [ -89.130201, 13.617941 ], [ -89.130037, 13.617582 ], [ -89.129983, 13.617413 ], [ -89.129716, 13.616604 ], [ -89.129675, 13.61647 ], [ -89.129646, 13.616344 ], [ -89.129587, 13.616214 ], [ -89.129564, 13.616135 ], [ -89.12955, 13.616096 ], [ -89.129544, 13.616016 ], [ -89.129544, 13.615926 ], [ -89.129502, 13.615737 ], [ -89.129334, 13.615042 ], [ -89.129307, 13.614822 ], [ -89.129327, 13.614734 ], [ -89.129568, 13.614538 ], [ -89.129827, 13.614317 ], [ -89.130094, 13.614098 ], [ -89.130079, 13.61375 ], [ -89.130037, 13.613586 ], [ -89.129976, 13.613385 ], [ -89.129756, 13.613087 ], [ -89.129631, 13.612792 ], [ -89.12958, 13.612616 ], [ -89.129523, 13.612391 ], [ -89.129551, 13.612104 ], [ -89.129608, 13.611917 ], [ -89.129661, 13.611766 ], [ -89.129709, 13.611643 ], [ -89.129734, 13.611416 ], [ -89.129719, 13.611311 ], [ -89.129659, 13.611162 ], [ -89.129474, 13.610861 ], [ -89.129333, 13.610596 ], [ -89.129376, 13.610399 ], [ -89.12948, 13.60992 ], [ -89.129551, 13.609591 ], [ -89.129545, 13.609307 ], [ -89.129456, 13.609133 ], [ -89.12933, 13.609022 ], [ -89.129159, 13.608827 ], [ -89.129059, 13.608709 ], [ -89.12906, 13.608709 ], [ -89.12906, 13.608708 ], [ -89.129066, 13.608703 ], [ -89.129079, 13.608688 ], [ -89.129083, 13.608684 ], [ -89.129089, 13.608677 ], [ -89.129097, 13.608672 ], [ -89.129333, 13.608513 ], [ -89.129592, 13.608339 ], [ -89.129607, 13.608329 ], [ -89.129714, 13.608303 ], [ -89.129828, 13.608276 ], [ -89.129846, 13.608271 ], [ -89.130235, 13.60818 ], [ -89.130652, 13.608083 ], [ -89.130759, 13.608058 ], [ -89.131022, 13.607986 ], [ -89.131122, 13.60796 ], [ -89.131307, 13.607909 ], [ -89.131412, 13.607881 ], [ -89.131655, 13.607798 ], [ -89.13192, 13.607708 ], [ -89.132051, 13.607664 ], [ -89.132036, 13.607593 ], [ -89.132019, 13.607515 ], [ -89.132008, 13.607465 ], [ -89.131935, 13.607238 ], [ -89.131853, 13.606986 ], [ -89.131789, 13.606787 ], [ -89.131769, 13.606643 ], [ -89.131747, 13.60648 ], [ -89.131725, 13.606325 ], [ -89.131656, 13.606168 ], [ -89.131577, 13.60599 ], [ -89.131485, 13.605784 ], [ -89.131367, 13.605597 ], [ -89.131229, 13.60538 ], [ -89.13104, 13.605081 ], [ -89.131011, 13.604943 ], [ -89.130976, 13.60478 ], [ -89.13092, 13.604516 ], [ -89.130919, 13.604461 ], [ -89.130918, 13.604395 ], [ -89.130917, 13.604269 ], [ -89.13104, 13.604174 ], [ -89.131192, 13.604057 ], [ -89.131537, 13.603793 ], [ -89.131693, 13.603712 ], [ -89.131893, 13.603609 ], [ -89.131931, 13.603589 ], [ -89.132427, 13.603333 ], [ -89.132534, 13.603279 ], [ -89.132676, 13.603207 ], [ -89.133127, 13.602979 ], [ -89.133157, 13.602956 ], [ -89.133199, 13.602924 ], [ -89.133356, 13.602804 ], [ -89.133387, 13.602804 ], [ -89.133433, 13.602805 ], [ -89.133643, 13.602809 ], [ -89.133645, 13.602809 ], [ -89.133649, 13.602809 ], [ -89.133669, 13.60281 ], [ -89.13367, 13.602812 ], [ -89.133671, 13.602818 ], [ -89.133679, 13.602854 ], [ -89.13368, 13.602856 ], [ -89.13368, 13.602861 ], [ -89.133685, 13.602903 ], [ -89.133685, 13.602904 ], [ -89.133684, 13.602908 ], [ -89.133683, 13.60295 ], [ -89.133683, 13.60295 ], [ -89.133682, 13.602952 ], [ -89.133672, 13.602997 ], [ -89.133671, 13.602998 ], [ -89.133674, 13.602999 ], [ -89.134201, 13.603144 ], [ -89.134209, 13.603146 ], [ -89.134231, 13.603152 ], [ -89.134384, 13.603586 ], [ -89.134385, 13.60359 ], [ -89.134398, 13.603626 ], [ -89.134475, 13.603833 ], [ -89.134477, 13.60384 ], [ -89.134486, 13.603863 ], [ -89.134696, 13.604283 ], [ -89.134709, 13.604309 ], [ -89.134739, 13.60437 ], [ -89.134987, 13.604746 ], [ -89.13501, 13.60478 ], [ -89.135055, 13.604848 ], [ -89.135379, 13.605295 ], [ -89.135419, 13.605351 ], [ -89.135492, 13.605451 ], [ -89.135629, 13.605618 ], [ -89.135651, 13.605646 ], [ -89.135688, 13.605691 ], [ -89.135799, 13.605777 ], [ -89.135821, 13.605795 ], [ -89.135857, 13.605823 ], [ -89.135973, 13.605888 ], [ -89.136002, 13.605905 ], [ -89.136046, 13.60593 ], [ -89.136236, 13.606004 ], [ -89.136295, 13.606026 ], [ -89.136381, 13.60606 ], [ -89.136466, 13.605667 ], [ -89.136498, 13.605519 ], [ -89.136544, 13.605308 ], [ -89.136635, 13.604993 ], [ -89.136677, 13.604849 ], [ -89.136735, 13.604649 ], [ -89.136771, 13.604564 ], [ -89.136791, 13.604516 ], [ -89.136818, 13.604452 ], [ -89.136893, 13.604607 ], [ -89.136943, 13.60471 ], [ -89.13701, 13.604848 ], [ -89.136922, 13.605033 ], [ -89.136851, 13.605184 ], [ -89.136757, 13.605382 ], [ -89.136821, 13.605598 ], [ -89.136886, 13.605814 ], [ -89.136969, 13.606095 ], [ -89.137, 13.606147 ], [ -89.13704, 13.606211 ], [ -89.13709, 13.606295 ], [ -89.13717, 13.606275 ], [ -89.137298, 13.606244 ], [ -89.137461, 13.606205 ], [ -89.137589, 13.606197 ], [ -89.137865, 13.606182 ], [ -89.138212, 13.606162 ], [ -89.138239, 13.606142 ], [ -89.138323, 13.606083 ], [ -89.138427, 13.60601 ], [ -89.13844, 13.606014 ], [ -89.138505, 13.606033 ], [ -89.138585, 13.606058 ], [ -89.138613, 13.60606 ], [ -89.138915, 13.606085 ], [ -89.139285, 13.606115 ], [ -89.139288, 13.606115 ], [ -89.139355, 13.606192 ], [ -89.13943, 13.606279 ], [ -89.139437, 13.606287 ], [ -89.139447, 13.606487 ], [ -89.139457, 13.606715 ], [ -89.139459, 13.606758 ], [ -89.139429, 13.60692 ], [ -89.139394, 13.607106 ], [ -89.139384, 13.607161 ], [ -89.139362, 13.607224 ], [ -89.139337, 13.607298 ], [ -89.139327, 13.607328 ], [ -89.139296, 13.607387 ], [ -89.139259, 13.607456 ], [ -89.139239, 13.607493 ], [ -89.139539, 13.607585 ], [ -89.139898, 13.607696 ], [ -89.140139, 13.60777 ], [ -89.140355, 13.607811 ], [ -89.14062, 13.607861 ], [ -89.140837, 13.607902 ], [ -89.141101, 13.607966 ], [ -89.141429, 13.608045 ], [ -89.141756, 13.608125 ], [ -89.141864, 13.608153 ], [ -89.142003, 13.608188 ], [ -89.142167, 13.608231 ], [ -89.142325, 13.608287 ], [ -89.142532, 13.60836 ], [ -89.142822, 13.608463 ], [ -89.142832, 13.608504 ], [ -89.142895, 13.608614 ], [ -89.142959, 13.608725 ], [ -89.143124, 13.608936 ], [ -89.143316, 13.60919 ], [ -89.143526, 13.60937 ], [ -89.143614, 13.609407 ], [ -89.143679, 13.609434 ], [ -89.143833, 13.609497 ], [ -89.143923, 13.609582 ], [ -89.144013, 13.609666 ], [ -89.1441, 13.609828 ], [ -89.144186, 13.60999 ], [ -89.144395, 13.610237 ], [ -89.144439, 13.610291 ], [ -89.144509, 13.610378 ], [ -89.144739, 13.610529 ], [ -89.144949, 13.610692 ], [ -89.145086, 13.61079 ], [ -89.145192, 13.610851 ], [ -89.145413, 13.610976 ], [ -89.145644, 13.611037 ], [ -89.145871, 13.611046 ], [ -89.146068, 13.611222 ], [ -89.14635, 13.611489 ], [ -89.146354, 13.611748 ], [ -89.146447, 13.611986 ], [ -89.146594, 13.612089 ], [ -89.146796, 13.612261 ], [ -89.147077, 13.612586 ], [ -89.14712, 13.612857 ], [ -89.147199, 13.613067 ], [ -89.147204, 13.613301 ], [ -89.147296, 13.613506 ], [ -89.147414, 13.613687 ], [ -89.14749, 13.613909 ], [ -89.147561, 13.614176 ], [ -89.147574, 13.614402 ], [ -89.147625, 13.614714 ], [ -89.147608, 13.614911 ], [ -89.147604, 13.61517 ], [ -89.147625, 13.61547 ], [ -89.147747, 13.61568 ], [ -89.147798, 13.61591 ], [ -89.147777, 13.61616 ], [ -89.147785, 13.616432 ], [ -89.147798, 13.616789 ], [ -89.147829, 13.616917 ], [ -89.147093, 13.617406 ], [ -89.147074, 13.617416 ], [ -89.147115, 13.617514 ], [ -89.147176, 13.617664 ], [ -89.14722, 13.617836 ], [ -89.147265, 13.617928 ], [ -89.147303, 13.618017 ], [ -89.147314, 13.618108 ], [ -89.147325, 13.618212 ], [ -89.147348, 13.61833 ], [ -89.147373, 13.618398 ], [ -89.147397, 13.618439 ], [ -89.147531, 13.618566 ], [ -89.147722, 13.618731 ], [ -89.147844, 13.618826 ], [ -89.148082, 13.618988 ], [ -89.148169, 13.619038 ], [ -89.148288, 13.619121 ], [ -89.148445, 13.6193 ], [ -89.148601, 13.619493 ], [ -89.148645, 13.619568 ], [ -89.148659, 13.619605 ], [ -89.14871, 13.619896 ], [ -89.148742, 13.620036 ], [ -89.148787, 13.620296 ], [ -89.148821, 13.620543 ], [ -89.148845, 13.620707 ], [ -89.148894, 13.620813 ], [ -89.148929, 13.620918 ], [ -89.148954, 13.621025 ], [ -89.148965, 13.621116 ], [ -89.148969, 13.621219 ], [ -89.148984, 13.621295 ], [ -89.149021, 13.621389 ], [ -89.149071, 13.621526 ], [ -89.149123, 13.621671 ], [ -89.149095, 13.621794 ], [ -89.149129, 13.622047 ], [ -89.149159, 13.622225 ], [ -89.149185, 13.622355 ], [ -89.149235, 13.622585 ], [ -89.149313, 13.622611 ], [ -89.149471, 13.62269 ], [ -89.149665, 13.622797 ], [ -89.149697, 13.622849 ], [ -89.149706, 13.622945 ], [ -89.149714, 13.623056 ], [ -89.149713, 13.623112 ], [ -89.149713, 13.623113 ], [ -89.149712, 13.623195 ], [ -89.14971, 13.623276 ], [ -89.149721, 13.623352 ], [ -89.149736, 13.623445 ], [ -89.149756, 13.6235 ], [ -89.149782, 13.623612 ], [ -89.149795, 13.623738 ], [ -89.149783, 13.623921 ], [ -89.149778, 13.623997 ], [ -89.149766, 13.624234 ], [ -89.149746, 13.624428 ], [ -89.150006, 13.625108 ], [ -89.150082, 13.625206 ], [ -89.150283, 13.625415 ], [ -89.150353, 13.625518 ], [ -89.150416, 13.625656 ], [ -89.15054, 13.625897 ], [ -89.150724, 13.626319 ], [ -89.150831, 13.626513 ], [ -89.150933, 13.626809 ], [ -89.151096, 13.627223 ], [ -89.151222, 13.627374 ], [ -89.15137, 13.62748 ], [ -89.151454, 13.627526 ], [ -89.151546, 13.627587 ], [ -89.151562, 13.627626 ], [ -89.151576, 13.627658 ], [ -89.151609, 13.627817 ], [ -89.151624, 13.628 ], [ -89.151639, 13.628295 ], [ -89.151684, 13.628386 ], [ -89.151826, 13.628555 ], [ -89.151892, 13.628751 ], [ -89.151844, 13.628943 ], [ -89.151852, 13.629042 ], [ -89.151948, 13.629184 ], [ -89.152041, 13.629291 ], [ -89.152209, 13.629467 ], [ -89.152393, 13.629726 ], [ -89.152526, 13.62992 ], [ -89.15258, 13.630052 ], [ -89.152612, 13.630207 ], [ -89.152608, 13.630383 ], [ -89.152594, 13.630465 ], [ -89.152504, 13.630786 ], [ -89.152434, 13.630965 ], [ -89.152418, 13.631051 ], [ -89.152378, 13.631056 ], [ -89.152173, 13.631143 ], [ -89.152246, 13.631093 ], [ -89.15176, 13.631294 ], [ -89.151388, 13.631344 ], [ -89.151334, 13.631371 ], [ -89.150462, 13.631494 ], [ -89.149354, 13.631604 ], [ -89.148972, 13.631576 ], [ -89.148686, 13.631555 ], [ -89.148415, 13.631735 ], [ -89.148276, 13.631757 ], [ -89.147982, 13.631649 ], [ -89.14757, 13.631334 ], [ -89.147188, 13.631241 ], [ -89.146696, 13.631033 ], [ -89.146343, 13.630696 ], [ -89.14624, 13.630466 ], [ -89.146093, 13.630308 ], [ -89.14541, 13.629957 ], [ -89.144822, 13.629569 ], [ -89.144778, 13.629516 ], [ -89.144747, 13.629474 ], [ -89.1446, 13.629392 ], [ -89.144442, 13.629349 ], [ -89.144413, 13.629347 ], [ -89.144382, 13.629347 ], [ -89.144326, 13.629346 ], [ -89.143387, 13.629313 ], [ -89.143246, 13.629327 ], [ -89.143121, 13.629358 ], [ -89.142974, 13.62944 ], [ -89.14285, 13.629524 ], [ -89.142718, 13.629595 ], [ -89.142564, 13.629696 ], [ -89.142459, 13.629794 ], [ -89.142332, 13.629988 ], [ -89.142019, 13.630316 ], [ -89.141853, 13.630562 ], [ -89.141337, 13.630565 ], [ -89.141016, 13.630388 ], [ -89.140791, 13.630371 ], [ -89.140627, 13.630357 ], [ -89.140505, 13.630379 ], [ -89.140187, 13.630434 ], [ -89.139835, 13.630618 ], [ -89.139373, 13.630688 ], [ -89.139251, 13.630717 ], [ -89.139173, 13.630765 ], [ -89.138999, 13.630903 ], [ -89.138916, 13.63099 ], [ -89.138816, 13.631017 ], [ -89.138801, 13.631021 ], [ -89.138784, 13.631016 ], [ -89.138486, 13.63093 ], [ -89.138266, 13.630827 ], [ -89.138036, 13.630675 ], [ -89.138036, 13.630674 ], [ -89.138034, 13.630673 ], [ -89.137989, 13.630624 ], [ -89.137909, 13.630563 ], [ -89.137899, 13.630555 ], [ -89.137844, 13.630514 ], [ -89.13772, 13.630419 ], [ -89.13771, 13.630414 ], [ -89.137573, 13.630357 ], [ -89.137509, 13.630337 ], [ -89.137509, 13.630337 ], [ -89.137446, 13.630318 ], [ -89.137425, 13.630315 ], [ -89.137238, 13.630287 ], [ -89.137101, 13.630273 ], [ -89.136892, 13.630207 ], [ -89.136892, 13.630207 ], [ -89.136717, 13.630151 ], [ -89.136701, 13.630147 ], [ -89.136568, 13.630113 ], [ -89.136375, 13.630076 ], [ -89.13637, 13.630075 ], [ -89.136238, 13.630044 ], [ -89.136138, 13.630003 ], [ -89.135996, 13.629896 ], [ -89.135915, 13.629821 ], [ -89.135869, 13.629779 ], [ -89.135863, 13.629771 ], [ -89.135855, 13.629764 ], [ -89.135789, 13.629682 ], [ -89.135779, 13.629665 ], [ -89.135773, 13.629657 ], [ -89.135762, 13.629632 ], [ -89.135745, 13.629596 ], [ -89.135705, 13.629511 ], [ -89.135658, 13.62937 ], [ -89.135648, 13.629329 ], [ -89.135577, 13.629131 ], [ -89.135565, 13.629103 ], [ -89.135558, 13.629088 ], [ -89.135491, 13.629028 ], [ -89.135457, 13.628999 ], [ -89.13544, 13.628985 ], [ -89.135396, 13.628951 ], [ -89.135328, 13.628923 ], [ -89.135284, 13.628911 ], [ -89.135284, 13.628911 ], [ -89.135181, 13.628885 ], [ -89.134929, 13.629212 ], [ -89.134844, 13.629294 ], [ -89.134717, 13.629327 ], [ -89.134674, 13.629323 ], [ -89.134674, 13.629323 ], [ -89.134568, 13.629311 ], [ -89.134563, 13.629311 ], [ -89.134489, 13.629275 ], [ -89.134463, 13.629253 ] ] ] } },
{ "type": "Feature", "properties": { "fid": 286, "CANTON": "CUAPA", "DISTRITO": "SANTO TOMAS" }, "geometry": { "type": "Polygon", "coordinates": [ [ [ -89.155274, 13.656602 ], [ -89.155467, 13.656483 ], [ -89.155513, 13.656432 ], [ -89.155677, 13.656313 ], [ -89.15578, 13.656136 ], [ -89.155745, 13.656004 ], [ -89.155731, 13.655889 ], [ -89.155823, 13.655791 ], [ -89.155911, 13.655631 ], [ -89.156136, 13.655564 ], [ -89.156276, 13.655487 ], [ -89.156523, 13.655372 ], [ -89.15662, 13.655276 ], [ -89.156875, 13.655252 ], [ -89.157048, 13.654917 ], [ -89.157118, 13.654809 ], [ -89.157157, 13.654766 ], [ -89.157176, 13.654812 ], [ -89.157634, 13.654932 ], [ -89.158001, 13.65496 ], [ -89.158375, 13.654945 ], [ -89.159057, 13.654656 ], [ -89.15957, 13.654562 ], [ -89.159915, 13.654611 ], [ -89.160429, 13.654769 ], [ -89.160805, 13.654946 ], [ -89.160803, 13.654989 ], [ -89.160733, 13.655363 ], [ -89.160727, 13.655604 ], [ -89.160717, 13.656029 ], [ -89.160666, 13.656538 ], [ -89.160749, 13.656575 ], [ -89.160805, 13.656602 ], [ -89.160894, 13.65666 ], [ -89.160914, 13.65667 ], [ -89.160935, 13.656673 ], [ -89.160956, 13.65667 ], [ -89.16108, 13.65662 ], [ -89.161101, 13.656615 ], [ -89.161111, 13.656617 ], [ -89.161183, 13.656646 ], [ -89.161178, 13.656663 ], [ -89.161161, 13.65673 ], [ -89.161111, 13.656929 ], [ -89.161111, 13.656931 ], [ -89.16111, 13.656935 ], [ -89.161104, 13.656959 ], [ -89.161102, 13.656966 ], [ -89.161097, 13.656988 ], [ -89.16106, 13.657134 ], [ -89.161059, 13.657135 ], [ -89.161058, 13.657142 ], [ -89.161043, 13.6572 ], [ -89.161042, 13.657201 ], [ -89.161033, 13.657214 ], [ -89.161033, 13.657215 ], [ -89.161014, 13.657214 ], [ -89.161014, 13.657228 ], [ -89.160974, 13.65733 ], [ -89.160942, 13.657417 ], [ -89.160908, 13.657492 ], [ -89.160868, 13.657555 ], [ -89.160856, 13.657595 ], [ -89.160844, 13.657635 ], [ -89.160781, 13.657759 ], [ -89.160718, 13.657883 ], [ -89.160675, 13.657968 ], [ -89.160632, 13.658053 ], [ -89.160626, 13.658067 ], [ -89.16062, 13.658081 ], [ -89.16064, 13.658125 ], [ -89.160621, 13.658146 ], [ -89.16061, 13.658157 ], [ -89.160594, 13.658175 ], [ -89.160557, 13.658228 ], [ -89.160533, 13.658263 ], [ -89.160496, 13.658317 ], [ -89.160482, 13.658341 ], [ -89.160471, 13.658361 ], [ -89.160454, 13.65839 ], [ -89.160443, 13.658407 ], [ -89.160432, 13.658425 ], [ -89.160416, 13.65845 ], [ -89.160402, 13.658469 ], [ -89.160384, 13.658493 ], [ -89.160358, 13.658528 ], [ -89.160355, 13.658531 ], [ -89.16035, 13.658536 ], [ -89.160155, 13.65838 ], [ -89.160134, 13.658345 ], [ -89.159972, 13.658331 ], [ -89.159861, 13.658283 ], [ -89.159789, 13.65825 ], [ -89.159749, 13.658243 ], [ -89.159608, 13.65813 ], [ -89.159531, 13.658028 ], [ -89.159319, 13.658025 ], [ -89.159089, 13.657901 ], [ -89.158848, 13.65801 ], [ -89.15875, 13.658 ], [ -89.158718, 13.657994 ], [ -89.158533, 13.657951 ], [ -89.15853, 13.657962 ], [ -89.158515, 13.65803 ], [ -89.158476, 13.658206 ], [ -89.158475, 13.658209 ], [ -89.158472, 13.658224 ], [ -89.158467, 13.658245 ], [ -89.158458, 13.658284 ], [ -89.158457, 13.65829 ], [ -89.158448, 13.658339 ], [ -89.158403, 13.658576 ], [ -89.158403, 13.658577 ], [ -89.158398, 13.65861 ], [ -89.158371, 13.658801 ], [ -89.15837, 13.658807 ], [ -89.158357, 13.658899 ], [ -89.158248, 13.659674 ], [ -89.158241, 13.65972 ], [ -89.158238, 13.659756 ], [ -89.158189, 13.660317 ], [ -89.158185, 13.660364 ], [ -89.158188, 13.660364 ], [ -89.158423, 13.660358 ], [ -89.158441, 13.660357 ], [ -89.158449, 13.660357 ], [ -89.15829, 13.66099 ], [ -89.158281, 13.661022 ], [ -89.158268, 13.661075 ], [ -89.158585, 13.661066 ], [ -89.158594, 13.661066 ], [ -89.158638, 13.661065 ], [ -89.159178, 13.661167 ], [ -89.15918, 13.661167 ], [ -89.159285, 13.661187 ], [ -89.159653, 13.661458 ], [ -89.159661, 13.661464 ], [ -89.159748, 13.661528 ], [ -89.160055, 13.661832 ], [ -89.16007, 13.661847 ], [ -89.160157, 13.661933 ], [ -89.160243, 13.662116 ], [ -89.160251, 13.662132 ], [ -89.160279, 13.662193 ], [ -89.160392, 13.662527 ], [ -89.160405, 13.662567 ], [ -89.160449, 13.662698 ], [ -89.160449, 13.662724 ], [ -89.160449, 13.662728 ], [ -89.160449, 13.66274 ], [ -89.160879, 13.662759 ], [ -89.16097, 13.662763 ], [ -89.161198, 13.662773 ], [ -89.161557, 13.662863 ], [ -89.161653, 13.662887 ], [ -89.161875, 13.662943 ], [ -89.161844, 13.663068 ], [ -89.161833, 13.663109 ], [ -89.16181, 13.6632 ], [ -89.16182, 13.663267 ], [ -89.161825, 13.663295 ], [ -89.161833, 13.663352 ], [ -89.161868, 13.663397 ], [ -89.161886, 13.66342 ], [ -89.161921, 13.663465 ], [ -89.161961, 13.66347 ], [ -89.161985, 13.663473 ], [ -89.162032, 13.66348 ], [ -89.162052, 13.663465 ], [ -89.162068, 13.663453 ], [ -89.162097, 13.663432 ], [ -89.162115, 13.663419 ], [ -89.162132, 13.663406 ], [ -89.162162, 13.663384 ], [ -89.162155, 13.663647 ], [ -89.162145, 13.663986 ], [ -89.162128, 13.664564 ], [ -89.162109, 13.664744 ], [ -89.162075, 13.665053 ], [ -89.162019, 13.665569 ], [ -89.162017, 13.665569 ], [ -89.162012, 13.665569 ], [ -89.162003, 13.66557 ], [ -89.161959, 13.665575 ], [ -89.16179, 13.665593 ], [ -89.161518, 13.665623 ], [ -89.161504, 13.66562 ], [ -89.161391, 13.665596 ], [ -89.161213, 13.665557 ], [ -89.161212, 13.665557 ], [ -89.161097, 13.665537 ], [ -89.160929, 13.665507 ], [ -89.160918, 13.665505 ], [ -89.160857, 13.665445 ], [ -89.160769, 13.665356 ], [ -89.160755, 13.665343 ], [ -89.160657, 13.665208 ], [ -89.160509, 13.665006 ], [ -89.160473, 13.664956 ], [ -89.160381, 13.664831 ], [ -89.160238, 13.664637 ], [ -89.16019, 13.66457 ], [ -89.159987, 13.66454 ], [ -89.159663, 13.664492 ], [ -89.159519, 13.664471 ], [ -89.159133, 13.664605 ], [ -89.15849, 13.664827 ], [ -89.15813, 13.664952 ], [ -89.158011, 13.665008 ], [ -89.157804, 13.665106 ], [ -89.157662, 13.665173 ], [ -89.157556, 13.665127 ], [ -89.157364, 13.665044 ], [ -89.157205, 13.664976 ], [ -89.157201, 13.664991 ], [ -89.15702, 13.665614 ], [ -89.156665, 13.666837 ], [ -89.156317, 13.668032 ], [ -89.156285, 13.668004 ], [ -89.15622, 13.667946 ], [ -89.156146, 13.667881 ], [ -89.15612, 13.667863 ], [ -89.156062, 13.667825 ], [ -89.155984, 13.667773 ], [ -89.155954, 13.667758 ], [ -89.155879, 13.66772 ], [ -89.155763, 13.667662 ], [ -89.155722, 13.667644 ], [ -89.155609, 13.667596 ], [ -89.155408, 13.66751 ], [ -89.155369, 13.66749 ], [ -89.155242, 13.667425 ], [ -89.15498, 13.667292 ], [ -89.154976, 13.667289 ], [ -89.154956, 13.667277 ], [ -89.154911, 13.667249 ], [ -89.154909, 13.667248 ], [ -89.1549, 13.667244 ], [ -89.154874, 13.667233 ], [ -89.154836, 13.667217 ], [ -89.154762, 13.667185 ], [ -89.154724, 13.667169 ], [ -89.154663, 13.667144 ], [ -89.154516, 13.667083 ], [ -89.154438, 13.667051 ], [ -89.154356, 13.667035 ], [ -89.154099, 13.666984 ], [ -89.153955, 13.666956 ], [ -89.153894, 13.666944 ], [ -89.153629, 13.666891 ], [ -89.153473, 13.666861 ], [ -89.15347, 13.66686 ], [ -89.153468, 13.66686 ], [ -89.153387, 13.666852 ], [ -89.152141, 13.66672 ], [ -89.151368, 13.666639 ], [ -89.151356, 13.666637 ], [ -89.15078, 13.666575 ], [ -89.150449, 13.666539 ], [ -89.150402, 13.666534 ], [ -89.15008, 13.666388 ], [ -89.149898, 13.666306 ], [ -89.149846, 13.666282 ], [ -89.149638, 13.666148 ], [ -89.149522, 13.666073 ], [ -89.14947, 13.66604 ], [ -89.149216, 13.665935 ], [ -89.149078, 13.665878 ], [ -89.148991, 13.665842 ], [ -89.148774, 13.665754 ], [ -89.148658, 13.665707 ], [ -89.148561, 13.665668 ], [ -89.148232, 13.665525 ], [ -89.148062, 13.665451 ], [ -89.147878, 13.665372 ], [ -89.147654, 13.665356 ], [ -89.147541, 13.665348 ], [ -89.147388, 13.665337 ], [ -89.147344, 13.665329 ], [ -89.147342, 13.665328 ], [ -89.147323, 13.665324 ], [ -89.147287, 13.665317 ], [ -89.147222, 13.66528 ], [ -89.147191, 13.665263 ], [ -89.147126, 13.665227 ], [ -89.147246, 13.665142 ], [ -89.1473, 13.665104 ], [ -89.147439, 13.665005 ], [ -89.14747, 13.664992 ], [ -89.147483, 13.664986 ], [ -89.147526, 13.664967 ], [ -89.147546, 13.664959 ], [ -89.147555, 13.664956 ], [ -89.147588, 13.664943 ], [ -89.147592, 13.664954 ], [ -89.147594, 13.664958 ], [ -89.147601, 13.664979 ], [ -89.14764, 13.664935 ], [ -89.147653, 13.66492 ], [ -89.147737, 13.664824 ], [ -89.14776, 13.6648 ], [ -89.147766, 13.664793 ], [ -89.147823, 13.664731 ], [ -89.147855, 13.66465 ], [ -89.147862, 13.664631 ], [ -89.147957, 13.664389 ], [ -89.147977, 13.66437 ], [ -89.14798, 13.664367 ], [ -89.148049, 13.664301 ], [ -89.148067, 13.664285 ], [ -89.148068, 13.664283 ], [ -89.148142, 13.664214 ], [ -89.148154, 13.664199 ], [ -89.148217, 13.664125 ], [ -89.14822, 13.664117 ], [ -89.14822, 13.664116 ], [ -89.148242, 13.664062 ], [ -89.148244, 13.664058 ], [ -89.148245, 13.664055 ], [ -89.148267, 13.664 ], [ -89.148268, 13.663997 ], [ -89.148269, 13.663991 ], [ -89.148283, 13.663902 ], [ -89.148283, 13.6639 ], [ -89.148282, 13.663897 ], [ -89.148269, 13.663845 ], [ -89.148268, 13.663841 ], [ -89.148268, 13.663839 ], [ -89.148255, 13.663788 ], [ -89.148253, 13.663782 ], [ -89.148252, 13.663779 ], [ -89.148196, 13.663651 ], [ -89.148187, 13.66363 ], [ -89.148186, 13.663628 ], [ -89.148182, 13.663549 ], [ -89.148181, 13.663534 ], [ -89.148181, 13.663531 ], [ -89.148167, 13.663385 ], [ -89.148164, 13.663352 ], [ -89.148163, 13.663341 ], [ -89.14811, 13.663256 ], [ -89.148096, 13.663233 ], [ -89.14809, 13.663223 ], [ -89.148036, 13.663094 ], [ -89.148019, 13.663052 ], [ -89.14801, 13.663032 ], [ -89.14795, 13.662931 ], [ -89.147928, 13.662893 ], [ -89.147916, 13.662873 ], [ -89.14785, 13.662764 ], [ -89.147821, 13.662716 ], [ -89.147804, 13.662688 ], [ -89.147789, 13.662682 ], [ -89.147781, 13.66268 ], [ -89.147776, 13.662678 ], [ -89.147762, 13.662673 ], [ -89.147754, 13.66267 ], [ -89.147748, 13.662668 ], [ -89.147723, 13.662646 ], [ -89.147707, 13.66263 ], [ -89.147694, 13.662619 ], [ -89.147672, 13.662599 ], [ -89.147654, 13.662583 ], [ -89.147641, 13.66257 ], [ -89.147616, 13.662556 ], [ -89.147593, 13.662541 ], [ -89.147574, 13.66253 ], [ -89.147516, 13.662514 ], [ -89.14745, 13.662495 ], [ -89.147396, 13.66248 ], [ -89.14737, 13.66248 ], [ -89.147334, 13.662481 ], [ -89.147304, 13.662481 ], [ -89.147247, 13.662488 ], [ -89.147149, 13.662498 ], [ -89.147066, 13.662508 ], [ -89.14705, 13.662485 ], [ -89.147016, 13.662434 ], [ -89.146986, 13.662389 ], [ -89.146974, 13.662371 ], [ -89.146939, 13.662318 ], [ -89.146907, 13.66227 ], [ -89.146848, 13.662245 ], [ -89.146589, 13.662137 ], [ -89.146355, 13.662038 ], [ -89.146331, 13.662014 ], [ -89.146142, 13.661826 ], [ -89.145968, 13.661654 ], [ -89.145966, 13.661657 ], [ -89.145919, 13.661738 ], [ -89.145877, 13.66181 ], [ -89.145874, 13.661814 ], [ -89.145809, 13.66192 ], [ -89.145753, 13.662011 ], [ -89.145744, 13.662025 ], [ -89.145688, 13.662023 ], [ -89.145639, 13.662022 ], [ -89.145626, 13.662021 ], [ -89.145543, 13.661965 ], [ -89.145471, 13.661916 ], [ -89.145442, 13.661897 ], [ -89.145405, 13.661889 ], [ -89.145374, 13.661883 ], [ -89.145357, 13.66188 ], [ -89.145285, 13.661879 ], [ -89.145222, 13.661878 ], [ -89.145179, 13.661878 ], [ -89.145119, 13.66194 ], [ -89.145067, 13.661995 ], [ -89.145022, 13.662043 ], [ -89.145003, 13.662062 ], [ -89.144987, 13.662079 ], [ -89.144969, 13.662096 ], [ -89.144957, 13.662109 ], [ -89.144946, 13.662121 ], [ -89.144931, 13.662135 ], [ -89.144899, 13.662153 ], [ -89.14487, 13.662168 ], [ -89.144826, 13.662191 ], [ -89.144796, 13.662207 ], [ -89.144769, 13.662221 ], [ -89.14472, 13.662247 ], [ -89.144703, 13.66225 ], [ -89.144686, 13.662252 ], [ -89.144651, 13.662256 ], [ -89.144635, 13.662258 ], [ -89.14462, 13.66226 ], [ -89.144581, 13.662265 ], [ -89.144458, 13.662265 ], [ -89.144451, 13.662263 ], [ -89.144444, 13.662261 ], [ -89.14442, 13.662254 ], [ -89.144414, 13.662252 ], [ -89.144408, 13.66225 ], [ -89.144382, 13.662242 ], [ -89.144374, 13.662234 ], [ -89.144366, 13.662226 ], [ -89.144324, 13.662183 ], [ -89.144312, 13.662167 ], [ -89.144299, 13.662151 ], [ -89.144214, 13.662041 ], [ -89.144205, 13.662029 ], [ -89.144194, 13.662015 ], [ -89.144105, 13.661899 ], [ -89.144095, 13.661895 ], [ -89.144083, 13.661891 ], [ -89.143951, 13.661838 ], [ -89.143941, 13.661834 ], [ -89.143925, 13.661827 ], [ -89.143689, 13.661723 ], [ -89.143686, 13.661722 ], [ -89.143675, 13.661717 ], [ -89.14343, 13.661609 ], [ -89.143427, 13.661608 ], [ -89.143426, 13.661608 ], [ -89.143354, 13.661578 ], [ -89.143351, 13.661577 ], [ -89.143298, 13.661556 ], [ -89.143297, 13.661555 ], [ -89.143294, 13.661554 ], [ -89.143119, 13.661486 ], [ -89.143112, 13.661483 ], [ -89.143095, 13.661477 ], [ -89.142861, 13.661504 ], [ -89.142845, 13.661506 ], [ -89.142815, 13.66151 ], [ -89.142598, 13.661568 ], [ -89.142578, 13.661574 ], [ -89.142541, 13.661584 ], [ -89.142473, 13.661602 ], [ -89.142464, 13.661605 ], [ -89.14245, 13.661609 ], [ -89.142373, 13.661619 ], [ -89.142361, 13.66162 ], [ -89.142341, 13.661623 ], [ -89.142209, 13.661636 ], [ -89.142182, 13.661639 ], [ -89.14214, 13.661643 ], [ -89.142001, 13.661658 ], [ -89.141967, 13.661661 ], [ -89.141914, 13.661667 ], [ -89.141905, 13.661668 ], [ -89.141902, 13.661668 ], [ -89.141898, 13.661669 ], [ -89.141788, 13.661671 ], [ -89.141748, 13.661673 ], [ -89.141689, 13.661674 ], [ -89.141605, 13.661676 ], [ -89.141568, 13.661677 ], [ -89.141515, 13.661679 ], [ -89.14148, 13.66168 ], [ -89.141461, 13.661681 ], [ -89.141434, 13.661682 ], [ -89.141353, 13.661716 ], [ -89.141302, 13.661738 ], [ -89.14123, 13.661768 ], [ -89.141169, 13.661794 ], [ -89.141123, 13.661813 ], [ -89.141058, 13.661841 ], [ -89.140984, 13.661877 ], [ -89.140915, 13.661911 ], [ -89.140818, 13.661959 ], [ -89.140789, 13.661978 ], [ -89.140754, 13.662 ], [ -89.140706, 13.66203 ], [ -89.140649, 13.66209 ], [ -89.140565, 13.66218 ], [ -89.140449, 13.662304 ], [ -89.140429, 13.662322 ], [ -89.14039, 13.662358 ], [ -89.140336, 13.662408 ], [ -89.140273, 13.66246 ], [ -89.140097, 13.662602 ], [ -89.139857, 13.662797 ], [ -89.139852, 13.6628 ], [ -89.139828, 13.662812 ], [ -89.139796, 13.662829 ], [ -89.139794, 13.662832 ], [ -89.13978, 13.662866 ], [ -89.139774, 13.662883 ], [ -89.139762, 13.662913 ], [ -89.139762, 13.662924 ], [ -89.139762, 13.662938 ], [ -89.139762, 13.662939 ], [ -89.139763, 13.66298 ], [ -89.139764, 13.663033 ], [ -89.139765, 13.663042 ], [ -89.139789, 13.663074 ], [ -89.13982, 13.663116 ], [ -89.139828, 13.663128 ], [ -89.139891, 13.663175 ], [ -89.139975, 13.663239 ], [ -89.140006, 13.663263 ], [ -89.140015, 13.663294 ], [ -89.140029, 13.663337 ], [ -89.140035, 13.663358 ], [ -89.14004, 13.663382 ], [ -89.140048, 13.663416 ], [ -89.140052, 13.663437 ], [ -89.140067, 13.663448 ], [ -89.140088, 13.663464 ], [ -89.140104, 13.663477 ], [ -89.140108, 13.663485 ], [ -89.140113, 13.663498 ], [ -89.140118, 13.66351 ], [ -89.140119, 13.663537 ], [ -89.140121, 13.663581 ], [ -89.140122, 13.663627 ], [ -89.140134, 13.663643 ], [ -89.140155, 13.663671 ], [ -89.14018, 13.663705 ], [ -89.140191, 13.663716 ], [ -89.140212, 13.663736 ], [ -89.140241, 13.663765 ], [ -89.140254, 13.663779 ], [ -89.140281, 13.663808 ], [ -89.140325, 13.663855 ], [ -89.140334, 13.663864 ], [ -89.140354, 13.663882 ], [ -89.140392, 13.663918 ], [ -89.140395, 13.663924 ], [ -89.140403, 13.663939 ], [ -89.140421, 13.663973 ], [ -89.140422, 13.663976 ], [ -89.140426, 13.663988 ], [ -89.140434, 13.664019 ], [ -89.140434, 13.664022 ], [ -89.140433, 13.664035 ], [ -89.14043, 13.664073 ], [ -89.140431, 13.664074 ], [ -89.140434, 13.664081 ], [ -89.140435, 13.664082 ], [ -89.140446, 13.664103 ], [ -89.140445, 13.664104 ], [ -89.140435, 13.664123 ], [ -89.140396, 13.664197 ], [ -89.140395, 13.664199 ], [ -89.140378, 13.664227 ], [ -89.1403, 13.664361 ], [ -89.140296, 13.664368 ], [ -89.140287, 13.664404 ], [ -89.14023, 13.664641 ], [ -89.140226, 13.664659 ], [ -89.140218, 13.664674 ], [ -89.140141, 13.664833 ], [ -89.140132, 13.66485 ], [ -89.140089, 13.664887 ], [ -89.139027, 13.665777 ], [ -89.138896, 13.665887 ], [ -89.138885, 13.665896 ], [ -89.138776, 13.666103 ], [ -89.138765, 13.666124 ], [ -89.138759, 13.666137 ], [ -89.138684, 13.666189 ], [ -89.138678, 13.666193 ], [ -89.13867, 13.666199 ], [ -89.138568, 13.666258 ], [ -89.138562, 13.666262 ], [ -89.138544, 13.666272 ], [ -89.138337, 13.666276 ], [ -89.13833, 13.666276 ], [ -89.138281, 13.666277 ], [ -89.138272, 13.666456 ], [ -89.138272, 13.666458 ], [ -89.138269, 13.666512 ], [ -89.138262, 13.666551 ], [ -89.138262, 13.666552 ], [ -89.138259, 13.666566 ], [ -89.13825, 13.66659 ], [ -89.138249, 13.666591 ], [ -89.138245, 13.666601 ], [ -89.138232, 13.666617 ], [ -89.138231, 13.666618 ], [ -89.138224, 13.666625 ], [ -89.137914, 13.666882 ], [ -89.137878, 13.666912 ], [ -89.137705, 13.667056 ], [ -89.137653, 13.667104 ], [ -89.137645, 13.667112 ], [ -89.137612, 13.667144 ], [ -89.13758, 13.667183 ], [ -89.137573, 13.667191 ], [ -89.137548, 13.667221 ], [ -89.137533, 13.667243 ], [ -89.137528, 13.66725 ], [ -89.137515, 13.66727 ], [ -89.137506, 13.667343 ], [ -89.137503, 13.667368 ], [ -89.137494, 13.667444 ], [ -89.137492, 13.667472 ], [ -89.137492, 13.667484 ], [ -89.13749, 13.667518 ], [ -89.137417, 13.667573 ], [ -89.137377, 13.667605 ], [ -89.137272, 13.667685 ], [ -89.13724, 13.667748 ], [ -89.137218, 13.667792 ], [ -89.137163, 13.667901 ], [ -89.137133, 13.667938 ], [ -89.137106, 13.667972 ], [ -89.137042, 13.668052 ], [ -89.137006, 13.668073 ], [ -89.136963, 13.668098 ], [ -89.136865, 13.668155 ], [ -89.136849, 13.668173 ], [ -89.136822, 13.668203 ], [ -89.136763, 13.668269 ], [ -89.136753, 13.668272 ], [ -89.136728, 13.668279 ], [ -89.136674, 13.668295 ], [ -89.136667, 13.668297 ], [ -89.13664, 13.668305 ], [ -89.136584, 13.668321 ], [ -89.136583, 13.668321 ], [ -89.136575, 13.668329 ], [ -89.13656, 13.668345 ], [ -89.136559, 13.668346 ], [ -89.136554, 13.668354 ], [ -89.136545, 13.668368 ], [ -89.136544, 13.66837 ], [ -89.136541, 13.668374 ], [ -89.136536, 13.668381 ], [ -89.136535, 13.668383 ], [ -89.136531, 13.668395 ], [ -89.136523, 13.668421 ], [ -89.136521, 13.668427 ], [ -89.136517, 13.668444 ], [ -89.13651, 13.668481 ], [ -89.136507, 13.668494 ], [ -89.136506, 13.668498 ], [ -89.136504, 13.668509 ], [ -89.136503, 13.668513 ], [ -89.136501, 13.668524 ], [ -89.136496, 13.66855 ], [ -89.136493, 13.668564 ], [ -89.136489, 13.66857 ], [ -89.13648, 13.668587 ], [ -89.136473, 13.668597 ], [ -89.136472, 13.6686 ], [ -89.136468, 13.668609 ], [ -89.136466, 13.668616 ], [ -89.136465, 13.668619 ], [ -89.136463, 13.66863 ], [ -89.136461, 13.66864 ], [ -89.136461, 13.668644 ], [ -89.136461, 13.668657 ], [ -89.136461, 13.668672 ], [ -89.136461, 13.668676 ], [ -89.136461, 13.66868 ], [ -89.136459, 13.668684 ], [ -89.136445, 13.668716 ], [ -89.136427, 13.668758 ], [ -89.136426, 13.66876 ], [ -89.136419, 13.668774 ], [ -89.136408, 13.668795 ], [ -89.136405, 13.668808 ], [ -89.136399, 13.668828 ], [ -89.136399, 13.668829 ], [ -89.136397, 13.66884 ], [ -89.136394, 13.668861 ], [ -89.136394, 13.668863 ], [ -89.136395, 13.668866 ], [ -89.136398, 13.668873 ], [ -89.136399, 13.668874 ], [ -89.136405, 13.668882 ], [ -89.136425, 13.668906 ], [ -89.136427, 13.668909 ], [ -89.136432, 13.668914 ], [ -89.136451, 13.668932 ], [ -89.136454, 13.668935 ], [ -89.136459, 13.668939 ], [ -89.136486, 13.668959 ], [ -89.136491, 13.668963 ], [ -89.136496, 13.668967 ], [ -89.136533, 13.668995 ], [ -89.136541, 13.669001 ], [ -89.136543, 13.669003 ], [ -89.136566, 13.669034 ], [ -89.136572, 13.669041 ], [ -89.13658, 13.669047 ], [ -89.136581, 13.669049 ], [ -89.136582, 13.669049 ], [ -89.136604, 13.669051 ], [ -89.136609, 13.669051 ], [ -89.136611, 13.669051 ], [ -89.136624, 13.669054 ], [ -89.136627, 13.669055 ], [ -89.136629, 13.669056 ], [ -89.136653, 13.669065 ], [ -89.136657, 13.669067 ], [ -89.136662, 13.669069 ], [ -89.136674, 13.669079 ], [ -89.136676, 13.66908 ], [ -89.13668, 13.669083 ], [ -89.136683, 13.669087 ], [ -89.136684, 13.669088 ], [ -89.136685, 13.669089 ], [ -89.136692, 13.669102 ], [ -89.136693, 13.669103 ], [ -89.136696, 13.669108 ], [ -89.136705, 13.669125 ], [ -89.136706, 13.669127 ], [ -89.13671, 13.669136 ], [ -89.136728, 13.669191 ], [ -89.136729, 13.669194 ], [ -89.13674, 13.66923 ], [ -89.136743, 13.669242 ], [ -89.136744, 13.669242 ], [ -89.136746, 13.669251 ], [ -89.136746, 13.669252 ], [ -89.136747, 13.669253 ], [ -89.136748, 13.669255 ], [ -89.13675, 13.669258 ], [ -89.136754, 13.669259 ], [ -89.136759, 13.66926 ], [ -89.136764, 13.669259 ], [ -89.136765, 13.669259 ], [ -89.136772, 13.669257 ], [ -89.136779, 13.669256 ], [ -89.136781, 13.669256 ], [ -89.136792, 13.669255 ], [ -89.136799, 13.669257 ], [ -89.136801, 13.669258 ], [ -89.136814, 13.669262 ], [ -89.136818, 13.669265 ], [ -89.13682, 13.669266 ], [ -89.136829, 13.669271 ], [ -89.136831, 13.669274 ], [ -89.136833, 13.669276 ], [ -89.136839, 13.669285 ], [ -89.136841, 13.669287 ], [ -89.136842, 13.669289 ], [ -89.136846, 13.669297 ], [ -89.136846, 13.6693 ], [ -89.136845, 13.669304 ], [ -89.136844, 13.669318 ], [ -89.136843, 13.66932 ], [ -89.136842, 13.669323 ], [ -89.136839, 13.669335 ], [ -89.136839, 13.669336 ], [ -89.136838, 13.669339 ], [ -89.136834, 13.669348 ], [ -89.13683, 13.669355 ], [ -89.136817, 13.669377 ], [ -89.136816, 13.669378 ], [ -89.136812, 13.669383 ], [ -89.136801, 13.669401 ], [ -89.1368, 13.669403 ], [ -89.136793, 13.669411 ], [ -89.136771, 13.669439 ], [ -89.136767, 13.669444 ], [ -89.136765, 13.669445 ], [ -89.136758, 13.669451 ], [ -89.136756, 13.669452 ], [ -89.13675, 13.669455 ], [ -89.136725, 13.669469 ], [ -89.136716, 13.669474 ], [ -89.136711, 13.669477 ], [ -89.136682, 13.669494 ], [ -89.13667, 13.669501 ], [ -89.136665, 13.669506 ], [ -89.136634, 13.669533 ], [ -89.136619, 13.669547 ], [ -89.136618, 13.669549 ], [ -89.13661, 13.669559 ], [ -89.136605, 13.669565 ], [ -89.136604, 13.669566 ], [ -89.136596, 13.669577 ], [ -89.136591, 13.669584 ], [ -89.136591, 13.669585 ], [ -89.136584, 13.669596 ], [ -89.136579, 13.669604 ], [ -89.136574, 13.669613 ], [ -89.13657, 13.669621 ], [ -89.136567, 13.669627 ], [ -89.136564, 13.669633 ], [ -89.136561, 13.669644 ], [ -89.136559, 13.669656 ], [ -89.136558, 13.669658 ], [ -89.136557, 13.669666 ], [ -89.136556, 13.669676 ], [ -89.136556, 13.669678 ], [ -89.136555, 13.66968 ], [ -89.136555, 13.669682 ], [ -89.136555, 13.669683 ], [ -89.136554, 13.669692 ], [ -89.136553, 13.669709 ], [ -89.136552, 13.669713 ], [ -89.136552, 13.669719 ], [ -89.136551, 13.669733 ], [ -89.136551, 13.669737 ], [ -89.13655, 13.669744 ], [ -89.136549, 13.669765 ], [ -89.136549, 13.669772 ], [ -89.136549, 13.669774 ], [ -89.136548, 13.669781 ], [ -89.136547, 13.669784 ], [ -89.136546, 13.669791 ], [ -89.136539, 13.669826 ], [ -89.136536, 13.66984 ], [ -89.136535, 13.669841 ], [ -89.136531, 13.669854 ], [ -89.13653, 13.669859 ], [ -89.136529, 13.66986 ], [ -89.136523, 13.669876 ], [ -89.13652, 13.669883 ], [ -89.136517, 13.66989 ], [ -89.136516, 13.669893 ], [ -89.136512, 13.669901 ], [ -89.13651, 13.669904 ], [ -89.13651, 13.669905 ], [ -89.136504, 13.669912 ], [ -89.136502, 13.669914 ], [ -89.136501, 13.669916 ], [ -89.136493, 13.669926 ], [ -89.13649, 13.66993 ], [ -89.136488, 13.669933 ], [ -89.136486, 13.669934 ], [ -89.136485, 13.669935 ], [ -89.136484, 13.669936 ], [ -89.136483, 13.66994 ], [ -89.136483, 13.669941 ], [ -89.136483, 13.669943 ], [ -89.136483, 13.669953 ], [ -89.136483, 13.669964 ], [ -89.136484, 13.669966 ], [ -89.136484, 13.669973 ], [ -89.136484, 13.669987 ], [ -89.136479, 13.670003 ], [ -89.136478, 13.670006 ], [ -89.136474, 13.670021 ], [ -89.136471, 13.670028 ], [ -89.136471, 13.67003 ], [ -89.136468, 13.670038 ], [ -89.136466, 13.670042 ], [ -89.136466, 13.670043 ], [ -89.136464, 13.670047 ], [ -89.136463, 13.670051 ], [ -89.136463, 13.670052 ], [ -89.136461, 13.670058 ], [ -89.13646, 13.670062 ], [ -89.13646, 13.670063 ], [ -89.13646, 13.670071 ], [ -89.13646, 13.670074 ], [ -89.136461, 13.670079 ], [ -89.136461, 13.67009 ], [ -89.136461, 13.670093 ], [ -89.13646, 13.6701 ], [ -89.13646, 13.670111 ], [ -89.13646, 13.670113 ], [ -89.136459, 13.670114 ], [ -89.136458, 13.67012 ], [ -89.136458, 13.670122 ], [ -89.136457, 13.670123 ], [ -89.136454, 13.670134 ], [ -89.136453, 13.670136 ], [ -89.136452, 13.67014 ], [ -89.136446, 13.670166 ], [ -89.136446, 13.670167 ], [ -89.136445, 13.670171 ], [ -89.136441, 13.670197 ], [ -89.13644, 13.670204 ], [ -89.136439, 13.670238 ], [ -89.136438, 13.67024 ], [ -89.136438, 13.670241 ], [ -89.136438, 13.670245 ], [ -89.136438, 13.670249 ], [ -89.136436, 13.670279 ], [ -89.136436, 13.670284 ], [ -89.136436, 13.670286 ], [ -89.136436, 13.670304 ], [ -89.136436, 13.670309 ], [ -89.136435, 13.670311 ], [ -89.136425, 13.670336 ], [ -89.136422, 13.670344 ], [ -89.136421, 13.670345 ], [ -89.136409, 13.670367 ], [ -89.136404, 13.670376 ], [ -89.136389, 13.6704 ], [ -89.136383, 13.67041 ], [ -89.136382, 13.670411 ], [ -89.136378, 13.670425 ], [ -89.136376, 13.670432 ], [ -89.136376, 13.670433 ], [ -89.136372, 13.670447 ], [ -89.136371, 13.670455 ], [ -89.13637, 13.670457 ], [ -89.136367, 13.670465 ], [ -89.136365, 13.67047 ], [ -89.136365, 13.670472 ], [ -89.136359, 13.670478 ], [ -89.136355, 13.670482 ], [ -89.136354, 13.670484 ], [ -89.136347, 13.670491 ], [ -89.136341, 13.670496 ], [ -89.136339, 13.670499 ], [ -89.136334, 13.670504 ], [ -89.136329, 13.67051 ], [ -89.136327, 13.670512 ], [ -89.136324, 13.67052 ], [ -89.136321, 13.670529 ], [ -89.13632, 13.670533 ], [ -89.136318, 13.670541 ], [ -89.136316, 13.670551 ], [ -89.136314, 13.670556 ], [ -89.13631, 13.67056 ], [ -89.136303, 13.670567 ], [ -89.136299, 13.670571 ], [ -89.136299, 13.670573 ], [ -89.136297, 13.670577 ], [ -89.136296, 13.670579 ], [ -89.136295, 13.670582 ], [ -89.136295, 13.670587 ], [ -89.136294, 13.670591 ], [ -89.136294, 13.670594 ], [ -89.136293, 13.670605 ], [ -89.136293, 13.670612 ], [ -89.136293, 13.670613 ], [ -89.136298, 13.670621 ], [ -89.136301, 13.670627 ], [ -89.136302, 13.670628 ], [ -89.13631, 13.670637 ], [ -89.136316, 13.670644 ], [ -89.136324, 13.670658 ], [ -89.136329, 13.670666 ], [ -89.136329, 13.670667 ], [ -89.136337, 13.670685 ], [ -89.136341, 13.670696 ], [ -89.136342, 13.670699 ], [ -89.136348, 13.670707 ], [ -89.136351, 13.670712 ], [ -89.136353, 13.670713 ], [ -89.136361, 13.670717 ], [ -89.136367, 13.670719 ], [ -89.136369, 13.67072 ], [ -89.136381, 13.670724 ], [ -89.136388, 13.670727 ], [ -89.136392, 13.670729 ], [ -89.13641, 13.670736 ], [ -89.136421, 13.67074 ], [ -89.13643, 13.670744 ], [ -89.136446, 13.670748 ], [ -89.136455, 13.67075 ], [ -89.136465, 13.670752 ], [ -89.136481, 13.670757 ], [ -89.13649, 13.67076 ], [ -89.136503, 13.670764 ], [ -89.136511, 13.670766 ], [ -89.136515, 13.670768 ], [ -89.136522, 13.67077 ], [ -89.136532, 13.670777 ], [ -89.136536, 13.67078 ], [ -89.136547, 13.670788 ], [ -89.136552, 13.670793 ], [ -89.136554, 13.670796 ], [ -89.136561, 13.670803 ], [ -89.136564, 13.670807 ], [ -89.136565, 13.670809 ], [ -89.136569, 13.670815 ], [ -89.136571, 13.670819 ], [ -89.136571, 13.67082 ], [ -89.136573, 13.670826 ], [ -89.136573, 13.670828 ], [ -89.136573, 13.670829 ], [ -89.136574, 13.670832 ], [ -89.136574, 13.670836 ], [ -89.136574, 13.670837 ], [ -89.136575, 13.670846 ], [ -89.136575, 13.670867 ], [ -89.136575, 13.670872 ], [ -89.136574, 13.670873 ], [ -89.136572, 13.670888 ], [ -89.13657, 13.670891 ], [ -89.136569, 13.670892 ], [ -89.136561, 13.670904 ], [ -89.136559, 13.670906 ], [ -89.136551, 13.670917 ], [ -89.13655, 13.670917 ], [ -89.136547, 13.670922 ], [ -89.136543, 13.670924 ], [ -89.136515, 13.670942 ], [ -89.136513, 13.670942 ], [ -89.136512, 13.670943 ], [ -89.136474, 13.670958 ], [ -89.136473, 13.670959 ], [ -89.136452, 13.67097 ], [ -89.136451, 13.67097 ], [ -89.136449, 13.670971 ], [ -89.136407, 13.670995 ], [ -89.136403, 13.670997 ], [ -89.136379, 13.671019 ], [ -89.136376, 13.671022 ], [ -89.13636, 13.671047 ], [ -89.136358, 13.671051 ], [ -89.136357, 13.671052 ], [ -89.136355, 13.671072 ], [ -89.136354, 13.671076 ], [ -89.136354, 13.671078 ], [ -89.136353, 13.671104 ], [ -89.136353, 13.67111 ], [ -89.136353, 13.671113 ], [ -89.13636, 13.671151 ], [ -89.136362, 13.671161 ], [ -89.136364, 13.671167 ], [ -89.136373, 13.671196 ], [ -89.136376, 13.671206 ], [ -89.136378, 13.671211 ], [ -89.136391, 13.671244 ], [ -89.136395, 13.671256 ], [ -89.136399, 13.671264 ], [ -89.136412, 13.671289 ], [ -89.136418, 13.671299 ], [ -89.136422, 13.671307 ], [ -89.136403, 13.671317 ], [ -89.136394, 13.671322 ], [ -89.136386, 13.671326 ], [ -89.136353, 13.671344 ], [ -89.136333, 13.671354 ], [ -89.136318, 13.671363 ], [ -89.136299, 13.671381 ], [ -89.136286, 13.671394 ], [ -89.136275, 13.671405 ], [ -89.136245, 13.671429 ], [ -89.13622, 13.671449 ], [ -89.136199, 13.671466 ], [ -89.136161, 13.671497 ], [ -89.136123, 13.671527 ], [ -89.13609, 13.671553 ], [ -89.136048, 13.67158 ], [ -89.135998, 13.671612 ], [ -89.135953, 13.67164 ], [ -89.135932, 13.671652 ], [ -89.135903, 13.671668 ], [ -89.135875, 13.671683 ], [ -89.135873, 13.671683 ], [ -89.135868, 13.671684 ], [ -89.135864, 13.671684 ], [ -89.135832, 13.671683 ], [ -89.135757, 13.671682 ], [ -89.135687, 13.67168 ], [ -89.135675, 13.67168 ], [ -89.135638, 13.671681 ], [ -89.135603, 13.671681 ], [ -89.13559, 13.67168 ], [ -89.135523, 13.671676 ], [ -89.135458, 13.671672 ], [ -89.135457, 13.671672 ], [ -89.135455, 13.671672 ], [ -89.135453, 13.671671 ], [ -89.135373, 13.671655 ], [ -89.135301, 13.67164 ], [ -89.135295, 13.671638 ], [ -89.135273, 13.671641 ], [ -89.135254, 13.671643 ], [ -89.13525, 13.671643 ], [ -89.135231, 13.671655 ], [ -89.135213, 13.671666 ], [ -89.135207, 13.67167 ], [ -89.135192, 13.671704 ], [ -89.135179, 13.671736 ], [ -89.135173, 13.67175 ], [ -89.135037, 13.671758 ], [ -89.135032, 13.671758 ], [ -89.134993, 13.67176 ], [ -89.133413, 13.671928 ], [ -89.133395, 13.671929 ], [ -89.132833, 13.671989 ], [ -89.132641, 13.670862 ], [ -89.132637, 13.670839 ], [ -89.132557, 13.67037 ], [ -89.132554, 13.670351 ], [ -89.132448, 13.669729 ], [ -89.132438, 13.669671 ], [ -89.132382, 13.66934 ], [ -89.131921, 13.669621 ], [ -89.131856, 13.669661 ], [ -89.131566, 13.669837 ], [ -89.131353, 13.669409 ], [ -89.131311, 13.669324 ], [ -89.131157, 13.669014 ], [ -89.131215, 13.668648 ], [ -89.131231, 13.668552 ], [ -89.13128, 13.668246 ], [ -89.131177, 13.668085 ], [ -89.131142, 13.668031 ], [ -89.131043, 13.667875 ], [ -89.130773, 13.66783 ], [ -89.130656, 13.66781 ], [ -89.13035, 13.667759 ], [ -89.130263, 13.667744 ], [ -89.130188, 13.667731 ], [ -89.130173, 13.667753 ], [ -89.130196, 13.667593 ], [ -89.130279, 13.667026 ], [ -89.130309, 13.666774 ], [ -89.130383, 13.666623 ], [ -89.130508, 13.666443 ], [ -89.130619, 13.666311 ], [ -89.13072, 13.66626 ], [ -89.130794, 13.666254 ], [ -89.130935, 13.666263 ], [ -89.131052, 13.666308 ], [ -89.131104, 13.666326 ], [ -89.131144, 13.666338 ], [ -89.131206, 13.666305 ], [ -89.131307, 13.666214 ], [ -89.131463, 13.666127 ], [ -89.131571, 13.666109 ], [ -89.131654, 13.666103 ], [ -89.131743, 13.6661 ], [ -89.131804, 13.6661 ], [ -89.131939, 13.665986 ], [ -89.132001, 13.665926 ], [ -89.132069, 13.665896 ], [ -89.132523, 13.665895 ], [ -89.132577, 13.665888 ], [ -89.132654, 13.665833 ], [ -89.132813, 13.665758 ], [ -89.132949, 13.665734 ], [ -89.133437, 13.665731 ], [ -89.133696, 13.665727 ], [ -89.133757, 13.665703 ], [ -89.133797, 13.665667 ], [ -89.133834, 13.665589 ], [ -89.133868, 13.665427 ], [ -89.133901, 13.665358 ], [ -89.133956, 13.665262 ], [ -89.134002, 13.665196 ], [ -89.134018, 13.665139 ], [ -89.133984, 13.665031 ], [ -89.13395, 13.664868 ], [ -89.133925, 13.66464 ], [ -89.133959, 13.664391 ], [ -89.133977, 13.664255 ], [ -89.133962, 13.664102 ], [ -89.133925, 13.66383 ], [ -89.133912, 13.663625 ], [ -89.133937, 13.663405 ], [ -89.133977, 13.663222 ], [ -89.134099, 13.66285 ], [ -89.134219, 13.662546 ], [ -89.134396, 13.662298 ], [ -89.134535, 13.66215 ], [ -89.134657, 13.662051 ], [ -89.13482, 13.661985 ], [ -89.13526, 13.661867 ], [ -89.135858, 13.661714 ], [ -89.135965, 13.661663 ], [ -89.136021, 13.661611 ], [ -89.136393, 13.661344 ], [ -89.136745, 13.660933 ], [ -89.1374, 13.660513 ], [ -89.137661, 13.660406 ], [ -89.138375, 13.660307 ], [ -89.138518, 13.660291 ], [ -89.138879, 13.660323 ], [ -89.139417, 13.660183 ], [ -89.140069, 13.660178 ], [ -89.140578, 13.660415 ], [ -89.140776, 13.660546 ], [ -89.140974, 13.660367 ], [ -89.141169, 13.660259 ], [ -89.141502, 13.660134 ], [ -89.141839, 13.659993 ], [ -89.141971, 13.659914 ], [ -89.142333, 13.659775 ], [ -89.142509, 13.659643 ], [ -89.142707, 13.659583 ], [ -89.143069, 13.659564 ], [ -89.143458, 13.659497 ], [ -89.143588, 13.659454 ], [ -89.143717, 13.65937 ], [ -89.143842, 13.659217 ], [ -89.143935, 13.659147 ], [ -89.144101, 13.659121 ], [ -89.144326, 13.659183 ], [ -89.14447, 13.659252 ], [ -89.144719, 13.659416 ], [ -89.14484, 13.659496 ], [ -89.145268, 13.659685 ], [ -89.145811, 13.659936 ], [ -89.146144, 13.66011 ], [ -89.146332, 13.660222 ], [ -89.146706, 13.660488 ], [ -89.147049, 13.660602 ], [ -89.147271, 13.660703 ], [ -89.147531, 13.660781 ], [ -89.147692, 13.660822 ], [ -89.147849, 13.660798 ], [ -89.147995, 13.660724 ], [ -89.148081, 13.660709 ], [ -89.148093, 13.66071 ], [ -89.148164, 13.660714 ], [ -89.148416, 13.660716 ], [ -89.148656, 13.66069 ], [ -89.149394, 13.660644 ], [ -89.149991, 13.660708 ], [ -89.150116, 13.660686 ], [ -89.150204, 13.660655 ], [ -89.150248, 13.6606 ], [ -89.150306, 13.660567 ], [ -89.150384, 13.660574 ], [ -89.150595, 13.660677 ], [ -89.150717, 13.660732 ], [ -89.150803, 13.660731 ], [ -89.150913, 13.660715 ], [ -89.151028, 13.660662 ], [ -89.151096, 13.660585 ], [ -89.151179, 13.660444 ], [ -89.151272, 13.660317 ], [ -89.151514, 13.660236 ], [ -89.151661, 13.660166 ], [ -89.151783, 13.660076 ], [ -89.151861, 13.659994 ], [ -89.151983, 13.659738 ], [ -89.152296, 13.659272 ], [ -89.152648, 13.65902 ], [ -89.152712, 13.658963 ], [ -89.15291, 13.658767 ], [ -89.153186, 13.658381 ], [ -89.153227, 13.658336 ], [ -89.153928, 13.657685 ], [ -89.154186, 13.657431 ], [ -89.154272, 13.657346 ], [ -89.15436, 13.657217 ], [ -89.154416, 13.657143 ], [ -89.154777, 13.657021 ], [ -89.154858, 13.656956 ], [ -89.154859, 13.656955 ], [ -89.154939, 13.656873 ], [ -89.155274, 13.656602 ] ] ] } },
{ "type": "Feature", "properties": { "fid": 287, "CANTON": "EL CIPRES", "DISTRITO": "SANTO TOMAS" }, "geometry": { "type": "Polygon", "coordinates": [ [ [ -89.143514, 13.655868 ], [ -89.143564, 13.655456 ], [ -89.143567, 13.655363 ], [ -89.143543, 13.655243 ], [ -89.143481, 13.655187 ], [ -89.14337, 13.655124 ], [ -89.143253, 13.655103 ], [ -89.143099, 13.654992 ], [ -89.143059, 13.654929 ], [ -89.143027, 13.65486 ], [ -89.143007, 13.654778 ], [ -89.14301, 13.654654 ], [ -89.143025, 13.654522 ], [ -89.143032, 13.654442 ], [ -89.143086, 13.654202 ], [ -89.143133, 13.653971 ], [ -89.14316, 13.653821 ], [ -89.143189, 13.653542 ], [ -89.143202, 13.653461 ], [ -89.143246, 13.653359 ], [ -89.143301, 13.653271 ], [ -89.143397, 13.653241 ], [ -89.143596, 13.653209 ], [ -89.143694, 13.653127 ], [ -89.143821, 13.653088 ], [ -89.143874, 13.652988 ], [ -89.143989, 13.6529 ], [ -89.144106, 13.652681 ], [ -89.143949, 13.652627 ], [ -89.143912, 13.652524 ], [ -89.143915, 13.652444 ], [ -89.143848, 13.652423 ], [ -89.1438, 13.652386 ], [ -89.143853, 13.652124 ], [ -89.143874, 13.652099 ], [ -89.143924, 13.652112 ], [ -89.143983, 13.652028 ], [ -89.143996, 13.651977 ], [ -89.143993, 13.6519 ], [ -89.143996, 13.651826 ], [ -89.144017, 13.651748 ], [ -89.144079, 13.651641 ], [ -89.144141, 13.65158 ], [ -89.14422, 13.651526 ], [ -89.144347, 13.651445 ], [ -89.144474, 13.651253 ], [ -89.144556, 13.651099 ], [ -89.144598, 13.651005 ], [ -89.14466, 13.650958 ], [ -89.144784, 13.650884 ], [ -89.144832, 13.650825 ], [ -89.144852, 13.650739 ], [ -89.144873, 13.650611 ], [ -89.144972, 13.650364 ], [ -89.145014, 13.650303 ], [ -89.145125, 13.650229 ], [ -89.14571, 13.650086 ], [ -89.14579, 13.650079 ], [ -89.145907, 13.650085 ], [ -89.146006, 13.650065 ], [ -89.146104, 13.650031 ], [ -89.146209, 13.649987 ], [ -89.14621, 13.649868 ], [ -89.146248, 13.649576 ], [ -89.146273, 13.649498 ], [ -89.146384, 13.649254 ], [ -89.146654, 13.649512 ], [ -89.146894, 13.649759 ], [ -89.147891, 13.650787 ], [ -89.147986, 13.650885 ], [ -89.148189, 13.651091 ], [ -89.149132, 13.652051 ], [ -89.149308, 13.652249 ], [ -89.150144, 13.653192 ], [ -89.150726, 13.653743 ], [ -89.151215, 13.654073 ], [ -89.151712, 13.654348 ], [ -89.152023, 13.654448 ], [ -89.152314, 13.654541 ], [ -89.152523, 13.65461 ], [ -89.152896, 13.654734 ], [ -89.153703, 13.654715 ], [ -89.15387, 13.654686 ], [ -89.154398, 13.654595 ], [ -89.154957, 13.654442 ], [ -89.155139, 13.654392 ], [ -89.156004, 13.654025 ], [ -89.156783, 13.653639 ], [ -89.15774, 13.65316 ], [ -89.158773, 13.652636 ], [ -89.159902, 13.65219 ], [ -89.160598, 13.652003 ], [ -89.160849, 13.651943 ], [ -89.161071, 13.652154 ], [ -89.161082, 13.652197 ], [ -89.161138, 13.652266 ], [ -89.161194, 13.652319 ], [ -89.161296, 13.652408 ], [ -89.161388, 13.652495 ], [ -89.161613, 13.652728 ], [ -89.161706, 13.652808 ], [ -89.161776, 13.652835 ], [ -89.161864, 13.652856 ], [ -89.16194, 13.652867 ], [ -89.161953, 13.652869 ], [ -89.162128, 13.652882 ], [ -89.16223, 13.652887 ], [ -89.16234, 13.652876 ], [ -89.162509, 13.652837 ], [ -89.162383, 13.652945 ], [ -89.1623, 13.652992 ], [ -89.162297, 13.652992 ], [ -89.162232, 13.653 ], [ -89.162149, 13.652995 ], [ -89.162063, 13.652979 ], [ -89.162012, 13.652976 ], [ -89.161894, 13.653 ], [ -89.161873, 13.653001 ], [ -89.161824, 13.653003 ], [ -89.161768, 13.653024 ], [ -89.161636, 13.653053 ], [ -89.16158, 13.653074 ], [ -89.161525, 13.653107 ], [ -89.161499, 13.653157 ], [ -89.161502, 13.653213 ], [ -89.161537, 13.65341 ], [ -89.161637, 13.653526 ], [ -89.161742, 13.653679 ], [ -89.161396, 13.653902 ], [ -89.161328, 13.653945 ], [ -89.161324, 13.653948 ], [ -89.161028, 13.654159 ], [ -89.160839, 13.654311 ], [ -89.160805, 13.654946 ], [ -89.160429, 13.654769 ], [ -89.159915, 13.654611 ], [ -89.15957, 13.654562 ], [ -89.159057, 13.654656 ], [ -89.158375, 13.654945 ], [ -89.158001, 13.65496 ], [ -89.157634, 13.654932 ], [ -89.157176, 13.654812 ], [ -89.157157, 13.654766 ], [ -89.157118, 13.654809 ], [ -89.157048, 13.654917 ], [ -89.156875, 13.655252 ], [ -89.15662, 13.655276 ], [ -89.156523, 13.655372 ], [ -89.156276, 13.655487 ], [ -89.156136, 13.655564 ], [ -89.155911, 13.655631 ], [ -89.155823, 13.655791 ], [ -89.155731, 13.655889 ], [ -89.155745, 13.656004 ], [ -89.15578, 13.656136 ], [ -89.155677, 13.656313 ], [ -89.155513, 13.656432 ], [ -89.155467, 13.656483 ], [ -89.155274, 13.656602 ], [ -89.154939, 13.656873 ], [ -89.154859, 13.656955 ], [ -89.154858, 13.656956 ], [ -89.154777, 13.657021 ], [ -89.154416, 13.657143 ], [ -89.15436, 13.657217 ], [ -89.154272, 13.657346 ], [ -89.154186, 13.657431 ], [ -89.153928, 13.657685 ], [ -89.153227, 13.658336 ], [ -89.153186, 13.658381 ], [ -89.15291, 13.658767 ], [ -89.152712, 13.658963 ], [ -89.152648, 13.65902 ], [ -89.152296, 13.659272 ], [ -89.151983, 13.659738 ], [ -89.151861, 13.659994 ], [ -89.151783, 13.660076 ], [ -89.151661, 13.660166 ], [ -89.151514, 13.660236 ], [ -89.151272, 13.660317 ], [ -89.151179, 13.660444 ], [ -89.151096, 13.660585 ], [ -89.151028, 13.660662 ], [ -89.150913, 13.660715 ], [ -89.150803, 13.660731 ], [ -89.150717, 13.660732 ], [ -89.150595, 13.660677 ], [ -89.150384, 13.660574 ], [ -89.150306, 13.660567 ], [ -89.150248, 13.6606 ], [ -89.150204, 13.660655 ], [ -89.150116, 13.660686 ], [ -89.149991, 13.660708 ], [ -89.149394, 13.660644 ], [ -89.148656, 13.66069 ], [ -89.148416, 13.660716 ], [ -89.148164, 13.660714 ], [ -89.148093, 13.66071 ], [ -89.148081, 13.660709 ], [ -89.147995, 13.660724 ], [ -89.147849, 13.660798 ], [ -89.147692, 13.660822 ], [ -89.147531, 13.660781 ], [ -89.147271, 13.660703 ], [ -89.147049, 13.660602 ], [ -89.146706, 13.660488 ], [ -89.146332, 13.660222 ], [ -89.146144, 13.66011 ], [ -89.145811, 13.659936 ], [ -89.145268, 13.659685 ], [ -89.14484, 13.659496 ], [ -89.144719, 13.659416 ], [ -89.14447, 13.659252 ], [ -89.144326, 13.659183 ], [ -89.144101, 13.659121 ], [ -89.143935, 13.659147 ], [ -89.143842, 13.659217 ], [ -89.143717, 13.65937 ], [ -89.143588, 13.659454 ], [ -89.143458, 13.659497 ], [ -89.143069, 13.659564 ], [ -89.143058, 13.65952 ], [ -89.143008, 13.659312 ], [ -89.143297, 13.658166 ], [ -89.142754, 13.657571 ], [ -89.142731, 13.65755 ], [ -89.142807, 13.657479 ], [ -89.142794, 13.657423 ], [ -89.14278, 13.657358 ], [ -89.142778, 13.657214 ], [ -89.142819, 13.657029 ], [ -89.142826, 13.656979 ], [ -89.142831, 13.656837 ], [ -89.142833, 13.65676 ], [ -89.142842, 13.656682 ], [ -89.142873, 13.656561 ], [ -89.142894, 13.656493 ], [ -89.142959, 13.656435 ], [ -89.143118, 13.656375 ], [ -89.143233, 13.656339 ], [ -89.143369, 13.656285 ], [ -89.143477, 13.656199 ], [ -89.143479, 13.656187 ], [ -89.143514, 13.655868 ] ] ] } },
{ "type": "Feature", "properties": { "fid": 288, "CANTON": "CHALTEPE", "DISTRITO": "SANTO TOMAS" }, "geometry": { "type": "Polygon", "coordinates": [ [ [ -89.119102, 13.672062 ], [ -89.119073, 13.672015 ], [ -89.118925, 13.671734 ], [ -89.118914, 13.671713 ], [ -89.118885, 13.671658 ], [ -89.118885, 13.671475 ], [ -89.118968, 13.671313 ], [ -89.118988, 13.671273 ], [ -89.119083, 13.671108 ], [ -89.11911, 13.671062 ], [ -89.119202, 13.670902 ], [ -89.119231, 13.670852 ], [ -89.119166, 13.670773 ], [ -89.119091, 13.670682 ], [ -89.119041, 13.670622 ], [ -89.11888, 13.670561 ], [ -89.118816, 13.670537 ], [ -89.118583, 13.670418 ], [ -89.118481, 13.670366 ], [ -89.118526, 13.670194 ], [ -89.118547, 13.67011 ], [ -89.118498, 13.669935 ], [ -89.11848, 13.66987 ], [ -89.118472, 13.669841 ], [ -89.1184, 13.669774 ], [ -89.118357, 13.669734 ], [ -89.118216, 13.669712 ], [ -89.118126, 13.669698 ], [ -89.117813, 13.669757 ], [ -89.117592, 13.669799 ], [ -89.117481, 13.669833 ], [ -89.117395, 13.669859 ], [ -89.117323, 13.669823 ], [ -89.117308, 13.669815 ], [ -89.117235, 13.669778 ], [ -89.117216, 13.669507 ], [ -89.117199, 13.669258 ], [ -89.117123, 13.669012 ], [ -89.117046, 13.668766 ], [ -89.116913, 13.668666 ], [ -89.116769, 13.668557 ], [ -89.116682, 13.668529 ], [ -89.11658, 13.668495 ], [ -89.1166, 13.668475 ], [ -89.116679, 13.668398 ], [ -89.116684, 13.668393 ], [ -89.116494, 13.668393 ], [ -89.116121, 13.668391 ], [ -89.116049, 13.668317 ], [ -89.116439, 13.668323 ], [ -89.116798, 13.668309 ], [ -89.117374, 13.668168 ], [ -89.117626, 13.668118 ], [ -89.117763, 13.668118 ], [ -89.118, 13.668196 ], [ -89.118346, 13.668428 ], [ -89.118595, 13.668652 ], [ -89.118668, 13.668835 ], [ -89.118797, 13.668955 ], [ -89.118941, 13.668983 ], [ -89.119042, 13.668983 ], [ -89.119121, 13.668905 ], [ -89.119236, 13.668722 ], [ -89.119358, 13.668609 ], [ -89.119768, 13.668433 ], [ -89.119941, 13.668215 ], [ -89.12002, 13.668045 ], [ -89.120184, 13.667815 ], [ -89.120464, 13.667631 ], [ -89.12091, 13.667364 ], [ -89.121177, 13.667293 ], [ -89.121486, 13.667314 ], [ -89.121853, 13.667314 ], [ -89.122089, 13.667237 ], [ -89.122427, 13.667089 ], [ -89.122621, 13.666941 ], [ -89.122851, 13.666814 ], [ -89.123168, 13.666694 ], [ -89.123305, 13.666609 ], [ -89.12347, 13.666419 ], [ -89.123618, 13.666287 ], [ -89.123769, 13.666245 ], [ -89.123949, 13.666238 ], [ -89.124144, 13.666287 ], [ -89.124318, 13.666311 ], [ -89.124432, 13.666239 ], [ -89.124475, 13.66621 ], [ -89.125263, 13.665715 ], [ -89.125893, 13.665309 ], [ -89.126334, 13.66505 ], [ -89.126542, 13.665082 ], [ -89.126542, 13.665044 ], [ -89.126253, 13.664718 ], [ -89.125786, 13.664191 ], [ -89.125767, 13.664183 ], [ -89.125858, 13.664081 ], [ -89.126136, 13.663964 ], [ -89.12629, 13.663865 ], [ -89.126585, 13.663685 ], [ -89.126848, 13.663648 ], [ -89.127022, 13.663606 ], [ -89.127102, 13.663486 ], [ -89.127242, 13.663274 ], [ -89.127271, 13.663247 ], [ -89.12731, 13.663245 ], [ -89.127421, 13.663261 ], [ -89.127536, 13.663278 ], [ -89.127748, 13.663273 ], [ -89.127881, 13.663224 ], [ -89.12804, 13.663177 ], [ -89.128172, 13.663175 ], [ -89.128357, 13.663095 ], [ -89.128458, 13.66302 ], [ -89.128496, 13.662968 ], [ -89.128535, 13.662904 ], [ -89.128583, 13.662803 ], [ -89.12888, 13.662589 ], [ -89.128997, 13.662507 ], [ -89.129238, 13.66235 ], [ -89.129347, 13.662225 ], [ -89.129525, 13.662094 ], [ -89.129687, 13.661986 ], [ -89.129819, 13.661706 ], [ -89.129962, 13.661627 ], [ -89.13024, 13.661441 ], [ -89.130303, 13.661357 ], [ -89.130391, 13.66106 ], [ -89.130501, 13.660764 ], [ -89.130549, 13.660707 ], [ -89.130713, 13.660652 ], [ -89.130913, 13.660464 ], [ -89.130949, 13.660337 ], [ -89.13103, 13.660041 ], [ -89.131083, 13.659822 ], [ -89.131113, 13.659752 ], [ -89.131183, 13.659592 ], [ -89.131213, 13.659486 ], [ -89.131275, 13.659403 ], [ -89.131324, 13.659352 ], [ -89.131547, 13.659193 ], [ -89.131629, 13.659085 ], [ -89.131761, 13.658898 ], [ -89.131966, 13.658607 ], [ -89.132016, 13.658546 ], [ -89.132169, 13.658414 ], [ -89.132264, 13.658377 ], [ -89.132344, 13.658367 ], [ -89.132534, 13.658396 ], [ -89.132635, 13.658405 ], [ -89.132869, 13.658335 ], [ -89.133042, 13.658351 ], [ -89.133195, 13.658279 ], [ -89.133386, 13.658075 ], [ -89.133503, 13.657883 ], [ -89.133544, 13.657831 ], [ -89.133694, 13.657729 ], [ -89.13373, 13.657673 ], [ -89.133768, 13.657549 ], [ -89.133867, 13.657186 ], [ -89.133889, 13.65668 ], [ -89.133708, 13.656479 ], [ -89.133669, 13.65633 ], [ -89.133669, 13.6562 ], [ -89.133682, 13.656044 ], [ -89.133698, 13.655997 ], [ -89.133784, 13.655882 ], [ -89.133911, 13.655726 ], [ -89.134117, 13.655549 ], [ -89.134199, 13.655482 ], [ -89.13436, 13.65529 ], [ -89.134631, 13.65501 ], [ -89.134821, 13.654826 ], [ -89.135149, 13.654551 ], [ -89.135311, 13.654449 ], [ -89.135363, 13.654383 ], [ -89.135393, 13.654292 ], [ -89.135436, 13.654196 ], [ -89.135674, 13.653926 ], [ -89.135824, 13.653656 ], [ -89.135913, 13.653422 ], [ -89.135978, 13.653259 ], [ -89.13603, 13.653152 ], [ -89.136077, 13.65308 ], [ -89.136037, 13.652938 ], [ -89.135932, 13.652824 ], [ -89.135823, 13.652771 ], [ -89.135675, 13.652713 ], [ -89.135532, 13.65265 ], [ -89.135461, 13.652578 ], [ -89.13544, 13.652458 ], [ -89.135423, 13.6523 ], [ -89.135425, 13.652225 ], [ -89.135425, 13.652009 ], [ -89.135354, 13.651886 ], [ -89.135316, 13.651751 ], [ -89.135377, 13.651437 ], [ -89.135486, 13.651166 ], [ -89.135555, 13.651034 ], [ -89.135582, 13.650978 ], [ -89.135598, 13.650838 ], [ -89.135586, 13.650771 ], [ -89.135584, 13.650701 ], [ -89.135586, 13.650494 ], [ -89.135641, 13.650165 ], [ -89.135674, 13.65004 ], [ -89.135695, 13.649971 ], [ -89.135722, 13.649776 ], [ -89.135743, 13.649591 ], [ -89.135765, 13.649253 ], [ -89.135826, 13.649146 ], [ -89.135826, 13.648962 ], [ -89.135843, 13.648893 ], [ -89.135874, 13.648848 ], [ -89.135971, 13.648804 ], [ -89.136114, 13.648763 ], [ -89.136166, 13.648744 ], [ -89.136248, 13.648656 ], [ -89.136304, 13.648596 ], [ -89.136503, 13.648449 ], [ -89.136739, 13.648361 ], [ -89.13679, 13.648315 ], [ -89.136856, 13.648222 ], [ -89.13696, 13.648066 ], [ -89.137103, 13.647919 ], [ -89.137203, 13.647802 ], [ -89.13729, 13.647683 ], [ -89.137436, 13.647585 ], [ -89.137538, 13.647484 ], [ -89.137613, 13.64737 ], [ -89.137696, 13.647286 ], [ -89.137849, 13.647184 ], [ -89.138109, 13.64707 ], [ -89.138196, 13.647003 ], [ -89.138259, 13.646925 ], [ -89.138303, 13.646856 ], [ -89.138335, 13.646784 ], [ -89.138356, 13.646742 ], [ -89.138366, 13.646722 ], [ -89.138405, 13.646658 ], [ -89.13849, 13.646582 ], [ -89.138585, 13.646588 ], [ -89.138641, 13.646591 ], [ -89.13878, 13.646606 ], [ -89.138979, 13.646634 ], [ -89.139223, 13.646538 ], [ -89.139223, 13.646651 ], [ -89.140148, 13.646379 ], [ -89.140937, 13.646249 ], [ -89.141003, 13.646239 ], [ -89.141668, 13.646192 ], [ -89.141837, 13.646389 ], [ -89.141906, 13.646471 ], [ -89.142429, 13.64647 ], [ -89.142917, 13.646473 ], [ -89.143285, 13.646634 ], [ -89.143693, 13.646989 ], [ -89.143915, 13.646736 ], [ -89.144102, 13.646889 ], [ -89.144374, 13.64717 ], [ -89.144722, 13.647531 ], [ -89.144921, 13.647755 ], [ -89.145289, 13.648168 ], [ -89.145536, 13.648446 ], [ -89.146332, 13.649205 ], [ -89.146384, 13.649254 ], [ -89.146273, 13.649498 ], [ -89.146248, 13.649576 ], [ -89.14621, 13.649868 ], [ -89.146209, 13.649987 ], [ -89.146104, 13.650031 ], [ -89.146006, 13.650065 ], [ -89.145907, 13.650085 ], [ -89.14579, 13.650079 ], [ -89.14571, 13.650086 ], [ -89.145125, 13.650229 ], [ -89.145014, 13.650303 ], [ -89.144972, 13.650364 ], [ -89.144873, 13.650611 ], [ -89.144852, 13.650739 ], [ -89.144832, 13.650825 ], [ -89.144784, 13.650884 ], [ -89.14466, 13.650958 ], [ -89.144598, 13.651005 ], [ -89.144556, 13.651099 ], [ -89.144474, 13.651253 ], [ -89.144347, 13.651445 ], [ -89.14422, 13.651526 ], [ -89.144141, 13.65158 ], [ -89.144079, 13.651641 ], [ -89.144017, 13.651748 ], [ -89.143996, 13.651826 ], [ -89.143993, 13.6519 ], [ -89.143996, 13.651977 ], [ -89.143983, 13.652028 ], [ -89.143924, 13.652112 ], [ -89.143874, 13.652099 ], [ -89.143853, 13.652124 ], [ -89.1438, 13.652386 ], [ -89.143848, 13.652423 ], [ -89.143915, 13.652444 ], [ -89.143912, 13.652524 ], [ -89.143949, 13.652627 ], [ -89.144106, 13.652681 ], [ -89.143989, 13.6529 ], [ -89.143874, 13.652988 ], [ -89.143821, 13.653088 ], [ -89.143694, 13.653127 ], [ -89.143596, 13.653209 ], [ -89.143397, 13.653241 ], [ -89.143301, 13.653271 ], [ -89.143246, 13.653359 ], [ -89.143202, 13.653461 ], [ -89.143189, 13.653542 ], [ -89.14316, 13.653821 ], [ -89.143133, 13.653971 ], [ -89.143086, 13.654202 ], [ -89.143032, 13.654442 ], [ -89.143025, 13.654522 ], [ -89.14301, 13.654654 ], [ -89.143007, 13.654778 ], [ -89.143027, 13.65486 ], [ -89.143059, 13.654929 ], [ -89.143099, 13.654992 ], [ -89.143253, 13.655103 ], [ -89.14337, 13.655124 ], [ -89.143481, 13.655187 ], [ -89.143543, 13.655243 ], [ -89.143567, 13.655363 ], [ -89.143564, 13.655456 ], [ -89.143514, 13.655868 ], [ -89.143479, 13.656187 ], [ -89.143477, 13.656199 ], [ -89.143369, 13.656285 ], [ -89.143233, 13.656339 ], [ -89.143118, 13.656375 ], [ -89.142959, 13.656435 ], [ -89.142894, 13.656493 ], [ -89.142873, 13.656561 ], [ -89.142842, 13.656682 ], [ -89.142833, 13.65676 ], [ -89.142831, 13.656837 ], [ -89.142826, 13.656979 ], [ -89.142819, 13.657029 ], [ -89.142778, 13.657214 ], [ -89.14278, 13.657358 ], [ -89.142794, 13.657423 ], [ -89.142807, 13.657479 ], [ -89.142731, 13.65755 ], [ -89.142754, 13.657571 ], [ -89.143297, 13.658166 ], [ -89.143008, 13.659312 ], [ -89.143058, 13.65952 ], [ -89.143069, 13.659564 ], [ -89.142707, 13.659583 ], [ -89.142509, 13.659643 ], [ -89.142333, 13.659775 ], [ -89.141971, 13.659914 ], [ -89.141839, 13.659993 ], [ -89.141502, 13.660134 ], [ -89.141169, 13.660259 ], [ -89.140974, 13.660367 ], [ -89.140776, 13.660546 ], [ -89.140578, 13.660415 ], [ -89.140069, 13.660178 ], [ -89.139417, 13.660183 ], [ -89.138879, 13.660323 ], [ -89.138518, 13.660291 ], [ -89.138375, 13.660307 ], [ -89.137661, 13.660406 ], [ -89.1374, 13.660513 ], [ -89.136745, 13.660933 ], [ -89.136393, 13.661344 ], [ -89.136021, 13.661611 ], [ -89.135965, 13.661663 ], [ -89.135858, 13.661714 ], [ -89.13526, 13.661867 ], [ -89.13482, 13.661985 ], [ -89.134657, 13.662051 ], [ -89.134535, 13.66215 ], [ -89.134396, 13.662298 ], [ -89.134219, 13.662546 ], [ -89.134099, 13.66285 ], [ -89.133977, 13.663222 ], [ -89.133937, 13.663405 ], [ -89.133912, 13.663625 ], [ -89.133925, 13.66383 ], [ -89.133962, 13.664102 ], [ -89.133977, 13.664255 ], [ -89.133959, 13.664391 ], [ -89.133925, 13.66464 ], [ -89.13395, 13.664868 ], [ -89.133984, 13.665031 ], [ -89.134018, 13.665139 ], [ -89.134002, 13.665196 ], [ -89.133956, 13.665262 ], [ -89.133901, 13.665358 ], [ -89.133868, 13.665427 ], [ -89.133834, 13.665589 ], [ -89.133797, 13.665667 ], [ -89.133757, 13.665703 ], [ -89.133696, 13.665727 ], [ -89.133437, 13.665731 ], [ -89.132949, 13.665734 ], [ -89.132813, 13.665758 ], [ -89.132654, 13.665833 ], [ -89.132577, 13.665888 ], [ -89.132523, 13.665895 ], [ -89.132069, 13.665896 ], [ -89.132001, 13.665926 ], [ -89.131939, 13.665986 ], [ -89.131804, 13.6661 ], [ -89.131743, 13.6661 ], [ -89.131654, 13.666103 ], [ -89.131571, 13.666109 ], [ -89.131463, 13.666127 ], [ -89.131307, 13.666214 ], [ -89.131206, 13.666305 ], [ -89.131144, 13.666338 ], [ -89.131104, 13.666326 ], [ -89.131052, 13.666308 ], [ -89.130935, 13.666263 ], [ -89.130794, 13.666254 ], [ -89.13072, 13.66626 ], [ -89.130619, 13.666311 ], [ -89.130508, 13.666443 ], [ -89.130383, 13.666623 ], [ -89.130309, 13.666774 ], [ -89.130279, 13.667026 ], [ -89.130196, 13.667593 ], [ -89.130173, 13.667753 ], [ -89.130128, 13.66782 ], [ -89.130072, 13.667904 ], [ -89.129883, 13.667842 ], [ -89.129688, 13.667779 ], [ -89.129565, 13.667844 ], [ -89.129442, 13.66791 ], [ -89.129427, 13.667918 ], [ -89.129371, 13.667953 ], [ -89.129302, 13.667997 ], [ -89.129238, 13.668032 ], [ -89.129152, 13.668079 ], [ -89.129116, 13.668027 ], [ -89.129065, 13.667952 ], [ -89.129018, 13.66787 ], [ -89.128944, 13.667738 ], [ -89.128901, 13.667692 ], [ -89.128885, 13.667676 ], [ -89.128824, 13.667612 ], [ -89.128741, 13.667634 ], [ -89.128581, 13.667676 ], [ -89.128479, 13.667773 ], [ -89.128263, 13.667979 ], [ -89.128156, 13.66806 ], [ -89.127907, 13.668252 ], [ -89.127877, 13.668264 ], [ -89.127798, 13.668295 ], [ -89.127781, 13.668287 ], [ -89.127706, 13.668254 ], [ -89.127437, 13.668134 ], [ -89.127404, 13.668151 ], [ -89.127294, 13.668205 ], [ -89.127282, 13.668206 ], [ -89.12726, 13.668207 ], [ -89.127136, 13.668213 ], [ -89.127128, 13.668214 ], [ -89.127094, 13.66822 ], [ -89.127082, 13.668249 ], [ -89.12705, 13.668325 ], [ -89.12702, 13.668394 ], [ -89.126994, 13.668438 ], [ -89.126841, 13.668693 ], [ -89.126814, 13.668696 ], [ -89.126626, 13.668716 ], [ -89.126594, 13.668717 ], [ -89.126312, 13.668723 ], [ -89.126295, 13.668725 ], [ -89.126105, 13.668745 ], [ -89.126092, 13.668746 ], [ -89.126073, 13.668749 ], [ -89.125897, 13.668775 ], [ -89.125882, 13.668792 ], [ -89.125518, 13.669212 ], [ -89.125514, 13.669213 ], [ -89.125271, 13.669262 ], [ -89.12527, 13.669263 ], [ -89.124982, 13.669196 ], [ -89.124974, 13.669195 ], [ -89.124865, 13.669169 ], [ -89.124827, 13.66916 ], [ -89.124819, 13.669158 ], [ -89.124654, 13.669172 ], [ -89.124641, 13.669173 ], [ -89.124538, 13.669149 ], [ -89.124528, 13.669147 ], [ -89.124403, 13.669236 ], [ -89.124387, 13.669248 ], [ -89.124286, 13.66939 ], [ -89.12427, 13.669413 ], [ -89.124245, 13.669461 ], [ -89.124187, 13.669571 ], [ -89.124172, 13.669601 ], [ -89.124095, 13.669904 ], [ -89.124079, 13.669969 ], [ -89.124, 13.670057 ], [ -89.12398, 13.670079 ], [ -89.123802, 13.670105 ], [ -89.123751, 13.670112 ], [ -89.123666, 13.670136 ], [ -89.12366, 13.670138 ], [ -89.123639, 13.670144 ], [ -89.123327, 13.670221 ], [ -89.123215, 13.670249 ], [ -89.122945, 13.67037 ], [ -89.122836, 13.670419 ], [ -89.122723, 13.670498 ], [ -89.122672, 13.670534 ], [ -89.122628, 13.670635 ], [ -89.122607, 13.670685 ], [ -89.122622, 13.67074 ], [ -89.122634, 13.670783 ], [ -89.122649, 13.670836 ], [ -89.122702, 13.670942 ], [ -89.122733, 13.671006 ], [ -89.122793, 13.671075 ], [ -89.122832, 13.67112 ], [ -89.122927, 13.671238 ], [ -89.122995, 13.671322 ], [ -89.122953, 13.671425 ], [ -89.122926, 13.671491 ], [ -89.12292, 13.671506 ], [ -89.122828, 13.671598 ], [ -89.122749, 13.671677 ], [ -89.122585, 13.671684 ], [ -89.122432, 13.67169 ], [ -89.122355, 13.671618 ], [ -89.122276, 13.671545 ], [ -89.122264, 13.671539 ], [ -89.122251, 13.671531 ], [ -89.122213, 13.671521 ], [ -89.122212, 13.671521 ], [ -89.122168, 13.671509 ], [ -89.122142, 13.671528 ], [ -89.122108, 13.671554 ], [ -89.122086, 13.671585 ], [ -89.122053, 13.67163 ], [ -89.122048, 13.671689 ], [ -89.12204, 13.671783 ], [ -89.122082, 13.671995 ], [ -89.122155, 13.672361 ], [ -89.122152, 13.672367 ], [ -89.122115, 13.67244 ], [ -89.12204, 13.67259 ], [ -89.121962, 13.672589 ], [ -89.121797, 13.672586 ], [ -89.121728, 13.672552 ], [ -89.121568, 13.672474 ], [ -89.121531, 13.672415 ], [ -89.121435, 13.672263 ], [ -89.121424, 13.672193 ], [ -89.121411, 13.672108 ], [ -89.121393, 13.671994 ], [ -89.121372, 13.671949 ], [ -89.121302, 13.671805 ], [ -89.121286, 13.671782 ], [ -89.121227, 13.671697 ], [ -89.121227, 13.6717 ], [ -89.121227, 13.67171 ], [ -89.121199, 13.6717 ], [ -89.121068, 13.671653 ], [ -89.121049, 13.671658 ], [ -89.121046, 13.671659 ], [ -89.120918, 13.671694 ], [ -89.1209, 13.671711 ], [ -89.120778, 13.671822 ], [ -89.120771, 13.671835 ], [ -89.120717, 13.671942 ], [ -89.120712, 13.671949 ], [ -89.120652, 13.672024 ], [ -89.120644, 13.672032 ], [ -89.120573, 13.672111 ], [ -89.120536, 13.672151 ], [ -89.12053, 13.67216 ], [ -89.12039, 13.672358 ], [ -89.120388, 13.672364 ], [ -89.120267, 13.672627 ], [ -89.120056, 13.672728 ], [ -89.120051, 13.67273 ], [ -89.119901, 13.672743 ], [ -89.119894, 13.672744 ], [ -89.119847, 13.672733 ], [ -89.11971, 13.672701 ], [ -89.119697, 13.672698 ], [ -89.119522, 13.672564 ], [ -89.119505, 13.672552 ], [ -89.119317, 13.672388 ], [ -89.119294, 13.672368 ], [ -89.119102, 13.672062 ] ] ] } },
{ "type": "Feature", "properties": { "fid": 289, "CANTON": "CAÑA BRAVA", "DISTRITO": "SANTO TOMAS" }, "geometry": { "type": "Polygon", "coordinates": [ [ [ -89.115224, 13.668388 ], [ -89.115083, 13.668388 ], [ -89.115049, 13.668374 ], [ -89.114282, 13.668056 ], [ -89.114202, 13.668023 ], [ -89.114161, 13.668006 ], [ -89.113619, 13.667792 ], [ -89.113587, 13.667779 ], [ -89.113504, 13.667746 ], [ -89.112958, 13.667508 ], [ -89.11295, 13.667504 ], [ -89.112805, 13.667441 ], [ -89.112472, 13.667325 ], [ -89.11246, 13.667321 ], [ -89.112337, 13.667278 ], [ -89.111823, 13.667185 ], [ -89.11177, 13.667175 ], [ -89.111519, 13.66713 ], [ -89.111492, 13.66711 ], [ -89.111487, 13.667107 ], [ -89.11147, 13.667094 ], [ -89.111488, 13.667074 ], [ -89.111494, 13.667067 ], [ -89.11151, 13.66705 ], [ -89.111568, 13.666984 ], [ -89.111588, 13.666962 ], [ -89.111635, 13.666978 ], [ -89.111718, 13.666881 ], [ -89.11184, 13.666741 ], [ -89.112047, 13.666501 ], [ -89.112469, 13.666062 ], [ -89.112685, 13.665901 ], [ -89.113254, 13.665628 ], [ -89.113437, 13.66556 ], [ -89.113533, 13.665503 ], [ -89.113659, 13.665392 ], [ -89.113755, 13.665221 ], [ -89.113813, 13.665071 ], [ -89.113902, 13.664873 ], [ -89.114046, 13.664722 ], [ -89.114128, 13.664528 ], [ -89.114258, 13.664373 ], [ -89.114442, 13.664241 ], [ -89.114627, 13.66418 ], [ -89.114993, 13.664177 ], [ -89.115089, 13.66416 ], [ -89.115181, 13.664113 ], [ -89.115274, 13.663701 ], [ -89.115342, 13.663644 ], [ -89.115613, 13.663547 ], [ -89.115892, 13.663441 ], [ -89.116008, 13.663273 ], [ -89.116118, 13.663095 ], [ -89.116159, 13.662911 ], [ -89.116193, 13.662821 ], [ -89.116248, 13.66274 ], [ -89.116327, 13.66266 ], [ -89.116431, 13.662286 ], [ -89.116743, 13.661981 ], [ -89.116883, 13.661854 ], [ -89.117088, 13.66172 ], [ -89.117386, 13.661622 ], [ -89.117553, 13.661236 ], [ -89.117505, 13.661051 ], [ -89.117477, 13.660941 ], [ -89.117481, 13.66078 ], [ -89.117535, 13.660619 ], [ -89.11771, 13.660359 ], [ -89.117833, 13.660121 ], [ -89.118028, 13.660047 ], [ -89.118192, 13.66 ], [ -89.11837, 13.659936 ], [ -89.118658, 13.659698 ], [ -89.118921, 13.659604 ], [ -89.119031, 13.659517 ], [ -89.119096, 13.659397 ], [ -89.119187, 13.659177 ], [ -89.119327, 13.658893 ], [ -89.119406, 13.658732 ], [ -89.119532, 13.658541 ], [ -89.119655, 13.658441 ], [ -89.119788, 13.658304 ], [ -89.119823, 13.658156 ], [ -89.119952, 13.657855 ], [ -89.120151, 13.65767 ], [ -89.120579, 13.657502 ], [ -89.120773, 13.6573 ], [ -89.12104, 13.657129 ], [ -89.121266, 13.657028 ], [ -89.12141, 13.656958 ], [ -89.121497, 13.65687 ], [ -89.121523, 13.656844 ], [ -89.121605, 13.65671 ], [ -89.121752, 13.656412 ], [ -89.121926, 13.656245 ], [ -89.121997, 13.656122 ], [ -89.122018, 13.656068 ], [ -89.121991, 13.655853 ], [ -89.121867, 13.655629 ], [ -89.121737, 13.65532 ], [ -89.121747, 13.655186 ], [ -89.121771, 13.655015 ], [ -89.121843, 13.654874 ], [ -89.121928, 13.65477 ], [ -89.122051, 13.654669 ], [ -89.122445, 13.654622 ], [ -89.122531, 13.654559 ], [ -89.122675, 13.654411 ], [ -89.122945, 13.654039 ], [ -89.12308, 13.653736 ], [ -89.123141, 13.653619 ], [ -89.123182, 13.653594 ], [ -89.123525, 13.653639 ], [ -89.123602, 13.653623 ], [ -89.12366, 13.653562 ], [ -89.123721, 13.653508 ], [ -89.123919, 13.653274 ], [ -89.124142, 13.653205 ], [ -89.124398, 13.653138 ], [ -89.124585, 13.653083 ], [ -89.12471, 13.652996 ], [ -89.124827, 13.65285 ], [ -89.124927, 13.652707 ], [ -89.125102, 13.65248 ], [ -89.125383, 13.652161 ], [ -89.125461, 13.652056 ], [ -89.125519, 13.651957 ], [ -89.125562, 13.651868 ], [ -89.125689, 13.651514 ], [ -89.125778, 13.651409 ], [ -89.125835, 13.651398 ], [ -89.126064, 13.6514 ], [ -89.126235, 13.651398 ], [ -89.126362, 13.651387 ], [ -89.126446, 13.651373 ], [ -89.126496, 13.651338 ], [ -89.126528, 13.651282 ], [ -89.126557, 13.651186 ], [ -89.126587, 13.651169 ], [ -89.126681, 13.65117 ], [ -89.126854, 13.651176 ], [ -89.127036, 13.651174 ], [ -89.127154, 13.651127 ], [ -89.127238, 13.651043 ], [ -89.127263, 13.650976 ], [ -89.127295, 13.650782 ], [ -89.127336, 13.650618 ], [ -89.127342, 13.650371 ], [ -89.127374, 13.650315 ], [ -89.127426, 13.650246 ], [ -89.127439, 13.650163 ], [ -89.127421, 13.650096 ], [ -89.127371, 13.650028 ], [ -89.127287, 13.649954 ], [ -89.127096, 13.649819 ], [ -89.127012, 13.649754 ], [ -89.126971, 13.649702 ], [ -89.126948, 13.649651 ], [ -89.126926, 13.649568 ], [ -89.126912, 13.649517 ], [ -89.126928, 13.649468 ], [ -89.126928, 13.649467 ], [ -89.126895, 13.64943 ], [ -89.126883, 13.649438 ], [ -89.126848, 13.649408 ], [ -89.126785, 13.649358 ], [ -89.126736, 13.649328 ], [ -89.126673, 13.649281 ], [ -89.126563, 13.64918 ], [ -89.126491, 13.649111 ], [ -89.12638, 13.649003 ], [ -89.126262, 13.648887 ], [ -89.126189, 13.648812 ], [ -89.126107, 13.64872 ], [ -89.126023, 13.648622 ], [ -89.125861, 13.648505 ], [ -89.125742, 13.648378 ], [ -89.125699, 13.648293 ], [ -89.125626, 13.648146 ], [ -89.12561, 13.64809 ], [ -89.125607, 13.648008 ], [ -89.125605, 13.647905 ], [ -89.125603, 13.647842 ], [ -89.12559, 13.647706 ], [ -89.125578, 13.647595 ], [ -89.125549, 13.647496 ], [ -89.125499, 13.647393 ], [ -89.125485, 13.647328 ], [ -89.125462, 13.64726 ], [ -89.12546, 13.647187 ], [ -89.125458, 13.647146 ], [ -89.12548, 13.647002 ], [ -89.125496, 13.646922 ], [ -89.125522, 13.646861 ], [ -89.125565, 13.646789 ], [ -89.125579, 13.646726 ], [ -89.125588, 13.64666 ], [ -89.125592, 13.646621 ], [ -89.125565, 13.646519 ], [ -89.125536, 13.646448 ], [ -89.125518, 13.646409 ], [ -89.125481, 13.646344 ], [ -89.125449, 13.646282 ], [ -89.125435, 13.646216 ], [ -89.125427, 13.646155 ], [ -89.125423, 13.64611 ], [ -89.125414, 13.646064 ], [ -89.125408, 13.646043 ], [ -89.125406, 13.646006 ], [ -89.12541, 13.645986 ], [ -89.125424, 13.645956 ], [ -89.125424, 13.645933 ], [ -89.12542, 13.645915 ], [ -89.125406, 13.645894 ], [ -89.125389, 13.64588 ], [ -89.125369, 13.645853 ], [ -89.125359, 13.645838 ], [ -89.125355, 13.645812 ], [ -89.125355, 13.645783 ], [ -89.125351, 13.645761 ], [ -89.12534, 13.64573 ], [ -89.12534, 13.645706 ], [ -89.125337, 13.645673 ], [ -89.12533, 13.645652 ], [ -89.125295, 13.645604 ], [ -89.125259, 13.645546 ], [ -89.125241, 13.645516 ], [ -89.125236, 13.645482 ], [ -89.125233, 13.645438 ], [ -89.125233, 13.645384 ], [ -89.125224, 13.645342 ], [ -89.125206, 13.645297 ], [ -89.125162, 13.645218 ], [ -89.125109, 13.645157 ], [ -89.125046, 13.645066 ], [ -89.124997, 13.644987 ], [ -89.125007, 13.644857 ], [ -89.125015, 13.644679 ], [ -89.125013, 13.644501 ], [ -89.125013, 13.644495 ], [ -89.125014, 13.644495 ], [ -89.125041, 13.644503 ], [ -89.125124, 13.644496 ], [ -89.125269, 13.644484 ], [ -89.125482, 13.644466 ], [ -89.125503, 13.644462 ], [ -89.125575, 13.64445 ], [ -89.125678, 13.644433 ], [ -89.125682, 13.644431 ], [ -89.125736, 13.644402 ], [ -89.125806, 13.644365 ], [ -89.125814, 13.644361 ], [ -89.126014, 13.644216 ], [ -89.126262, 13.644036 ], [ -89.126334, 13.643984 ], [ -89.126389, 13.64392 ], [ -89.126459, 13.643836 ], [ -89.126494, 13.643795 ], [ -89.126647, 13.643616 ], [ -89.126853, 13.643374 ], [ -89.127008, 13.643192 ], [ -89.127019, 13.64319 ], [ -89.127035, 13.643187 ], [ -89.127052, 13.643183 ], [ -89.127069, 13.64318 ], [ -89.127088, 13.643176 ], [ -89.127002, 13.643124 ], [ -89.126942, 13.643069 ], [ -89.126899, 13.642948 ], [ -89.12686, 13.642808 ], [ -89.126817, 13.64269 ], [ -89.126766, 13.642562 ], [ -89.126711, 13.642441 ], [ -89.126636, 13.642238 ], [ -89.126579, 13.642117 ], [ -89.126563, 13.642016 ], [ -89.126562, 13.64201 ], [ -89.126539, 13.641883 ], [ -89.126521, 13.641752 ], [ -89.126506, 13.64172 ], [ -89.126451, 13.64164 ], [ -89.126375, 13.641551 ], [ -89.126348, 13.641465 ], [ -89.126336, 13.641417 ], [ -89.126351, 13.641349 ], [ -89.126366, 13.641287 ], [ -89.126381, 13.641237 ], [ -89.126433, 13.641179 ], [ -89.126496, 13.641093 ], [ -89.126529, 13.641025 ], [ -89.126566, 13.640915 ], [ -89.126603, 13.640766 ], [ -89.126641, 13.640613 ], [ -89.126638, 13.640565 ], [ -89.126611, 13.64047 ], [ -89.126556, 13.640435 ], [ -89.126363, 13.640352 ], [ -89.126154, 13.64026 ], [ -89.126029, 13.640201 ], [ -89.125981, 13.640151 ], [ -89.125955, 13.640067 ], [ -89.125985, 13.639886 ], [ -89.126006, 13.639788 ], [ -89.126021, 13.639661 ], [ -89.126012, 13.639566 ], [ -89.125991, 13.639503 ], [ -89.1259, 13.639361 ], [ -89.125862, 13.639309 ], [ -89.125832, 13.639256 ], [ -89.125825, 13.639158 ], [ -89.125833, 13.639104 ], [ -89.125819, 13.638983 ], [ -89.125816, 13.638854 ], [ -89.125799, 13.638773 ], [ -89.125785, 13.638658 ], [ -89.12579, 13.63852 ], [ -89.125802, 13.638421 ], [ -89.125816, 13.638356 ], [ -89.125839, 13.638303 ], [ -89.125899, 13.638247 ], [ -89.125962, 13.638165 ], [ -89.125985, 13.638115 ], [ -89.125988, 13.638022 ], [ -89.12597, 13.63796 ], [ -89.125922, 13.63782 ], [ -89.12589, 13.637753 ], [ -89.125756, 13.637592 ], [ -89.125612, 13.637427 ], [ -89.125489, 13.637211 ], [ -89.125406, 13.637112 ], [ -89.125219, 13.636944 ], [ -89.125013, 13.6367 ], [ -89.124936, 13.636651 ], [ -89.124876, 13.636637 ], [ -89.124701, 13.63662 ], [ -89.124597, 13.636599 ], [ -89.124482, 13.636465 ], [ -89.124377, 13.636343 ], [ -89.124302, 13.636216 ], [ -89.124274, 13.636104 ], [ -89.12409, 13.63539 ], [ -89.12397, 13.634933 ], [ -89.123901, 13.634699 ], [ -89.123961, 13.634368 ], [ -89.124375, 13.634423 ], [ -89.124557, 13.634433 ], [ -89.124654, 13.634674 ], [ -89.125001, 13.635487 ], [ -89.12536, 13.6361 ], [ -89.125599, 13.636509 ], [ -89.125715, 13.636708 ], [ -89.126334, 13.637605 ], [ -89.126829, 13.638435 ], [ -89.127029, 13.638772 ], [ -89.127496, 13.639496 ], [ -89.127256, 13.639604 ], [ -89.126924, 13.639662 ], [ -89.126951, 13.639739 ], [ -89.126972, 13.640358 ], [ -89.126995, 13.640528 ], [ -89.127046, 13.640537 ], [ -89.127015, 13.640629 ], [ -89.126891, 13.640868 ], [ -89.126686, 13.641217 ], [ -89.126717, 13.641392 ], [ -89.126762, 13.641528 ], [ -89.126811, 13.641629 ], [ -89.126909, 13.641971 ], [ -89.126914, 13.642126 ], [ -89.126926, 13.642191 ], [ -89.127029, 13.642313 ], [ -89.127185, 13.642549 ], [ -89.1273, 13.642774 ], [ -89.127479, 13.64298 ], [ -89.127738, 13.643276 ], [ -89.127949, 13.643632 ], [ -89.127961, 13.643671 ], [ -89.127956, 13.643707 ], [ -89.127941, 13.643762 ], [ -89.127922, 13.643994 ], [ -89.127961, 13.644107 ], [ -89.128045, 13.644356 ], [ -89.128026, 13.644407 ], [ -89.128068, 13.644533 ], [ -89.128082, 13.644647 ], [ -89.128083, 13.644696 ], [ -89.128091, 13.644778 ], [ -89.128097, 13.644812 ], [ -89.128253, 13.645147 ], [ -89.128298, 13.645279 ], [ -89.128413, 13.646154 ], [ -89.128817, 13.646671 ], [ -89.128845, 13.646674 ], [ -89.128811, 13.647064 ], [ -89.128818, 13.647102 ], [ -89.128826, 13.647194 ], [ -89.1288, 13.647445 ], [ -89.128788, 13.647504 ], [ -89.128872, 13.647647 ], [ -89.129039, 13.647781 ], [ -89.129167, 13.64784 ], [ -89.129189, 13.647878 ], [ -89.129189, 13.647887 ], [ -89.129186, 13.648121 ], [ -89.12915, 13.648284 ], [ -89.129022, 13.648381 ], [ -89.12891, 13.648593 ], [ -89.128858, 13.64876 ], [ -89.128845, 13.648777 ], [ -89.12894, 13.64884 ], [ -89.129031, 13.648838 ], [ -89.129124, 13.648814 ], [ -89.129249, 13.648768 ], [ -89.129283, 13.648759 ], [ -89.129466, 13.648694 ], [ -89.129593, 13.648682 ], [ -89.129791, 13.648572 ], [ -89.129877, 13.648498 ], [ -89.129972, 13.648495 ], [ -89.1301, 13.648529 ], [ -89.130202, 13.648528 ], [ -89.13042, 13.648454 ], [ -89.130608, 13.648346 ], [ -89.130799, 13.64831 ], [ -89.131041, 13.648346 ], [ -89.131092, 13.648337 ], [ -89.131156, 13.648329 ], [ -89.131305, 13.648267 ], [ -89.131503, 13.648147 ], [ -89.131562, 13.648119 ], [ -89.131765, 13.648107 ], [ -89.131882, 13.648078 ], [ -89.13199, 13.648023 ], [ -89.132016, 13.647994 ], [ -89.1321, 13.647937 ], [ -89.132246, 13.64785 ], [ -89.132437, 13.647841 ], [ -89.132667, 13.647786 ], [ -89.132796, 13.647585 ], [ -89.133058, 13.647465 ], [ -89.133231, 13.647446 ], [ -89.133603, 13.647271 ], [ -89.133953, 13.64701 ], [ -89.134141, 13.646988 ], [ -89.134158, 13.646929 ], [ -89.134202, 13.64684 ], [ -89.134256, 13.64672 ], [ -89.134539, 13.646644 ], [ -89.134967, 13.646687 ], [ -89.135031, 13.646591 ], [ -89.135065, 13.64649 ], [ -89.135084, 13.646399 ], [ -89.135126, 13.646222 ], [ -89.135141, 13.646167 ], [ -89.135158, 13.646124 ], [ -89.135319, 13.645899 ], [ -89.135348, 13.64588 ], [ -89.135427, 13.645849 ], [ -89.135488, 13.645813 ], [ -89.135549, 13.645763 ], [ -89.135612, 13.645718 ], [ -89.135649, 13.645682 ], [ -89.135666, 13.645639 ], [ -89.135668, 13.645495 ], [ -89.135683, 13.645454 ], [ -89.135712, 13.645409 ], [ -89.135743, 13.645365 ], [ -89.135797, 13.645307 ], [ -89.135848, 13.645263 ], [ -89.135852, 13.64526 ], [ -89.135904, 13.645232 ], [ -89.135958, 13.645213 ], [ -89.136014, 13.645202 ], [ -89.136069, 13.645199 ], [ -89.136123, 13.645209 ], [ -89.136161, 13.645203 ], [ -89.136207, 13.645199 ], [ -89.1363, 13.645194 ], [ -89.136365, 13.645178 ], [ -89.136437, 13.645151 ], [ -89.136495, 13.645111 ], [ -89.136513, 13.64507 ], [ -89.136523, 13.644998 ], [ -89.136533, 13.644934 ], [ -89.136559, 13.644873 ], [ -89.136597, 13.644834 ], [ -89.136654, 13.644791 ], [ -89.136694, 13.644748 ], [ -89.136726, 13.644689 ], [ -89.13675, 13.644621 ], [ -89.136766, 13.644562 ], [ -89.136798, 13.644496 ], [ -89.136814, 13.644428 ], [ -89.136844, 13.644351 ], [ -89.136882, 13.644314 ], [ -89.136916, 13.644289 ], [ -89.13696, 13.644289 ], [ -89.137087, 13.644314 ], [ -89.137159, 13.64433 ], [ -89.137215, 13.64433 ], [ -89.137265, 13.644326 ], [ -89.137317, 13.6443 ], [ -89.137367, 13.644263 ], [ -89.137421, 13.644206 ], [ -89.137477, 13.644156 ], [ -89.137527, 13.644122 ], [ -89.137571, 13.644101 ], [ -89.137599, 13.644097 ], [ -89.137621, 13.644083 ], [ -89.137684, 13.64405 ], [ -89.137732, 13.644029 ], [ -89.137772, 13.644019 ], [ -89.137862, 13.644015 ], [ -89.137864, 13.644032 ], [ -89.137907, 13.644191 ], [ -89.137809, 13.644623 ], [ -89.138008, 13.644762 ], [ -89.138091, 13.644808 ], [ -89.138168, 13.644877 ], [ -89.13826, 13.644954 ], [ -89.138384, 13.645108 ], [ -89.138439, 13.645165 ], [ -89.138473, 13.645181 ], [ -89.138513, 13.645185 ], [ -89.138524, 13.645214 ], [ -89.138595, 13.64521 ], [ -89.138664, 13.6452 ], [ -89.138756, 13.64522 ], [ -89.138823, 13.645243 ], [ -89.138949, 13.645235 ], [ -89.139034, 13.645256 ], [ -89.139117, 13.645269 ], [ -89.139238, 13.64531 ], [ -89.13937, 13.645389 ], [ -89.139632, 13.64542 ], [ -89.139498, 13.645664 ], [ -89.139425, 13.645851 ], [ -89.139404, 13.64598 ], [ -89.139378, 13.646072 ], [ -89.139341, 13.646175 ], [ -89.139325, 13.64623 ], [ -89.139287, 13.646389 ], [ -89.13927, 13.646461 ], [ -89.139223, 13.646538 ], [ -89.138979, 13.646634 ], [ -89.13878, 13.646606 ], [ -89.138641, 13.646591 ], [ -89.138585, 13.646588 ], [ -89.13849, 13.646582 ], [ -89.138405, 13.646658 ], [ -89.138366, 13.646722 ], [ -89.138356, 13.646742 ], [ -89.138335, 13.646784 ], [ -89.138303, 13.646856 ], [ -89.138259, 13.646925 ], [ -89.138196, 13.647003 ], [ -89.138109, 13.64707 ], [ -89.137849, 13.647184 ], [ -89.137696, 13.647286 ], [ -89.137613, 13.64737 ], [ -89.137538, 13.647484 ], [ -89.137436, 13.647585 ], [ -89.13729, 13.647683 ], [ -89.137203, 13.647802 ], [ -89.137103, 13.647919 ], [ -89.13696, 13.648066 ], [ -89.136856, 13.648222 ], [ -89.13679, 13.648315 ], [ -89.136739, 13.648361 ], [ -89.136503, 13.648449 ], [ -89.136304, 13.648596 ], [ -89.136248, 13.648656 ], [ -89.136166, 13.648744 ], [ -89.136114, 13.648763 ], [ -89.135971, 13.648804 ], [ -89.135874, 13.648848 ], [ -89.135843, 13.648893 ], [ -89.135826, 13.648962 ], [ -89.135826, 13.649146 ], [ -89.135765, 13.649253 ], [ -89.135743, 13.649591 ], [ -89.135722, 13.649776 ], [ -89.135695, 13.649971 ], [ -89.135674, 13.65004 ], [ -89.135641, 13.650165 ], [ -89.135586, 13.650494 ], [ -89.135584, 13.650701 ], [ -89.135586, 13.650771 ], [ -89.135598, 13.650838 ], [ -89.135582, 13.650978 ], [ -89.135555, 13.651034 ], [ -89.135486, 13.651166 ], [ -89.135377, 13.651437 ], [ -89.135316, 13.651751 ], [ -89.135354, 13.651886 ], [ -89.135425, 13.652009 ], [ -89.135425, 13.652225 ], [ -89.135423, 13.6523 ], [ -89.13544, 13.652458 ], [ -89.135461, 13.652578 ], [ -89.135532, 13.65265 ], [ -89.135675, 13.652713 ], [ -89.135823, 13.652771 ], [ -89.135932, 13.652824 ], [ -89.136037, 13.652938 ], [ -89.136077, 13.65308 ], [ -89.13603, 13.653152 ], [ -89.135978, 13.653259 ], [ -89.135913, 13.653422 ], [ -89.135824, 13.653656 ], [ -89.135674, 13.653926 ], [ -89.135436, 13.654196 ], [ -89.135393, 13.654292 ], [ -89.135363, 13.654383 ], [ -89.135311, 13.654449 ], [ -89.135149, 13.654551 ], [ -89.134821, 13.654826 ], [ -89.134631, 13.65501 ], [ -89.13436, 13.65529 ], [ -89.134199, 13.655482 ], [ -89.134117, 13.655549 ], [ -89.133911, 13.655726 ], [ -89.133784, 13.655882 ], [ -89.133698, 13.655997 ], [ -89.133682, 13.656044 ], [ -89.133669, 13.6562 ], [ -89.133669, 13.65633 ], [ -89.133708, 13.656479 ], [ -89.133889, 13.65668 ], [ -89.133867, 13.657186 ], [ -89.133768, 13.657549 ], [ -89.13373, 13.657673 ], [ -89.133694, 13.657729 ], [ -89.133544, 13.657831 ], [ -89.133503, 13.657883 ], [ -89.133386, 13.658075 ], [ -89.133195, 13.658279 ], [ -89.133042, 13.658351 ], [ -89.132869, 13.658335 ], [ -89.132635, 13.658405 ], [ -89.132534, 13.658396 ], [ -89.132344, 13.658367 ], [ -89.132264, 13.658377 ], [ -89.132169, 13.658414 ], [ -89.132016, 13.658546 ], [ -89.131966, 13.658607 ], [ -89.131761, 13.658898 ], [ -89.131629, 13.659085 ], [ -89.131547, 13.659193 ], [ -89.131324, 13.659352 ], [ -89.131275, 13.659403 ], [ -89.131213, 13.659486 ], [ -89.131183, 13.659592 ], [ -89.131113, 13.659752 ], [ -89.131083, 13.659822 ], [ -89.13103, 13.660041 ], [ -89.130949, 13.660337 ], [ -89.130913, 13.660464 ], [ -89.130713, 13.660652 ], [ -89.130549, 13.660707 ], [ -89.130501, 13.660764 ], [ -89.130391, 13.66106 ], [ -89.130303, 13.661357 ], [ -89.13024, 13.661441 ], [ -89.129962, 13.661627 ], [ -89.129819, 13.661706 ], [ -89.129687, 13.661986 ], [ -89.129525, 13.662094 ], [ -89.129347, 13.662225 ], [ -89.129238, 13.66235 ], [ -89.128997, 13.662507 ], [ -89.12888, 13.662589 ], [ -89.128583, 13.662803 ], [ -89.128535, 13.662904 ], [ -89.128496, 13.662968 ], [ -89.128458, 13.66302 ], [ -89.128357, 13.663095 ], [ -89.128172, 13.663175 ], [ -89.12804, 13.663177 ], [ -89.127881, 13.663224 ], [ -89.127748, 13.663273 ], [ -89.127536, 13.663278 ], [ -89.127421, 13.663261 ], [ -89.12731, 13.663245 ], [ -89.127271, 13.663247 ], [ -89.127242, 13.663274 ], [ -89.127102, 13.663486 ], [ -89.127022, 13.663606 ], [ -89.126848, 13.663648 ], [ -89.126585, 13.663685 ], [ -89.12629, 13.663865 ], [ -89.126136, 13.663964 ], [ -89.125858, 13.664081 ], [ -89.125767, 13.664183 ], [ -89.125786, 13.664191 ], [ -89.126253, 13.664718 ], [ -89.126542, 13.665044 ], [ -89.126542, 13.665082 ], [ -89.126334, 13.66505 ], [ -89.125893, 13.665309 ], [ -89.125263, 13.665715 ], [ -89.124475, 13.66621 ], [ -89.124432, 13.666239 ], [ -89.124318, 13.666311 ], [ -89.124144, 13.666287 ], [ -89.123949, 13.666238 ], [ -89.123769, 13.666245 ], [ -89.123618, 13.666287 ], [ -89.12347, 13.666419 ], [ -89.123305, 13.666609 ], [ -89.123168, 13.666694 ], [ -89.122851, 13.666814 ], [ -89.122621, 13.666941 ], [ -89.122427, 13.667089 ], [ -89.122089, 13.667237 ], [ -89.121853, 13.667314 ], [ -89.121486, 13.667314 ], [ -89.121177, 13.667293 ], [ -89.12091, 13.667364 ], [ -89.120464, 13.667631 ], [ -89.120184, 13.667815 ], [ -89.12002, 13.668045 ], [ -89.119941, 13.668215 ], [ -89.119768, 13.668433 ], [ -89.119358, 13.668609 ], [ -89.119236, 13.668722 ], [ -89.119121, 13.668905 ], [ -89.119042, 13.668983 ], [ -89.118941, 13.668983 ], [ -89.118797, 13.668955 ], [ -89.118668, 13.668835 ], [ -89.118595, 13.668652 ], [ -89.118346, 13.668428 ], [ -89.118, 13.668196 ], [ -89.117763, 13.668118 ], [ -89.117626, 13.668118 ], [ -89.117374, 13.668168 ], [ -89.116798, 13.668309 ], [ -89.116439, 13.668323 ], [ -89.116049, 13.668317 ], [ -89.116121, 13.668391 ], [ -89.115224, 13.668388 ] ] ] } },
{ "type": "Feature", "properties": { "fid": 290, "CANTON": "ASINO", "DISTRITO": "SANTIAGO TEXACUANGOS" }, "geometry": { "type": "Polygon", "coordinates": [ [ [ -89.123959, 13.640577 ], [ -89.123979, 13.64056 ], [ -89.124076, 13.640501 ], [ -89.124108, 13.640463 ], [ -89.124164, 13.640433 ], [ -89.124268, 13.640325 ], [ -89.124284, 13.640305 ], [ -89.124362, 13.640206 ], [ -89.124424, 13.640135 ], [ -89.124475, 13.640095 ], [ -89.124557, 13.640027 ], [ -89.124645, 13.640007 ], [ -89.124708, 13.640002 ], [ -89.124772, 13.639996 ], [ -89.124812, 13.639995 ], [ -89.125041, 13.640008 ], [ -89.125088, 13.640014 ], [ -89.125118, 13.640018 ], [ -89.125285, 13.640016 ], [ -89.125345, 13.64002 ], [ -89.125402, 13.639991 ], [ -89.125422, 13.639962 ], [ -89.125462, 13.639906 ], [ -89.125474, 13.639884 ], [ -89.125645, 13.639623 ], [ -89.125757, 13.639446 ], [ -89.125791, 13.63938 ], [ -89.125832, 13.639256 ], [ -89.125862, 13.639309 ], [ -89.1259, 13.639361 ], [ -89.125991, 13.639503 ], [ -89.126012, 13.639566 ], [ -89.126021, 13.639661 ], [ -89.126006, 13.639788 ], [ -89.125985, 13.639886 ], [ -89.125955, 13.640067 ], [ -89.125981, 13.640151 ], [ -89.126029, 13.640201 ], [ -89.126154, 13.64026 ], [ -89.126363, 13.640352 ], [ -89.126556, 13.640435 ], [ -89.126611, 13.64047 ], [ -89.126638, 13.640565 ], [ -89.126641, 13.640613 ], [ -89.126603, 13.640766 ], [ -89.126566, 13.640915 ], [ -89.126529, 13.641025 ], [ -89.126496, 13.641093 ], [ -89.126433, 13.641179 ], [ -89.126381, 13.641237 ], [ -89.126366, 13.641287 ], [ -89.126351, 13.641349 ], [ -89.126336, 13.641417 ], [ -89.126348, 13.641465 ], [ -89.126375, 13.641551 ], [ -89.126451, 13.64164 ], [ -89.126506, 13.64172 ], [ -89.126521, 13.641752 ], [ -89.126539, 13.641883 ], [ -89.126562, 13.64201 ], [ -89.126563, 13.642016 ], [ -89.126579, 13.642117 ], [ -89.126636, 13.642238 ], [ -89.126711, 13.642441 ], [ -89.126766, 13.642562 ], [ -89.126817, 13.64269 ], [ -89.12686, 13.642808 ], [ -89.126899, 13.642948 ], [ -89.126942, 13.643069 ], [ -89.127002, 13.643124 ], [ -89.127088, 13.643176 ], [ -89.127069, 13.64318 ], [ -89.127052, 13.643183 ], [ -89.127035, 13.643187 ], [ -89.127019, 13.64319 ], [ -89.127008, 13.643192 ], [ -89.126853, 13.643374 ], [ -89.126647, 13.643616 ], [ -89.126494, 13.643795 ], [ -89.126459, 13.643836 ], [ -89.126389, 13.64392 ], [ -89.126334, 13.643984 ], [ -89.126262, 13.644036 ], [ -89.126014, 13.644216 ], [ -89.125814, 13.644361 ], [ -89.125806, 13.644365 ], [ -89.125736, 13.644402 ], [ -89.125682, 13.644431 ], [ -89.125678, 13.644433 ], [ -89.125575, 13.64445 ], [ -89.125503, 13.644462 ], [ -89.125482, 13.644466 ], [ -89.125269, 13.644484 ], [ -89.125124, 13.644496 ], [ -89.125041, 13.644503 ], [ -89.125014, 13.644495 ], [ -89.125013, 13.644495 ], [ -89.125013, 13.644501 ], [ -89.125015, 13.644679 ], [ -89.125007, 13.644857 ], [ -89.124997, 13.644987 ], [ -89.125046, 13.645066 ], [ -89.125109, 13.645157 ], [ -89.125162, 13.645218 ], [ -89.125206, 13.645297 ], [ -89.125224, 13.645342 ], [ -89.125233, 13.645384 ], [ -89.125233, 13.645438 ], [ -89.125236, 13.645482 ], [ -89.125241, 13.645516 ], [ -89.125259, 13.645546 ], [ -89.125295, 13.645604 ], [ -89.12533, 13.645652 ], [ -89.125337, 13.645673 ], [ -89.12534, 13.645706 ], [ -89.12534, 13.64573 ], [ -89.125351, 13.645761 ], [ -89.125355, 13.645783 ], [ -89.125355, 13.645812 ], [ -89.125359, 13.645838 ], [ -89.125369, 13.645853 ], [ -89.125389, 13.64588 ], [ -89.125406, 13.645894 ], [ -89.12542, 13.645915 ], [ -89.125424, 13.645933 ], [ -89.125424, 13.645956 ], [ -89.12541, 13.645986 ], [ -89.125406, 13.646006 ], [ -89.125408, 13.646043 ], [ -89.125414, 13.646064 ], [ -89.125423, 13.64611 ], [ -89.125427, 13.646155 ], [ -89.125435, 13.646216 ], [ -89.125449, 13.646282 ], [ -89.125481, 13.646344 ], [ -89.125518, 13.646409 ], [ -89.125536, 13.646448 ], [ -89.125565, 13.646519 ], [ -89.125592, 13.646621 ], [ -89.125588, 13.64666 ], [ -89.125579, 13.646726 ], [ -89.125565, 13.646789 ], [ -89.125522, 13.646861 ], [ -89.125496, 13.646922 ], [ -89.12548, 13.647002 ], [ -89.125458, 13.647146 ], [ -89.12546, 13.647187 ], [ -89.125462, 13.64726 ], [ -89.125485, 13.647328 ], [ -89.125499, 13.647393 ], [ -89.125549, 13.647496 ], [ -89.125578, 13.647595 ], [ -89.12559, 13.647706 ], [ -89.125603, 13.647842 ], [ -89.125605, 13.647905 ], [ -89.125607, 13.648008 ], [ -89.12561, 13.64809 ], [ -89.125626, 13.648146 ], [ -89.125699, 13.648293 ], [ -89.125742, 13.648378 ], [ -89.125861, 13.648505 ], [ -89.126023, 13.648622 ], [ -89.126107, 13.64872 ], [ -89.126189, 13.648812 ], [ -89.126262, 13.648887 ], [ -89.12638, 13.649003 ], [ -89.126491, 13.649111 ], [ -89.126563, 13.64918 ], [ -89.126673, 13.649281 ], [ -89.126736, 13.649328 ], [ -89.126785, 13.649358 ], [ -89.126848, 13.649408 ], [ -89.126883, 13.649438 ], [ -89.126895, 13.64943 ], [ -89.126928, 13.649467 ], [ -89.126928, 13.649468 ], [ -89.126912, 13.649517 ], [ -89.126926, 13.649568 ], [ -89.126948, 13.649651 ], [ -89.126971, 13.649702 ], [ -89.127012, 13.649754 ], [ -89.127096, 13.649819 ], [ -89.127287, 13.649954 ], [ -89.127371, 13.650028 ], [ -89.127421, 13.650096 ], [ -89.127439, 13.650163 ], [ -89.127426, 13.650246 ], [ -89.127374, 13.650315 ], [ -89.127342, 13.650371 ], [ -89.127336, 13.650618 ], [ -89.127295, 13.650782 ], [ -89.127263, 13.650976 ], [ -89.127238, 13.651043 ], [ -89.127154, 13.651127 ], [ -89.127036, 13.651174 ], [ -89.126854, 13.651176 ], [ -89.126681, 13.65117 ], [ -89.126587, 13.651169 ], [ -89.126557, 13.651186 ], [ -89.126528, 13.651282 ], [ -89.126496, 13.651338 ], [ -89.126446, 13.651373 ], [ -89.126362, 13.651387 ], [ -89.126235, 13.651398 ], [ -89.126064, 13.6514 ], [ -89.125835, 13.651398 ], [ -89.125778, 13.651409 ], [ -89.125689, 13.651514 ], [ -89.125562, 13.651868 ], [ -89.125519, 13.651957 ], [ -89.125461, 13.652056 ], [ -89.125383, 13.652161 ], [ -89.125102, 13.65248 ], [ -89.124927, 13.652707 ], [ -89.124827, 13.65285 ], [ -89.12471, 13.652996 ], [ -89.124585, 13.653083 ], [ -89.124398, 13.653138 ], [ -89.124142, 13.653205 ], [ -89.123919, 13.653274 ], [ -89.123721, 13.653508 ], [ -89.12366, 13.653562 ], [ -89.123602, 13.653623 ], [ -89.123525, 13.653639 ], [ -89.123182, 13.653594 ], [ -89.123141, 13.653619 ], [ -89.12308, 13.653736 ], [ -89.122945, 13.654039 ], [ -89.122675, 13.654411 ], [ -89.122531, 13.654559 ], [ -89.122445, 13.654622 ], [ -89.122051, 13.654669 ], [ -89.121928, 13.65477 ], [ -89.121843, 13.654874 ], [ -89.121771, 13.655015 ], [ -89.121747, 13.655186 ], [ -89.121737, 13.65532 ], [ -89.121867, 13.655629 ], [ -89.121991, 13.655853 ], [ -89.122018, 13.656068 ], [ -89.121997, 13.656122 ], [ -89.121926, 13.656245 ], [ -89.121752, 13.656412 ], [ -89.121605, 13.65671 ], [ -89.121523, 13.656844 ], [ -89.121497, 13.65687 ], [ -89.12141, 13.656958 ], [ -89.121266, 13.657028 ], [ -89.12104, 13.657129 ], [ -89.120773, 13.6573 ], [ -89.120579, 13.657502 ], [ -89.120151, 13.65767 ], [ -89.119952, 13.657855 ], [ -89.119823, 13.658156 ], [ -89.119788, 13.658304 ], [ -89.119655, 13.658441 ], [ -89.119532, 13.658541 ], [ -89.119406, 13.658732 ], [ -89.119327, 13.658893 ], [ -89.119187, 13.659177 ], [ -89.119096, 13.659397 ], [ -89.119031, 13.659517 ], [ -89.118921, 13.659604 ], [ -89.118658, 13.659698 ], [ -89.11837, 13.659936 ], [ -89.118192, 13.66 ], [ -89.118028, 13.660047 ], [ -89.117833, 13.660121 ], [ -89.11771, 13.660359 ], [ -89.117535, 13.660619 ], [ -89.117481, 13.66078 ], [ -89.117477, 13.660941 ], [ -89.117505, 13.661051 ], [ -89.117553, 13.661236 ], [ -89.117386, 13.661622 ], [ -89.117088, 13.66172 ], [ -89.116883, 13.661854 ], [ -89.116743, 13.661981 ], [ -89.116431, 13.662286 ], [ -89.116327, 13.66266 ], [ -89.116248, 13.66274 ], [ -89.116193, 13.662821 ], [ -89.116159, 13.662911 ], [ -89.116118, 13.663095 ], [ -89.116008, 13.663273 ], [ -89.115892, 13.663441 ], [ -89.115613, 13.663547 ], [ -89.115342, 13.663644 ], [ -89.115274, 13.663701 ], [ -89.115181, 13.664113 ], [ -89.115089, 13.66416 ], [ -89.114993, 13.664177 ], [ -89.114627, 13.66418 ], [ -89.114442, 13.664241 ], [ -89.114258, 13.664373 ], [ -89.114128, 13.664528 ], [ -89.114046, 13.664722 ], [ -89.113902, 13.664873 ], [ -89.113813, 13.665071 ], [ -89.113755, 13.665221 ], [ -89.113659, 13.665392 ], [ -89.113533, 13.665503 ], [ -89.113437, 13.66556 ], [ -89.113254, 13.665628 ], [ -89.112685, 13.665901 ], [ -89.112469, 13.666062 ], [ -89.112047, 13.666501 ], [ -89.11184, 13.666741 ], [ -89.111718, 13.666881 ], [ -89.111635, 13.666978 ], [ -89.111588, 13.666962 ], [ -89.111568, 13.666984 ], [ -89.11151, 13.66705 ], [ -89.111494, 13.667067 ], [ -89.111488, 13.667074 ], [ -89.11147, 13.667094 ], [ -89.111487, 13.667107 ], [ -89.111492, 13.66711 ], [ -89.111519, 13.66713 ], [ -89.11177, 13.667175 ], [ -89.111823, 13.667185 ], [ -89.112337, 13.667278 ], [ -89.11246, 13.667321 ], [ -89.112472, 13.667325 ], [ -89.112805, 13.667441 ], [ -89.11295, 13.667504 ], [ -89.112958, 13.667508 ], [ -89.113504, 13.667746 ], [ -89.113587, 13.667779 ], [ -89.113619, 13.667792 ], [ -89.114161, 13.668006 ], [ -89.114202, 13.668023 ], [ -89.114282, 13.668056 ], [ -89.115049, 13.668374 ], [ -89.115083, 13.668388 ], [ -89.115224, 13.668388 ], [ -89.116121, 13.668391 ], [ -89.116494, 13.668393 ], [ -89.116684, 13.668393 ], [ -89.116679, 13.668398 ], [ -89.1166, 13.668475 ], [ -89.11658, 13.668495 ], [ -89.116885, 13.669178 ], [ -89.117085, 13.669622 ], [ -89.117282, 13.670064 ], [ -89.117135, 13.670534 ], [ -89.117008, 13.670806 ], [ -89.116883, 13.671075 ], [ -89.116844, 13.671184 ], [ -89.116744, 13.671379 ], [ -89.116661, 13.671559 ], [ -89.116585, 13.671809 ], [ -89.116459, 13.67213 ], [ -89.116504, 13.672175 ], [ -89.116586, 13.672258 ], [ -89.116458, 13.672465 ], [ -89.116333, 13.672837 ], [ -89.116206, 13.673171 ], [ -89.116125, 13.673409 ], [ -89.115947, 13.673913 ], [ -89.115842, 13.67425 ], [ -89.115756, 13.674214 ], [ -89.115712, 13.674195 ], [ -89.115687, 13.674127 ], [ -89.115721, 13.673486 ], [ -89.115728, 13.67337 ], [ -89.115726, 13.673328 ], [ -89.115724, 13.673289 ], [ -89.115716, 13.673085 ], [ -89.115713, 13.673077 ], [ -89.115705, 13.673052 ], [ -89.115676, 13.672963 ], [ -89.115676, 13.672961 ], [ -89.115663, 13.672931 ], [ -89.115626, 13.672849 ], [ -89.115621, 13.672836 ], [ -89.115595, 13.672801 ], [ -89.115523, 13.672705 ], [ -89.115502, 13.672676 ], [ -89.115475, 13.672645 ], [ -89.115401, 13.672559 ], [ -89.115366, 13.672518 ], [ -89.115304, 13.672485 ], [ -89.115135, 13.672394 ], [ -89.115014, 13.67233 ], [ -89.114976, 13.672312 ], [ -89.11487, 13.672264 ], [ -89.114763, 13.672216 ], [ -89.114746, 13.672211 ], [ -89.114698, 13.672198 ], [ -89.114631, 13.672178 ], [ -89.114601, 13.672174 ], [ -89.11452, 13.672162 ], [ -89.114361, 13.672138 ], [ -89.114303, 13.672135 ], [ -89.114143, 13.672127 ], [ -89.1137, 13.672106 ], [ -89.113689, 13.672106 ], [ -89.11366, 13.672106 ], [ -89.113539, 13.672107 ], [ -89.113529, 13.672107 ], [ -89.1135, 13.672105 ], [ -89.113304, 13.672095 ], [ -89.113291, 13.672091 ], [ -89.112747, 13.671956 ], [ -89.112746, 13.671956 ], [ -89.112344, 13.671902 ], [ -89.112336, 13.671901 ], [ -89.112136, 13.671664 ], [ -89.112127, 13.671653 ], [ -89.111924, 13.671481 ], [ -89.11191, 13.671469 ], [ -89.111402, 13.671096 ], [ -89.111355, 13.671061 ], [ -89.110951, 13.67076 ], [ -89.110903, 13.670724 ], [ -89.110622, 13.670398 ], [ -89.110581, 13.67035 ], [ -89.110528, 13.67026 ], [ -89.110518, 13.670245 ], [ -89.110495, 13.670097 ], [ -89.11049, 13.670066 ], [ -89.110431, 13.669988 ], [ -89.110417, 13.669969 ], [ -89.11025, 13.669829 ], [ -89.110204, 13.669791 ], [ -89.109851, 13.66965 ], [ -89.109742, 13.669607 ], [ -89.109434, 13.669501 ], [ -89.109327, 13.669464 ], [ -89.108981, 13.669367 ], [ -89.108847, 13.669329 ], [ -89.108688, 13.669287 ], [ -89.10862, 13.669268 ], [ -89.108112, 13.669058 ], [ -89.10787, 13.668958 ], [ -89.107447, 13.668697 ], [ -89.107224, 13.66856 ], [ -89.106905, 13.668284 ], [ -89.10672, 13.668124 ], [ -89.105934, 13.668524 ], [ -89.105436, 13.668778 ], [ -89.10502, 13.668758 ], [ -89.10473, 13.668744 ], [ -89.10446, 13.668697 ], [ -89.104254, 13.66866 ], [ -89.104146, 13.668627 ], [ -89.104057, 13.6686 ], [ -89.103948, 13.668566 ], [ -89.103849, 13.668536 ], [ -89.103645, 13.668303 ], [ -89.103384, 13.667959 ], [ -89.105014, 13.667395 ], [ -89.106078, 13.666879 ], [ -89.106694, 13.666796 ], [ -89.106745, 13.666731 ], [ -89.106959, 13.666576 ], [ -89.107265, 13.666276 ], [ -89.107366, 13.666041 ], [ -89.107361, 13.665685 ], [ -89.107341, 13.665553 ], [ -89.107257, 13.665441 ], [ -89.107118, 13.665405 ], [ -89.106874, 13.665327 ], [ -89.106736, 13.665133 ], [ -89.10665, 13.664894 ], [ -89.106604, 13.664523 ], [ -89.106598, 13.664109 ], [ -89.106631, 13.663864 ], [ -89.106671, 13.663586 ], [ -89.106777, 13.663373 ], [ -89.10683, 13.663113 ], [ -89.106843, 13.662713 ], [ -89.106855, 13.662662 ], [ -89.106896, 13.66259 ], [ -89.107048, 13.662416 ], [ -89.107088, 13.662293 ], [ -89.107127, 13.662118 ], [ -89.107187, 13.662054 ], [ -89.107272, 13.662021 ], [ -89.107312, 13.661905 ], [ -89.107365, 13.661743 ], [ -89.107488, 13.661542 ], [ -89.107488, 13.66131 ], [ -89.107521, 13.661064 ], [ -89.107618, 13.660898 ], [ -89.107699, 13.660767 ], [ -89.107963, 13.660554 ], [ -89.108168, 13.660386 ], [ -89.108346, 13.660074 ], [ -89.108485, 13.659931 ], [ -89.108788, 13.659815 ], [ -89.108993, 13.65957 ], [ -89.109118, 13.659212 ], [ -89.109119, 13.658921 ], [ -89.10902, 13.658482 ], [ -89.108936, 13.658161 ], [ -89.108798, 13.657889 ], [ -89.108646, 13.657635 ], [ -89.108322, 13.657193 ], [ -89.107973, 13.656829 ], [ -89.107742, 13.656441 ], [ -89.107533, 13.656133 ], [ -89.107408, 13.655875 ], [ -89.107408, 13.655674 ], [ -89.107309, 13.655577 ], [ -89.107138, 13.655558 ], [ -89.107026, 13.655532 ], [ -89.106934, 13.655422 ], [ -89.106861, 13.655209 ], [ -89.106789, 13.654992 ], [ -89.106789, 13.654734 ], [ -89.106717, 13.654527 ], [ -89.106592, 13.654223 ], [ -89.10647, 13.653838 ], [ -89.106352, 13.653677 ], [ -89.106267, 13.653412 ], [ -89.106221, 13.653108 ], [ -89.106089, 13.652921 ], [ -89.105707, 13.652306 ], [ -89.105364, 13.651711 ], [ -89.105315, 13.651542 ], [ -89.105199, 13.651064 ], [ -89.105252, 13.650773 ], [ -89.105556, 13.64974 ], [ -89.105688, 13.649404 ], [ -89.105913, 13.648971 ], [ -89.106078, 13.648626 ], [ -89.105999, 13.648432 ], [ -89.106026, 13.648206 ], [ -89.106138, 13.64787 ], [ -89.106316, 13.647618 ], [ -89.106653, 13.647166 ], [ -89.107082, 13.646624 ], [ -89.107507, 13.645798 ], [ -89.107576, 13.645906 ], [ -89.107598, 13.645844 ], [ -89.107634, 13.645896 ], [ -89.107878, 13.646119 ], [ -89.107881, 13.646126 ], [ -89.107989, 13.64587 ], [ -89.108256, 13.645637 ], [ -89.10827, 13.645626 ], [ -89.108205, 13.645524 ], [ -89.108151, 13.645429 ], [ -89.108119, 13.645385 ], [ -89.108054, 13.645318 ], [ -89.107594, 13.644862 ], [ -89.10742, 13.644732 ], [ -89.107384, 13.644713 ], [ -89.107354, 13.644715 ], [ -89.107331, 13.644708 ], [ -89.107353, 13.644653 ], [ -89.107371, 13.644541 ], [ -89.107356, 13.644489 ], [ -89.107332, 13.644396 ], [ -89.107306, 13.644244 ], [ -89.10728, 13.644142 ], [ -89.107279, 13.644044 ], [ -89.10732, 13.643983 ], [ -89.107359, 13.643888 ], [ -89.107386, 13.643799 ], [ -89.107409, 13.643675 ], [ -89.107422, 13.643635 ], [ -89.107448, 13.643606 ], [ -89.107549, 13.643504 ], [ -89.107604, 13.643454 ], [ -89.10775, 13.643401 ], [ -89.107783, 13.643406 ], [ -89.107885, 13.643441 ], [ -89.108057, 13.643503 ], [ -89.108216, 13.643555 ], [ -89.10833, 13.643584 ], [ -89.108685, 13.643674 ], [ -89.108951, 13.643681 ], [ -89.109048, 13.643689 ], [ -89.109186, 13.643703 ], [ -89.109245, 13.643708 ], [ -89.109363, 13.6437 ], [ -89.10947, 13.643687 ], [ -89.109566, 13.643678 ], [ -89.109749, 13.643622 ], [ -89.109825, 13.643596 ], [ -89.109953, 13.643524 ], [ -89.110194, 13.643376 ], [ -89.110294, 13.643315 ], [ -89.110407, 13.643256 ], [ -89.110533, 13.643217 ], [ -89.110631, 13.643194 ], [ -89.110676, 13.643194 ], [ -89.110732, 13.643214 ], [ -89.110855, 13.643269 ], [ -89.110916, 13.643306 ], [ -89.110952, 13.643327 ], [ -89.110976, 13.643342 ], [ -89.111025, 13.643355 ], [ -89.111114, 13.64339 ], [ -89.111177, 13.643404 ], [ -89.111301, 13.643425 ], [ -89.111419, 13.643434 ], [ -89.111486, 13.64344 ], [ -89.111652, 13.643446 ], [ -89.111683, 13.643452 ], [ -89.111765, 13.643465 ], [ -89.1118, 13.643517 ], [ -89.111827, 13.643534 ], [ -89.111871, 13.643575 ], [ -89.111931, 13.643615 ], [ -89.11196, 13.643571 ], [ -89.11197, 13.64352 ], [ -89.111984, 13.643329 ], [ -89.111986, 13.643217 ], [ -89.111978, 13.643027 ], [ -89.111991, 13.642998 ], [ -89.112229, 13.642806 ], [ -89.112327, 13.642737 ], [ -89.112391, 13.64268 ], [ -89.112569, 13.642492 ], [ -89.11262, 13.64244 ], [ -89.11267, 13.642396 ], [ -89.112739, 13.642318 ], [ -89.112826, 13.642184 ], [ -89.112845, 13.642142 ], [ -89.112879, 13.642092 ], [ -89.112931, 13.642036 ], [ -89.11298, 13.641996 ], [ -89.112988, 13.641972 ], [ -89.112996, 13.641936 ], [ -89.112996, 13.641799 ], [ -89.113046, 13.641752 ], [ -89.113189, 13.641671 ], [ -89.113259, 13.641614 ], [ -89.113418, 13.641513 ], [ -89.113505, 13.641462 ], [ -89.113576, 13.641428 ], [ -89.113639, 13.641396 ], [ -89.113711, 13.641375 ], [ -89.113807, 13.641352 ], [ -89.113948, 13.641344 ], [ -89.114051, 13.641355 ], [ -89.114096, 13.641367 ], [ -89.114159, 13.641377 ], [ -89.114217, 13.641387 ], [ -89.114272, 13.64139 ], [ -89.114383, 13.641386 ], [ -89.114404, 13.64139 ], [ -89.114493, 13.641372 ], [ -89.114579, 13.641336 ], [ -89.114682, 13.641306 ], [ -89.114771, 13.641284 ], [ -89.114809, 13.641258 ], [ -89.114884, 13.641225 ], [ -89.114929, 13.641192 ], [ -89.114997, 13.641141 ], [ -89.115069, 13.641079 ], [ -89.115142, 13.641019 ], [ -89.115227, 13.640943 ], [ -89.115317, 13.64093 ], [ -89.115377, 13.64102 ], [ -89.115456, 13.641135 ], [ -89.115536, 13.64125 ], [ -89.115703, 13.641466 ], [ -89.115782, 13.641557 ], [ -89.115895, 13.641695 ], [ -89.115951, 13.641756 ], [ -89.116027, 13.641834 ], [ -89.116114, 13.641924 ], [ -89.116192, 13.642035 ], [ -89.116295, 13.642145 ], [ -89.116317, 13.642201 ], [ -89.116534, 13.642472 ], [ -89.116618, 13.642561 ], [ -89.116678, 13.642625 ], [ -89.116693, 13.642636 ], [ -89.116861, 13.642754 ], [ -89.116937, 13.642778 ], [ -89.116959, 13.642785 ], [ -89.117044, 13.642834 ], [ -89.117099, 13.64287 ], [ -89.117156, 13.642907 ], [ -89.117263, 13.64292 ], [ -89.117366, 13.642953 ], [ -89.117524, 13.642994 ], [ -89.117623, 13.642988 ], [ -89.117744, 13.642997 ], [ -89.11782, 13.642986 ], [ -89.117919, 13.64297 ], [ -89.117992, 13.642958 ], [ -89.118322, 13.642912 ], [ -89.118687, 13.642861 ], [ -89.118794, 13.642829 ], [ -89.118954, 13.642798 ], [ -89.11902, 13.642774 ], [ -89.119141, 13.642687 ], [ -89.119146, 13.642684 ], [ -89.119286, 13.642568 ], [ -89.119394, 13.642458 ], [ -89.119402, 13.642438 ], [ -89.119413, 13.642412 ], [ -89.119544, 13.64222 ], [ -89.119649, 13.642072 ], [ -89.119698, 13.64202 ], [ -89.119784, 13.641884 ], [ -89.11992, 13.641659 ], [ -89.119959, 13.641614 ], [ -89.11997, 13.641602 ], [ -89.12003, 13.641484 ], [ -89.12006, 13.641447 ], [ -89.120291, 13.641504 ], [ -89.120354, 13.641507 ], [ -89.120422, 13.641499 ], [ -89.120461, 13.641483 ], [ -89.120507, 13.641462 ], [ -89.120542, 13.641411 ], [ -89.120591, 13.641345 ], [ -89.120597, 13.641279 ], [ -89.120595, 13.641216 ], [ -89.120572, 13.641086 ], [ -89.120598, 13.641058 ], [ -89.120649, 13.641046 ], [ -89.120718, 13.641031 ], [ -89.120777, 13.641026 ], [ -89.120817, 13.641026 ], [ -89.120853, 13.641031 ], [ -89.120925, 13.641051 ], [ -89.121057, 13.641096 ], [ -89.12109, 13.641104 ], [ -89.121107, 13.641113 ], [ -89.121088, 13.641141 ], [ -89.121083, 13.641168 ], [ -89.121087, 13.6412 ], [ -89.12118, 13.641376 ], [ -89.121273, 13.641527 ], [ -89.121316, 13.64162 ], [ -89.121324, 13.641666 ], [ -89.121327, 13.641692 ], [ -89.121337, 13.641764 ], [ -89.121346, 13.641816 ], [ -89.121359, 13.641864 ], [ -89.121421, 13.641907 ], [ -89.121475, 13.641926 ], [ -89.121494, 13.64193 ], [ -89.121561, 13.641937 ], [ -89.121715, 13.641949 ], [ -89.121747, 13.64195 ], [ -89.121723, 13.642043 ], [ -89.121706, 13.642116 ], [ -89.121684, 13.642188 ], [ -89.121667, 13.642261 ], [ -89.121651, 13.642331 ], [ -89.121668, 13.642372 ], [ -89.121681, 13.642413 ], [ -89.121731, 13.64243 ], [ -89.121853, 13.642471 ], [ -89.121909, 13.642538 ], [ -89.122027, 13.642575 ], [ -89.122049, 13.642585 ], [ -89.122195, 13.642607 ], [ -89.122244, 13.642591 ], [ -89.122315, 13.642542 ], [ -89.122338, 13.642482 ], [ -89.122369, 13.642426 ], [ -89.122441, 13.642353 ], [ -89.12251, 13.642309 ], [ -89.122539, 13.642251 ], [ -89.122549, 13.642181 ], [ -89.122555, 13.642102 ], [ -89.122558, 13.642029 ], [ -89.122556, 13.64196 ], [ -89.12256, 13.641886 ], [ -89.122549, 13.641758 ], [ -89.122548, 13.641688 ], [ -89.122551, 13.64159 ], [ -89.122557, 13.641489 ], [ -89.122565, 13.641324 ], [ -89.122584, 13.641339 ], [ -89.122661, 13.641339 ], [ -89.122814, 13.641352 ], [ -89.122897, 13.641357 ], [ -89.123026, 13.641293 ], [ -89.123044, 13.641284 ], [ -89.123227, 13.641122 ], [ -89.123311, 13.641061 ], [ -89.123422, 13.64097 ], [ -89.123499, 13.640908 ], [ -89.123564, 13.640848 ], [ -89.123601, 13.640819 ], [ -89.123681, 13.640757 ], [ -89.123725, 13.640723 ], [ -89.123797, 13.640692 ], [ -89.123909, 13.640618 ], [ -89.123959, 13.640577 ] ] ] } },
{ "type": "Feature", "properties": { "fid": 291, "CANTON": "AREA URBANA", "DISTRITO": "SANTO TOMAS" }, "geometry": { "type": "Polygon", "coordinates": [ [ [ -89.138595, 13.64521 ], [ -89.138524, 13.645214 ], [ -89.138513, 13.645185 ], [ -89.138473, 13.645181 ], [ -89.138439, 13.645165 ], [ -89.138384, 13.645108 ], [ -89.13826, 13.644954 ], [ -89.138168, 13.644877 ], [ -89.138091, 13.644808 ], [ -89.138008, 13.644762 ], [ -89.137809, 13.644623 ], [ -89.137907, 13.644191 ], [ -89.137864, 13.644032 ], [ -89.137862, 13.644015 ], [ -89.137772, 13.644019 ], [ -89.137732, 13.644029 ], [ -89.137684, 13.64405 ], [ -89.137621, 13.644083 ], [ -89.137599, 13.644097 ], [ -89.137571, 13.644101 ], [ -89.137527, 13.644122 ], [ -89.137477, 13.644156 ], [ -89.137421, 13.644206 ], [ -89.137367, 13.644263 ], [ -89.137317, 13.6443 ], [ -89.137265, 13.644326 ], [ -89.137215, 13.64433 ], [ -89.137159, 13.64433 ], [ -89.137087, 13.644314 ], [ -89.13696, 13.644289 ], [ -89.136916, 13.644289 ], [ -89.136882, 13.644314 ], [ -89.136844, 13.644351 ], [ -89.136814, 13.644428 ], [ -89.136798, 13.644496 ], [ -89.136766, 13.644562 ], [ -89.13675, 13.644621 ], [ -89.136726, 13.644689 ], [ -89.136694, 13.644748 ], [ -89.136654, 13.644791 ], [ -89.136597, 13.644834 ], [ -89.136559, 13.644873 ], [ -89.136533, 13.644934 ], [ -89.136523, 13.644998 ], [ -89.136513, 13.64507 ], [ -89.136495, 13.645111 ], [ -89.136437, 13.645151 ], [ -89.136365, 13.645178 ], [ -89.1363, 13.645194 ], [ -89.136207, 13.645199 ], [ -89.136161, 13.645203 ], [ -89.136123, 13.645209 ], [ -89.136069, 13.645199 ], [ -89.136014, 13.645202 ], [ -89.135958, 13.645213 ], [ -89.135904, 13.645232 ], [ -89.135852, 13.64526 ], [ -89.135848, 13.645263 ], [ -89.135797, 13.645307 ], [ -89.135743, 13.645365 ], [ -89.135712, 13.645409 ], [ -89.135683, 13.645454 ], [ -89.135668, 13.645495 ], [ -89.135666, 13.645639 ], [ -89.135649, 13.645682 ], [ -89.135612, 13.645718 ], [ -89.135549, 13.645763 ], [ -89.135488, 13.645813 ], [ -89.135427, 13.645849 ], [ -89.135348, 13.64588 ], [ -89.135319, 13.645899 ], [ -89.135158, 13.646124 ], [ -89.135141, 13.646167 ], [ -89.135126, 13.646222 ], [ -89.135084, 13.646399 ], [ -89.135065, 13.64649 ], [ -89.135031, 13.646591 ], [ -89.134967, 13.646687 ], [ -89.134539, 13.646644 ], [ -89.134256, 13.64672 ], [ -89.134202, 13.64684 ], [ -89.134158, 13.646929 ], [ -89.134141, 13.646988 ], [ -89.133953, 13.64701 ], [ -89.133603, 13.647271 ], [ -89.133231, 13.647446 ], [ -89.133058, 13.647465 ], [ -89.132796, 13.647585 ], [ -89.132667, 13.647786 ], [ -89.132437, 13.647841 ], [ -89.132246, 13.64785 ], [ -89.1321, 13.647937 ], [ -89.132016, 13.647994 ], [ -89.13199, 13.648023 ], [ -89.131882, 13.648078 ], [ -89.131765, 13.648107 ], [ -89.131562, 13.648119 ], [ -89.131503, 13.648147 ], [ -89.131305, 13.648267 ], [ -89.131156, 13.648329 ], [ -89.131092, 13.648337 ], [ -89.131041, 13.648346 ], [ -89.130799, 13.64831 ], [ -89.130608, 13.648346 ], [ -89.13042, 13.648454 ], [ -89.130202, 13.648528 ], [ -89.1301, 13.648529 ], [ -89.129972, 13.648495 ], [ -89.129877, 13.648498 ], [ -89.129791, 13.648572 ], [ -89.129593, 13.648682 ], [ -89.129466, 13.648694 ], [ -89.129283, 13.648759 ], [ -89.129249, 13.648768 ], [ -89.129124, 13.648814 ], [ -89.129031, 13.648838 ], [ -89.12894, 13.64884 ], [ -89.128845, 13.648777 ], [ -89.128858, 13.64876 ], [ -89.12891, 13.648593 ], [ -89.129022, 13.648381 ], [ -89.12915, 13.648284 ], [ -89.129186, 13.648121 ], [ -89.129189, 13.647887 ], [ -89.129189, 13.647878 ], [ -89.129167, 13.64784 ], [ -89.129039, 13.647781 ], [ -89.128872, 13.647647 ], [ -89.128788, 13.647504 ], [ -89.1288, 13.647445 ], [ -89.128826, 13.647194 ], [ -89.128818, 13.647102 ], [ -89.128811, 13.647064 ], [ -89.128845, 13.646674 ], [ -89.128817, 13.646671 ], [ -89.128413, 13.646154 ], [ -89.128298, 13.645279 ], [ -89.128253, 13.645147 ], [ -89.128097, 13.644812 ], [ -89.128091, 13.644778 ], [ -89.128083, 13.644696 ], [ -89.128082, 13.644647 ], [ -89.128068, 13.644533 ], [ -89.128026, 13.644407 ], [ -89.128045, 13.644356 ], [ -89.127961, 13.644107 ], [ -89.127922, 13.643994 ], [ -89.127941, 13.643762 ], [ -89.127956, 13.643707 ], [ -89.127961, 13.643671 ], [ -89.127949, 13.643632 ], [ -89.127738, 13.643276 ], [ -89.127479, 13.64298 ], [ -89.1273, 13.642774 ], [ -89.127185, 13.642549 ], [ -89.127029, 13.642313 ], [ -89.126926, 13.642191 ], [ -89.126914, 13.642126 ], [ -89.126909, 13.641971 ], [ -89.126811, 13.641629 ], [ -89.126762, 13.641528 ], [ -89.126717, 13.641392 ], [ -89.126686, 13.641217 ], [ -89.126891, 13.640868 ], [ -89.127015, 13.640629 ], [ -89.127046, 13.640537 ], [ -89.126995, 13.640528 ], [ -89.126972, 13.640358 ], [ -89.126951, 13.639739 ], [ -89.126924, 13.639662 ], [ -89.127256, 13.639604 ], [ -89.127496, 13.639496 ], [ -89.127029, 13.638772 ], [ -89.126829, 13.638435 ], [ -89.126334, 13.637605 ], [ -89.125715, 13.636708 ], [ -89.125599, 13.636509 ], [ -89.12536, 13.6361 ], [ -89.125001, 13.635487 ], [ -89.124654, 13.634674 ], [ -89.124557, 13.634433 ], [ -89.124375, 13.634423 ], [ -89.123961, 13.634368 ], [ -89.123737, 13.63429 ], [ -89.123602, 13.634235 ], [ -89.12359, 13.63423 ], [ -89.123471, 13.63417 ], [ -89.123222, 13.633999 ], [ -89.123104, 13.633909 ], [ -89.123035, 13.633833 ], [ -89.122958, 13.633714 ], [ -89.12295, 13.633624 ], [ -89.122947, 13.633383 ], [ -89.122955, 13.633271 ], [ -89.122993, 13.633133 ], [ -89.123107, 13.632881 ], [ -89.123164, 13.632762 ], [ -89.12327, 13.632453 ], [ -89.12328, 13.632413 ], [ -89.123304, 13.632319 ], [ -89.123324, 13.63215 ], [ -89.123333, 13.632027 ], [ -89.123318, 13.631873 ], [ -89.123293, 13.631634 ], [ -89.123291, 13.631616 ], [ -89.123351, 13.631631 ], [ -89.123358, 13.631632 ], [ -89.123372, 13.631636 ], [ -89.12338, 13.631638 ], [ -89.123383, 13.631635 ], [ -89.123395, 13.631625 ], [ -89.123402, 13.631619 ], [ -89.12341, 13.631613 ], [ -89.123466, 13.631562 ], [ -89.123502, 13.631531 ], [ -89.123502, 13.63153 ], [ -89.123519, 13.631475 ], [ -89.123528, 13.631446 ], [ -89.12353, 13.631438 ], [ -89.123533, 13.631423 ], [ -89.123535, 13.631415 ], [ -89.123536, 13.63141 ], [ -89.123569, 13.631321 ], [ -89.123585, 13.631279 ], [ -89.123601, 13.631236 ], [ -89.123622, 13.631165 ], [ -89.123631, 13.631134 ], [ -89.123646, 13.631084 ], [ -89.123643, 13.630973 ], [ -89.123641, 13.630929 ], [ -89.123638, 13.63082 ], [ -89.123641, 13.630819 ], [ -89.123642, 13.630819 ], [ -89.123647, 13.630817 ], [ -89.123659, 13.630814 ], [ -89.123662, 13.630813 ], [ -89.123684, 13.630808 ], [ -89.123723, 13.630812 ], [ -89.12373, 13.630812 ], [ -89.123819, 13.63082 ], [ -89.123926, 13.630848 ], [ -89.123932, 13.63085 ], [ -89.124028, 13.630876 ], [ -89.124027, 13.630884 ], [ -89.123986, 13.63128 ], [ -89.123968, 13.631909 ], [ -89.123991, 13.632368 ], [ -89.124047, 13.632571 ], [ -89.124254, 13.632791 ], [ -89.124476, 13.632841 ], [ -89.124595, 13.632867 ], [ -89.124699, 13.632893 ], [ -89.124769, 13.63291 ], [ -89.124785, 13.632848 ], [ -89.124797, 13.632806 ], [ -89.124869, 13.632827 ], [ -89.124942, 13.632852 ], [ -89.124996, 13.632873 ], [ -89.125012, 13.63288 ], [ -89.125034, 13.632886 ], [ -89.125078, 13.632906 ], [ -89.125082, 13.632893 ], [ -89.125159, 13.632908 ], [ -89.125236, 13.632922 ], [ -89.125295, 13.632932 ], [ -89.125429, 13.63295 ], [ -89.125479, 13.633015 ], [ -89.125485, 13.633016 ], [ -89.125518, 13.632838 ], [ -89.125697, 13.632881 ], [ -89.125755, 13.632971 ], [ -89.125865, 13.632998 ], [ -89.125819, 13.633159 ], [ -89.125791, 13.633239 ], [ -89.12579, 13.633241 ], [ -89.125791, 13.633361 ], [ -89.125802, 13.633363 ], [ -89.125803, 13.633448 ], [ -89.125807, 13.633449 ], [ -89.125807, 13.633478 ], [ -89.125811, 13.633536 ], [ -89.125769, 13.63366 ], [ -89.125752, 13.633712 ], [ -89.125736, 13.633766 ], [ -89.125725, 13.63383 ], [ -89.125694, 13.634008 ], [ -89.125673, 13.634077 ], [ -89.12565, 13.634149 ], [ -89.12565, 13.634151 ], [ -89.125624, 13.634226 ], [ -89.12561, 13.634222 ], [ -89.125584, 13.634296 ], [ -89.125544, 13.634534 ], [ -89.125538, 13.634566 ], [ -89.125529, 13.634613 ], [ -89.125669, 13.634684 ], [ -89.125986, 13.634893 ], [ -89.126282, 13.635123 ], [ -89.12634, 13.635172 ], [ -89.126387, 13.635121 ], [ -89.126392, 13.635115 ], [ -89.126697, 13.634772 ], [ -89.126752, 13.634711 ], [ -89.126913, 13.634519 ], [ -89.127003, 13.634603 ], [ -89.127332, 13.634835 ], [ -89.127489, 13.634955 ], [ -89.127585, 13.635037 ], [ -89.127634, 13.63508 ], [ -89.127655, 13.635099 ], [ -89.127681, 13.635122 ], [ -89.127676, 13.635127 ], [ -89.127744, 13.635187 ], [ -89.127828, 13.635258 ], [ -89.127736, 13.635357 ], [ -89.127693, 13.635403 ], [ -89.127654, 13.635447 ], [ -89.12761, 13.635496 ], [ -89.127582, 13.635527 ], [ -89.127557, 13.635556 ], [ -89.127527, 13.635592 ], [ -89.127483, 13.635639 ], [ -89.12744, 13.635687 ], [ -89.127356, 13.635781 ], [ -89.127312, 13.635827 ], [ -89.127225, 13.635928 ], [ -89.127173, 13.635986 ], [ -89.127132, 13.636077 ], [ -89.127304, 13.636308 ], [ -89.127434, 13.636487 ], [ -89.127556, 13.636623 ], [ -89.12763, 13.636738 ], [ -89.127702, 13.636954 ], [ -89.127784, 13.637177 ], [ -89.127865, 13.637052 ], [ -89.12789, 13.636932 ], [ -89.127976, 13.636677 ], [ -89.128042, 13.636528 ], [ -89.128089, 13.636447 ], [ -89.128153, 13.63634 ], [ -89.128264, 13.636171 ], [ -89.128332, 13.636018 ], [ -89.128385, 13.635798 ], [ -89.128424, 13.635584 ], [ -89.128454, 13.6354 ], [ -89.128454, 13.635329 ], [ -89.128437, 13.635196 ], [ -89.128411, 13.63507 ], [ -89.128367, 13.634901 ], [ -89.128352, 13.634786 ], [ -89.128358, 13.634688 ], [ -89.12837, 13.634648 ], [ -89.128382, 13.634608 ], [ -89.128446, 13.634525 ], [ -89.128552, 13.634401 ], [ -89.12861, 13.634318 ], [ -89.128638, 13.63427 ], [ -89.128666, 13.634273 ], [ -89.129564, 13.634378 ], [ -89.129687, 13.63423 ], [ -89.129838, 13.63428 ], [ -89.12991, 13.634304 ], [ -89.130258, 13.634431 ], [ -89.13033, 13.634468 ], [ -89.130386, 13.634509 ], [ -89.130439, 13.634531 ], [ -89.130409, 13.634634 ], [ -89.130494, 13.634659 ], [ -89.13059, 13.634716 ], [ -89.130724, 13.634816 ], [ -89.130843, 13.634915 ], [ -89.130881, 13.634915 ], [ -89.130885, 13.634909 ], [ -89.131119, 13.634413 ], [ -89.131251, 13.634207 ], [ -89.131423, 13.633912 ], [ -89.131503, 13.633799 ], [ -89.131649, 13.633619 ], [ -89.131692, 13.63355 ], [ -89.131709, 13.633524 ], [ -89.131843, 13.633289 ], [ -89.131954, 13.633089 ], [ -89.132087, 13.632875 ], [ -89.13236, 13.632746 ], [ -89.132619, 13.632626 ], [ -89.132713, 13.632567 ], [ -89.132775, 13.632469 ], [ -89.132836, 13.632372 ], [ -89.132848, 13.632312 ], [ -89.132837, 13.632121 ], [ -89.132789, 13.631963 ], [ -89.132867, 13.631882 ], [ -89.132912, 13.63186 ], [ -89.13299, 13.63185 ], [ -89.133173, 13.631948 ], [ -89.133211, 13.631963 ], [ -89.133278, 13.631966 ], [ -89.133622, 13.631887 ], [ -89.133822, 13.631906 ], [ -89.133888, 13.631884 ], [ -89.133958, 13.63184 ], [ -89.134082, 13.63173 ], [ -89.134099, 13.631708 ], [ -89.13412, 13.6317 ], [ -89.134129, 13.631743 ], [ -89.134151, 13.631919 ], [ -89.134121, 13.631995 ], [ -89.134063, 13.632045 ], [ -89.133824, 13.632343 ], [ -89.133872, 13.632399 ], [ -89.133939, 13.6328 ], [ -89.134173, 13.633011 ], [ -89.134283, 13.633146 ], [ -89.134369, 13.633323 ], [ -89.134441, 13.633604 ], [ -89.134436, 13.633697 ], [ -89.134417, 13.633781 ], [ -89.134417, 13.633963 ], [ -89.134231, 13.634276 ], [ -89.134661, 13.634346 ], [ -89.134742, 13.634379 ], [ -89.134813, 13.634468 ], [ -89.135091, 13.634636 ], [ -89.135167, 13.634729 ], [ -89.135358, 13.634944 ], [ -89.135846, 13.635336 ], [ -89.136051, 13.635639 ], [ -89.136333, 13.636148 ], [ -89.136567, 13.63662 ], [ -89.136596, 13.636681 ], [ -89.136778, 13.636947 ], [ -89.13683, 13.637008 ], [ -89.136826, 13.637134 ], [ -89.136974, 13.637783 ], [ -89.13705, 13.637853 ], [ -89.137073, 13.637846 ], [ -89.137147, 13.637938 ], [ -89.137243, 13.638035 ], [ -89.137665, 13.638201 ], [ -89.137681, 13.638218 ], [ -89.138492, 13.638517 ], [ -89.138589, 13.638583 ], [ -89.138621, 13.638583 ], [ -89.138868, 13.638831 ], [ -89.138912, 13.638877 ], [ -89.138959, 13.638924 ], [ -89.139006, 13.638976 ], [ -89.139036, 13.639007 ], [ -89.139076, 13.639034 ], [ -89.139151, 13.63917 ], [ -89.13919, 13.639185 ], [ -89.139271, 13.639193 ], [ -89.139335, 13.639149 ], [ -89.139396, 13.639137 ], [ -89.139501, 13.639161 ], [ -89.139662, 13.639259 ], [ -89.139787, 13.639336 ], [ -89.139848, 13.639398 ], [ -89.139934, 13.63952 ], [ -89.140014, 13.639624 ], [ -89.140036, 13.639712 ], [ -89.140061, 13.639703 ], [ -89.140105, 13.639688 ], [ -89.140178, 13.639757 ], [ -89.140264, 13.639868 ], [ -89.140348, 13.63986 ], [ -89.14036, 13.640062 ], [ -89.140377, 13.64008 ], [ -89.140441, 13.64015 ], [ -89.140559, 13.640147 ], [ -89.140744, 13.64022 ], [ -89.141146, 13.640464 ], [ -89.14169, 13.640796 ], [ -89.141723, 13.640814 ], [ -89.141753, 13.640791 ], [ -89.141783, 13.640768 ], [ -89.141803, 13.640748 ], [ -89.141831, 13.640754 ], [ -89.141919, 13.640889 ], [ -89.141966, 13.640978 ], [ -89.14201, 13.641043 ], [ -89.142016, 13.641107 ], [ -89.142023, 13.641172 ], [ -89.14203, 13.64124 ], [ -89.142205, 13.64132 ], [ -89.142237, 13.641375 ], [ -89.142295, 13.641545 ], [ -89.142398, 13.641898 ], [ -89.14248, 13.642053 ], [ -89.142725, 13.642293 ], [ -89.142728, 13.642277 ], [ -89.142762, 13.642195 ], [ -89.142685, 13.642128 ], [ -89.142776, 13.64201 ], [ -89.142872, 13.64211 ], [ -89.142929, 13.642081 ], [ -89.143133, 13.642198 ], [ -89.143281, 13.641889 ], [ -89.143431, 13.64195 ], [ -89.143463, 13.641755 ], [ -89.143596, 13.64178 ], [ -89.143668, 13.641798 ], [ -89.143739, 13.641815 ], [ -89.143806, 13.641831 ], [ -89.14387, 13.641844 ], [ -89.143927, 13.641875 ], [ -89.144057, 13.641948 ], [ -89.144181, 13.642011 ], [ -89.144241, 13.64204 ], [ -89.144337, 13.641878 ], [ -89.144342, 13.641867 ], [ -89.144347, 13.641856 ], [ -89.144383, 13.641866 ], [ -89.144407, 13.641865 ], [ -89.144509, 13.641714 ], [ -89.144514, 13.641707 ], [ -89.14445, 13.641662 ], [ -89.14448, 13.641617 ], [ -89.144534, 13.64165 ], [ -89.144601, 13.641533 ], [ -89.144723, 13.641322 ], [ -89.144907, 13.641381 ], [ -89.144846, 13.641489 ], [ -89.144877, 13.641509 ], [ -89.144909, 13.64153 ], [ -89.144981, 13.641576 ], [ -89.144953, 13.641617 ], [ -89.145013, 13.641656 ], [ -89.144982, 13.641705 ], [ -89.145045, 13.641746 ], [ -89.145109, 13.641787 ], [ -89.145171, 13.641827 ], [ -89.145227, 13.641862 ], [ -89.145229, 13.641864 ], [ -89.145293, 13.641904 ], [ -89.145355, 13.641937 ], [ -89.145414, 13.641972 ], [ -89.145478, 13.64201 ], [ -89.145537, 13.64206 ], [ -89.145596, 13.642111 ], [ -89.145659, 13.642135 ], [ -89.145777, 13.642179 ], [ -89.145846, 13.642206 ], [ -89.145915, 13.642232 ], [ -89.145985, 13.642258 ], [ -89.146055, 13.642284 ], [ -89.146106, 13.642304 ], [ -89.146114, 13.642276 ], [ -89.146337, 13.642355 ], [ -89.146409, 13.642366 ], [ -89.146641, 13.642462 ], [ -89.146848, 13.642529 ], [ -89.146921, 13.642538 ], [ -89.147273, 13.642601 ], [ -89.147358, 13.642676 ], [ -89.147361, 13.642707 ], [ -89.147386, 13.642779 ], [ -89.147444, 13.642751 ], [ -89.147582, 13.642659 ], [ -89.147631, 13.642625 ], [ -89.147734, 13.642556 ], [ -89.147945, 13.642416 ], [ -89.148073, 13.642294 ], [ -89.148092, 13.642259 ], [ -89.148093, 13.642234 ], [ -89.148201, 13.642049 ], [ -89.148249, 13.641911 ], [ -89.148337, 13.641695 ], [ -89.148465, 13.641736 ], [ -89.148611, 13.641806 ], [ -89.148649, 13.641839 ], [ -89.148933, 13.641866 ], [ -89.148956, 13.641868 ], [ -89.149075, 13.642282 ], [ -89.149102, 13.642431 ], [ -89.148672, 13.642572 ], [ -89.148525, 13.642623 ], [ -89.14812, 13.642757 ], [ -89.147885, 13.642838 ], [ -89.147483, 13.642969 ], [ -89.14735, 13.643011 ], [ -89.147079, 13.643104 ], [ -89.146678, 13.643239 ], [ -89.146543, 13.643284 ], [ -89.146274, 13.643366 ], [ -89.145986, 13.643456 ], [ -89.145865, 13.643494 ], [ -89.145702, 13.643546 ], [ -89.145314, 13.643675 ], [ -89.144948, 13.643786 ], [ -89.144831, 13.643816 ], [ -89.144501, 13.643936 ], [ -89.144, 13.644102 ], [ -89.143874, 13.644143 ], [ -89.143518, 13.64427 ], [ -89.143612, 13.644327 ], [ -89.143769, 13.644372 ], [ -89.143838, 13.644378 ], [ -89.144284, 13.644418 ], [ -89.144625, 13.644463 ], [ -89.144988, 13.644501 ], [ -89.145185, 13.64455 ], [ -89.145358, 13.644592 ], [ -89.1459, 13.644745 ], [ -89.146279, 13.644817 ], [ -89.146983, 13.64504 ], [ -89.147978, 13.645349 ], [ -89.148681, 13.645547 ], [ -89.148791, 13.645579 ], [ -89.149107, 13.645669 ], [ -89.149477, 13.645774 ], [ -89.149594, 13.645801 ], [ -89.149922, 13.645877 ], [ -89.150249, 13.645976 ], [ -89.150538, 13.64606 ], [ -89.150714, 13.646109 ], [ -89.150881, 13.646193 ], [ -89.150991, 13.646273 ], [ -89.151065, 13.646338 ], [ -89.151154, 13.646425 ], [ -89.151186, 13.646502 ], [ -89.151241, 13.646594 ], [ -89.151287, 13.646689 ], [ -89.151315, 13.646827 ], [ -89.151315, 13.646934 ], [ -89.151303, 13.647147 ], [ -89.151268, 13.647328 ], [ -89.151171, 13.647729 ], [ -89.151132, 13.647966 ], [ -89.15112, 13.648122 ], [ -89.15114, 13.64826 ], [ -89.151187, 13.648428 ], [ -89.151252, 13.648586 ], [ -89.151307, 13.648685 ], [ -89.151364, 13.648755 ], [ -89.151385, 13.64878 ], [ -89.151474, 13.648841 ], [ -89.151588, 13.648918 ], [ -89.151693, 13.648967 ], [ -89.151818, 13.649024 ], [ -89.151962, 13.64907 ], [ -89.152107, 13.64907 ], [ -89.152286, 13.649036 ], [ -89.152503, 13.648961 ], [ -89.152629, 13.648917 ], [ -89.152959, 13.648817 ], [ -89.153115, 13.648778 ], [ -89.153201, 13.648756 ], [ -89.153361, 13.648752 ], [ -89.153513, 13.648779 ], [ -89.153638, 13.648832 ], [ -89.153837, 13.648916 ], [ -89.15404, 13.649031 ], [ -89.154258, 13.649175 ], [ -89.154341, 13.649267 ], [ -89.15441, 13.649343 ], [ -89.154504, 13.649481 ], [ -89.154582, 13.649675 ], [ -89.154664, 13.649977 ], [ -89.154731, 13.650187 ], [ -89.154917, 13.650646 ], [ -89.154984, 13.650757 ], [ -89.15528, 13.651249 ], [ -89.15535, 13.65138 ], [ -89.155542, 13.651745 ], [ -89.155671, 13.651962 ], [ -89.155811, 13.652126 ], [ -89.155946, 13.65225 ], [ -89.15609, 13.652294 ], [ -89.156266, 13.652322 ], [ -89.156354, 13.652327 ], [ -89.156515, 13.65225 ], [ -89.15672, 13.652116 ], [ -89.157208, 13.651562 ], [ -89.157418, 13.651413 ], [ -89.157706, 13.651298 ], [ -89.158429, 13.650978 ], [ -89.158783, 13.650836 ], [ -89.159022, 13.650752 ], [ -89.159432, 13.650579 ], [ -89.159875, 13.65043 ], [ -89.160171, 13.650308 ], [ -89.160424, 13.650298 ], [ -89.160877, 13.650282 ], [ -89.161011, 13.650275 ], [ -89.161179, 13.650296 ], [ -89.161156, 13.650334 ], [ -89.161123, 13.650388 ], [ -89.161113, 13.65045 ], [ -89.1611, 13.650531 ], [ -89.16109, 13.650597 ], [ -89.161085, 13.650623 ], [ -89.161079, 13.650665 ], [ -89.161073, 13.6507 ], [ -89.161068, 13.650713 ], [ -89.161056, 13.650739 ], [ -89.161046, 13.650762 ], [ -89.161044, 13.650771 ], [ -89.161036, 13.650795 ], [ -89.16103, 13.650816 ], [ -89.161028, 13.650823 ], [ -89.161021, 13.650853 ], [ -89.161015, 13.650878 ], [ -89.161012, 13.650888 ], [ -89.160994, 13.650947 ], [ -89.160978, 13.651 ], [ -89.160977, 13.651002 ], [ -89.160967, 13.651035 ], [ -89.160958, 13.651063 ], [ -89.160958, 13.651064 ], [ -89.160938, 13.651129 ], [ -89.160922, 13.651182 ], [ -89.16092, 13.651189 ], [ -89.160907, 13.651217 ], [ -89.160896, 13.651241 ], [ -89.160894, 13.651247 ], [ -89.160886, 13.651274 ], [ -89.16088, 13.651296 ], [ -89.160878, 13.651303 ], [ -89.160871, 13.651331 ], [ -89.160864, 13.651354 ], [ -89.160861, 13.651365 ], [ -89.160853, 13.651396 ], [ -89.160846, 13.651421 ], [ -89.160841, 13.651438 ], [ -89.16083, 13.65148 ], [ -89.160821, 13.651515 ], [ -89.160813, 13.651543 ], [ -89.160797, 13.651591 ], [ -89.160784, 13.651628 ], [ -89.160771, 13.651667 ], [ -89.160637, 13.651674 ], [ -89.160692, 13.651739 ], [ -89.160805, 13.651886 ], [ -89.160849, 13.651943 ], [ -89.160598, 13.652003 ], [ -89.159902, 13.65219 ], [ -89.158773, 13.652636 ], [ -89.15774, 13.65316 ], [ -89.156783, 13.653639 ], [ -89.156004, 13.654025 ], [ -89.155139, 13.654392 ], [ -89.154957, 13.654442 ], [ -89.154398, 13.654595 ], [ -89.15387, 13.654686 ], [ -89.153703, 13.654715 ], [ -89.152896, 13.654734 ], [ -89.152523, 13.65461 ], [ -89.152314, 13.654541 ], [ -89.152023, 13.654448 ], [ -89.151712, 13.654348 ], [ -89.151215, 13.654073 ], [ -89.150726, 13.653743 ], [ -89.150144, 13.653192 ], [ -89.149308, 13.652249 ], [ -89.149132, 13.652051 ], [ -89.148189, 13.651091 ], [ -89.147986, 13.650885 ], [ -89.147891, 13.650787 ], [ -89.146894, 13.649759 ], [ -89.146654, 13.649512 ], [ -89.146384, 13.649254 ], [ -89.146332, 13.649205 ], [ -89.145536, 13.648446 ], [ -89.145289, 13.648168 ], [ -89.144921, 13.647755 ], [ -89.144722, 13.647531 ], [ -89.144374, 13.64717 ], [ -89.144102, 13.646889 ], [ -89.143915, 13.646736 ], [ -89.143693, 13.646989 ], [ -89.143285, 13.646634 ], [ -89.142917, 13.646473 ], [ -89.142429, 13.64647 ], [ -89.141906, 13.646471 ], [ -89.141837, 13.646389 ], [ -89.141668, 13.646192 ], [ -89.141003, 13.646239 ], [ -89.140937, 13.646249 ], [ -89.140148, 13.646379 ], [ -89.139223, 13.646651 ], [ -89.139223, 13.646538 ], [ -89.13927, 13.646461 ], [ -89.139287, 13.646389 ], [ -89.139325, 13.64623 ], [ -89.139341, 13.646175 ], [ -89.139378, 13.646072 ], [ -89.139404, 13.64598 ], [ -89.139425, 13.645851 ], [ -89.139498, 13.645664 ], [ -89.139632, 13.64542 ], [ -89.13937, 13.645389 ], [ -89.139238, 13.64531 ], [ -89.139117, 13.645269 ], [ -89.139034, 13.645256 ], [ -89.138949, 13.645235 ], [ -89.138823, 13.645243 ], [ -89.138756, 13.64522 ], [ -89.138664, 13.6452 ], [ -89.138595, 13.64521 ] ] ] } },
{ "type": "Feature", "properties": { "fid": 292, "CANTON": "EL CIPRES", "DISTRITO": "SANTO TOMAS" }, "geometry": { "type": "Polygon", "coordinates": [ [ [ -89.153138, 13.636719 ], [ -89.153394, 13.63666 ], [ -89.153395, 13.63666 ], [ -89.153492, 13.636605 ], [ -89.153536, 13.636572 ], [ -89.153576, 13.636492 ], [ -89.153595, 13.636422 ], [ -89.153598, 13.636264 ], [ -89.15358, 13.636189 ], [ -89.153519, 13.636064 ], [ -89.153459, 13.63593 ], [ -89.153439, 13.635855 ], [ -89.153432, 13.635744 ], [ -89.153451, 13.635659 ], [ -89.153501, 13.635521 ], [ -89.153555, 13.635364 ], [ -89.153622, 13.635221 ], [ -89.153693, 13.635097 ], [ -89.153883, 13.634923 ], [ -89.154016, 13.634777 ], [ -89.154243, 13.634589 ], [ -89.154471, 13.634526 ], [ -89.154803, 13.634648 ], [ -89.155136, 13.634743 ], [ -89.155532, 13.634879 ], [ -89.156099, 13.635446 ], [ -89.156672, 13.635965 ], [ -89.156716, 13.636006 ], [ -89.157581, 13.636749 ], [ -89.158019, 13.637564 ], [ -89.158372, 13.638153 ], [ -89.158505, 13.638483 ], [ -89.158594, 13.638994 ], [ -89.15878, 13.640043 ], [ -89.158792, 13.640092 ], [ -89.158928, 13.640654 ], [ -89.159054, 13.640869 ], [ -89.159418, 13.641812 ], [ -89.159522, 13.642082 ], [ -89.159534, 13.642112 ], [ -89.159536, 13.642122 ], [ -89.160169, 13.642262 ], [ -89.160598, 13.642585 ], [ -89.16097, 13.642796 ], [ -89.161766, 13.643355 ], [ -89.162125, 13.642998 ], [ -89.162693, 13.643822 ], [ -89.163255, 13.644671 ], [ -89.16327, 13.644713 ], [ -89.163271, 13.644714 ], [ -89.163267, 13.644714 ], [ -89.16306, 13.644784 ], [ -89.162899, 13.644843 ], [ -89.162774, 13.644892 ], [ -89.162767, 13.644919 ], [ -89.162377, 13.646474 ], [ -89.162166, 13.647316 ], [ -89.162014, 13.64792 ], [ -89.161993, 13.647976 ], [ -89.161979, 13.648012 ], [ -89.161969, 13.648039 ], [ -89.161783, 13.648606 ], [ -89.161643, 13.64903 ], [ -89.161536, 13.649357 ], [ -89.161419, 13.649684 ], [ -89.161316, 13.649975 ], [ -89.161235, 13.650204 ], [ -89.161196, 13.650267 ], [ -89.161179, 13.650296 ], [ -89.161011, 13.650275 ], [ -89.160877, 13.650282 ], [ -89.160424, 13.650298 ], [ -89.160171, 13.650308 ], [ -89.159875, 13.65043 ], [ -89.159432, 13.650579 ], [ -89.159022, 13.650752 ], [ -89.158783, 13.650836 ], [ -89.158429, 13.650978 ], [ -89.157706, 13.651298 ], [ -89.157418, 13.651413 ], [ -89.157208, 13.651562 ], [ -89.15672, 13.652116 ], [ -89.156515, 13.65225 ], [ -89.156354, 13.652327 ], [ -89.156266, 13.652322 ], [ -89.15609, 13.652294 ], [ -89.155946, 13.65225 ], [ -89.155811, 13.652126 ], [ -89.155671, 13.651962 ], [ -89.155542, 13.651745 ], [ -89.15535, 13.65138 ], [ -89.15528, 13.651249 ], [ -89.154984, 13.650757 ], [ -89.154917, 13.650646 ], [ -89.154731, 13.650187 ], [ -89.154664, 13.649977 ], [ -89.154582, 13.649675 ], [ -89.154504, 13.649481 ], [ -89.15441, 13.649343 ], [ -89.154341, 13.649267 ], [ -89.154258, 13.649175 ], [ -89.15404, 13.649031 ], [ -89.153837, 13.648916 ], [ -89.153638, 13.648832 ], [ -89.153513, 13.648779 ], [ -89.153361, 13.648752 ], [ -89.153201, 13.648756 ], [ -89.153115, 13.648778 ], [ -89.152959, 13.648817 ], [ -89.152629, 13.648917 ], [ -89.152503, 13.648961 ], [ -89.152286, 13.649036 ], [ -89.152107, 13.64907 ], [ -89.151962, 13.64907 ], [ -89.151818, 13.649024 ], [ -89.151693, 13.648967 ], [ -89.151588, 13.648918 ], [ -89.151474, 13.648841 ], [ -89.151385, 13.64878 ], [ -89.151364, 13.648755 ], [ -89.151307, 13.648685 ], [ -89.151252, 13.648586 ], [ -89.151187, 13.648428 ], [ -89.15114, 13.64826 ], [ -89.15112, 13.648122 ], [ -89.151132, 13.647966 ], [ -89.151171, 13.647729 ], [ -89.151268, 13.647328 ], [ -89.151303, 13.647147 ], [ -89.151315, 13.646934 ], [ -89.151315, 13.646827 ], [ -89.151287, 13.646689 ], [ -89.151241, 13.646594 ], [ -89.151186, 13.646502 ], [ -89.151154, 13.646425 ], [ -89.151065, 13.646338 ], [ -89.150991, 13.646273 ], [ -89.150881, 13.646193 ], [ -89.150714, 13.646109 ], [ -89.150538, 13.64606 ], [ -89.150249, 13.645976 ], [ -89.149922, 13.645877 ], [ -89.149594, 13.645801 ], [ -89.149477, 13.645774 ], [ -89.149107, 13.645669 ], [ -89.148791, 13.645579 ], [ -89.148681, 13.645547 ], [ -89.147978, 13.645349 ], [ -89.146983, 13.64504 ], [ -89.146279, 13.644817 ], [ -89.1459, 13.644745 ], [ -89.145358, 13.644592 ], [ -89.145185, 13.64455 ], [ -89.144988, 13.644501 ], [ -89.144625, 13.644463 ], [ -89.144284, 13.644418 ], [ -89.143838, 13.644378 ], [ -89.143769, 13.644372 ], [ -89.143612, 13.644327 ], [ -89.143518, 13.64427 ], [ -89.143874, 13.644143 ], [ -89.144, 13.644102 ], [ -89.144501, 13.643936 ], [ -89.144831, 13.643816 ], [ -89.144948, 13.643786 ], [ -89.145314, 13.643675 ], [ -89.145702, 13.643546 ], [ -89.145865, 13.643494 ], [ -89.145986, 13.643456 ], [ -89.146274, 13.643366 ], [ -89.146543, 13.643284 ], [ -89.146678, 13.643239 ], [ -89.147079, 13.643104 ], [ -89.14735, 13.643011 ], [ -89.147483, 13.642969 ], [ -89.147885, 13.642838 ], [ -89.14812, 13.642757 ], [ -89.148525, 13.642623 ], [ -89.148672, 13.642572 ], [ -89.149102, 13.642431 ], [ -89.149198, 13.642405 ], [ -89.14931, 13.642395 ], [ -89.149459, 13.642439 ], [ -89.14955, 13.642474 ], [ -89.149831, 13.642585 ], [ -89.150105, 13.642758 ], [ -89.150135, 13.643091 ], [ -89.150659, 13.643281 ], [ -89.151115, 13.643512 ], [ -89.151694, 13.643849 ], [ -89.151756, 13.643898 ], [ -89.151796, 13.643966 ], [ -89.151945, 13.643943 ], [ -89.152057, 13.643903 ], [ -89.152142, 13.643855 ], [ -89.152171, 13.643779 ], [ -89.15219, 13.643643 ], [ -89.152202, 13.643514 ], [ -89.152221, 13.643434 ], [ -89.15227, 13.643276 ], [ -89.152497, 13.643151 ], [ -89.152649, 13.64302 ], [ -89.152761, 13.642828 ], [ -89.152824, 13.6426 ], [ -89.15286, 13.642398 ], [ -89.152869, 13.642182 ], [ -89.152891, 13.642036 ], [ -89.152985, 13.641838 ], [ -89.153133, 13.641556 ], [ -89.153192, 13.641434 ], [ -89.153213, 13.641344 ], [ -89.15321, 13.641253 ], [ -89.153197, 13.641114 ], [ -89.153159, 13.640984 ], [ -89.153074, 13.640761 ], [ -89.152945, 13.640515 ], [ -89.152833, 13.640257 ], [ -89.15279, 13.640159 ], [ -89.152771, 13.640089 ], [ -89.152743, 13.639898 ], [ -89.152795, 13.639579 ], [ -89.152815, 13.639403 ], [ -89.152851, 13.639305 ], [ -89.152921, 13.639226 ], [ -89.152967, 13.63917 ], [ -89.153007, 13.639097 ], [ -89.153029, 13.63903 ], [ -89.153022, 13.638993 ], [ -89.152992, 13.63887 ], [ -89.152985, 13.638829 ], [ -89.15298, 13.638749 ], [ -89.152979, 13.63864 ], [ -89.153014, 13.638502 ], [ -89.153026, 13.638423 ], [ -89.153021, 13.638367 ], [ -89.153002, 13.638321 ], [ -89.152945, 13.638282 ], [ -89.152888, 13.638267 ], [ -89.152819, 13.638223 ], [ -89.152789, 13.63818 ], [ -89.152764, 13.638039 ], [ -89.152821, 13.637839 ], [ -89.152907, 13.637581 ], [ -89.152978, 13.637262 ], [ -89.153018, 13.637107 ], [ -89.153005, 13.636938 ], [ -89.152909, 13.636813 ], [ -89.153034, 13.636762 ], [ -89.153138, 13.636719 ] ] ] } },
{ "type": "Feature", "properties": { "fid": 293, "CANTON": "LAS CASITAS", "DISTRITO": "SANTO TOMAS" }, "geometry": { "type": "Polygon", "coordinates": [ [ [ -89.159418, 13.641812 ], [ -89.159054, 13.640869 ], [ -89.158928, 13.640654 ], [ -89.158792, 13.640092 ], [ -89.15878, 13.640043 ], [ -89.158594, 13.638994 ], [ -89.158505, 13.638483 ], [ -89.158372, 13.638153 ], [ -89.158019, 13.637564 ], [ -89.157581, 13.636749 ], [ -89.156716, 13.636006 ], [ -89.156672, 13.635965 ], [ -89.156099, 13.635446 ], [ -89.155532, 13.634879 ], [ -89.155136, 13.634743 ], [ -89.154803, 13.634648 ], [ -89.154471, 13.634526 ], [ -89.154481, 13.634523 ], [ -89.154663, 13.634535 ], [ -89.154812, 13.634592 ], [ -89.154953, 13.634594 ], [ -89.15503, 13.63456 ], [ -89.155042, 13.634478 ], [ -89.155119, 13.634381 ], [ -89.155195, 13.634287 ], [ -89.155259, 13.634205 ], [ -89.155277, 13.634139 ], [ -89.155252, 13.634079 ], [ -89.155195, 13.634006 ], [ -89.15516, 13.63398 ], [ -89.155111, 13.633963 ], [ -89.155002, 13.633948 ], [ -89.154901, 13.633919 ], [ -89.154814, 13.633878 ], [ -89.154735, 13.633811 ], [ -89.154686, 13.633748 ], [ -89.154633, 13.633667 ], [ -89.154551, 13.633592 ], [ -89.154462, 13.633525 ], [ -89.154322, 13.633434 ], [ -89.154251, 13.633393 ], [ -89.154181, 13.633332 ], [ -89.154094, 13.633162 ], [ -89.154039, 13.633038 ], [ -89.153965, 13.632861 ], [ -89.153853, 13.632711 ], [ -89.153753, 13.632559 ], [ -89.153703, 13.632442 ], [ -89.153679, 13.632363 ], [ -89.15365, 13.632239 ], [ -89.153612, 13.632146 ], [ -89.153564, 13.632057 ], [ -89.15349, 13.631957 ], [ -89.153384, 13.631856 ], [ -89.153253, 13.631755 ], [ -89.153014, 13.631606 ], [ -89.152766, 13.63145 ], [ -89.152633, 13.631361 ], [ -89.152578, 13.63127 ], [ -89.152511, 13.631165 ], [ -89.152418, 13.631053 ], [ -89.152418, 13.631051 ], [ -89.152434, 13.630965 ], [ -89.152504, 13.630786 ], [ -89.152594, 13.630465 ], [ -89.152608, 13.630383 ], [ -89.152612, 13.630207 ], [ -89.15258, 13.630052 ], [ -89.152526, 13.62992 ], [ -89.152393, 13.629726 ], [ -89.152209, 13.629467 ], [ -89.152041, 13.629291 ], [ -89.151948, 13.629184 ], [ -89.151852, 13.629042 ], [ -89.151844, 13.628943 ], [ -89.151892, 13.628751 ], [ -89.151826, 13.628555 ], [ -89.151684, 13.628386 ], [ -89.151639, 13.628295 ], [ -89.151624, 13.628 ], [ -89.151609, 13.627817 ], [ -89.151576, 13.627658 ], [ -89.151562, 13.627626 ], [ -89.151631, 13.627568 ], [ -89.151755, 13.627349 ], [ -89.151952, 13.627251 ], [ -89.152206, 13.627065 ], [ -89.15236, 13.626943 ], [ -89.152668, 13.626718 ], [ -89.152782, 13.626691 ], [ -89.15282, 13.626682 ], [ -89.15271, 13.626328 ], [ -89.152547, 13.625932 ], [ -89.152517, 13.625781 ], [ -89.152539, 13.625645 ], [ -89.152656, 13.625371 ], [ -89.152938, 13.624988 ], [ -89.152959, 13.62498 ], [ -89.152908, 13.624845 ], [ -89.152874, 13.624622 ], [ -89.152925, 13.624531 ], [ -89.153003, 13.624302 ], [ -89.153203, 13.62423 ], [ -89.153281, 13.624069 ], [ -89.153347, 13.623799 ], [ -89.153579, 13.623466 ], [ -89.153775, 13.62338 ], [ -89.15387, 13.62322 ], [ -89.153902, 13.623194 ], [ -89.153948, 13.623198 ], [ -89.154105, 13.623234 ], [ -89.154215, 13.623229 ], [ -89.154379, 13.623148 ], [ -89.154552, 13.623007 ], [ -89.15463, 13.622638 ], [ -89.154823, 13.622401 ], [ -89.154887, 13.62211 ], [ -89.154862, 13.621878 ], [ -89.155217, 13.621719 ], [ -89.155273, 13.621496 ], [ -89.155526, 13.621257 ], [ -89.155779, 13.620525 ], [ -89.15614, 13.620394 ], [ -89.156306, 13.620338 ], [ -89.156465, 13.620249 ], [ -89.156563, 13.620167 ], [ -89.156634, 13.620073 ], [ -89.156748, 13.619863 ], [ -89.156802, 13.619682 ], [ -89.15685, 13.61949 ], [ -89.156874, 13.619461 ], [ -89.157009, 13.619396 ], [ -89.157098, 13.619345 ], [ -89.157176, 13.619294 ], [ -89.15712, 13.619187 ], [ -89.157203, 13.619234 ], [ -89.157505, 13.61944 ], [ -89.157533, 13.619438 ], [ -89.157553, 13.619392 ], [ -89.157604, 13.619525 ], [ -89.157616, 13.619556 ], [ -89.157685, 13.619657 ], [ -89.157707, 13.619693 ], [ -89.157861, 13.619889 ], [ -89.15793, 13.619917 ], [ -89.158013, 13.619996 ], [ -89.158035, 13.620044 ], [ -89.158059, 13.620144 ], [ -89.158072, 13.620195 ], [ -89.158091, 13.620307 ], [ -89.158094, 13.620348 ], [ -89.158125, 13.620431 ], [ -89.158145, 13.620477 ], [ -89.15824, 13.620544 ], [ -89.158304, 13.620568 ], [ -89.158353, 13.620577 ], [ -89.158404, 13.620579 ], [ -89.158497, 13.620603 ], [ -89.158558, 13.620627 ], [ -89.158615, 13.620673 ], [ -89.158664, 13.620735 ], [ -89.158678, 13.620897 ], [ -89.158671, 13.621005 ], [ -89.15861, 13.621232 ], [ -89.158561, 13.621323 ], [ -89.158478, 13.621436 ], [ -89.158439, 13.621541 ], [ -89.15839, 13.621771 ], [ -89.158405, 13.62183 ], [ -89.158537, 13.621816 ], [ -89.158559, 13.621818 ], [ -89.158586, 13.621828 ], [ -89.158735, 13.621897 ], [ -89.158787, 13.621928 ], [ -89.158843, 13.621986 ], [ -89.158877, 13.62205 ], [ -89.158899, 13.622091 ], [ -89.159142, 13.622383 ], [ -89.15976, 13.622814 ], [ -89.15987, 13.622979 ], [ -89.159893, 13.623173 ], [ -89.159966, 13.62336 ], [ -89.160305, 13.623783 ], [ -89.160411, 13.623822 ], [ -89.160506, 13.623851 ], [ -89.160518, 13.623864 ], [ -89.160558, 13.623921 ], [ -89.160609, 13.62403 ], [ -89.160661, 13.624124 ], [ -89.160694, 13.624157 ], [ -89.160742, 13.62419 ], [ -89.160783, 13.624198 ], [ -89.160865, 13.624232 ], [ -89.160986, 13.624355 ], [ -89.160994, 13.624379 ], [ -89.160992, 13.624524 ], [ -89.161003, 13.624577 ], [ -89.161005, 13.62467 ], [ -89.161017, 13.624698 ], [ -89.161016, 13.624754 ], [ -89.161006, 13.624859 ], [ -89.16101, 13.624903 ], [ -89.161021, 13.624948 ], [ -89.161041, 13.624968 ], [ -89.16111, 13.625022 ], [ -89.161126, 13.625038 ], [ -89.161302, 13.625102 ], [ -89.161319, 13.625118 ], [ -89.16135, 13.625199 ], [ -89.161382, 13.625248 ], [ -89.161427, 13.625293 ], [ -89.161504, 13.625355 ], [ -89.161528, 13.625379 ], [ -89.161585, 13.625421 ], [ -89.161601, 13.625445 ], [ -89.161605, 13.625473 ], [ -89.161603, 13.62553 ], [ -89.161599, 13.625558 ], [ -89.161589, 13.625662 ], [ -89.1616, 13.625699 ], [ -89.161645, 13.625813 ], [ -89.161911, 13.626427 ], [ -89.162102, 13.6267 ], [ -89.162396, 13.626857 ], [ -89.162609, 13.6269 ], [ -89.163005, 13.626914 ], [ -89.163203, 13.627029 ], [ -89.163331, 13.627198 ], [ -89.163307, 13.627213 ], [ -89.163293, 13.627234 ], [ -89.16329, 13.627239 ], [ -89.163287, 13.627244 ], [ -89.163254, 13.62727 ], [ -89.163244, 13.627277 ], [ -89.163234, 13.627285 ], [ -89.163195, 13.627302 ], [ -89.163182, 13.627308 ], [ -89.163167, 13.627314 ], [ -89.163136, 13.627301 ], [ -89.163123, 13.627295 ], [ -89.16311, 13.62729 ], [ -89.163082, 13.627276 ], [ -89.163069, 13.62727 ], [ -89.163055, 13.627262 ], [ -89.163029, 13.627254 ], [ -89.163014, 13.62725 ], [ -89.162998, 13.627244 ], [ -89.162949, 13.627229 ], [ -89.162915, 13.627218 ], [ -89.162879, 13.627207 ], [ -89.162858, 13.627198 ], [ -89.16284, 13.62719 ], [ -89.162821, 13.627182 ], [ -89.162783, 13.627157 ], [ -89.162744, 13.627131 ], [ -89.162703, 13.627103 ], [ -89.162669, 13.627095 ], [ -89.162626, 13.627084 ], [ -89.16258, 13.627073 ], [ -89.162548, 13.627066 ], [ -89.162495, 13.627054 ], [ -89.162441, 13.627042 ], [ -89.162422, 13.627032 ], [ -89.162381, 13.627011 ], [ -89.162339, 13.626988 ], [ -89.162336, 13.626988 ], [ -89.162327, 13.626986 ], [ -89.162318, 13.626984 ], [ -89.162303, 13.626987 ], [ -89.162235, 13.626998 ], [ -89.162166, 13.627009 ], [ -89.162156, 13.627012 ], [ -89.162077, 13.627031 ], [ -89.161996, 13.627051 ], [ -89.161996, 13.62705 ], [ -89.161977, 13.627023 ], [ -89.16196, 13.626998 ], [ -89.161959, 13.626996 ], [ -89.161782, 13.62697 ], [ -89.161619, 13.626945 ], [ -89.161592, 13.626941 ], [ -89.16153, 13.627071 ], [ -89.161473, 13.62719 ], [ -89.161457, 13.627223 ], [ -89.161464, 13.627306 ], [ -89.16147, 13.627382 ], [ -89.161472, 13.627413 ], [ -89.161448, 13.62753 ], [ -89.161426, 13.627636 ], [ -89.161414, 13.627694 ], [ -89.161443, 13.627848 ], [ -89.16147, 13.627986 ], [ -89.161488, 13.628083 ], [ -89.161579, 13.62819 ], [ -89.161658, 13.628284 ], [ -89.161729, 13.628368 ], [ -89.161809, 13.628303 ], [ -89.161879, 13.628247 ], [ -89.161955, 13.628186 ], [ -89.162027, 13.628159 ], [ -89.162087, 13.628136 ], [ -89.162169, 13.628105 ], [ -89.162343, 13.628087 ], [ -89.16249, 13.628072 ], [ -89.162726, 13.628047 ], [ -89.16278, 13.628052 ], [ -89.162824, 13.628056 ], [ -89.16291, 13.628063 ], [ -89.16295, 13.628071 ], [ -89.162982, 13.628077 ], [ -89.163058, 13.628092 ], [ -89.163154, 13.628142 ], [ -89.163228, 13.628181 ], [ -89.163441, 13.628293 ], [ -89.163483, 13.628316 ], [ -89.163514, 13.628334 ], [ -89.163624, 13.628397 ], [ -89.163704, 13.628442 ], [ -89.163761, 13.628475 ], [ -89.164009, 13.628617 ], [ -89.164095, 13.628665 ], [ -89.164154, 13.628697 ], [ -89.164476, 13.628875 ], [ -89.164496, 13.62889 ], [ -89.164509, 13.628899 ], [ -89.164599, 13.628965 ], [ -89.164558, 13.629039 ], [ -89.164535, 13.629081 ], [ -89.16431, 13.629483 ], [ -89.164292, 13.629504 ], [ -89.164283, 13.629514 ], [ -89.164162, 13.629657 ], [ -89.164107, 13.629691 ], [ -89.164088, 13.629703 ], [ -89.163617, 13.629996 ], [ -89.163605, 13.630003 ], [ -89.163603, 13.630004 ], [ -89.16347, 13.630085 ], [ -89.163476, 13.630091 ], [ -89.163478, 13.630093 ], [ -89.163602, 13.630214 ], [ -89.163603, 13.630216 ], [ -89.163614, 13.630228 ], [ -89.163915, 13.630576 ], [ -89.163928, 13.630591 ], [ -89.163938, 13.630584 ], [ -89.164477, 13.630228 ], [ -89.164524, 13.630197 ], [ -89.164527, 13.630195 ], [ -89.164472, 13.630118 ], [ -89.164465, 13.630108 ], [ -89.164464, 13.630106 ], [ -89.164721, 13.630066 ], [ -89.164759, 13.63006 ], [ -89.164774, 13.630057 ], [ -89.164805, 13.629986 ], [ -89.164811, 13.629973 ], [ -89.164814, 13.629967 ], [ -89.164739, 13.629825 ], [ -89.164722, 13.629792 ], [ -89.164713, 13.629775 ], [ -89.164589, 13.629653 ], [ -89.164555, 13.62962 ], [ -89.164535, 13.629601 ], [ -89.164682, 13.629605 ], [ -89.16473, 13.629606 ], [ -89.16476, 13.629607 ], [ -89.1649, 13.629594 ], [ -89.164955, 13.629588 ], [ -89.16499, 13.629585 ], [ -89.165044, 13.629559 ], [ -89.165069, 13.629547 ], [ -89.165085, 13.629539 ], [ -89.165143, 13.629529 ], [ -89.165174, 13.629524 ], [ -89.165195, 13.62952 ], [ -89.165368, 13.629491 ], [ -89.165478, 13.629472 ], [ -89.165556, 13.629459 ], [ -89.16582, 13.629436 ], [ -89.16602, 13.629419 ], [ -89.166164, 13.629406 ], [ -89.166215, 13.62939 ], [ -89.166262, 13.629376 ], [ -89.166296, 13.629365 ], [ -89.166335, 13.629421 ], [ -89.166377, 13.629482 ], [ -89.166409, 13.629527 ], [ -89.166413, 13.629533 ], [ -89.166415, 13.629537 ], [ -89.166418, 13.629541 ], [ -89.166422, 13.629546 ], [ -89.166426, 13.62956 ], [ -89.166432, 13.629581 ], [ -89.166436, 13.629597 ], [ -89.166439, 13.629608 ], [ -89.166445, 13.629629 ], [ -89.16645, 13.629646 ], [ -89.166453, 13.629658 ], [ -89.166463, 13.629693 ], [ -89.16647, 13.62972 ], [ -89.166474, 13.629752 ], [ -89.166486, 13.629875 ], [ -89.166496, 13.629972 ], [ -89.166494, 13.629992 ], [ -89.16648, 13.630116 ], [ -89.166469, 13.630215 ], [ -89.166467, 13.630222 ], [ -89.166444, 13.630319 ], [ -89.166426, 13.630395 ], [ -89.166426, 13.630396 ], [ -89.166473, 13.630473 ], [ -89.166507, 13.630529 ], [ -89.166511, 13.630536 ], [ -89.166512, 13.630543 ], [ -89.166513, 13.630548 ], [ -89.166514, 13.630549 ], [ -89.166512, 13.630558 ], [ -89.16651, 13.630565 ], [ -89.16651, 13.630567 ], [ -89.166467, 13.630767 ], [ -89.166437, 13.630903 ], [ -89.166421, 13.630977 ], [ -89.166473, 13.631072 ], [ -89.166508, 13.631134 ], [ -89.166533, 13.63118 ], [ -89.166597, 13.631415 ], [ -89.166638, 13.631566 ], [ -89.166677, 13.631708 ], [ -89.166777, 13.632077 ], [ -89.166839, 13.632308 ], [ -89.166913, 13.63258 ], [ -89.166901, 13.632639 ], [ -89.166902, 13.632642 ], [ -89.166919, 13.632686 ], [ -89.166935, 13.632744 ], [ -89.166984, 13.632846 ], [ -89.167025, 13.633035 ], [ -89.167111, 13.63334 ], [ -89.167182, 13.633529 ], [ -89.167305, 13.633803 ], [ -89.167424, 13.634073 ], [ -89.167518, 13.634353 ], [ -89.167689, 13.63493 ], [ -89.167693, 13.635003 ], [ -89.167702, 13.635073 ], [ -89.167787, 13.635093 ], [ -89.167796, 13.635121 ], [ -89.167799, 13.635132 ], [ -89.167818, 13.635197 ], [ -89.167851, 13.63536 ], [ -89.167862, 13.635413 ], [ -89.16795, 13.635838 ], [ -89.167959, 13.635898 ], [ -89.167962, 13.635914 ], [ -89.16799, 13.636098 ], [ -89.167999, 13.636134 ], [ -89.168001, 13.63614 ], [ -89.168032, 13.636269 ], [ -89.168048, 13.63637 ], [ -89.168049, 13.636378 ], [ -89.168113, 13.6368 ], [ -89.168124, 13.636858 ], [ -89.168124, 13.636861 ], [ -89.16818, 13.637162 ], [ -89.168188, 13.637205 ], [ -89.16819, 13.637216 ], [ -89.168248, 13.637525 ], [ -89.16825, 13.637537 ], [ -89.168252, 13.637547 ], [ -89.168274, 13.637699 ], [ -89.168284, 13.637733 ], [ -89.168308, 13.637821 ], [ -89.168588, 13.638833 ], [ -89.168593, 13.63885 ], [ -89.168611, 13.638949 ], [ -89.168793, 13.639951 ], [ -89.168805, 13.64002 ], [ -89.168818, 13.640023 ], [ -89.168983, 13.640068 ], [ -89.169004, 13.640074 ], [ -89.169087, 13.640181 ], [ -89.170695, 13.642224 ], [ -89.170985, 13.642592 ], [ -89.170986, 13.642593 ], [ -89.171001, 13.642613 ], [ -89.170876, 13.64262 ], [ -89.170761, 13.642632 ], [ -89.170556, 13.642678 ], [ -89.170477, 13.642718 ], [ -89.170387, 13.642783 ], [ -89.170154, 13.642951 ], [ -89.170028, 13.642974 ], [ -89.169846, 13.642985 ], [ -89.169752, 13.642964 ], [ -89.169664, 13.642953 ], [ -89.169598, 13.642965 ], [ -89.169432, 13.642995 ], [ -89.169145, 13.643075 ], [ -89.169059, 13.643082 ], [ -89.168863, 13.643072 ], [ -89.168778, 13.643062 ], [ -89.168658, 13.643067 ], [ -89.16861, 13.643067 ], [ -89.168563, 13.643067 ], [ -89.168515, 13.643077 ], [ -89.168473, 13.643109 ], [ -89.168323, 13.643232 ], [ -89.168255, 13.643321 ], [ -89.16816, 13.643484 ], [ -89.168111, 13.64363 ], [ -89.168061, 13.643763 ], [ -89.168037, 13.643804 ], [ -89.167991, 13.643857 ], [ -89.167931, 13.643887 ], [ -89.167762, 13.643928 ], [ -89.167635, 13.643926 ], [ -89.167459, 13.643898 ], [ -89.167359, 13.643852 ], [ -89.167272, 13.643797 ], [ -89.1672, 13.643748 ], [ -89.167061, 13.643668 ], [ -89.167018, 13.643661 ], [ -89.166885, 13.643654 ], [ -89.16673, 13.643699 ], [ -89.166625, 13.643753 ], [ -89.166429, 13.643868 ], [ -89.1663, 13.643919 ], [ -89.166202, 13.643915 ], [ -89.166049, 13.643936 ], [ -89.165906, 13.643928 ], [ -89.165677, 13.643948 ], [ -89.165559, 13.64403 ], [ -89.165472, 13.644127 ], [ -89.165303, 13.644241 ], [ -89.164968, 13.644425 ], [ -89.164848, 13.644471 ], [ -89.164584, 13.64453 ], [ -89.164419, 13.644563 ], [ -89.164255, 13.644585 ], [ -89.164153, 13.644595 ], [ -89.163908, 13.644645 ], [ -89.163676, 13.644665 ], [ -89.163499, 13.644703 ], [ -89.163271, 13.644714 ], [ -89.16327, 13.644713 ], [ -89.163255, 13.644671 ], [ -89.162693, 13.643822 ], [ -89.162125, 13.642998 ], [ -89.161766, 13.643355 ], [ -89.16097, 13.642796 ], [ -89.160598, 13.642585 ], [ -89.160169, 13.642262 ], [ -89.159536, 13.642122 ], [ -89.159534, 13.642112 ], [ -89.159522, 13.642082 ], [ -89.159418, 13.641812 ] ] ] } },
{ "type": "Feature", "properties": { "fid": 294, "CANTON": "EL PORVENIR", "DISTRITO": "SANTO TOMAS" }, "geometry": { "type": "Polygon", "coordinates": [ [ [ -89.154016, 13.634777 ], [ -89.153883, 13.634923 ], [ -89.153693, 13.635097 ], [ -89.153622, 13.635221 ], [ -89.153555, 13.635364 ], [ -89.153501, 13.635521 ], [ -89.153451, 13.635659 ], [ -89.153432, 13.635744 ], [ -89.153439, 13.635855 ], [ -89.153459, 13.63593 ], [ -89.153519, 13.636064 ], [ -89.15358, 13.636189 ], [ -89.153598, 13.636264 ], [ -89.153595, 13.636422 ], [ -89.153576, 13.636492 ], [ -89.153536, 13.636572 ], [ -89.153492, 13.636605 ], [ -89.153395, 13.63666 ], [ -89.153394, 13.63666 ], [ -89.153138, 13.636719 ], [ -89.153034, 13.636762 ], [ -89.152909, 13.636813 ], [ -89.153005, 13.636938 ], [ -89.153018, 13.637107 ], [ -89.152978, 13.637262 ], [ -89.152907, 13.637581 ], [ -89.152821, 13.637839 ], [ -89.152764, 13.638039 ], [ -89.152789, 13.63818 ], [ -89.152819, 13.638223 ], [ -89.152888, 13.638267 ], [ -89.152945, 13.638282 ], [ -89.153002, 13.638321 ], [ -89.153021, 13.638367 ], [ -89.153026, 13.638423 ], [ -89.153014, 13.638502 ], [ -89.152979, 13.63864 ], [ -89.15298, 13.638749 ], [ -89.152985, 13.638829 ], [ -89.152992, 13.63887 ], [ -89.153022, 13.638993 ], [ -89.153029, 13.63903 ], [ -89.153007, 13.639097 ], [ -89.152967, 13.63917 ], [ -89.152921, 13.639226 ], [ -89.152851, 13.639305 ], [ -89.152815, 13.639403 ], [ -89.152795, 13.639579 ], [ -89.152743, 13.639898 ], [ -89.152771, 13.640089 ], [ -89.15279, 13.640159 ], [ -89.152833, 13.640257 ], [ -89.152945, 13.640515 ], [ -89.153074, 13.640761 ], [ -89.153159, 13.640984 ], [ -89.153197, 13.641114 ], [ -89.15321, 13.641253 ], [ -89.153213, 13.641344 ], [ -89.153192, 13.641434 ], [ -89.153133, 13.641556 ], [ -89.152985, 13.641838 ], [ -89.152891, 13.642036 ], [ -89.152869, 13.642182 ], [ -89.15286, 13.642398 ], [ -89.152824, 13.6426 ], [ -89.152761, 13.642828 ], [ -89.152649, 13.64302 ], [ -89.152497, 13.643151 ], [ -89.15227, 13.643276 ], [ -89.152221, 13.643434 ], [ -89.152202, 13.643514 ], [ -89.15219, 13.643643 ], [ -89.152171, 13.643779 ], [ -89.152142, 13.643855 ], [ -89.152057, 13.643903 ], [ -89.151945, 13.643943 ], [ -89.151796, 13.643966 ], [ -89.151756, 13.643898 ], [ -89.151694, 13.643849 ], [ -89.151115, 13.643512 ], [ -89.150659, 13.643281 ], [ -89.150135, 13.643091 ], [ -89.150105, 13.642758 ], [ -89.149831, 13.642585 ], [ -89.14955, 13.642474 ], [ -89.149459, 13.642439 ], [ -89.14931, 13.642395 ], [ -89.149198, 13.642405 ], [ -89.149102, 13.642431 ], [ -89.149075, 13.642282 ], [ -89.148956, 13.641868 ], [ -89.148933, 13.641866 ], [ -89.148649, 13.641839 ], [ -89.148611, 13.641806 ], [ -89.148465, 13.641736 ], [ -89.148337, 13.641695 ], [ -89.148249, 13.641911 ], [ -89.148201, 13.642049 ], [ -89.148093, 13.642234 ], [ -89.148092, 13.642259 ], [ -89.148073, 13.642294 ], [ -89.147945, 13.642416 ], [ -89.147734, 13.642556 ], [ -89.147631, 13.642625 ], [ -89.147582, 13.642659 ], [ -89.147444, 13.642751 ], [ -89.147386, 13.642779 ], [ -89.147361, 13.642707 ], [ -89.147358, 13.642676 ], [ -89.147273, 13.642601 ], [ -89.146921, 13.642538 ], [ -89.146848, 13.642529 ], [ -89.146641, 13.642462 ], [ -89.146409, 13.642366 ], [ -89.146337, 13.642355 ], [ -89.146114, 13.642276 ], [ -89.146106, 13.642304 ], [ -89.146055, 13.642284 ], [ -89.145985, 13.642258 ], [ -89.145915, 13.642232 ], [ -89.145846, 13.642206 ], [ -89.145777, 13.642179 ], [ -89.145659, 13.642135 ], [ -89.145596, 13.642111 ], [ -89.145537, 13.64206 ], [ -89.145478, 13.64201 ], [ -89.145414, 13.641972 ], [ -89.145355, 13.641937 ], [ -89.145293, 13.641904 ], [ -89.145229, 13.641864 ], [ -89.145227, 13.641862 ], [ -89.145171, 13.641827 ], [ -89.145109, 13.641787 ], [ -89.145045, 13.641746 ], [ -89.144982, 13.641705 ], [ -89.145013, 13.641656 ], [ -89.144953, 13.641617 ], [ -89.144981, 13.641576 ], [ -89.144909, 13.64153 ], [ -89.144877, 13.641509 ], [ -89.144846, 13.641489 ], [ -89.144907, 13.641381 ], [ -89.144723, 13.641322 ], [ -89.144601, 13.641533 ], [ -89.144534, 13.64165 ], [ -89.14448, 13.641617 ], [ -89.14445, 13.641662 ], [ -89.144514, 13.641707 ], [ -89.144509, 13.641714 ], [ -89.144407, 13.641865 ], [ -89.144383, 13.641866 ], [ -89.144347, 13.641856 ], [ -89.144342, 13.641867 ], [ -89.144337, 13.641878 ], [ -89.144241, 13.64204 ], [ -89.144181, 13.642011 ], [ -89.144057, 13.641948 ], [ -89.143927, 13.641875 ], [ -89.14387, 13.641844 ], [ -89.143806, 13.641831 ], [ -89.143739, 13.641815 ], [ -89.143668, 13.641798 ], [ -89.143596, 13.64178 ], [ -89.143463, 13.641755 ], [ -89.143431, 13.64195 ], [ -89.143281, 13.641889 ], [ -89.143133, 13.642198 ], [ -89.142929, 13.642081 ], [ -89.142872, 13.64211 ], [ -89.142776, 13.64201 ], [ -89.142685, 13.642128 ], [ -89.142762, 13.642195 ], [ -89.142728, 13.642277 ], [ -89.142725, 13.642293 ], [ -89.14248, 13.642053 ], [ -89.142398, 13.641898 ], [ -89.142295, 13.641545 ], [ -89.142237, 13.641375 ], [ -89.142205, 13.64132 ], [ -89.14203, 13.64124 ], [ -89.142023, 13.641172 ], [ -89.142016, 13.641107 ], [ -89.14201, 13.641043 ], [ -89.141966, 13.640978 ], [ -89.141919, 13.640889 ], [ -89.141831, 13.640754 ], [ -89.141803, 13.640748 ], [ -89.141783, 13.640768 ], [ -89.141753, 13.640791 ], [ -89.141723, 13.640814 ], [ -89.14169, 13.640796 ], [ -89.141146, 13.640464 ], [ -89.140744, 13.64022 ], [ -89.140559, 13.640147 ], [ -89.140441, 13.64015 ], [ -89.140377, 13.64008 ], [ -89.14036, 13.640062 ], [ -89.140348, 13.63986 ], [ -89.140264, 13.639868 ], [ -89.140178, 13.639757 ], [ -89.140105, 13.639688 ], [ -89.140061, 13.639703 ], [ -89.140036, 13.639712 ], [ -89.140014, 13.639624 ], [ -89.139934, 13.63952 ], [ -89.139848, 13.639398 ], [ -89.139787, 13.639336 ], [ -89.139662, 13.639259 ], [ -89.139501, 13.639161 ], [ -89.139396, 13.639137 ], [ -89.139335, 13.639149 ], [ -89.139271, 13.639193 ], [ -89.13919, 13.639185 ], [ -89.139151, 13.63917 ], [ -89.139076, 13.639034 ], [ -89.139036, 13.639007 ], [ -89.139006, 13.638976 ], [ -89.138959, 13.638924 ], [ -89.138912, 13.638877 ], [ -89.138868, 13.638831 ], [ -89.138621, 13.638583 ], [ -89.138589, 13.638583 ], [ -89.138492, 13.638517 ], [ -89.137681, 13.638218 ], [ -89.137665, 13.638201 ], [ -89.137243, 13.638035 ], [ -89.137147, 13.637938 ], [ -89.137073, 13.637846 ], [ -89.13705, 13.637853 ], [ -89.136974, 13.637783 ], [ -89.136826, 13.637134 ], [ -89.13683, 13.637008 ], [ -89.136778, 13.636947 ], [ -89.136596, 13.636681 ], [ -89.136567, 13.63662 ], [ -89.136333, 13.636148 ], [ -89.136051, 13.635639 ], [ -89.135846, 13.635336 ], [ -89.135358, 13.634944 ], [ -89.135167, 13.634729 ], [ -89.135091, 13.634636 ], [ -89.134813, 13.634468 ], [ -89.134742, 13.634379 ], [ -89.134661, 13.634346 ], [ -89.134231, 13.634276 ], [ -89.134417, 13.633963 ], [ -89.134417, 13.633781 ], [ -89.134436, 13.633697 ], [ -89.134441, 13.633604 ], [ -89.134369, 13.633323 ], [ -89.134283, 13.633146 ], [ -89.134173, 13.633011 ], [ -89.133939, 13.6328 ], [ -89.133872, 13.632399 ], [ -89.133824, 13.632343 ], [ -89.134063, 13.632045 ], [ -89.134121, 13.631995 ], [ -89.134151, 13.631919 ], [ -89.134129, 13.631743 ], [ -89.13412, 13.6317 ], [ -89.134099, 13.631708 ], [ -89.134116, 13.631687 ], [ -89.134106, 13.631648 ], [ -89.134115, 13.631575 ], [ -89.134077, 13.631304 ], [ -89.13409, 13.631108 ], [ -89.134076, 13.631043 ], [ -89.134009, 13.63093 ], [ -89.134004, 13.630885 ], [ -89.134128, 13.630673 ], [ -89.134143, 13.630468 ], [ -89.134219, 13.63034 ], [ -89.134227, 13.630076 ], [ -89.134178, 13.629908 ], [ -89.134103, 13.629679 ], [ -89.134093, 13.629616 ], [ -89.134132, 13.629555 ], [ -89.134382, 13.629338 ], [ -89.134463, 13.629253 ], [ -89.134489, 13.629275 ], [ -89.134563, 13.629311 ], [ -89.134568, 13.629311 ], [ -89.134674, 13.629323 ], [ -89.134717, 13.629327 ], [ -89.134844, 13.629294 ], [ -89.134929, 13.629212 ], [ -89.135181, 13.628885 ], [ -89.135284, 13.628911 ], [ -89.135328, 13.628923 ], [ -89.135396, 13.628951 ], [ -89.13544, 13.628985 ], [ -89.135457, 13.628999 ], [ -89.135491, 13.629028 ], [ -89.135558, 13.629088 ], [ -89.135565, 13.629103 ], [ -89.135577, 13.629131 ], [ -89.135648, 13.629329 ], [ -89.135658, 13.62937 ], [ -89.135705, 13.629511 ], [ -89.135745, 13.629596 ], [ -89.135762, 13.629632 ], [ -89.135773, 13.629657 ], [ -89.135779, 13.629665 ], [ -89.135789, 13.629682 ], [ -89.135855, 13.629764 ], [ -89.135863, 13.629771 ], [ -89.135869, 13.629779 ], [ -89.135915, 13.629821 ], [ -89.135996, 13.629896 ], [ -89.136138, 13.630003 ], [ -89.136238, 13.630044 ], [ -89.13637, 13.630075 ], [ -89.136375, 13.630076 ], [ -89.136568, 13.630113 ], [ -89.136701, 13.630147 ], [ -89.136717, 13.630151 ], [ -89.136892, 13.630207 ], [ -89.137101, 13.630273 ], [ -89.137238, 13.630287 ], [ -89.137425, 13.630315 ], [ -89.137446, 13.630318 ], [ -89.137509, 13.630337 ], [ -89.137573, 13.630357 ], [ -89.13771, 13.630414 ], [ -89.13772, 13.630419 ], [ -89.137844, 13.630514 ], [ -89.137899, 13.630555 ], [ -89.137909, 13.630563 ], [ -89.137989, 13.630624 ], [ -89.138034, 13.630673 ], [ -89.138036, 13.630674 ], [ -89.138036, 13.630675 ], [ -89.138266, 13.630827 ], [ -89.138486, 13.63093 ], [ -89.138784, 13.631016 ], [ -89.138801, 13.631021 ], [ -89.138816, 13.631017 ], [ -89.138916, 13.63099 ], [ -89.138999, 13.630903 ], [ -89.139173, 13.630765 ], [ -89.139251, 13.630717 ], [ -89.139373, 13.630688 ], [ -89.139835, 13.630618 ], [ -89.140187, 13.630434 ], [ -89.140505, 13.630379 ], [ -89.140627, 13.630357 ], [ -89.140791, 13.630371 ], [ -89.141016, 13.630388 ], [ -89.141337, 13.630565 ], [ -89.141853, 13.630562 ], [ -89.142019, 13.630316 ], [ -89.142332, 13.629988 ], [ -89.142459, 13.629794 ], [ -89.142564, 13.629696 ], [ -89.142718, 13.629595 ], [ -89.14285, 13.629524 ], [ -89.142974, 13.62944 ], [ -89.143121, 13.629358 ], [ -89.143246, 13.629327 ], [ -89.143387, 13.629313 ], [ -89.144326, 13.629346 ], [ -89.144382, 13.629347 ], [ -89.144413, 13.629347 ], [ -89.144442, 13.629349 ], [ -89.1446, 13.629392 ], [ -89.144747, 13.629474 ], [ -89.144778, 13.629516 ], [ -89.144822, 13.629569 ], [ -89.14541, 13.629957 ], [ -89.146093, 13.630308 ], [ -89.14624, 13.630466 ], [ -89.146343, 13.630696 ], [ -89.146696, 13.631033 ], [ -89.147188, 13.631241 ], [ -89.14757, 13.631334 ], [ -89.147982, 13.631649 ], [ -89.148276, 13.631757 ], [ -89.148415, 13.631735 ], [ -89.148686, 13.631555 ], [ -89.148972, 13.631576 ], [ -89.149354, 13.631604 ], [ -89.150462, 13.631494 ], [ -89.151334, 13.631371 ], [ -89.151388, 13.631344 ], [ -89.15176, 13.631294 ], [ -89.152246, 13.631093 ], [ -89.152173, 13.631143 ], [ -89.152378, 13.631056 ], [ -89.152418, 13.631051 ], [ -89.152418, 13.631053 ], [ -89.152511, 13.631165 ], [ -89.152578, 13.63127 ], [ -89.152633, 13.631361 ], [ -89.152766, 13.63145 ], [ -89.153014, 13.631606 ], [ -89.153253, 13.631755 ], [ -89.153384, 13.631856 ], [ -89.15349, 13.631957 ], [ -89.153564, 13.632057 ], [ -89.153612, 13.632146 ], [ -89.15365, 13.632239 ], [ -89.153679, 13.632363 ], [ -89.153703, 13.632442 ], [ -89.153753, 13.632559 ], [ -89.153853, 13.632711 ], [ -89.153965, 13.632861 ], [ -89.154039, 13.633038 ], [ -89.154094, 13.633162 ], [ -89.154181, 13.633332 ], [ -89.154251, 13.633393 ], [ -89.154322, 13.633434 ], [ -89.154462, 13.633525 ], [ -89.154551, 13.633592 ], [ -89.154633, 13.633667 ], [ -89.154686, 13.633748 ], [ -89.154735, 13.633811 ], [ -89.154814, 13.633878 ], [ -89.154901, 13.633919 ], [ -89.155002, 13.633948 ], [ -89.155111, 13.633963 ], [ -89.15516, 13.63398 ], [ -89.155195, 13.634006 ], [ -89.155252, 13.634079 ], [ -89.155277, 13.634139 ], [ -89.155259, 13.634205 ], [ -89.155195, 13.634287 ], [ -89.155119, 13.634381 ], [ -89.155042, 13.634478 ], [ -89.15503, 13.63456 ], [ -89.154953, 13.634594 ], [ -89.154812, 13.634592 ], [ -89.154663, 13.634535 ], [ -89.154481, 13.634523 ], [ -89.154471, 13.634526 ], [ -89.154243, 13.634589 ], [ -89.154016, 13.634777 ] ] ] } },
{ "type": "Feature", "properties": { "fid": 295, "CANTON": "EL GUAJE", "DISTRITO": "SANTO TOMAS" }, "geometry": { "type": "Polygon", "coordinates": [ [ [ -89.142853, 13.60847 ], [ -89.142844, 13.608349 ], [ -89.142824, 13.608276 ], [ -89.142804, 13.608165 ], [ -89.142739, 13.60801 ], [ -89.142711, 13.607959 ], [ -89.142686, 13.607924 ], [ -89.142715, 13.607911 ], [ -89.142734, 13.607902 ], [ -89.142874, 13.607836 ], [ -89.14405, 13.607288 ], [ -89.144062, 13.607282 ], [ -89.144065, 13.60728 ], [ -89.144082, 13.607269 ], [ -89.144106, 13.607316 ], [ -89.144194, 13.60747 ], [ -89.144314, 13.607657 ], [ -89.144386, 13.607775 ], [ -89.144435, 13.607795 ], [ -89.145151, 13.607445 ], [ -89.145153, 13.607444 ], [ -89.145232, 13.607405 ], [ -89.145975, 13.606884 ], [ -89.145995, 13.60687 ], [ -89.146102, 13.606795 ], [ -89.146651, 13.606434 ], [ -89.146681, 13.606414 ], [ -89.14678, 13.606349 ], [ -89.146861, 13.606209 ], [ -89.146868, 13.606198 ], [ -89.146886, 13.606167 ], [ -89.147059, 13.606391 ], [ -89.14708, 13.606417 ], [ -89.147125, 13.606477 ], [ -89.147345, 13.60666 ], [ -89.14738, 13.606689 ], [ -89.147449, 13.606746 ], [ -89.147498, 13.606851 ], [ -89.147508, 13.606978 ], [ -89.147533, 13.607111 ], [ -89.147575, 13.607227 ], [ -89.14762, 13.607388 ], [ -89.14769, 13.607669 ], [ -89.147734, 13.607668 ], [ -89.14778, 13.607646 ], [ -89.148118, 13.60749 ], [ -89.148274, 13.607417 ], [ -89.148515, 13.607305 ], [ -89.148966, 13.607102 ], [ -89.14922, 13.606988 ], [ -89.149601, 13.606817 ], [ -89.149744, 13.607238 ], [ -89.149841, 13.607527 ], [ -89.149984, 13.607951 ], [ -89.150123, 13.607706 ], [ -89.15024, 13.6075 ], [ -89.150407, 13.607205 ], [ -89.150662, 13.607442 ], [ -89.150928, 13.607689 ], [ -89.151304, 13.608038 ], [ -89.151381, 13.607977 ], [ -89.151484, 13.607895 ], [ -89.151626, 13.607783 ], [ -89.151655, 13.60776 ], [ -89.151704, 13.607721 ], [ -89.151772, 13.607667 ], [ -89.151899, 13.607554 ], [ -89.152199, 13.607288 ], [ -89.152604, 13.606929 ], [ -89.152617, 13.60694 ], [ -89.152664, 13.606981 ], [ -89.152727, 13.607035 ], [ -89.152748, 13.607027 ], [ -89.152878, 13.606975 ], [ -89.15305, 13.606906 ], [ -89.153055, 13.606905 ], [ -89.153156, 13.60687 ], [ -89.153284, 13.606827 ], [ -89.15329, 13.606825 ], [ -89.153372, 13.606832 ], [ -89.153471, 13.606839 ], [ -89.153484, 13.60684 ], [ -89.153668, 13.606857 ], [ -89.153894, 13.606879 ], [ -89.153946, 13.606884 ], [ -89.153996, 13.606879 ], [ -89.154059, 13.606873 ], [ -89.15408, 13.606871 ], [ -89.154101, 13.606869 ], [ -89.154128, 13.606866 ], [ -89.15414, 13.606865 ], [ -89.154166, 13.606845 ], [ -89.1542, 13.606818 ], [ -89.154219, 13.606803 ], [ -89.154248, 13.606823 ], [ -89.154286, 13.60685 ], [ -89.154313, 13.606869 ], [ -89.15449, 13.606822 ], [ -89.154729, 13.606758 ], [ -89.154934, 13.606704 ], [ -89.154936, 13.606724 ], [ -89.15494, 13.606752 ], [ -89.154943, 13.606782 ], [ -89.15491, 13.606847 ], [ -89.154864, 13.606941 ], [ -89.154807, 13.607055 ], [ -89.154813, 13.607129 ], [ -89.154824, 13.607239 ], [ -89.154838, 13.607397 ], [ -89.154846, 13.607435 ], [ -89.154859, 13.607495 ], [ -89.15488, 13.607595 ], [ -89.154934, 13.607589 ], [ -89.155021, 13.60758 ], [ -89.155194, 13.607563 ], [ -89.155214, 13.6075 ], [ -89.155248, 13.607391 ], [ -89.155328, 13.607141 ], [ -89.155336, 13.607108 ], [ -89.155351, 13.607046 ], [ -89.155393, 13.606879 ], [ -89.15541, 13.606877 ], [ -89.155445, 13.606873 ], [ -89.155556, 13.606859 ], [ -89.155565, 13.606921 ], [ -89.155585, 13.60707 ], [ -89.155662, 13.607628 ], [ -89.15569, 13.607648 ], [ -89.155776, 13.607709 ], [ -89.156156, 13.607978 ], [ -89.156158, 13.607983 ], [ -89.156164, 13.608003 ], [ -89.1562, 13.608111 ], [ -89.156203, 13.608118 ], [ -89.156234, 13.608187 ], [ -89.156437, 13.608637 ], [ -89.156506, 13.608579 ], [ -89.157112, 13.608064 ], [ -89.157136, 13.608044 ], [ -89.15714, 13.608041 ], [ -89.157199, 13.607991 ], [ -89.157203, 13.607987 ], [ -89.157234, 13.607961 ], [ -89.157235, 13.60796 ], [ -89.157237, 13.607959 ], [ -89.157292, 13.607911 ], [ -89.157337, 13.607874 ], [ -89.15734, 13.607871 ], [ -89.157348, 13.607864 ], [ -89.157373, 13.607863 ], [ -89.15738, 13.607863 ], [ -89.157384, 13.607863 ], [ -89.157404, 13.607854 ], [ -89.157409, 13.607852 ], [ -89.157414, 13.60785 ], [ -89.15743, 13.607836 ], [ -89.157433, 13.607833 ], [ -89.157438, 13.607829 ], [ -89.157457, 13.607811 ], [ -89.15746, 13.607808 ], [ -89.157468, 13.607801 ], [ -89.157476, 13.607793 ], [ -89.157477, 13.607792 ], [ -89.157481, 13.607788 ], [ -89.157494, 13.607776 ], [ -89.157496, 13.607775 ], [ -89.157504, 13.607768 ], [ -89.157556, 13.607747 ], [ -89.15756, 13.607745 ], [ -89.157596, 13.607731 ], [ -89.157615, 13.607742 ], [ -89.157615, 13.607743 ], [ -89.15763, 13.607752 ], [ -89.157646, 13.607763 ], [ -89.157661, 13.607773 ], [ -89.157671, 13.607802 ], [ -89.157672, 13.607804 ], [ -89.157683, 13.607833 ], [ -89.157663, 13.607888 ], [ -89.157661, 13.607894 ], [ -89.157637, 13.607958 ], [ -89.157645, 13.608017 ], [ -89.157646, 13.608027 ], [ -89.157657, 13.608108 ], [ -89.157654, 13.608132 ], [ -89.157654, 13.608139 ], [ -89.15765, 13.608178 ], [ -89.157655, 13.608228 ], [ -89.157657, 13.608246 ], [ -89.157666, 13.608339 ], [ -89.157669, 13.608365 ], [ -89.15767, 13.608379 ], [ -89.157676, 13.608438 ], [ -89.15768, 13.608451 ], [ -89.157682, 13.60846 ], [ -89.157692, 13.608497 ], [ -89.157695, 13.608505 ], [ -89.157698, 13.608513 ], [ -89.157708, 13.608541 ], [ -89.157712, 13.608546 ], [ -89.157717, 13.608554 ], [ -89.157734, 13.608579 ], [ -89.157737, 13.608584 ], [ -89.157744, 13.608596 ], [ -89.157768, 13.608631 ], [ -89.157769, 13.608633 ], [ -89.157774, 13.608639 ], [ -89.157788, 13.608658 ], [ -89.157798, 13.608674 ], [ -89.157822, 13.608713 ], [ -89.157823, 13.608716 ], [ -89.157827, 13.608725 ], [ -89.157838, 13.608748 ], [ -89.15784, 13.608751 ], [ -89.157843, 13.608765 ], [ -89.157852, 13.608801 ], [ -89.157854, 13.608809 ], [ -89.157854, 13.608818 ], [ -89.157856, 13.608845 ], [ -89.157857, 13.608852 ], [ -89.157856, 13.608862 ], [ -89.157855, 13.608891 ], [ -89.157854, 13.608902 ], [ -89.15785, 13.608913 ], [ -89.157835, 13.608952 ], [ -89.157829, 13.60897 ], [ -89.157826, 13.608978 ], [ -89.157813, 13.609006 ], [ -89.157807, 13.609022 ], [ -89.157803, 13.60903 ], [ -89.157789, 13.609066 ], [ -89.15778, 13.609089 ], [ -89.157778, 13.609094 ], [ -89.157771, 13.609117 ], [ -89.157765, 13.609134 ], [ -89.157765, 13.609137 ], [ -89.157766, 13.609152 ], [ -89.157767, 13.609167 ], [ -89.157768, 13.609169 ], [ -89.157774, 13.609184 ], [ -89.157781, 13.6092 ], [ -89.157782, 13.609201 ], [ -89.157797, 13.609212 ], [ -89.157815, 13.609226 ], [ -89.157815, 13.609227 ], [ -89.157832, 13.609237 ], [ -89.157855, 13.60925 ], [ -89.157863, 13.609261 ], [ -89.157875, 13.609277 ], [ -89.157875, 13.609278 ], [ -89.157882, 13.609291 ], [ -89.157893, 13.609314 ], [ -89.157894, 13.609316 ], [ -89.157897, 13.609328 ], [ -89.157903, 13.609353 ], [ -89.157903, 13.609356 ], [ -89.157906, 13.609383 ], [ -89.157914, 13.609452 ], [ -89.157915, 13.609461 ], [ -89.157928, 13.609484 ], [ -89.157968, 13.609559 ], [ -89.157974, 13.609571 ], [ -89.157982, 13.609581 ], [ -89.158018, 13.609625 ], [ -89.158025, 13.609633 ], [ -89.15803, 13.609638 ], [ -89.158062, 13.609666 ], [ -89.158069, 13.609672 ], [ -89.15807, 13.609674 ], [ -89.158081, 13.609686 ], [ -89.158084, 13.609689 ], [ -89.158085, 13.60969 ], [ -89.158103, 13.609709 ], [ -89.158108, 13.609714 ], [ -89.158144, 13.609753 ], [ -89.158152, 13.609761 ], [ -89.158154, 13.609763 ], [ -89.15819, 13.609803 ], [ -89.158196, 13.609811 ], [ -89.158201, 13.609816 ], [ -89.158219, 13.609857 ], [ -89.158222, 13.609864 ], [ -89.158226, 13.609871 ], [ -89.158239, 13.609917 ], [ -89.15824, 13.609923 ], [ -89.158244, 13.609934 ], [ -89.158261, 13.610021 ], [ -89.158262, 13.61003 ], [ -89.158268, 13.610058 ], [ -89.158273, 13.610116 ], [ -89.158273, 13.610121 ], [ -89.158275, 13.610144 ], [ -89.158283, 13.610219 ], [ -89.158284, 13.610222 ], [ -89.158288, 13.610259 ], [ -89.158331, 13.61042 ], [ -89.158331, 13.610421 ], [ -89.158356, 13.610512 ], [ -89.158362, 13.610626 ], [ -89.158363, 13.610629 ], [ -89.158367, 13.610702 ], [ -89.158372, 13.61076 ], [ -89.158373, 13.610764 ], [ -89.158377, 13.610806 ], [ -89.158384, 13.610867 ], [ -89.158385, 13.610875 ], [ -89.158391, 13.610926 ], [ -89.15837, 13.611162 ], [ -89.158367, 13.611206 ], [ -89.158347, 13.611432 ], [ -89.158388, 13.611552 ], [ -89.158399, 13.611583 ], [ -89.158444, 13.611716 ], [ -89.158461, 13.611795 ], [ -89.158468, 13.611822 ], [ -89.15849, 13.611924 ], [ -89.158505, 13.611969 ], [ -89.158512, 13.611991 ], [ -89.158536, 13.61206 ], [ -89.158557, 13.612153 ], [ -89.15857, 13.612209 ], [ -89.158609, 13.612378 ], [ -89.158605, 13.612433 ], [ -89.158603, 13.612478 ], [ -89.158595, 13.612602 ], [ -89.158587, 13.612634 ], [ -89.158578, 13.61267 ], [ -89.158554, 13.612761 ], [ -89.158539, 13.612786 ], [ -89.158515, 13.612825 ], [ -89.158459, 13.61292 ], [ -89.158451, 13.612932 ], [ -89.158434, 13.612962 ], [ -89.158394, 13.61303 ], [ -89.158402, 13.613047 ], [ -89.158434, 13.613119 ], [ -89.158505, 13.613275 ], [ -89.158505, 13.613276 ], [ -89.15851, 13.613288 ], [ -89.15852, 13.613311 ], [ -89.158521, 13.613312 ], [ -89.158531, 13.613328 ], [ -89.15855, 13.61336 ], [ -89.158552, 13.613363 ], [ -89.158576, 13.613411 ], [ -89.158624, 13.613508 ], [ -89.158632, 13.613526 ], [ -89.158648, 13.613555 ], [ -89.15868, 13.613615 ], [ -89.158688, 13.613631 ], [ -89.158823, 13.613719 ], [ -89.159112, 13.613908 ], [ -89.159214, 13.613974 ], [ -89.159261, 13.613964 ], [ -89.159367, 13.61394 ], [ -89.159414, 13.613929 ], [ -89.159473, 13.61399 ], [ -89.159613, 13.614134 ], [ -89.15969, 13.614213 ], [ -89.159732, 13.614243 ], [ -89.159837, 13.614316 ], [ -89.159908, 13.614365 ], [ -89.159934, 13.614368 ], [ -89.160004, 13.614377 ], [ -89.160061, 13.614383 ], [ -89.16011, 13.614408 ], [ -89.160254, 13.614482 ], [ -89.16039, 13.614551 ], [ -89.160451, 13.61456 ], [ -89.160646, 13.614589 ], [ -89.16086, 13.614621 ], [ -89.1609, 13.614607 ], [ -89.161048, 13.614558 ], [ -89.161236, 13.614495 ], [ -89.16124, 13.614496 ], [ -89.161256, 13.614499 ], [ -89.16128, 13.614504 ], [ -89.161301, 13.614501 ], [ -89.16141, 13.614487 ], [ -89.161596, 13.614463 ], [ -89.161607, 13.614469 ], [ -89.161691, 13.614515 ], [ -89.161854, 13.614604 ], [ -89.161867, 13.614611 ], [ -89.162034, 13.614703 ], [ -89.162409, 13.614908 ], [ -89.162426, 13.61491 ], [ -89.162439, 13.614912 ], [ -89.162452, 13.615047 ], [ -89.162476, 13.615177 ], [ -89.162484, 13.615277 ], [ -89.162513, 13.615416 ], [ -89.162525, 13.615484 ], [ -89.162537, 13.615563 ], [ -89.162558, 13.61566 ], [ -89.162597, 13.615764 ], [ -89.162614, 13.615828 ], [ -89.162661, 13.615892 ], [ -89.1627, 13.615979 ], [ -89.162733, 13.616055 ], [ -89.162754, 13.616214 ], [ -89.162793, 13.616305 ], [ -89.162767, 13.616388 ], [ -89.162726, 13.616457 ], [ -89.1627, 13.616518 ], [ -89.16269, 13.61664 ], [ -89.162693, 13.616772 ], [ -89.162851, 13.616942 ], [ -89.162887, 13.617024 ], [ -89.162987, 13.617284 ], [ -89.163025, 13.61738 ], [ -89.163081, 13.617475 ], [ -89.163215, 13.617641 ], [ -89.16331, 13.617753 ], [ -89.163424, 13.617937 ], [ -89.163492, 13.618078 ], [ -89.163545, 13.618208 ], [ -89.163603, 13.618293 ], [ -89.163699, 13.618413 ], [ -89.163748, 13.618481 ], [ -89.163797, 13.618555 ], [ -89.163919, 13.61873 ], [ -89.163949, 13.618852 ], [ -89.163977, 13.618973 ], [ -89.16406, 13.619183 ], [ -89.164109, 13.61927 ], [ -89.164147, 13.619336 ], [ -89.164158, 13.619376 ], [ -89.164161, 13.619456 ], [ -89.164133, 13.619571 ], [ -89.164051, 13.619821 ], [ -89.163903, 13.620191 ], [ -89.163878, 13.620313 ], [ -89.163869, 13.620506 ], [ -89.163851, 13.6206 ], [ -89.163826, 13.620703 ], [ -89.163746, 13.620894 ], [ -89.163716, 13.620994 ], [ -89.163709, 13.621078 ], [ -89.163716, 13.621152 ], [ -89.163749, 13.621282 ], [ -89.163787, 13.621426 ], [ -89.163812, 13.621613 ], [ -89.163821, 13.621786 ], [ -89.163809, 13.621837 ], [ -89.163796, 13.621892 ], [ -89.163751, 13.622096 ], [ -89.163706, 13.62233 ], [ -89.163679, 13.622454 ], [ -89.163706, 13.622539 ], [ -89.163814, 13.622687 ], [ -89.16375, 13.622664 ], [ -89.163563, 13.622656 ], [ -89.163525, 13.622654 ], [ -89.163478, 13.622661 ], [ -89.163357, 13.622702 ], [ -89.1633, 13.622737 ], [ -89.163192, 13.622775 ], [ -89.163038, 13.622851 ], [ -89.163001, 13.622863 ], [ -89.162631, 13.62284 ], [ -89.162383, 13.622822 ], [ -89.162268, 13.622814 ], [ -89.161981, 13.622775 ], [ -89.161725, 13.622733 ], [ -89.161499, 13.622701 ], [ -89.161497, 13.622716 ], [ -89.161466, 13.622782 ], [ -89.161452, 13.62281 ], [ -89.16143, 13.622856 ], [ -89.161377, 13.622928 ], [ -89.161349, 13.622965 ], [ -89.161305, 13.623024 ], [ -89.161305, 13.623281 ], [ -89.161304, 13.623443 ], [ -89.161304, 13.623694 ], [ -89.161333, 13.623681 ], [ -89.161356, 13.623672 ], [ -89.16139, 13.623657 ], [ -89.161411, 13.623652 ], [ -89.161431, 13.623646 ], [ -89.16146, 13.623638 ], [ -89.161478, 13.623634 ], [ -89.1615, 13.623628 ], [ -89.161531, 13.623619 ], [ -89.161577, 13.623622 ], [ -89.161651, 13.623626 ], [ -89.161753, 13.623631 ], [ -89.161781, 13.623624 ], [ -89.161841, 13.62361 ], [ -89.161922, 13.62359 ], [ -89.161945, 13.623595 ], [ -89.162014, 13.62361 ], [ -89.162107, 13.623629 ], [ -89.162109, 13.623631 ], [ -89.162119, 13.623638 ], [ -89.162132, 13.623648 ], [ -89.162144, 13.623655 ], [ -89.162298, 13.623757 ], [ -89.162492, 13.623885 ], [ -89.162496, 13.623888 ], [ -89.162555, 13.623917 ], [ -89.162623, 13.623951 ], [ -89.162631, 13.623955 ], [ -89.162825, 13.623955 ], [ -89.162874, 13.623948 ], [ -89.162932, 13.623939 ], [ -89.16295, 13.623937 ], [ -89.162986, 13.623918 ], [ -89.163029, 13.623895 ], [ -89.163047, 13.623886 ], [ -89.163112, 13.623859 ], [ -89.163189, 13.623827 ], [ -89.163232, 13.623809 ], [ -89.163235, 13.623801 ], [ -89.163238, 13.623791 ], [ -89.163241, 13.623784 ], [ -89.163277, 13.623688 ], [ -89.16332, 13.623573 ], [ -89.163356, 13.623475 ], [ -89.163381, 13.623526 ], [ -89.163412, 13.623589 ], [ -89.163444, 13.623653 ], [ -89.163446, 13.623658 ], [ -89.16345, 13.623665 ], [ -89.163454, 13.623672 ], [ -89.163461, 13.623686 ], [ -89.16347, 13.623702 ], [ -89.163483, 13.623727 ], [ -89.163495, 13.623751 ], [ -89.163511, 13.62378 ], [ -89.163539, 13.623833 ], [ -89.16355, 13.623854 ], [ -89.163564, 13.62388 ], [ -89.163593, 13.623936 ], [ -89.163606, 13.623958 ], [ -89.163622, 13.623987 ], [ -89.163663, 13.624058 ], [ -89.163672, 13.624073 ], [ -89.163684, 13.624094 ], [ -89.16372, 13.624156 ], [ -89.163767, 13.624259 ], [ -89.163832, 13.624401 ], [ -89.164059, 13.624896 ], [ -89.164071, 13.624927 ], [ -89.164089, 13.624971 ], [ -89.164164, 13.625155 ], [ -89.164165, 13.625158 ], [ -89.164166, 13.625162 ], [ -89.164174, 13.625181 ], [ -89.164178, 13.625188 ], [ -89.164185, 13.625201 ], [ -89.164228, 13.625284 ], [ -89.164232, 13.625289 ], [ -89.164237, 13.625298 ], [ -89.164285, 13.625373 ], [ -89.164288, 13.625379 ], [ -89.164297, 13.625393 ], [ -89.1644, 13.625555 ], [ -89.1644, 13.625556 ], [ -89.164399, 13.625562 ], [ -89.164397, 13.625662 ], [ -89.164397, 13.625663 ], [ -89.164396, 13.625666 ], [ -89.164391, 13.625819 ], [ -89.164391, 13.62582 ], [ -89.164391, 13.625824 ], [ -89.164388, 13.626223 ], [ -89.164388, 13.626228 ], [ -89.164388, 13.62625 ], [ -89.164269, 13.626481 ], [ -89.164264, 13.62649 ], [ -89.164255, 13.626509 ], [ -89.164122, 13.626627 ], [ -89.164113, 13.626635 ], [ -89.164098, 13.626648 ], [ -89.163943, 13.62677 ], [ -89.163927, 13.626782 ], [ -89.163905, 13.6268 ], [ -89.163828, 13.626878 ], [ -89.163818, 13.626889 ], [ -89.163804, 13.626903 ], [ -89.163448, 13.627125 ], [ -89.163385, 13.627165 ], [ -89.163331, 13.627198 ], [ -89.163203, 13.627029 ], [ -89.163005, 13.626914 ], [ -89.162609, 13.6269 ], [ -89.162396, 13.626857 ], [ -89.162102, 13.6267 ], [ -89.161911, 13.626427 ], [ -89.161645, 13.625813 ], [ -89.1616, 13.625699 ], [ -89.161589, 13.625662 ], [ -89.161599, 13.625558 ], [ -89.161603, 13.62553 ], [ -89.161605, 13.625473 ], [ -89.161601, 13.625445 ], [ -89.161585, 13.625421 ], [ -89.161528, 13.625379 ], [ -89.161504, 13.625355 ], [ -89.161427, 13.625293 ], [ -89.161382, 13.625248 ], [ -89.16135, 13.625199 ], [ -89.161319, 13.625118 ], [ -89.161302, 13.625102 ], [ -89.161126, 13.625038 ], [ -89.16111, 13.625022 ], [ -89.161041, 13.624968 ], [ -89.161021, 13.624948 ], [ -89.16101, 13.624903 ], [ -89.161006, 13.624859 ], [ -89.161016, 13.624754 ], [ -89.161017, 13.624698 ], [ -89.161005, 13.62467 ], [ -89.161003, 13.624577 ], [ -89.160992, 13.624524 ], [ -89.160994, 13.624379 ], [ -89.160986, 13.624355 ], [ -89.160865, 13.624232 ], [ -89.160783, 13.624198 ], [ -89.160742, 13.62419 ], [ -89.160694, 13.624157 ], [ -89.160661, 13.624124 ], [ -89.160609, 13.62403 ], [ -89.160558, 13.623921 ], [ -89.160518, 13.623864 ], [ -89.160506, 13.623851 ], [ -89.160411, 13.623822 ], [ -89.160305, 13.623783 ], [ -89.159966, 13.62336 ], [ -89.159893, 13.623173 ], [ -89.15987, 13.622979 ], [ -89.15976, 13.622814 ], [ -89.159142, 13.622383 ], [ -89.158899, 13.622091 ], [ -89.158877, 13.62205 ], [ -89.158843, 13.621986 ], [ -89.158787, 13.621928 ], [ -89.158735, 13.621897 ], [ -89.158586, 13.621828 ], [ -89.158559, 13.621818 ], [ -89.158537, 13.621816 ], [ -89.158405, 13.62183 ], [ -89.15839, 13.621771 ], [ -89.158439, 13.621541 ], [ -89.158478, 13.621436 ], [ -89.158561, 13.621323 ], [ -89.15861, 13.621232 ], [ -89.158671, 13.621005 ], [ -89.158678, 13.620897 ], [ -89.158664, 13.620735 ], [ -89.158615, 13.620673 ], [ -89.158558, 13.620627 ], [ -89.158497, 13.620603 ], [ -89.158404, 13.620579 ], [ -89.158353, 13.620577 ], [ -89.158304, 13.620568 ], [ -89.15824, 13.620544 ], [ -89.158145, 13.620477 ], [ -89.158125, 13.620431 ], [ -89.158094, 13.620348 ], [ -89.158091, 13.620307 ], [ -89.158072, 13.620195 ], [ -89.158059, 13.620144 ], [ -89.158035, 13.620044 ], [ -89.158013, 13.619996 ], [ -89.15793, 13.619917 ], [ -89.157861, 13.619889 ], [ -89.157707, 13.619693 ], [ -89.157685, 13.619657 ], [ -89.157616, 13.619556 ], [ -89.157604, 13.619525 ], [ -89.157553, 13.619392 ], [ -89.157533, 13.619438 ], [ -89.157505, 13.61944 ], [ -89.157203, 13.619234 ], [ -89.15712, 13.619187 ], [ -89.157176, 13.619294 ], [ -89.157098, 13.619345 ], [ -89.157009, 13.619396 ], [ -89.156874, 13.619461 ], [ -89.15685, 13.61949 ], [ -89.156802, 13.619682 ], [ -89.156748, 13.619863 ], [ -89.156634, 13.620073 ], [ -89.156563, 13.620167 ], [ -89.156465, 13.620249 ], [ -89.156306, 13.620338 ], [ -89.15614, 13.620394 ], [ -89.155779, 13.620525 ], [ -89.155526, 13.621257 ], [ -89.155273, 13.621496 ], [ -89.155217, 13.621719 ], [ -89.154862, 13.621878 ], [ -89.154887, 13.62211 ], [ -89.154823, 13.622401 ], [ -89.15463, 13.622638 ], [ -89.154552, 13.623007 ], [ -89.154379, 13.623148 ], [ -89.154215, 13.623229 ], [ -89.154105, 13.623234 ], [ -89.153948, 13.623198 ], [ -89.153902, 13.623194 ], [ -89.15387, 13.62322 ], [ -89.153775, 13.62338 ], [ -89.153579, 13.623466 ], [ -89.153347, 13.623799 ], [ -89.153281, 13.624069 ], [ -89.153203, 13.62423 ], [ -89.153003, 13.624302 ], [ -89.152925, 13.624531 ], [ -89.152874, 13.624622 ], [ -89.152908, 13.624845 ], [ -89.152959, 13.62498 ], [ -89.152938, 13.624988 ], [ -89.152656, 13.625371 ], [ -89.152539, 13.625645 ], [ -89.152517, 13.625781 ], [ -89.152547, 13.625932 ], [ -89.15271, 13.626328 ], [ -89.15282, 13.626682 ], [ -89.152782, 13.626691 ], [ -89.152668, 13.626718 ], [ -89.15236, 13.626943 ], [ -89.152206, 13.627065 ], [ -89.151952, 13.627251 ], [ -89.151755, 13.627349 ], [ -89.151631, 13.627568 ], [ -89.151562, 13.627626 ], [ -89.151546, 13.627587 ], [ -89.151454, 13.627526 ], [ -89.15137, 13.62748 ], [ -89.151222, 13.627374 ], [ -89.151096, 13.627223 ], [ -89.150933, 13.626809 ], [ -89.150831, 13.626513 ], [ -89.150724, 13.626319 ], [ -89.15054, 13.625897 ], [ -89.150416, 13.625656 ], [ -89.150353, 13.625518 ], [ -89.150283, 13.625415 ], [ -89.150082, 13.625206 ], [ -89.150006, 13.625108 ], [ -89.149746, 13.624428 ], [ -89.149766, 13.624234 ], [ -89.149778, 13.623997 ], [ -89.149783, 13.623921 ], [ -89.149795, 13.623738 ], [ -89.149782, 13.623612 ], [ -89.149756, 13.6235 ], [ -89.149736, 13.623445 ], [ -89.149721, 13.623352 ], [ -89.14971, 13.623276 ], [ -89.149712, 13.623195 ], [ -89.149713, 13.623113 ], [ -89.149713, 13.623112 ], [ -89.149714, 13.623056 ], [ -89.149706, 13.622945 ], [ -89.149697, 13.622849 ], [ -89.149665, 13.622797 ], [ -89.149471, 13.62269 ], [ -89.149313, 13.622611 ], [ -89.149235, 13.622585 ], [ -89.149185, 13.622355 ], [ -89.149159, 13.622225 ], [ -89.149129, 13.622047 ], [ -89.149095, 13.621794 ], [ -89.149123, 13.621671 ], [ -89.149071, 13.621526 ], [ -89.149021, 13.621389 ], [ -89.148984, 13.621295 ], [ -89.148969, 13.621219 ], [ -89.148965, 13.621116 ], [ -89.148954, 13.621025 ], [ -89.148929, 13.620918 ], [ -89.148894, 13.620813 ], [ -89.148845, 13.620707 ], [ -89.148821, 13.620543 ], [ -89.148787, 13.620296 ], [ -89.148742, 13.620036 ], [ -89.14871, 13.619896 ], [ -89.148659, 13.619605 ], [ -89.148645, 13.619568 ], [ -89.148601, 13.619493 ], [ -89.148445, 13.6193 ], [ -89.148288, 13.619121 ], [ -89.148169, 13.619038 ], [ -89.148082, 13.618988 ], [ -89.147844, 13.618826 ], [ -89.147722, 13.618731 ], [ -89.147531, 13.618566 ], [ -89.147397, 13.618439 ], [ -89.147373, 13.618398 ], [ -89.147348, 13.61833 ], [ -89.147325, 13.618212 ], [ -89.147314, 13.618108 ], [ -89.147303, 13.618017 ], [ -89.147265, 13.617928 ], [ -89.14722, 13.617836 ], [ -89.147176, 13.617664 ], [ -89.147115, 13.617514 ], [ -89.147074, 13.617416 ], [ -89.147093, 13.617406 ], [ -89.147829, 13.616917 ], [ -89.147798, 13.616789 ], [ -89.147785, 13.616432 ], [ -89.147777, 13.61616 ], [ -89.147798, 13.61591 ], [ -89.147747, 13.61568 ], [ -89.147625, 13.61547 ], [ -89.147604, 13.61517 ], [ -89.147608, 13.614911 ], [ -89.147625, 13.614714 ], [ -89.147574, 13.614402 ], [ -89.147561, 13.614176 ], [ -89.14749, 13.613909 ], [ -89.147414, 13.613687 ], [ -89.147296, 13.613506 ], [ -89.147204, 13.613301 ], [ -89.147199, 13.613067 ], [ -89.14712, 13.612857 ], [ -89.147077, 13.612586 ], [ -89.146796, 13.612261 ], [ -89.146594, 13.612089 ], [ -89.146447, 13.611986 ], [ -89.146354, 13.611748 ], [ -89.14635, 13.611489 ], [ -89.146068, 13.611222 ], [ -89.145871, 13.611046 ], [ -89.145644, 13.611037 ], [ -89.145413, 13.610976 ], [ -89.145192, 13.610851 ], [ -89.145086, 13.61079 ], [ -89.144949, 13.610692 ], [ -89.144739, 13.610529 ], [ -89.144509, 13.610378 ], [ -89.144439, 13.610291 ], [ -89.144395, 13.610237 ], [ -89.144186, 13.60999 ], [ -89.1441, 13.609828 ], [ -89.144013, 13.609666 ], [ -89.143923, 13.609582 ], [ -89.143833, 13.609497 ], [ -89.143679, 13.609434 ], [ -89.143614, 13.609407 ], [ -89.143526, 13.60937 ], [ -89.143316, 13.60919 ], [ -89.143124, 13.608936 ], [ -89.142959, 13.608725 ], [ -89.142895, 13.608614 ], [ -89.142832, 13.608504 ], [ -89.142822, 13.608463 ], [ -89.142853, 13.60847 ] ] ] } },
{ "type": "Feature", "properties": { "fid": 297, "CANTON": "PLANES DE RENDEROS", "DISTRITO": "PANCHIMALCO" }, "geometry": { "type": "Polygon", "coordinates": [ [ [ -89.171001, 13.642613 ], [ -89.170986, 13.642593 ], [ -89.170985, 13.642592 ], [ -89.170695, 13.642224 ], [ -89.169087, 13.640181 ], [ -89.169004, 13.640074 ], [ -89.168983, 13.640068 ], [ -89.168818, 13.640023 ], [ -89.168805, 13.64002 ], [ -89.168793, 13.639951 ], [ -89.168611, 13.638949 ], [ -89.168593, 13.63885 ], [ -89.168588, 13.638833 ], [ -89.168308, 13.637821 ], [ -89.168284, 13.637733 ], [ -89.168274, 13.637699 ], [ -89.168252, 13.637547 ], [ -89.16825, 13.637537 ], [ -89.168248, 13.637525 ], [ -89.16819, 13.637216 ], [ -89.168188, 13.637205 ], [ -89.16818, 13.637162 ], [ -89.168124, 13.636861 ], [ -89.168124, 13.636858 ], [ -89.168113, 13.6368 ], [ -89.168049, 13.636378 ], [ -89.168048, 13.63637 ], [ -89.168032, 13.636269 ], [ -89.168001, 13.63614 ], [ -89.167999, 13.636134 ], [ -89.16799, 13.636098 ], [ -89.167962, 13.635914 ], [ -89.167959, 13.635898 ], [ -89.16795, 13.635838 ], [ -89.167862, 13.635413 ], [ -89.167851, 13.63536 ], [ -89.167818, 13.635197 ], [ -89.167799, 13.635132 ], [ -89.167796, 13.635121 ], [ -89.167787, 13.635093 ], [ -89.167702, 13.635073 ], [ -89.167693, 13.635003 ], [ -89.167689, 13.63493 ], [ -89.167518, 13.634353 ], [ -89.167424, 13.634073 ], [ -89.167305, 13.633803 ], [ -89.167182, 13.633529 ], [ -89.167111, 13.63334 ], [ -89.167025, 13.633035 ], [ -89.166984, 13.632846 ], [ -89.166935, 13.632744 ], [ -89.166919, 13.632686 ], [ -89.166902, 13.632642 ], [ -89.166901, 13.632639 ], [ -89.166944, 13.632595 ], [ -89.167063, 13.632485 ], [ -89.167152, 13.632419 ], [ -89.167251, 13.632362 ], [ -89.167302, 13.632345 ], [ -89.16735, 13.632339 ], [ -89.167435, 13.632346 ], [ -89.167632, 13.632371 ], [ -89.167663, 13.632373 ], [ -89.167695, 13.632367 ], [ -89.167722, 13.632354 ], [ -89.167865, 13.632453 ], [ -89.168042, 13.632568 ], [ -89.168188, 13.632659 ], [ -89.168348, 13.632733 ], [ -89.168451, 13.632783 ], [ -89.168587, 13.632851 ], [ -89.16869, 13.63289 ], [ -89.168789, 13.632936 ], [ -89.168893, 13.632987 ], [ -89.168979, 13.633083 ], [ -89.169108, 13.633184 ], [ -89.169224, 13.633251 ], [ -89.169325, 13.633297 ], [ -89.169465, 13.633335 ], [ -89.169635, 13.63338 ], [ -89.169829, 13.63343 ], [ -89.169965, 13.633473 ], [ -89.170165, 13.633534 ], [ -89.170481, 13.633587 ], [ -89.170851, 13.633659 ], [ -89.171107, 13.633704 ], [ -89.171221, 13.63374 ], [ -89.171278, 13.633761 ], [ -89.171333, 13.633793 ], [ -89.171364, 13.633843 ], [ -89.171451, 13.63395 ], [ -89.171555, 13.634138 ], [ -89.1716, 13.634199 ], [ -89.171675, 13.634303 ], [ -89.171772, 13.63442 ], [ -89.17187, 13.634527 ], [ -89.171947, 13.634577 ], [ -89.172012, 13.634608 ], [ -89.17235, 13.63449 ], [ -89.172412, 13.634469 ], [ -89.172691, 13.634449 ], [ -89.172832, 13.634401 ], [ -89.173037, 13.634482 ], [ -89.173465, 13.63469 ], [ -89.17375, 13.634818 ], [ -89.174271, 13.635052 ], [ -89.174666, 13.63524 ], [ -89.175255, 13.635601 ], [ -89.175438, 13.635715 ], [ -89.175666, 13.635913 ], [ -89.175696, 13.635828 ], [ -89.175755, 13.635614 ], [ -89.17574, 13.635534 ], [ -89.175718, 13.635478 ], [ -89.175699, 13.635364 ], [ -89.175902, 13.634866 ], [ -89.176023, 13.634527 ], [ -89.176169, 13.634181 ], [ -89.176191, 13.634152 ], [ -89.17627, 13.634119 ], [ -89.17635, 13.634109 ], [ -89.176382, 13.634111 ], [ -89.17643, 13.634165 ], [ -89.176566, 13.634437 ], [ -89.176623, 13.6345 ], [ -89.176981, 13.634651 ], [ -89.177022, 13.634638 ], [ -89.177053, 13.634608 ], [ -89.177084, 13.634562 ], [ -89.177093, 13.634533 ], [ -89.177114, 13.634465 ], [ -89.177107, 13.634383 ], [ -89.17705, 13.634117 ], [ -89.177024, 13.63395 ], [ -89.177076, 13.633664 ], [ -89.177094, 13.633641 ], [ -89.177151, 13.633615 ], [ -89.177264, 13.633589 ], [ -89.177231, 13.633438 ], [ -89.177191, 13.633061 ], [ -89.17716, 13.632895 ], [ -89.17712, 13.632689 ], [ -89.177052, 13.632222 ], [ -89.17702, 13.631986 ], [ -89.176987, 13.631834 ], [ -89.176999, 13.631716 ], [ -89.177069, 13.6315 ], [ -89.177111, 13.631395 ], [ -89.177138, 13.631293 ], [ -89.177157, 13.631211 ], [ -89.177184, 13.630854 ], [ -89.177211, 13.630751 ], [ -89.177288, 13.6307 ], [ -89.177469, 13.630348 ], [ -89.177634, 13.629979 ], [ -89.177785, 13.629623 ], [ -89.177872, 13.629538 ], [ -89.178036, 13.629447 ], [ -89.178086, 13.629392 ], [ -89.178104, 13.629346 ], [ -89.178122, 13.629298 ], [ -89.178132, 13.62923 ], [ -89.178125, 13.629139 ], [ -89.17808, 13.628762 ], [ -89.178087, 13.628657 ], [ -89.178139, 13.628543 ], [ -89.178206, 13.628459 ], [ -89.178375, 13.628273 ], [ -89.178495, 13.628159 ], [ -89.178511, 13.628131 ], [ -89.178519, 13.628116 ], [ -89.178524, 13.628084 ], [ -89.178498, 13.628036 ], [ -89.178577, 13.627966 ], [ -89.178638, 13.627899 ], [ -89.178641, 13.627865 ], [ -89.178608, 13.627806 ], [ -89.178547, 13.627706 ], [ -89.178514, 13.627645 ], [ -89.17839, 13.62748 ], [ -89.178327, 13.627345 ], [ -89.178296, 13.627263 ], [ -89.178209, 13.627065 ], [ -89.178186, 13.626953 ], [ -89.17829, 13.626968 ], [ -89.178408, 13.627023 ], [ -89.178561, 13.6271 ], [ -89.178751, 13.627213 ], [ -89.178871, 13.627299 ], [ -89.178916, 13.627339 ], [ -89.179011, 13.627443 ], [ -89.179069, 13.627507 ], [ -89.179142, 13.627566 ], [ -89.179191, 13.627595 ], [ -89.179214, 13.627533 ], [ -89.179234, 13.627451 ], [ -89.179249, 13.627355 ], [ -89.179249, 13.627349 ], [ -89.179312, 13.627584 ], [ -89.180102, 13.627584 ], [ -89.181062, 13.627914 ], [ -89.182587, 13.62935 ], [ -89.183914, 13.62968 ], [ -89.184958, 13.629458 ], [ -89.185631, 13.629205 ], [ -89.187183, 13.629811 ], [ -89.188313, 13.631412 ], [ -89.188317, 13.631417 ], [ -89.18838, 13.631423 ], [ -89.188379, 13.631318 ], [ -89.189031, 13.631511 ], [ -89.189239, 13.631579 ], [ -89.18931, 13.631601 ], [ -89.189266, 13.631693 ], [ -89.18914, 13.631883 ], [ -89.189053, 13.631961 ], [ -89.188946, 13.63202 ], [ -89.188813, 13.632084 ], [ -89.188717, 13.632156 ], [ -89.18859, 13.632251 ], [ -89.188473, 13.632507 ], [ -89.188354, 13.632795 ], [ -89.188347, 13.632828 ], [ -89.188295, 13.633051 ], [ -89.18828, 13.63312 ], [ -89.18827, 13.633146 ], [ -89.188189, 13.633351 ], [ -89.188076, 13.63384 ], [ -89.188076, 13.633998 ], [ -89.188087, 13.63409 ], [ -89.188098, 13.634187 ], [ -89.188136, 13.634376 ], [ -89.188116, 13.634557 ], [ -89.188113, 13.634586 ], [ -89.187864, 13.63485 ], [ -89.187685, 13.635151 ], [ -89.187563, 13.635452 ], [ -89.187454, 13.635778 ], [ -89.187392, 13.636236 ], [ -89.187342, 13.636917 ], [ -89.187309, 13.637381 ], [ -89.187242, 13.638247 ], [ -89.1872, 13.638708 ], [ -89.187247, 13.638862 ], [ -89.187218, 13.639053 ], [ -89.187189, 13.639244 ], [ -89.187181, 13.639527 ], [ -89.187177, 13.639679 ], [ -89.187169, 13.639762 ], [ -89.187137, 13.639823 ], [ -89.187122, 13.64006 ], [ -89.187122, 13.640312 ], [ -89.187167, 13.640594 ], [ -89.187231, 13.640769 ], [ -89.187274, 13.640888 ], [ -89.187382, 13.641088 ], [ -89.187654, 13.641599 ], [ -89.187731, 13.641735 ], [ -89.187781, 13.641821 ], [ -89.187875, 13.642124 ], [ -89.187882, 13.642194 ], [ -89.187903, 13.642393 ], [ -89.187845, 13.642888 ], [ -89.187837, 13.642951 ], [ -89.187766, 13.643546 ], [ -89.187752, 13.643597 ], [ -89.187697, 13.643802 ], [ -89.187221, 13.643611 ], [ -89.186917, 13.643477 ], [ -89.18653, 13.643219 ], [ -89.18615, 13.642982 ], [ -89.186109, 13.642954 ], [ -89.185898, 13.642807 ], [ -89.185792, 13.642807 ], [ -89.185662, 13.642735 ], [ -89.185442, 13.642656 ], [ -89.185052, 13.642576 ], [ -89.18471, 13.642441 ], [ -89.184606, 13.642389 ], [ -89.184425, 13.642298 ], [ -89.184059, 13.642092 ], [ -89.183773, 13.641853 ], [ -89.183471, 13.641581 ], [ -89.183429, 13.641543 ], [ -89.183377, 13.641599 ], [ -89.182939, 13.641618 ], [ -89.182846, 13.641628 ], [ -89.182682, 13.641691 ], [ -89.182577, 13.641733 ], [ -89.182489, 13.641754 ], [ -89.182421, 13.641768 ], [ -89.182307, 13.641769 ], [ -89.18219, 13.64175 ], [ -89.182089, 13.641721 ], [ -89.181954, 13.641655 ], [ -89.181652, 13.6415 ], [ -89.181492, 13.641428 ], [ -89.181279, 13.641349 ], [ -89.181101, 13.641334 ], [ -89.180953, 13.641332 ], [ -89.180567, 13.641387 ], [ -89.180291, 13.641412 ], [ -89.179987, 13.641442 ], [ -89.179898, 13.641453 ], [ -89.179787, 13.641477 ], [ -89.179724, 13.64151 ], [ -89.179617, 13.641587 ], [ -89.179532, 13.641666 ], [ -89.179353, 13.641856 ], [ -89.179154, 13.642035 ], [ -89.178991, 13.642148 ], [ -89.178915, 13.642184 ], [ -89.178815, 13.642228 ], [ -89.178535, 13.642308 ], [ -89.178431, 13.642334 ], [ -89.178344, 13.642349 ], [ -89.178304, 13.642347 ], [ -89.178203, 13.642278 ], [ -89.178151, 13.642222 ], [ -89.178078, 13.642123 ], [ -89.17803, 13.64204 ], [ -89.177893, 13.641689 ], [ -89.177864, 13.641638 ], [ -89.177823, 13.641595 ], [ -89.177732, 13.641552 ], [ -89.177664, 13.641525 ], [ -89.17754, 13.641475 ], [ -89.177447, 13.641444 ], [ -89.177337, 13.641416 ], [ -89.177294, 13.641412 ], [ -89.177212, 13.641414 ], [ -89.177093, 13.641439 ], [ -89.176921, 13.641511 ], [ -89.176818, 13.641562 ], [ -89.176769, 13.641585 ], [ -89.176708, 13.641597 ], [ -89.176628, 13.641586 ], [ -89.176552, 13.641569 ], [ -89.176444, 13.641515 ], [ -89.176316, 13.641455 ], [ -89.176226, 13.641433 ], [ -89.176158, 13.641432 ], [ -89.176076, 13.641456 ], [ -89.175926, 13.641527 ], [ -89.175831, 13.641565 ], [ -89.175754, 13.641587 ], [ -89.175589, 13.64163 ], [ -89.175544, 13.641622 ], [ -89.175494, 13.641607 ], [ -89.175371, 13.641534 ], [ -89.175301, 13.641496 ], [ -89.175135, 13.641424 ], [ -89.175054, 13.641396 ], [ -89.174818, 13.641322 ], [ -89.174669, 13.641306 ], [ -89.174585, 13.641309 ], [ -89.174527, 13.641313 ], [ -89.17448, 13.641321 ], [ -89.174242, 13.641369 ], [ -89.174173, 13.641388 ], [ -89.174054, 13.641429 ], [ -89.173948, 13.641482 ], [ -89.17387, 13.641529 ], [ -89.17379, 13.641609 ], [ -89.173624, 13.641714 ], [ -89.173586, 13.641774 ], [ -89.173552, 13.641852 ], [ -89.17358, 13.641911 ], [ -89.173595, 13.641914 ], [ -89.173667, 13.64191 ], [ -89.173684, 13.641902 ], [ -89.173806, 13.641832 ], [ -89.173896, 13.641795 ], [ -89.174029, 13.641763 ], [ -89.174226, 13.641802 ], [ -89.174312, 13.641835 ], [ -89.174468, 13.641894 ], [ -89.174665, 13.641976 ], [ -89.174742, 13.642064 ], [ -89.17476, 13.642152 ], [ -89.174746, 13.64222 ], [ -89.174679, 13.6423 ], [ -89.174608, 13.642341 ], [ -89.174519, 13.64237 ], [ -89.174456, 13.642391 ], [ -89.174255, 13.642451 ], [ -89.174004, 13.642533 ], [ -89.173816, 13.6426 ], [ -89.173704, 13.642618 ], [ -89.173603, 13.64262 ], [ -89.173465, 13.642618 ], [ -89.173349, 13.6426 ], [ -89.173057, 13.642544 ], [ -89.172889, 13.642516 ], [ -89.172775, 13.642467 ], [ -89.172724, 13.642402 ], [ -89.17253, 13.642086 ], [ -89.17246, 13.642012 ], [ -89.172436, 13.641991 ], [ -89.172307, 13.641943 ], [ -89.172101, 13.641902 ], [ -89.171958, 13.641903 ], [ -89.171865, 13.641911 ], [ -89.171764, 13.641965 ], [ -89.171725, 13.641997 ], [ -89.171535, 13.64221 ], [ -89.171412, 13.642331 ], [ -89.17124, 13.642499 ], [ -89.171192, 13.642533 ], [ -89.171067, 13.642603 ], [ -89.171055, 13.642605 ], [ -89.171001, 13.642613 ] ] ] } },
{ "type": "Feature", "properties": { "fid": 299, "CANTON": "EL GUAYABO", "DISTRITO": "PANCHIMALCO" }, "geometry": { "type": "Polygon", "coordinates": [ [ [ -89.196593, 13.632684 ], [ -89.196453, 13.632701 ], [ -89.196146, 13.632789 ], [ -89.195979, 13.63286 ], [ -89.195906, 13.632886 ], [ -89.195807, 13.63291 ], [ -89.195706, 13.632899 ], [ -89.195617, 13.632872 ], [ -89.1954, 13.632745 ], [ -89.195232, 13.632662 ], [ -89.195018, 13.632549 ], [ -89.194726, 13.632482 ], [ -89.194384, 13.632461 ], [ -89.194327, 13.632457 ], [ -89.194206, 13.632485 ], [ -89.194089, 13.632486 ], [ -89.193974, 13.632501 ], [ -89.193875, 13.632525 ], [ -89.193718, 13.632534 ], [ -89.193525, 13.632525 ], [ -89.193306, 13.63249 ], [ -89.193112, 13.63241 ], [ -89.192837, 13.63227 ], [ -89.192601, 13.632151 ], [ -89.192251, 13.632036 ], [ -89.191984, 13.631947 ], [ -89.191904, 13.631923 ], [ -89.191876, 13.63189 ], [ -89.191801, 13.631803 ], [ -89.191734, 13.631724 ], [ -89.191538, 13.631494 ], [ -89.191468, 13.631411 ], [ -89.1914, 13.631329 ], [ -89.19119, 13.631075 ], [ -89.191141, 13.631017 ], [ -89.19072, 13.630987 ], [ -89.190518, 13.630973 ], [ -89.190321, 13.630913 ], [ -89.190264, 13.630857 ], [ -89.190146, 13.630568 ], [ -89.190128, 13.630533 ], [ -89.190115, 13.63051 ], [ -89.190059, 13.630468 ], [ -89.189978, 13.630452 ], [ -89.189885, 13.630481 ], [ -89.189826, 13.630499 ], [ -89.189601, 13.630574 ], [ -89.189372, 13.630643 ], [ -89.189318, 13.630678 ], [ -89.189269, 13.63078 ], [ -89.189269, 13.630914 ], [ -89.189245, 13.630937 ], [ -89.189259, 13.630992 ], [ -89.189346, 13.631331 ], [ -89.189359, 13.631446 ], [ -89.189344, 13.631505 ], [ -89.189269, 13.631402 ], [ -89.189204, 13.631314 ], [ -89.189018, 13.630942 ], [ -89.188968, 13.63083 ], [ -89.188955, 13.630745 ], [ -89.188955, 13.630677 ], [ -89.188973, 13.630605 ], [ -89.189007, 13.630522 ], [ -89.189059, 13.630456 ], [ -89.189103, 13.630422 ], [ -89.189175, 13.630387 ], [ -89.189264, 13.63036 ], [ -89.189402, 13.630322 ], [ -89.189463, 13.630311 ], [ -89.189509, 13.630295 ], [ -89.189556, 13.630274 ], [ -89.189596, 13.630248 ], [ -89.189627, 13.630216 ], [ -89.189665, 13.630175 ], [ -89.189711, 13.630087 ], [ -89.18974, 13.630009 ], [ -89.189759, 13.629955 ], [ -89.189774, 13.629851 ], [ -89.189783, 13.629786 ], [ -89.1898, 13.629647 ], [ -89.189811, 13.629499 ], [ -89.189813, 13.629343 ], [ -89.189802, 13.629161 ], [ -89.189766, 13.628906 ], [ -89.18977, 13.628816 ], [ -89.18979, 13.628765 ], [ -89.18987, 13.628618 ], [ -89.189978, 13.628514 ], [ -89.190062, 13.628452 ], [ -89.190229, 13.628356 ], [ -89.190382, 13.62824 ], [ -89.19048, 13.62814 ], [ -89.190541, 13.627974 ], [ -89.190536, 13.627824 ], [ -89.190477, 13.627723 ], [ -89.190302, 13.627549 ], [ -89.190087, 13.627331 ], [ -89.18998, 13.627223 ], [ -89.189916, 13.627168 ], [ -89.189825, 13.627102 ], [ -89.189675, 13.626995 ], [ -89.189578, 13.626942 ], [ -89.189374, 13.626845 ], [ -89.189286, 13.626774 ], [ -89.189217, 13.626636 ], [ -89.189206, 13.626547 ], [ -89.189226, 13.626439 ], [ -89.189265, 13.626361 ], [ -89.18933, 13.626296 ], [ -89.189448, 13.62621 ], [ -89.189713, 13.626059 ], [ -89.189907, 13.625954 ], [ -89.190157, 13.625877 ], [ -89.190439, 13.625798 ], [ -89.190562, 13.625756 ], [ -89.190662, 13.625662 ], [ -89.19067, 13.62559 ], [ -89.190643, 13.625503 ], [ -89.190559, 13.625345 ], [ -89.190445, 13.625207 ], [ -89.190318, 13.625029 ], [ -89.190244, 13.624912 ], [ -89.190171, 13.624731 ], [ -89.190138, 13.62457 ], [ -89.190116, 13.624392 ], [ -89.190083, 13.624129 ], [ -89.190064, 13.623884 ], [ -89.190071, 13.623621 ], [ -89.190096, 13.623476 ], [ -89.190202, 13.623227 ], [ -89.190271, 13.623118 ], [ -89.190495, 13.622836 ], [ -89.190631, 13.622697 ], [ -89.190759, 13.622596 ], [ -89.190839, 13.622552 ], [ -89.190942, 13.622545 ], [ -89.191041, 13.622585 ], [ -89.191155, 13.622646 ], [ -89.191646, 13.622953 ], [ -89.191734, 13.62297 ], [ -89.191833, 13.622951 ], [ -89.191897, 13.622919 ], [ -89.191972, 13.622844 ], [ -89.192, 13.622759 ], [ -89.192053, 13.622529 ], [ -89.192081, 13.622447 ], [ -89.192149, 13.622335 ], [ -89.19228, 13.622208 ], [ -89.192391, 13.622106 ], [ -89.192459, 13.622038 ], [ -89.19251, 13.621964 ], [ -89.19252, 13.62191 ], [ -89.192506, 13.621838 ], [ -89.192464, 13.621691 ], [ -89.192436, 13.621592 ], [ -89.192366, 13.621466 ], [ -89.192264, 13.621317 ], [ -89.192226, 13.621225 ], [ -89.192229, 13.621168 ], [ -89.192302, 13.620977 ], [ -89.192386, 13.620829 ], [ -89.192551, 13.620668 ], [ -89.192652, 13.620606 ], [ -89.192705, 13.620558 ], [ -89.192737, 13.620516 ], [ -89.192742, 13.620468 ], [ -89.19273, 13.620415 ], [ -89.192663, 13.620321 ], [ -89.192504, 13.620132 ], [ -89.19247, 13.620073 ], [ -89.192454, 13.620021 ], [ -89.192467, 13.619963 ], [ -89.192538, 13.619717 ], [ -89.192574, 13.619635 ], [ -89.192626, 13.619534 ], [ -89.192698, 13.619457 ], [ -89.19283, 13.619329 ], [ -89.193024, 13.619198 ], [ -89.193268, 13.619033 ], [ -89.193391, 13.618942 ], [ -89.193616, 13.61874 ], [ -89.193722, 13.618629 ], [ -89.193848, 13.618486 ], [ -89.194059, 13.618176 ], [ -89.194025, 13.618137 ], [ -89.193954, 13.617874 ], [ -89.193938, 13.617771 ], [ -89.193935, 13.617633 ], [ -89.193942, 13.617587 ], [ -89.193974, 13.617545 ], [ -89.194061, 13.617461 ], [ -89.194443, 13.617305 ], [ -89.194518, 13.617262 ], [ -89.19482, 13.617084 ], [ -89.194875, 13.61705 ], [ -89.195178, 13.616906 ], [ -89.195289, 13.616898 ], [ -89.195418, 13.616889 ], [ -89.19558, 13.616898 ], [ -89.195658, 13.616885 ], [ -89.195758, 13.616808 ], [ -89.195864, 13.616714 ], [ -89.196463, 13.61687 ], [ -89.198418, 13.617618 ], [ -89.198783, 13.617752 ], [ -89.199149, 13.61797 ], [ -89.199404, 13.617962 ], [ -89.199803, 13.617993 ], [ -89.200201, 13.618035 ], [ -89.20081, 13.618121 ], [ -89.201101, 13.61828 ], [ -89.201444, 13.618607 ], [ -89.201651, 13.618724 ], [ -89.202022, 13.618373 ], [ -89.202149, 13.61826 ], [ -89.202408, 13.618112 ], [ -89.202499, 13.618069 ], [ -89.203029, 13.618053 ], [ -89.203312, 13.618107 ], [ -89.204065, 13.617958 ], [ -89.204431, 13.618036 ], [ -89.205966, 13.619457 ], [ -89.206112, 13.619535 ], [ -89.207017, 13.619788 ], [ -89.207472, 13.620076 ], [ -89.207476, 13.62015 ], [ -89.206911, 13.620168 ], [ -89.206648, 13.620561 ], [ -89.206653, 13.620859 ], [ -89.206682, 13.620989 ], [ -89.206822, 13.621373 ], [ -89.206591, 13.621751 ], [ -89.20647, 13.621874 ], [ -89.206333, 13.621914 ], [ -89.206083, 13.621848 ], [ -89.205915, 13.621857 ], [ -89.205673, 13.622192 ], [ -89.205646, 13.622304 ], [ -89.205646, 13.622396 ], [ -89.20568, 13.622522 ], [ -89.205835, 13.622798 ], [ -89.205736, 13.622968 ], [ -89.205628, 13.623097 ], [ -89.205479, 13.623332 ], [ -89.205445, 13.623468 ], [ -89.205115, 13.624078 ], [ -89.205115, 13.624346 ], [ -89.205387, 13.624952 ], [ -89.205894, 13.625524 ], [ -89.207064, 13.62579 ], [ -89.207999, 13.625941 ], [ -89.20876, 13.626322 ], [ -89.209559, 13.626894 ], [ -89.209577, 13.626907 ], [ -89.209697, 13.626773 ], [ -89.209855, 13.626681 ], [ -89.20989, 13.62659 ], [ -89.209903, 13.626572 ], [ -89.209988, 13.626588 ], [ -89.210962, 13.626778 ], [ -89.21182, 13.627197 ], [ -89.212366, 13.627502 ], [ -89.212406, 13.628074 ], [ -89.211977, 13.628418 ], [ -89.212445, 13.628704 ], [ -89.213322, 13.62876 ], [ -89.214619, 13.62868 ], [ -89.214673, 13.628676 ], [ -89.214675, 13.628676 ], [ -89.214689, 13.628787 ], [ -89.214565, 13.62887 ], [ -89.214441, 13.628953 ], [ -89.214281, 13.629068 ], [ -89.21412, 13.629183 ], [ -89.214026, 13.629344 ], [ -89.214025, 13.629345 ], [ -89.214022, 13.629345 ], [ -89.213803, 13.629312 ], [ -89.213561, 13.629413 ], [ -89.213208, 13.62967 ], [ -89.212974, 13.629979 ], [ -89.212966, 13.630115 ], [ -89.212843, 13.630274 ], [ -89.212719, 13.630376 ], [ -89.212371, 13.630825 ], [ -89.212288, 13.630927 ], [ -89.212153, 13.631125 ], [ -89.212108, 13.631192 ], [ -89.212069, 13.631213 ], [ -89.211877, 13.631124 ], [ -89.211761, 13.631252 ], [ -89.211738, 13.631388 ], [ -89.211514, 13.631495 ], [ -89.21131, 13.631619 ], [ -89.211083, 13.631777 ], [ -89.210876, 13.631992 ], [ -89.210601, 13.632052 ], [ -89.210531, 13.63249 ], [ -89.210382, 13.632676 ], [ -89.210135, 13.632826 ], [ -89.209802, 13.632988 ], [ -89.20968, 13.633037 ], [ -89.209572, 13.63333 ], [ -89.20949, 13.633409 ], [ -89.209565, 13.633538 ], [ -89.209584, 13.633661 ], [ -89.209549, 13.633732 ], [ -89.209551, 13.633792 ], [ -89.209587, 13.633863 ], [ -89.20958, 13.634004 ], [ -89.209577, 13.63403 ], [ -89.209562, 13.634145 ], [ -89.209489, 13.634256 ], [ -89.209377, 13.634401 ], [ -89.209209, 13.634584 ], [ -89.209024, 13.634808 ], [ -89.208898, 13.634988 ], [ -89.208857, 13.635088 ], [ -89.208775, 13.635149 ], [ -89.20866, 13.63521 ], [ -89.20856, 13.635323 ], [ -89.208525, 13.635446 ], [ -89.208536, 13.635541 ], [ -89.208572, 13.635682 ], [ -89.208585, 13.635766 ], [ -89.208557, 13.635834 ], [ -89.208491, 13.635891 ], [ -89.208373, 13.636007 ], [ -89.208264, 13.636255 ], [ -89.208179, 13.636332 ], [ -89.208078, 13.63642 ], [ -89.207998, 13.636538 ], [ -89.207893, 13.636639 ], [ -89.207712, 13.636714 ], [ -89.207713, 13.636751 ], [ -89.207768, 13.636778 ], [ -89.20779, 13.636789 ], [ -89.207803, 13.636803 ], [ -89.207819, 13.636819 ], [ -89.207376, 13.636981 ], [ -89.207299, 13.637011 ], [ -89.207162, 13.63707 ], [ -89.207045, 13.637167 ], [ -89.207003, 13.637185 ], [ -89.206976, 13.637227 ], [ -89.206814, 13.637239 ], [ -89.206683, 13.637233 ], [ -89.206594, 13.63723 ], [ -89.206528, 13.637239 ], [ -89.206497, 13.63723 ], [ -89.206444, 13.637231 ], [ -89.206396, 13.637235 ], [ -89.206363, 13.637223 ], [ -89.206344, 13.637218 ], [ -89.206318, 13.637219 ], [ -89.20626, 13.637228 ], [ -89.206225, 13.637232 ], [ -89.20617, 13.637237 ], [ -89.206113, 13.637245 ], [ -89.206064, 13.637259 ], [ -89.205981, 13.637272 ], [ -89.20587, 13.637254 ], [ -89.205801, 13.637247 ], [ -89.205729, 13.637246 ], [ -89.205613, 13.637254 ], [ -89.205545, 13.63728 ], [ -89.205462, 13.637311 ], [ -89.20546, 13.637313 ], [ -89.205461, 13.637317 ], [ -89.205451, 13.637338 ], [ -89.205434, 13.637373 ], [ -89.205429, 13.637383 ], [ -89.205419, 13.637404 ], [ -89.2054, 13.637443 ], [ -89.205394, 13.637455 ], [ -89.205378, 13.637505 ], [ -89.205346, 13.637603 ], [ -89.205334, 13.637639 ], [ -89.205301, 13.637662 ], [ -89.205228, 13.637712 ], [ -89.205199, 13.637732 ], [ -89.205199, 13.637746 ], [ -89.205198, 13.637779 ], [ -89.205198, 13.637794 ], [ -89.205195, 13.637818 ], [ -89.205188, 13.637884 ], [ -89.205185, 13.637916 ], [ -89.205177, 13.637928 ], [ -89.205153, 13.637965 ], [ -89.205141, 13.637984 ], [ -89.205124, 13.637997 ], [ -89.205065, 13.638043 ], [ -89.205032, 13.638068 ], [ -89.205012, 13.638073 ], [ -89.204929, 13.638091 ], [ -89.20488, 13.638103 ], [ -89.204879, 13.638104 ], [ -89.204874, 13.63811 ], [ -89.204871, 13.638115 ], [ -89.204869, 13.638117 ], [ -89.204855, 13.638135 ], [ -89.204845, 13.638146 ], [ -89.204832, 13.638153 ], [ -89.204827, 13.638149 ], [ -89.204805, 13.638208 ], [ -89.204787, 13.638357 ], [ -89.204745, 13.638421 ], [ -89.204675, 13.638489 ], [ -89.204576, 13.638578 ], [ -89.204444, 13.638695 ], [ -89.204402, 13.638733 ], [ -89.20429, 13.638815 ], [ -89.204197, 13.638868 ], [ -89.204035, 13.638921 ], [ -89.203991, 13.638956 ], [ -89.203924, 13.639201 ], [ -89.203884, 13.639334 ], [ -89.203878, 13.639453 ], [ -89.203896, 13.639888 ], [ -89.203862, 13.639974 ], [ -89.203774, 13.64014 ], [ -89.203701, 13.640253 ], [ -89.203644, 13.640294 ], [ -89.203245, 13.640478 ], [ -89.203198, 13.6405 ], [ -89.203122, 13.640477 ], [ -89.203037, 13.640423 ], [ -89.203001, 13.640406 ], [ -89.202974, 13.640399 ], [ -89.202946, 13.640403 ], [ -89.202924, 13.640423 ], [ -89.202837, 13.640519 ], [ -89.202714, 13.640677 ], [ -89.202602, 13.640863 ], [ -89.202541, 13.640925 ], [ -89.202482, 13.640965 ], [ -89.202394, 13.641013 ], [ -89.202367, 13.641027 ], [ -89.202341, 13.641071 ], [ -89.202348, 13.641149 ], [ -89.202273, 13.641148 ], [ -89.202244, 13.641141 ], [ -89.202262, 13.641081 ], [ -89.202263, 13.641075 ], [ -89.20225, 13.641069 ], [ -89.202219, 13.641055 ], [ -89.202214, 13.641053 ], [ -89.202206, 13.641048 ], [ -89.202185, 13.641036 ], [ -89.202181, 13.641034 ], [ -89.202168, 13.641033 ], [ -89.202135, 13.641029 ], [ -89.202127, 13.641028 ], [ -89.202118, 13.641031 ], [ -89.202092, 13.64104 ], [ -89.202085, 13.641043 ], [ -89.202075, 13.641048 ], [ -89.202043, 13.641065 ], [ -89.202034, 13.64107 ], [ -89.202023, 13.641078 ], [ -89.201981, 13.641112 ], [ -89.201967, 13.641124 ], [ -89.201961, 13.641126 ], [ -89.201932, 13.641138 ], [ -89.201922, 13.641142 ], [ -89.201915, 13.641145 ], [ -89.201879, 13.64116 ], [ -89.201864, 13.641167 ], [ -89.201859, 13.641167 ], [ -89.201826, 13.641172 ], [ -89.201811, 13.641174 ], [ -89.201796, 13.641172 ], [ -89.201646, 13.641154 ], [ -89.201576, 13.641146 ], [ -89.201575, 13.641145 ], [ -89.201564, 13.641145 ], [ -89.201559, 13.641144 ], [ -89.201558, 13.641144 ], [ -89.201543, 13.641154 ], [ -89.201535, 13.641158 ], [ -89.201519, 13.641163 ], [ -89.201511, 13.641165 ], [ -89.201511, 13.641166 ], [ -89.201492, 13.641162 ], [ -89.201482, 13.64116 ], [ -89.20148, 13.64116 ], [ -89.201444, 13.64115 ], [ -89.201424, 13.641144 ], [ -89.201419, 13.641143 ], [ -89.201351, 13.641189 ], [ -89.201313, 13.641215 ], [ -89.201301, 13.641223 ], [ -89.201167, 13.641118 ], [ -89.201089, 13.641057 ], [ -89.20106, 13.641035 ], [ -89.200949, 13.641069 ], [ -89.200883, 13.641091 ], [ -89.200853, 13.6411 ], [ -89.200852, 13.6411 ], [ -89.200851, 13.641101 ], [ -89.200825, 13.641109 ], [ -89.200777, 13.640964 ], [ -89.200785, 13.640906 ], [ -89.200858, 13.640855 ], [ -89.200846, 13.640836 ], [ -89.200826, 13.640805 ], [ -89.200809, 13.640779 ], [ -89.200802, 13.640769 ], [ -89.200797, 13.640761 ], [ -89.200792, 13.640754 ], [ -89.200608, 13.640593 ], [ -89.200461, 13.640465 ], [ -89.200315, 13.640338 ], [ -89.200188, 13.640228 ], [ -89.200081, 13.640135 ], [ -89.199966, 13.640035 ], [ -89.199959, 13.639867 ], [ -89.199953, 13.639719 ], [ -89.199946, 13.639548 ], [ -89.200006, 13.639222 ], [ -89.200063, 13.638916 ], [ -89.200133, 13.638535 ], [ -89.199971, 13.638035 ], [ -89.199809, 13.637536 ], [ -89.199593, 13.636874 ], [ -89.199591, 13.636867 ], [ -89.199589, 13.636861 ], [ -89.1994, 13.636935 ], [ -89.199308, 13.636969 ], [ -89.199301, 13.636951 ], [ -89.199222, 13.636759 ], [ -89.199125, 13.63652 ], [ -89.198969, 13.636141 ], [ -89.198888, 13.636055 ], [ -89.198778, 13.63594 ], [ -89.198594, 13.635746 ], [ -89.198508, 13.635705 ], [ -89.198381, 13.635645 ], [ -89.198155, 13.635538 ], [ -89.198108, 13.63553 ], [ -89.19803, 13.635516 ], [ -89.197886, 13.635491 ], [ -89.197894, 13.635467 ], [ -89.197805, 13.63538 ], [ -89.197684, 13.635138 ], [ -89.197546, 13.634857 ], [ -89.197475, 13.634701 ], [ -89.197378, 13.634494 ], [ -89.197132, 13.634139 ], [ -89.197029, 13.633984 ], [ -89.196953, 13.633793 ], [ -89.196852, 13.633656 ], [ -89.196835, 13.633588 ], [ -89.196826, 13.633391 ], [ -89.196882, 13.633254 ], [ -89.1969, 13.633162 ], [ -89.196866, 13.633005 ], [ -89.196723, 13.632861 ], [ -89.196676, 13.63277 ], [ -89.196664, 13.632706 ], [ -89.196645, 13.6327 ], [ -89.196593, 13.632684 ] ] ] } },
{ "type": "Feature", "properties": { "fid": 302, "CANTON": "SHALTIPA", "DISTRITO": "SANTIAGO TEXACUANGOS" }, "geometry": { "type": "Polygon", "coordinates": [ [ [ -89.103119, 13.633889 ], [ -89.103263, 13.633978 ], [ -89.1035, 13.634106 ], [ -89.103629, 13.6342 ], [ -89.103875, 13.634328 ], [ -89.104049, 13.634389 ], [ -89.104206, 13.63438 ], [ -89.10435, 13.634338 ], [ -89.104485, 13.634281 ], [ -89.104637, 13.634234 ], [ -89.105317, 13.633992 ], [ -89.105992, 13.633786 ], [ -89.106056, 13.633774 ], [ -89.106108, 13.633798 ], [ -89.106275, 13.633886 ], [ -89.106362, 13.633978 ], [ -89.106433, 13.634077 ], [ -89.10643, 13.634137 ], [ -89.106415, 13.634277 ], [ -89.106397, 13.634497 ], [ -89.106398, 13.634576 ], [ -89.106376, 13.634878 ], [ -89.106372, 13.635004 ], [ -89.106353, 13.635066 ], [ -89.106373, 13.635179 ], [ -89.106386, 13.635248 ], [ -89.106458, 13.63533 ], [ -89.106509, 13.635376 ], [ -89.106545, 13.635409 ], [ -89.10666, 13.63545 ], [ -89.106709, 13.635461 ], [ -89.106768, 13.635461 ], [ -89.106817, 13.635444 ], [ -89.106876, 13.635414 ], [ -89.106897, 13.635409 ], [ -89.107059, 13.635355 ], [ -89.107231, 13.635292 ], [ -89.107348, 13.635253 ], [ -89.107515, 13.635205 ], [ -89.107627, 13.635186 ], [ -89.107605, 13.635266 ], [ -89.107565, 13.635378 ], [ -89.107461, 13.635535 ], [ -89.107417, 13.635574 ], [ -89.107338, 13.63561 ], [ -89.107099, 13.635705 ], [ -89.107018, 13.635744 ], [ -89.106862, 13.635845 ], [ -89.1067, 13.63595 ], [ -89.106632, 13.635996 ], [ -89.106568, 13.636038 ], [ -89.10642, 13.636117 ], [ -89.105952, 13.636207 ], [ -89.105747, 13.636284 ], [ -89.105545, 13.636255 ], [ -89.105416, 13.636195 ], [ -89.105132, 13.63602 ], [ -89.104993, 13.635948 ], [ -89.104913, 13.635915 ], [ -89.104816, 13.635869 ], [ -89.104648, 13.635795 ], [ -89.10452, 13.63576 ], [ -89.104467, 13.635758 ], [ -89.104384, 13.635758 ], [ -89.104294, 13.635804 ], [ -89.104179, 13.63592 ], [ -89.103993, 13.636148 ], [ -89.103926, 13.636316 ], [ -89.103905, 13.636547 ], [ -89.103899, 13.636741 ], [ -89.103877, 13.636836 ], [ -89.103824, 13.637037 ], [ -89.103589, 13.637443 ], [ -89.103552, 13.637479 ], [ -89.103524, 13.637524 ], [ -89.103498, 13.637584 ], [ -89.103453, 13.637659 ], [ -89.103366, 13.637756 ], [ -89.103296, 13.63783 ], [ -89.10327, 13.637856 ], [ -89.103245, 13.637876 ], [ -89.103198, 13.637916 ], [ -89.103104, 13.637961 ], [ -89.102961, 13.638027 ], [ -89.102815, 13.638049 ], [ -89.102685, 13.638084 ], [ -89.102632, 13.638092 ], [ -89.102565, 13.638072 ], [ -89.102454, 13.638013 ], [ -89.10234, 13.637951 ], [ -89.102213, 13.63791 ], [ -89.102182, 13.637905 ], [ -89.102117, 13.637909 ], [ -89.102135, 13.637963 ], [ -89.102219, 13.63808 ], [ -89.102257, 13.638173 ], [ -89.102254, 13.63828 ], [ -89.102214, 13.638462 ], [ -89.101987, 13.638867 ], [ -89.10191, 13.63903 ], [ -89.101861, 13.639195 ], [ -89.101792, 13.639387 ], [ -89.101799, 13.639475 ], [ -89.101799, 13.639557 ], [ -89.101768, 13.639674 ], [ -89.101685, 13.639833 ], [ -89.101563, 13.640066 ], [ -89.10155, 13.640107 ], [ -89.101543, 13.640196 ], [ -89.101523, 13.640306 ], [ -89.101498, 13.640402 ], [ -89.101437, 13.640638 ], [ -89.101408, 13.640775 ], [ -89.101384, 13.640992 ], [ -89.101395, 13.641168 ], [ -89.101416, 13.641316 ], [ -89.10143, 13.641397 ], [ -89.101458, 13.641598 ], [ -89.101481, 13.641823 ], [ -89.101505, 13.64192 ], [ -89.101685, 13.642399 ], [ -89.10172, 13.642519 ], [ -89.101734, 13.642648 ], [ -89.101705, 13.642702 ], [ -89.101741, 13.642727 ], [ -89.103076, 13.643783 ], [ -89.103114, 13.644138 ], [ -89.103226, 13.644513 ], [ -89.103431, 13.644967 ], [ -89.103409, 13.645316 ], [ -89.103429, 13.645581 ], [ -89.103541, 13.645795 ], [ -89.103699, 13.646008 ], [ -89.103745, 13.646299 ], [ -89.103738, 13.646855 ], [ -89.10361, 13.647136 ], [ -89.103579, 13.647204 ], [ -89.103368, 13.647598 ], [ -89.103243, 13.647798 ], [ -89.103198, 13.647908 ], [ -89.103047, 13.648674 ], [ -89.102954, 13.649094 ], [ -89.102947, 13.649372 ], [ -89.102987, 13.64963 ], [ -89.102907, 13.650005 ], [ -89.102698, 13.650285 ], [ -89.102467, 13.65055 ], [ -89.102414, 13.650718 ], [ -89.102367, 13.650886 ], [ -89.102117, 13.651138 ], [ -89.101813, 13.651461 ], [ -89.101773, 13.651681 ], [ -89.101687, 13.65192 ], [ -89.101471, 13.652192 ], [ -89.100831, 13.652799 ], [ -89.10056, 13.653064 ], [ -89.100316, 13.653239 ], [ -89.09998, 13.653336 ], [ -89.099835, 13.653426 ], [ -89.099702, 13.653724 ], [ -89.09963, 13.654041 ], [ -89.099511, 13.654319 ], [ -89.099214, 13.654564 ], [ -89.098666, 13.654809 ], [ -89.098377, 13.654953 ], [ -89.098138, 13.654988 ], [ -89.09793, 13.655172 ], [ -89.097817, 13.655398 ], [ -89.097725, 13.65565 ], [ -89.097579, 13.655953 ], [ -89.097197, 13.656432 ], [ -89.096985, 13.656807 ], [ -89.096926, 13.656917 ], [ -89.096708, 13.656975 ], [ -89.096424, 13.657117 ], [ -89.09616, 13.657408 ], [ -89.095975, 13.657854 ], [ -89.095903, 13.65803 ], [ -89.09589, 13.658205 ], [ -89.095827, 13.658228 ], [ -89.095796, 13.658324 ], [ -89.095733, 13.658519 ], [ -89.095619, 13.658561 ], [ -89.095453, 13.658519 ], [ -89.095413, 13.65851 ], [ -89.095105, 13.658387 ], [ -89.09503, 13.658405 ], [ -89.094894, 13.658437 ], [ -89.094833, 13.658417 ], [ -89.094677, 13.658564 ], [ -89.094638, 13.658512 ], [ -89.094454, 13.658693 ], [ -89.0943, 13.658846 ], [ -89.093834, 13.659314 ], [ -89.09379, 13.659378 ], [ -89.09378, 13.659402 ], [ -89.093751, 13.659478 ], [ -89.093661, 13.659606 ], [ -89.093281, 13.65985 ], [ -89.093095, 13.659881 ], [ -89.092978, 13.659932 ], [ -89.092771, 13.660034 ], [ -89.092696, 13.660071 ], [ -89.092687, 13.660075 ], [ -89.092471, 13.6597 ], [ -89.092463, 13.659658 ], [ -89.092399, 13.659561 ], [ -89.092388, 13.659504 ], [ -89.092321, 13.659447 ], [ -89.092245, 13.659415 ], [ -89.092231, 13.659362 ], [ -89.092253, 13.659318 ], [ -89.092238, 13.659192 ], [ -89.092223, 13.65914 ], [ -89.092082, 13.659008 ], [ -89.091942, 13.658907 ], [ -89.091895, 13.658864 ], [ -89.091781, 13.658802 ], [ -89.091683, 13.658748 ], [ -89.091634, 13.658715 ], [ -89.09154, 13.65869 ], [ -89.091368, 13.658695 ], [ -89.091301, 13.658704 ], [ -89.091119, 13.658806 ], [ -89.090874, 13.658967 ], [ -89.090658, 13.6591 ], [ -89.090353, 13.659218 ], [ -89.089994, 13.659485 ], [ -89.089959, 13.659507 ], [ -89.089911, 13.659552 ], [ -89.089682, 13.6598 ], [ -89.089658, 13.659849 ], [ -89.089581, 13.660189 ], [ -89.089472, 13.660405 ], [ -89.089353, 13.660512 ], [ -89.089241, 13.660544 ], [ -89.089112, 13.660574 ], [ -89.089041, 13.660612 ], [ -89.088901, 13.660761 ], [ -89.088811, 13.660804 ], [ -89.088727, 13.660801 ], [ -89.088456, 13.66068 ], [ -89.088399, 13.660666 ], [ -89.088349, 13.66067 ], [ -89.088311, 13.660691 ], [ -89.088104, 13.660881 ], [ -89.087914, 13.661054 ], [ -89.087334, 13.661278 ], [ -89.087141, 13.661497 ], [ -89.086576, 13.661904 ], [ -89.086319, 13.662011 ], [ -89.086193, 13.662024 ], [ -89.086119, 13.662057 ], [ -89.08606, 13.662089 ], [ -89.085981, 13.662198 ], [ -89.085901, 13.662244 ], [ -89.085816, 13.662289 ], [ -89.085722, 13.662355 ], [ -89.085663, 13.662387 ], [ -89.085596, 13.66248 ], [ -89.085358, 13.662612 ], [ -89.085305, 13.662623 ], [ -89.085199, 13.662584 ], [ -89.084979, 13.66234 ], [ -89.084812, 13.662198 ], [ -89.08477, 13.662198 ], [ -89.084771, 13.662154 ], [ -89.084973, 13.661858 ], [ -89.085022, 13.661747 ], [ -89.084968, 13.661744 ], [ -89.084832, 13.661784 ], [ -89.084642, 13.66184 ], [ -89.084461, 13.661862 ], [ -89.084321, 13.661844 ], [ -89.084304, 13.661842 ], [ -89.084212, 13.661794 ], [ -89.084178, 13.661776 ], [ -89.083945, 13.661578 ], [ -89.083874, 13.661508 ], [ -89.083773, 13.661424 ], [ -89.083736, 13.661373 ], [ -89.083614, 13.661185 ], [ -89.083612, 13.661059 ], [ -89.083745, 13.660812 ], [ -89.083713, 13.660666 ], [ -89.083663, 13.660501 ], [ -89.083659, 13.660421 ], [ -89.083593, 13.660298 ], [ -89.083378, 13.660081 ], [ -89.083337, 13.659951 ], [ -89.08345, 13.659192 ], [ -89.082954, 13.658848 ], [ -89.082672, 13.658888 ], [ -89.082285, 13.658784 ], [ -89.081845, 13.658755 ], [ -89.081504, 13.658773 ], [ -89.0812, 13.65862 ], [ -89.080968, 13.658503 ], [ -89.080966, 13.658501 ], [ -89.080808, 13.658353 ], [ -89.080733, 13.658341 ], [ -89.080304, 13.658273 ], [ -89.080224, 13.658002 ], [ -89.080197, 13.657911 ], [ -89.080136, 13.657835 ], [ -89.080053, 13.657787 ], [ -89.079963, 13.657777 ], [ -89.079878, 13.657789 ], [ -89.079696, 13.65783 ], [ -89.079493, 13.657754 ], [ -89.079141, 13.657685 ], [ -89.078911, 13.657628 ], [ -89.078852, 13.6576 ], [ -89.078793, 13.657521 ], [ -89.078534, 13.657191 ], [ -89.078289, 13.657153 ], [ -89.078047, 13.657185 ], [ -89.041919, 13.6666 ], [ -89.081834, 13.638488 ], [ -89.085383, 13.635988 ], [ -89.085408, 13.636026 ], [ -89.08556, 13.635912 ], [ -89.086753, 13.635018 ], [ -89.086837, 13.634929 ], [ -89.086991, 13.634608 ], [ -89.087227, 13.63409 ], [ -89.087498, 13.63371 ], [ -89.087664, 13.633469 ], [ -89.087702, 13.633358 ], [ -89.087726, 13.633017 ], [ -89.087791, 13.632997 ], [ -89.087853, 13.632549 ], [ -89.087846, 13.632524 ], [ -89.087945, 13.63216 ], [ -89.088035, 13.631959 ], [ -89.088127, 13.631752 ], [ -89.088357, 13.631546 ], [ -89.088496, 13.631452 ], [ -89.088644, 13.63135 ], [ -89.08882, 13.631254 ], [ -89.088897, 13.631249 ], [ -89.089356, 13.631254 ], [ -89.08978, 13.631235 ], [ -89.089925, 13.630967 ], [ -89.090152, 13.630584 ], [ -89.090064, 13.630282 ], [ -89.09006, 13.630267 ], [ -89.090078, 13.630128 ], [ -89.090098, 13.629957 ], [ -89.090343, 13.629615 ], [ -89.090515, 13.629431 ], [ -89.090687, 13.629246 ], [ -89.090946, 13.629045 ], [ -89.091196, 13.628852 ], [ -89.09123, 13.628822 ], [ -89.091443, 13.628447 ], [ -89.091867, 13.628129 ], [ -89.092216, 13.627816 ], [ -89.092396, 13.627824 ], [ -89.092388, 13.627801 ], [ -89.092381, 13.627778 ], [ -89.09238, 13.627775 ], [ -89.092368, 13.627737 ], [ -89.092353, 13.627695 ], [ -89.092264, 13.627674 ], [ -89.092133, 13.627644 ], [ -89.092137, 13.627642 ], [ -89.092176, 13.627623 ], [ -89.092187, 13.627618 ], [ -89.092267, 13.627581 ], [ -89.092294, 13.627549 ], [ -89.092378, 13.627452 ], [ -89.092409, 13.627392 ], [ -89.092571, 13.62708 ], [ -89.092607, 13.627032 ], [ -89.092741, 13.626857 ], [ -89.093029, 13.626478 ], [ -89.09303, 13.626477 ], [ -89.093458, 13.625966 ], [ -89.093497, 13.625919 ], [ -89.093715, 13.625699 ], [ -89.093759, 13.625655 ], [ -89.093807, 13.625641 ], [ -89.093831, 13.625634 ], [ -89.093944, 13.625726 ], [ -89.094305, 13.62598 ], [ -89.094376, 13.626029 ], [ -89.094458, 13.62608 ], [ -89.094583, 13.626159 ], [ -89.094669, 13.626196 ], [ -89.094853, 13.626295 ], [ -89.094944, 13.626356 ], [ -89.09507, 13.626439 ], [ -89.095254, 13.626549 ], [ -89.09535, 13.626601 ], [ -89.095856, 13.626895 ], [ -89.096338, 13.627187 ], [ -89.096584, 13.627317 ], [ -89.096641, 13.627363 ], [ -89.096699, 13.62741 ], [ -89.096717, 13.627485 ], [ -89.096728, 13.627579 ], [ -89.09672, 13.627676 ], [ -89.096687, 13.627813 ], [ -89.096588, 13.62809 ], [ -89.096543, 13.628343 ], [ -89.096558, 13.628475 ], [ -89.096625, 13.628606 ], [ -89.096685, 13.628663 ], [ -89.096777, 13.628743 ], [ -89.096843, 13.628762 ], [ -89.097163, 13.628845 ], [ -89.097538, 13.628967 ], [ -89.097792, 13.629048 ], [ -89.097863, 13.629073 ], [ -89.097899, 13.629086 ], [ -89.098052, 13.62913 ], [ -89.098125, 13.629168 ], [ -89.098139, 13.62918 ], [ -89.098211, 13.629243 ], [ -89.098298, 13.629336 ], [ -89.098355, 13.629451 ], [ -89.098394, 13.629544 ], [ -89.098441, 13.629687 ], [ -89.098474, 13.62995 ], [ -89.098489, 13.630156 ], [ -89.098514, 13.630404 ], [ -89.098542, 13.630482 ], [ -89.098576, 13.630655 ], [ -89.098624, 13.630816 ], [ -89.098741, 13.631005 ], [ -89.098829, 13.631107 ], [ -89.098901, 13.631186 ], [ -89.099001, 13.631224 ], [ -89.099129, 13.631305 ], [ -89.09923, 13.631368 ], [ -89.0993, 13.631412 ], [ -89.099386, 13.631492 ], [ -89.099607, 13.631631 ], [ -89.099711, 13.631692 ], [ -89.099855, 13.631785 ], [ -89.099913, 13.631801 ], [ -89.100059, 13.631898 ], [ -89.100165, 13.631956 ], [ -89.100525, 13.632211 ], [ -89.100805, 13.632376 ], [ -89.10093, 13.63247 ], [ -89.10103, 13.632555 ], [ -89.101199, 13.632638 ], [ -89.101383, 13.632754 ], [ -89.101555, 13.632862 ], [ -89.101994, 13.633131 ], [ -89.102177, 13.633238 ], [ -89.102301, 13.633341 ], [ -89.102638, 13.633563 ], [ -89.103119, 13.633889 ] ] ] } },
{ "type": "Feature", "properties": { "fid": 303, "CANTON": "JOYA GRANDE", "DISTRITO": "SANTIAGO TEXACUANGOS" }, "geometry": { "type": "Polygon", "coordinates": [ [ [ -89.103745, 13.646299 ], [ -89.103699, 13.646008 ], [ -89.103541, 13.645795 ], [ -89.103429, 13.645581 ], [ -89.103409, 13.645316 ], [ -89.103431, 13.644967 ], [ -89.103226, 13.644513 ], [ -89.103114, 13.644138 ], [ -89.103076, 13.643783 ], [ -89.101741, 13.642727 ], [ -89.101705, 13.642702 ], [ -89.101734, 13.642648 ], [ -89.10172, 13.642519 ], [ -89.101685, 13.642399 ], [ -89.101505, 13.64192 ], [ -89.101481, 13.641823 ], [ -89.101458, 13.641598 ], [ -89.10143, 13.641397 ], [ -89.101416, 13.641316 ], [ -89.101395, 13.641168 ], [ -89.101384, 13.640992 ], [ -89.101408, 13.640775 ], [ -89.101437, 13.640638 ], [ -89.101498, 13.640402 ], [ -89.101523, 13.640306 ], [ -89.101543, 13.640196 ], [ -89.10155, 13.640107 ], [ -89.101563, 13.640066 ], [ -89.101685, 13.639833 ], [ -89.101768, 13.639674 ], [ -89.101799, 13.639557 ], [ -89.101799, 13.639475 ], [ -89.101792, 13.639387 ], [ -89.101861, 13.639195 ], [ -89.10191, 13.63903 ], [ -89.101987, 13.638867 ], [ -89.102214, 13.638462 ], [ -89.102254, 13.63828 ], [ -89.102257, 13.638173 ], [ -89.102219, 13.63808 ], [ -89.102135, 13.637963 ], [ -89.102117, 13.637909 ], [ -89.102182, 13.637905 ], [ -89.102213, 13.63791 ], [ -89.10234, 13.637951 ], [ -89.102454, 13.638013 ], [ -89.102565, 13.638072 ], [ -89.102632, 13.638092 ], [ -89.102685, 13.638084 ], [ -89.102815, 13.638049 ], [ -89.102961, 13.638027 ], [ -89.103104, 13.637961 ], [ -89.103198, 13.637916 ], [ -89.103245, 13.637876 ], [ -89.10327, 13.637856 ], [ -89.103296, 13.63783 ], [ -89.103366, 13.637756 ], [ -89.103453, 13.637659 ], [ -89.103498, 13.637584 ], [ -89.103524, 13.637524 ], [ -89.103552, 13.637479 ], [ -89.103589, 13.637443 ], [ -89.103824, 13.637037 ], [ -89.103877, 13.636836 ], [ -89.103899, 13.636741 ], [ -89.103905, 13.636547 ], [ -89.103926, 13.636316 ], [ -89.103993, 13.636148 ], [ -89.104179, 13.63592 ], [ -89.104294, 13.635804 ], [ -89.104384, 13.635758 ], [ -89.104467, 13.635758 ], [ -89.10452, 13.63576 ], [ -89.104648, 13.635795 ], [ -89.104816, 13.635869 ], [ -89.104913, 13.635915 ], [ -89.104993, 13.635948 ], [ -89.105132, 13.63602 ], [ -89.105416, 13.636195 ], [ -89.105545, 13.636255 ], [ -89.105747, 13.636284 ], [ -89.105952, 13.636207 ], [ -89.10642, 13.636117 ], [ -89.106568, 13.636038 ], [ -89.106632, 13.635996 ], [ -89.1067, 13.63595 ], [ -89.106862, 13.635845 ], [ -89.107018, 13.635744 ], [ -89.107099, 13.635705 ], [ -89.107338, 13.63561 ], [ -89.107417, 13.635574 ], [ -89.107461, 13.635535 ], [ -89.107565, 13.635378 ], [ -89.107605, 13.635266 ], [ -89.107627, 13.635186 ], [ -89.107728, 13.635121 ], [ -89.107978, 13.635075 ], [ -89.108089, 13.635069 ], [ -89.108262, 13.635096 ], [ -89.108449, 13.635175 ], [ -89.108592, 13.635267 ], [ -89.108717, 13.635379 ], [ -89.108903, 13.635518 ], [ -89.109105, 13.635706 ], [ -89.10934, 13.635874 ], [ -89.109503, 13.635926 ], [ -89.109736, 13.635921 ], [ -89.109845, 13.635864 ], [ -89.109946, 13.635789 ], [ -89.110114, 13.635732 ], [ -89.110191, 13.635688 ], [ -89.110306, 13.635598 ], [ -89.110467, 13.635466 ], [ -89.110597, 13.635363 ], [ -89.110808, 13.635114 ], [ -89.110942, 13.634939 ], [ -89.110968, 13.634911 ], [ -89.111025, 13.634849 ], [ -89.111101, 13.634738 ], [ -89.111217, 13.634619 ], [ -89.111332, 13.634498 ], [ -89.111573, 13.634419 ], [ -89.111694, 13.634404 ], [ -89.111853, 13.634473 ], [ -89.111893, 13.634508 ], [ -89.11233, 13.634863 ], [ -89.112562, 13.635153 ], [ -89.112701, 13.635325 ], [ -89.112822, 13.635496 ], [ -89.112971, 13.635712 ], [ -89.113246, 13.636113 ], [ -89.113381, 13.636305 ], [ -89.113497, 13.636459 ], [ -89.1136, 13.636595 ], [ -89.113667, 13.636651 ], [ -89.11374, 13.636713 ], [ -89.11386, 13.636798 ], [ -89.113989, 13.636877 ], [ -89.114085, 13.636916 ], [ -89.114329, 13.636936 ], [ -89.114323, 13.637042 ], [ -89.114316, 13.637156 ], [ -89.114318, 13.637238 ], [ -89.114319, 13.637278 ], [ -89.114319, 13.637306 ], [ -89.114345, 13.637401 ], [ -89.114371, 13.637495 ], [ -89.11439, 13.637607 ], [ -89.114397, 13.637737 ], [ -89.114409, 13.637807 ], [ -89.114462, 13.63789 ], [ -89.114521, 13.63797 ], [ -89.114633, 13.638078 ], [ -89.114695, 13.638115 ], [ -89.114836, 13.638198 ], [ -89.114969, 13.638283 ], [ -89.115074, 13.63833 ], [ -89.115139, 13.638379 ], [ -89.115136, 13.638433 ], [ -89.115165, 13.638516 ], [ -89.115181, 13.638604 ], [ -89.115181, 13.638664 ], [ -89.115183, 13.638774 ], [ -89.115178, 13.638868 ], [ -89.115182, 13.638988 ], [ -89.115193, 13.639036 ], [ -89.115204, 13.639083 ], [ -89.115193, 13.63919 ], [ -89.115193, 13.639284 ], [ -89.115198, 13.6394 ], [ -89.115207, 13.639574 ], [ -89.115204, 13.639649 ], [ -89.115204, 13.639717 ], [ -89.115206, 13.639823 ], [ -89.115199, 13.639906 ], [ -89.115215, 13.640022 ], [ -89.115212, 13.640122 ], [ -89.115202, 13.640153 ], [ -89.115193, 13.640183 ], [ -89.115217, 13.640408 ], [ -89.115255, 13.640652 ], [ -89.11527, 13.64086 ], [ -89.115317, 13.64093 ], [ -89.115227, 13.640943 ], [ -89.115142, 13.641019 ], [ -89.115069, 13.641079 ], [ -89.114997, 13.641141 ], [ -89.114929, 13.641192 ], [ -89.114884, 13.641225 ], [ -89.114809, 13.641258 ], [ -89.114771, 13.641284 ], [ -89.114682, 13.641306 ], [ -89.114579, 13.641336 ], [ -89.114493, 13.641372 ], [ -89.114404, 13.64139 ], [ -89.114383, 13.641386 ], [ -89.114272, 13.64139 ], [ -89.114217, 13.641387 ], [ -89.114159, 13.641377 ], [ -89.114096, 13.641367 ], [ -89.114051, 13.641355 ], [ -89.113948, 13.641344 ], [ -89.113807, 13.641352 ], [ -89.113711, 13.641375 ], [ -89.113639, 13.641396 ], [ -89.113576, 13.641428 ], [ -89.113505, 13.641462 ], [ -89.113418, 13.641513 ], [ -89.113259, 13.641614 ], [ -89.113189, 13.641671 ], [ -89.113046, 13.641752 ], [ -89.112996, 13.641799 ], [ -89.112996, 13.641936 ], [ -89.112988, 13.641972 ], [ -89.11298, 13.641996 ], [ -89.112931, 13.642036 ], [ -89.112879, 13.642092 ], [ -89.112845, 13.642142 ], [ -89.112826, 13.642184 ], [ -89.112739, 13.642318 ], [ -89.11267, 13.642396 ], [ -89.11262, 13.64244 ], [ -89.112569, 13.642492 ], [ -89.112391, 13.64268 ], [ -89.112327, 13.642737 ], [ -89.112229, 13.642806 ], [ -89.111991, 13.642998 ], [ -89.111978, 13.643027 ], [ -89.111986, 13.643217 ], [ -89.111984, 13.643329 ], [ -89.11197, 13.64352 ], [ -89.11196, 13.643571 ], [ -89.111931, 13.643615 ], [ -89.111871, 13.643575 ], [ -89.111827, 13.643534 ], [ -89.1118, 13.643517 ], [ -89.111765, 13.643465 ], [ -89.111683, 13.643452 ], [ -89.111652, 13.643446 ], [ -89.111486, 13.64344 ], [ -89.111419, 13.643434 ], [ -89.111301, 13.643425 ], [ -89.111177, 13.643404 ], [ -89.111114, 13.64339 ], [ -89.111025, 13.643355 ], [ -89.110976, 13.643342 ], [ -89.110952, 13.643327 ], [ -89.110916, 13.643306 ], [ -89.110855, 13.643269 ], [ -89.110732, 13.643214 ], [ -89.110676, 13.643194 ], [ -89.110631, 13.643194 ], [ -89.110533, 13.643217 ], [ -89.110407, 13.643256 ], [ -89.110294, 13.643315 ], [ -89.110194, 13.643376 ], [ -89.109953, 13.643524 ], [ -89.109825, 13.643596 ], [ -89.109749, 13.643622 ], [ -89.109566, 13.643678 ], [ -89.10947, 13.643687 ], [ -89.109363, 13.6437 ], [ -89.109245, 13.643708 ], [ -89.109186, 13.643703 ], [ -89.109048, 13.643689 ], [ -89.108951, 13.643681 ], [ -89.108685, 13.643674 ], [ -89.10833, 13.643584 ], [ -89.108216, 13.643555 ], [ -89.108057, 13.643503 ], [ -89.107885, 13.643441 ], [ -89.107783, 13.643406 ], [ -89.10775, 13.643401 ], [ -89.107604, 13.643454 ], [ -89.107549, 13.643504 ], [ -89.107448, 13.643606 ], [ -89.107422, 13.643635 ], [ -89.107409, 13.643675 ], [ -89.107386, 13.643799 ], [ -89.107359, 13.643888 ], [ -89.10732, 13.643983 ], [ -89.107279, 13.644044 ], [ -89.10728, 13.644142 ], [ -89.107306, 13.644244 ], [ -89.107332, 13.644396 ], [ -89.107356, 13.644489 ], [ -89.107371, 13.644541 ], [ -89.107353, 13.644653 ], [ -89.107331, 13.644708 ], [ -89.107354, 13.644715 ], [ -89.107384, 13.644713 ], [ -89.10742, 13.644732 ], [ -89.107594, 13.644862 ], [ -89.108054, 13.645318 ], [ -89.108119, 13.645385 ], [ -89.108151, 13.645429 ], [ -89.108205, 13.645524 ], [ -89.10827, 13.645626 ], [ -89.108256, 13.645637 ], [ -89.107989, 13.64587 ], [ -89.107881, 13.646126 ], [ -89.107878, 13.646119 ], [ -89.107634, 13.645896 ], [ -89.107598, 13.645844 ], [ -89.107576, 13.645906 ], [ -89.107507, 13.645798 ], [ -89.107082, 13.646624 ], [ -89.106653, 13.647166 ], [ -89.106316, 13.647618 ], [ -89.106138, 13.64787 ], [ -89.106026, 13.648206 ], [ -89.105999, 13.648432 ], [ -89.106078, 13.648626 ], [ -89.105913, 13.648971 ], [ -89.105688, 13.649404 ], [ -89.105556, 13.64974 ], [ -89.105252, 13.650773 ], [ -89.105199, 13.651064 ], [ -89.105315, 13.651542 ], [ -89.105364, 13.651711 ], [ -89.105707, 13.652306 ], [ -89.106089, 13.652921 ], [ -89.106221, 13.653108 ], [ -89.106267, 13.653412 ], [ -89.106352, 13.653677 ], [ -89.10647, 13.653838 ], [ -89.106592, 13.654223 ], [ -89.106717, 13.654527 ], [ -89.106789, 13.654734 ], [ -89.106789, 13.654992 ], [ -89.106861, 13.655209 ], [ -89.106934, 13.655422 ], [ -89.107026, 13.655532 ], [ -89.107138, 13.655558 ], [ -89.107309, 13.655577 ], [ -89.107408, 13.655674 ], [ -89.107408, 13.655875 ], [ -89.107533, 13.656133 ], [ -89.107742, 13.656441 ], [ -89.107973, 13.656829 ], [ -89.108322, 13.657193 ], [ -89.108646, 13.657635 ], [ -89.108798, 13.657889 ], [ -89.108936, 13.658161 ], [ -89.10902, 13.658482 ], [ -89.109119, 13.658921 ], [ -89.109118, 13.659212 ], [ -89.108993, 13.65957 ], [ -89.108788, 13.659815 ], [ -89.108485, 13.659931 ], [ -89.108346, 13.660074 ], [ -89.108168, 13.660386 ], [ -89.107963, 13.660554 ], [ -89.107699, 13.660767 ], [ -89.107618, 13.660898 ], [ -89.107521, 13.661064 ], [ -89.107488, 13.66131 ], [ -89.107488, 13.661542 ], [ -89.107365, 13.661743 ], [ -89.107312, 13.661905 ], [ -89.107272, 13.662021 ], [ -89.107187, 13.662054 ], [ -89.107127, 13.662118 ], [ -89.107088, 13.662293 ], [ -89.107048, 13.662416 ], [ -89.106896, 13.66259 ], [ -89.106855, 13.662662 ], [ -89.106843, 13.662713 ], [ -89.10683, 13.663113 ], [ -89.106777, 13.663373 ], [ -89.106671, 13.663586 ], [ -89.106631, 13.663864 ], [ -89.106598, 13.664109 ], [ -89.106604, 13.664523 ], [ -89.10665, 13.664894 ], [ -89.106736, 13.665133 ], [ -89.106874, 13.665327 ], [ -89.107118, 13.665405 ], [ -89.107257, 13.665441 ], [ -89.107341, 13.665553 ], [ -89.107361, 13.665685 ], [ -89.107366, 13.666041 ], [ -89.107265, 13.666276 ], [ -89.106959, 13.666576 ], [ -89.106745, 13.666731 ], [ -89.106694, 13.666796 ], [ -89.106078, 13.666879 ], [ -89.105014, 13.667395 ], [ -89.103384, 13.667959 ], [ -89.103645, 13.668303 ], [ -89.103849, 13.668536 ], [ -89.103828, 13.66853 ], [ -89.103807, 13.668523 ], [ -89.103731, 13.668513 ], [ -89.10365, 13.668502 ], [ -89.103661, 13.668526 ], [ -89.103673, 13.668554 ], [ -89.103828, 13.668896 ], [ -89.104026, 13.669334 ], [ -89.103771, 13.669474 ], [ -89.103415, 13.669669 ], [ -89.103173, 13.669802 ], [ -89.102803, 13.670004 ], [ -89.102652, 13.670083 ], [ -89.102399, 13.670214 ], [ -89.102368, 13.670214 ], [ -89.102312, 13.670214 ], [ -89.102312, 13.670215 ], [ -89.10238, 13.670429 ], [ -89.102518, 13.670864 ], [ -89.102673, 13.671343 ], [ -89.103021, 13.672418 ], [ -89.103058, 13.672528 ], [ -89.103152, 13.672802 ], [ -89.10318, 13.672932 ], [ -89.103259, 13.673292 ], [ -89.103384, 13.673614 ], [ -89.103773, 13.674615 ], [ -89.103803, 13.674703 ], [ -89.103905, 13.675011 ], [ -89.103945, 13.675188 ], [ -89.104108, 13.675892 ], [ -89.104135, 13.67599 ], [ -89.104259, 13.676442 ], [ -89.104284, 13.67651 ], [ -89.104418, 13.676879 ], [ -89.104442, 13.676929 ], [ -89.104514, 13.677075 ], [ -89.1046, 13.67725 ], [ -89.104619, 13.677278 ], [ -89.104769, 13.677501 ], [ -89.104774, 13.677515 ], [ -89.10482, 13.677661 ], [ -89.104822, 13.677676 ], [ -89.104839, 13.677876 ], [ -89.104839, 13.677896 ], [ -89.104841, 13.678276 ], [ -89.104835, 13.678277 ], [ -89.104821, 13.678278 ], [ -89.104814, 13.678278 ], [ -89.104599, 13.678294 ], [ -89.104595, 13.678294 ], [ -89.103948, 13.67834 ], [ -89.103937, 13.678341 ], [ -89.103905, 13.678344 ], [ -89.103896, 13.678344 ], [ -89.103876, 13.678345 ], [ -89.103772, 13.677685 ], [ -89.103727, 13.677397 ], [ -89.103689, 13.677155 ], [ -89.103659, 13.67694 ], [ -89.103613, 13.676608 ], [ -89.103455, 13.675527 ], [ -89.103385, 13.675055 ], [ -89.103268, 13.674279 ], [ -89.103235, 13.674241 ], [ -89.103223, 13.674228 ], [ -89.103183, 13.674225 ], [ -89.103168, 13.674224 ], [ -89.102951, 13.674235 ], [ -89.102859, 13.67424 ], [ -89.102705, 13.674257 ], [ -89.102632, 13.674266 ], [ -89.102565, 13.674268 ], [ -89.10253, 13.674269 ], [ -89.102416, 13.674294 ], [ -89.10235, 13.674308 ], [ -89.102266, 13.674358 ], [ -89.102214, 13.674389 ], [ -89.102099, 13.674472 ], [ -89.102021, 13.674529 ], [ -89.101964, 13.674556 ], [ -89.101921, 13.674577 ], [ -89.101859, 13.674599 ], [ -89.101809, 13.674617 ], [ -89.101757, 13.674622 ], [ -89.101712, 13.674627 ], [ -89.101645, 13.674623 ], [ -89.101581, 13.674619 ], [ -89.101567, 13.674619 ], [ -89.101552, 13.674618 ], [ -89.101526, 13.674627 ], [ -89.101496, 13.674638 ], [ -89.101473, 13.674655 ], [ -89.101445, 13.674676 ], [ -89.101415, 13.67469 ], [ -89.101374, 13.67471 ], [ -89.101328, 13.674735 ], [ -89.101258, 13.674773 ], [ -89.101213, 13.674787 ], [ -89.10114, 13.67481 ], [ -89.101062, 13.674826 ], [ -89.100921, 13.674854 ], [ -89.100921, 13.674862 ], [ -89.100921, 13.674878 ], [ -89.100926, 13.675073 ], [ -89.100937, 13.675504 ], [ -89.100926, 13.675613 ], [ -89.100899, 13.675878 ], [ -89.100872, 13.675953 ], [ -89.100798, 13.676156 ], [ -89.10074, 13.676275 ], [ -89.100563, 13.676638 ], [ -89.100539, 13.676697 ], [ -89.100456, 13.676903 ], [ -89.100316, 13.676974 ], [ -89.099766, 13.677251 ], [ -89.099761, 13.677254 ], [ -89.099739, 13.677265 ], [ -89.099663, 13.677146 ], [ -89.099265, 13.676525 ], [ -89.09926, 13.676525 ], [ -89.099231, 13.676528 ], [ -89.099112, 13.67654 ], [ -89.098214, 13.676627 ], [ -89.098185, 13.676631 ], [ -89.09791, 13.676666 ], [ -89.097851, 13.676673 ], [ -89.097102, 13.676753 ], [ -89.097015, 13.676763 ], [ -89.095419, 13.676948 ], [ -89.093814, 13.676638 ], [ -89.041919, 13.6666 ], [ -89.078047, 13.657185 ], [ -89.078289, 13.657153 ], [ -89.078534, 13.657191 ], [ -89.078793, 13.657521 ], [ -89.078852, 13.6576 ], [ -89.078911, 13.657628 ], [ -89.079141, 13.657685 ], [ -89.079493, 13.657754 ], [ -89.079696, 13.65783 ], [ -89.079878, 13.657789 ], [ -89.079963, 13.657777 ], [ -89.080053, 13.657787 ], [ -89.080136, 13.657835 ], [ -89.080197, 13.657911 ], [ -89.080224, 13.658002 ], [ -89.080304, 13.658273 ], [ -89.080733, 13.658341 ], [ -89.080808, 13.658353 ], [ -89.080966, 13.658501 ], [ -89.080968, 13.658503 ], [ -89.0812, 13.65862 ], [ -89.081504, 13.658773 ], [ -89.081845, 13.658755 ], [ -89.082285, 13.658784 ], [ -89.082672, 13.658888 ], [ -89.082954, 13.658848 ], [ -89.08345, 13.659192 ], [ -89.083337, 13.659951 ], [ -89.083378, 13.660081 ], [ -89.083593, 13.660298 ], [ -89.083659, 13.660421 ], [ -89.083663, 13.660501 ], [ -89.083713, 13.660666 ], [ -89.083745, 13.660812 ], [ -89.083612, 13.661059 ], [ -89.083614, 13.661185 ], [ -89.083736, 13.661373 ], [ -89.083773, 13.661424 ], [ -89.083874, 13.661508 ], [ -89.083945, 13.661578 ], [ -89.084178, 13.661776 ], [ -89.084212, 13.661794 ], [ -89.084304, 13.661842 ], [ -89.084321, 13.661844 ], [ -89.084461, 13.661862 ], [ -89.084642, 13.66184 ], [ -89.084832, 13.661784 ], [ -89.084968, 13.661744 ], [ -89.085022, 13.661747 ], [ -89.084973, 13.661858 ], [ -89.084771, 13.662154 ], [ -89.08477, 13.662198 ], [ -89.084812, 13.662198 ], [ -89.084979, 13.66234 ], [ -89.085199, 13.662584 ], [ -89.085305, 13.662623 ], [ -89.085358, 13.662612 ], [ -89.085596, 13.66248 ], [ -89.085663, 13.662387 ], [ -89.085722, 13.662355 ], [ -89.085816, 13.662289 ], [ -89.085901, 13.662244 ], [ -89.085981, 13.662198 ], [ -89.08606, 13.662089 ], [ -89.086119, 13.662057 ], [ -89.086193, 13.662024 ], [ -89.086319, 13.662011 ], [ -89.086576, 13.661904 ], [ -89.087141, 13.661497 ], [ -89.087334, 13.661278 ], [ -89.087914, 13.661054 ], [ -89.088104, 13.660881 ], [ -89.088311, 13.660691 ], [ -89.088349, 13.66067 ], [ -89.088399, 13.660666 ], [ -89.088456, 13.66068 ], [ -89.088727, 13.660801 ], [ -89.088811, 13.660804 ], [ -89.088901, 13.660761 ], [ -89.089041, 13.660612 ], [ -89.089112, 13.660574 ], [ -89.089241, 13.660544 ], [ -89.089353, 13.660512 ], [ -89.089472, 13.660405 ], [ -89.089581, 13.660189 ], [ -89.089658, 13.659849 ], [ -89.089682, 13.6598 ], [ -89.089911, 13.659552 ], [ -89.089959, 13.659507 ], [ -89.089994, 13.659485 ], [ -89.090353, 13.659218 ], [ -89.090658, 13.6591 ], [ -89.090874, 13.658967 ], [ -89.091119, 13.658806 ], [ -89.091301, 13.658704 ], [ -89.091368, 13.658695 ], [ -89.09154, 13.65869 ], [ -89.091634, 13.658715 ], [ -89.091683, 13.658748 ], [ -89.091781, 13.658802 ], [ -89.091895, 13.658864 ], [ -89.091942, 13.658907 ], [ -89.092082, 13.659008 ], [ -89.092223, 13.65914 ], [ -89.092238, 13.659192 ], [ -89.092253, 13.659318 ], [ -89.092231, 13.659362 ], [ -89.092245, 13.659415 ], [ -89.092321, 13.659447 ], [ -89.092388, 13.659504 ], [ -89.092399, 13.659561 ], [ -89.092463, 13.659658 ], [ -89.092471, 13.6597 ], [ -89.092687, 13.660075 ], [ -89.092696, 13.660071 ], [ -89.092771, 13.660034 ], [ -89.092978, 13.659932 ], [ -89.093095, 13.659881 ], [ -89.093281, 13.65985 ], [ -89.093661, 13.659606 ], [ -89.093751, 13.659478 ], [ -89.09378, 13.659402 ], [ -89.09379, 13.659378 ], [ -89.093834, 13.659314 ], [ -89.0943, 13.658846 ], [ -89.094454, 13.658693 ], [ -89.094638, 13.658512 ], [ -89.094677, 13.658564 ], [ -89.094833, 13.658417 ], [ -89.094894, 13.658437 ], [ -89.09503, 13.658405 ], [ -89.095105, 13.658387 ], [ -89.095413, 13.65851 ], [ -89.095453, 13.658519 ], [ -89.095619, 13.658561 ], [ -89.095733, 13.658519 ], [ -89.095796, 13.658324 ], [ -89.095827, 13.658228 ], [ -89.09589, 13.658205 ], [ -89.095903, 13.65803 ], [ -89.095975, 13.657854 ], [ -89.09616, 13.657408 ], [ -89.096424, 13.657117 ], [ -89.096708, 13.656975 ], [ -89.096926, 13.656917 ], [ -89.096985, 13.656807 ], [ -89.097197, 13.656432 ], [ -89.097579, 13.655953 ], [ -89.097725, 13.65565 ], [ -89.097817, 13.655398 ], [ -89.09793, 13.655172 ], [ -89.098138, 13.654988 ], [ -89.098377, 13.654953 ], [ -89.098666, 13.654809 ], [ -89.099214, 13.654564 ], [ -89.099511, 13.654319 ], [ -89.09963, 13.654041 ], [ -89.099702, 13.653724 ], [ -89.099835, 13.653426 ], [ -89.09998, 13.653336 ], [ -89.100316, 13.653239 ], [ -89.10056, 13.653064 ], [ -89.100831, 13.652799 ], [ -89.101471, 13.652192 ], [ -89.101687, 13.65192 ], [ -89.101773, 13.651681 ], [ -89.101813, 13.651461 ], [ -89.102117, 13.651138 ], [ -89.102367, 13.650886 ], [ -89.102414, 13.650718 ], [ -89.102467, 13.65055 ], [ -89.102698, 13.650285 ], [ -89.102907, 13.650005 ], [ -89.102987, 13.64963 ], [ -89.102947, 13.649372 ], [ -89.102954, 13.649094 ], [ -89.103047, 13.648674 ], [ -89.103198, 13.647908 ], [ -89.103243, 13.647798 ], [ -89.103368, 13.647598 ], [ -89.103579, 13.647204 ], [ -89.10361, 13.647136 ], [ -89.103738, 13.646855 ], [ -89.103745, 13.646299 ] ] ] } },
{ "type": "Feature", "properties": { "fid": 304, "CANTON": "AREA URBANA", "DISTRITO": "SANTIAGO TEXACUANGOS" }, "geometry": { "type": "Polygon", "coordinates": [ [ [ -89.12109, 13.641104 ], [ -89.121057, 13.641096 ], [ -89.120925, 13.641051 ], [ -89.120853, 13.641031 ], [ -89.120817, 13.641026 ], [ -89.120777, 13.641026 ], [ -89.120718, 13.641031 ], [ -89.120649, 13.641046 ], [ -89.120598, 13.641058 ], [ -89.120572, 13.641086 ], [ -89.120595, 13.641216 ], [ -89.120597, 13.641279 ], [ -89.120591, 13.641345 ], [ -89.120542, 13.641411 ], [ -89.120507, 13.641462 ], [ -89.120461, 13.641483 ], [ -89.120422, 13.641499 ], [ -89.120354, 13.641507 ], [ -89.120291, 13.641504 ], [ -89.12006, 13.641447 ], [ -89.12003, 13.641484 ], [ -89.11997, 13.641602 ], [ -89.119959, 13.641614 ], [ -89.11992, 13.641659 ], [ -89.119784, 13.641884 ], [ -89.119698, 13.64202 ], [ -89.119649, 13.642072 ], [ -89.119544, 13.64222 ], [ -89.119413, 13.642412 ], [ -89.119402, 13.642438 ], [ -89.119394, 13.642458 ], [ -89.119286, 13.642568 ], [ -89.119146, 13.642684 ], [ -89.119141, 13.642687 ], [ -89.11902, 13.642774 ], [ -89.118954, 13.642798 ], [ -89.118794, 13.642829 ], [ -89.118687, 13.642861 ], [ -89.118322, 13.642912 ], [ -89.117992, 13.642958 ], [ -89.117919, 13.64297 ], [ -89.11782, 13.642986 ], [ -89.117744, 13.642997 ], [ -89.117623, 13.642988 ], [ -89.117524, 13.642994 ], [ -89.117366, 13.642953 ], [ -89.117263, 13.64292 ], [ -89.117156, 13.642907 ], [ -89.117099, 13.64287 ], [ -89.117044, 13.642834 ], [ -89.116959, 13.642785 ], [ -89.116937, 13.642778 ], [ -89.116861, 13.642754 ], [ -89.116693, 13.642636 ], [ -89.116678, 13.642625 ], [ -89.116618, 13.642561 ], [ -89.116534, 13.642472 ], [ -89.116317, 13.642201 ], [ -89.116295, 13.642145 ], [ -89.116192, 13.642035 ], [ -89.116114, 13.641924 ], [ -89.116027, 13.641834 ], [ -89.115951, 13.641756 ], [ -89.115895, 13.641695 ], [ -89.115782, 13.641557 ], [ -89.115703, 13.641466 ], [ -89.115536, 13.64125 ], [ -89.115456, 13.641135 ], [ -89.115377, 13.64102 ], [ -89.115317, 13.64093 ], [ -89.11527, 13.64086 ], [ -89.115255, 13.640652 ], [ -89.115217, 13.640408 ], [ -89.115193, 13.640183 ], [ -89.115202, 13.640153 ], [ -89.115212, 13.640122 ], [ -89.115215, 13.640022 ], [ -89.115199, 13.639906 ], [ -89.115206, 13.639823 ], [ -89.115204, 13.639717 ], [ -89.115204, 13.639649 ], [ -89.115207, 13.639574 ], [ -89.115198, 13.6394 ], [ -89.115193, 13.639284 ], [ -89.115193, 13.63919 ], [ -89.115204, 13.639083 ], [ -89.115193, 13.639036 ], [ -89.115182, 13.638988 ], [ -89.115178, 13.638868 ], [ -89.115183, 13.638774 ], [ -89.115181, 13.638664 ], [ -89.115181, 13.638604 ], [ -89.115165, 13.638516 ], [ -89.115136, 13.638433 ], [ -89.115139, 13.638379 ], [ -89.115074, 13.63833 ], [ -89.114969, 13.638283 ], [ -89.114836, 13.638198 ], [ -89.114695, 13.638115 ], [ -89.114633, 13.638078 ], [ -89.114521, 13.63797 ], [ -89.114462, 13.63789 ], [ -89.114409, 13.637807 ], [ -89.114397, 13.637737 ], [ -89.11439, 13.637607 ], [ -89.114371, 13.637495 ], [ -89.114345, 13.637401 ], [ -89.114319, 13.637306 ], [ -89.114319, 13.637278 ], [ -89.114318, 13.637238 ], [ -89.114316, 13.637156 ], [ -89.114323, 13.637042 ], [ -89.114329, 13.636936 ], [ -89.114242, 13.636835 ], [ -89.114194, 13.636787 ], [ -89.114144, 13.636735 ], [ -89.113969, 13.636485 ], [ -89.113961, 13.636368 ], [ -89.113978, 13.636278 ], [ -89.11414, 13.636464 ], [ -89.114142, 13.636466 ], [ -89.114144, 13.636469 ], [ -89.114146, 13.636472 ], [ -89.114148, 13.636475 ], [ -89.114151, 13.636478 ], [ -89.114153, 13.636481 ], [ -89.114155, 13.636484 ], [ -89.114158, 13.636487 ], [ -89.11416, 13.63649 ], [ -89.114163, 13.636493 ], [ -89.114165, 13.636496 ], [ -89.114168, 13.636499 ], [ -89.114171, 13.636502 ], [ -89.114173, 13.636504 ], [ -89.114176, 13.636507 ], [ -89.114179, 13.636509 ], [ -89.114182, 13.636512 ], [ -89.114185, 13.636514 ], [ -89.114188, 13.636517 ], [ -89.114191, 13.636519 ], [ -89.114194, 13.636522 ], [ -89.114197, 13.636524 ], [ -89.1142, 13.636527 ], [ -89.114202, 13.636529 ], [ -89.114205, 13.636532 ], [ -89.114208, 13.636534 ], [ -89.114211, 13.636537 ], [ -89.114213, 13.63654 ], [ -89.114216, 13.636543 ], [ -89.114219, 13.636545 ], [ -89.114221, 13.636547 ], [ -89.114222, 13.63655 ], [ -89.114224, 13.636552 ], [ -89.114226, 13.636554 ], [ -89.114228, 13.636556 ], [ -89.11423, 13.636558 ], [ -89.114232, 13.63656 ], [ -89.114234, 13.636562 ], [ -89.114236, 13.636564 ], [ -89.114238, 13.636566 ], [ -89.114242, 13.63657 ], [ -89.114244, 13.636572 ], [ -89.114246, 13.636574 ], [ -89.114248, 13.636575 ], [ -89.114251, 13.636577 ], [ -89.114253, 13.636579 ], [ -89.114255, 13.636581 ], [ -89.114257, 13.636583 ], [ -89.114259, 13.636584 ], [ -89.114262, 13.636586 ], [ -89.114264, 13.636588 ], [ -89.114266, 13.63659 ], [ -89.114268, 13.636592 ], [ -89.11427, 13.636594 ], [ -89.114272, 13.636595 ], [ -89.114277, 13.636599 ], [ -89.114279, 13.636601 ], [ -89.11428, 13.636603 ], [ -89.114282, 13.636605 ], [ -89.114284, 13.636608 ], [ -89.114286, 13.63661 ], [ -89.114288, 13.636612 ], [ -89.114289, 13.636614 ], [ -89.114291, 13.636616 ], [ -89.114293, 13.636619 ], [ -89.114295, 13.636621 ], [ -89.114296, 13.636623 ], [ -89.114298, 13.636625 ], [ -89.1143, 13.636627 ], [ -89.114302, 13.636629 ], [ -89.114304, 13.636631 ], [ -89.114306, 13.636633 ], [ -89.114308, 13.636635 ], [ -89.11431, 13.636637 ], [ -89.114313, 13.636639 ], [ -89.114315, 13.636641 ], [ -89.114317, 13.636643 ], [ -89.114319, 13.636644 ], [ -89.114321, 13.636646 ], [ -89.114323, 13.636648 ], [ -89.114325, 13.63665 ], [ -89.114328, 13.636652 ], [ -89.11433, 13.636654 ], [ -89.114332, 13.636656 ], [ -89.114335, 13.636657 ], [ -89.114337, 13.636658 ], [ -89.114339, 13.63666 ], [ -89.11434, 13.636663 ], [ -89.114342, 13.636665 ], [ -89.114344, 13.636667 ], [ -89.114346, 13.636669 ], [ -89.114349, 13.63667 ], [ -89.114351, 13.636672 ], [ -89.114353, 13.636673 ], [ -89.114356, 13.636675 ], [ -89.114357, 13.636677 ], [ -89.114359, 13.63668 ], [ -89.114361, 13.636682 ], [ -89.114363, 13.636684 ], [ -89.114365, 13.636685 ], [ -89.114368, 13.636686 ], [ -89.114371, 13.636688 ], [ -89.114373, 13.636689 ], [ -89.114375, 13.636691 ], [ -89.114377, 13.636693 ], [ -89.114379, 13.636695 ], [ -89.114381, 13.636697 ], [ -89.114384, 13.636699 ], [ -89.114386, 13.6367 ], [ -89.114388, 13.636701 ], [ -89.114391, 13.636703 ], [ -89.114393, 13.636705 ], [ -89.114395, 13.636707 ], [ -89.114397, 13.636709 ], [ -89.114399, 13.636711 ], [ -89.114401, 13.636713 ], [ -89.114403, 13.636715 ], [ -89.114406, 13.636716 ], [ -89.114408, 13.636717 ], [ -89.114411, 13.636719 ], [ -89.114413, 13.636721 ], [ -89.114415, 13.636722 ], [ -89.114418, 13.636723 ], [ -89.114421, 13.636724 ], [ -89.114423, 13.636726 ], [ -89.114425, 13.636728 ], [ -89.11445, 13.636733 ], [ -89.114453, 13.636734 ], [ -89.114457, 13.636736 ], [ -89.114459, 13.636738 ], [ -89.114462, 13.63674 ], [ -89.114465, 13.636741 ], [ -89.114469, 13.636743 ], [ -89.114472, 13.636744 ], [ -89.114476, 13.636744 ], [ -89.114479, 13.636745 ], [ -89.114483, 13.636745 ], [ -89.114487, 13.636746 ], [ -89.114491, 13.636746 ], [ -89.114494, 13.636747 ], [ -89.114498, 13.636748 ], [ -89.114501, 13.636748 ], [ -89.114505, 13.636749 ], [ -89.114509, 13.636749 ], [ -89.114512, 13.63675 ], [ -89.114516, 13.63675 ], [ -89.114519, 13.636751 ], [ -89.114523, 13.636751 ], [ -89.114527, 13.636751 ], [ -89.11453, 13.636751 ], [ -89.114534, 13.636751 ], [ -89.114538, 13.636751 ], [ -89.114542, 13.636751 ], [ -89.114545, 13.636751 ], [ -89.114549, 13.636751 ], [ -89.114553, 13.636751 ], [ -89.114557, 13.636751 ], [ -89.11456, 13.636751 ], [ -89.114564, 13.636751 ], [ -89.114568, 13.636751 ], [ -89.114571, 13.636751 ], [ -89.114575, 13.636751 ], [ -89.114579, 13.636751 ], [ -89.114583, 13.636751 ], [ -89.114586, 13.636751 ], [ -89.114594, 13.636751 ], [ -89.114598, 13.636751 ], [ -89.114601, 13.636751 ], [ -89.114605, 13.636751 ], [ -89.114609, 13.636751 ], [ -89.114613, 13.636751 ], [ -89.114616, 13.636751 ], [ -89.11462, 13.636751 ], [ -89.114624, 13.63675 ], [ -89.114627, 13.63675 ], [ -89.114631, 13.63675 ], [ -89.114635, 13.63675 ], [ -89.114639, 13.63675 ], [ -89.114642, 13.636749 ], [ -89.114646, 13.636749 ], [ -89.11465, 13.636749 ], [ -89.114654, 13.636749 ], [ -89.114657, 13.636748 ], [ -89.114661, 13.636748 ], [ -89.114665, 13.636748 ], [ -89.114668, 13.636747 ], [ -89.114672, 13.636747 ], [ -89.114676, 13.636747 ], [ -89.11468, 13.636746 ], [ -89.114683, 13.636746 ], [ -89.114687, 13.636745 ], [ -89.114691, 13.636745 ], [ -89.114695, 13.636745 ], [ -89.114698, 13.636745 ], [ -89.114702, 13.636746 ], [ -89.114706, 13.636747 ], [ -89.114709, 13.636748 ], [ -89.114713, 13.636749 ], [ -89.114716, 13.63675 ], [ -89.11472, 13.63675 ], [ -89.114724, 13.63675 ], [ -89.114728, 13.63675 ], [ -89.114731, 13.63675 ], [ -89.114735, 13.636749 ], [ -89.114739, 13.636749 ], [ -89.114742, 13.636748 ], [ -89.114746, 13.636748 ], [ -89.11475, 13.636747 ], [ -89.114753, 13.636747 ], [ -89.114757, 13.636747 ], [ -89.114761, 13.636747 ], [ -89.114765, 13.636747 ], [ -89.114768, 13.636747 ], [ -89.114772, 13.636747 ], [ -89.114776, 13.636747 ], [ -89.11478, 13.636747 ], [ -89.114783, 13.636747 ], [ -89.114787, 13.636747 ], [ -89.114791, 13.636747 ], [ -89.114794, 13.636746 ], [ -89.114798, 13.636745 ], [ -89.114802, 13.636744 ], [ -89.114805, 13.636743 ], [ -89.114809, 13.636742 ], [ -89.114813, 13.636741 ], [ -89.114816, 13.636741 ], [ -89.11482, 13.636741 ], [ -89.114823, 13.636741 ], [ -89.114827, 13.636741 ], [ -89.114831, 13.636742 ], [ -89.114835, 13.636742 ], [ -89.114839, 13.636742 ], [ -89.114843, 13.636742 ], [ -89.114846, 13.636742 ], [ -89.11485, 13.636741 ], [ -89.114854, 13.636741 ], [ -89.114858, 13.636741 ], [ -89.114862, 13.636741 ], [ -89.114866, 13.636741 ], [ -89.11487, 13.636741 ], [ -89.114874, 13.636741 ], [ -89.114878, 13.636741 ], [ -89.114882, 13.636741 ], [ -89.114885, 13.636741 ], [ -89.114889, 13.636741 ], [ -89.114893, 13.63674 ], [ -89.114897, 13.63674 ], [ -89.114901, 13.63674 ], [ -89.114905, 13.636739 ], [ -89.114909, 13.636739 ], [ -89.114913, 13.636738 ], [ -89.114917, 13.636738 ], [ -89.11492, 13.636738 ], [ -89.114924, 13.636737 ], [ -89.114928, 13.636737 ], [ -89.114932, 13.636736 ], [ -89.114936, 13.636736 ], [ -89.11494, 13.636735 ], [ -89.114944, 13.636735 ], [ -89.114948, 13.636735 ], [ -89.114952, 13.636735 ], [ -89.114955, 13.636735 ], [ -89.114959, 13.636735 ], [ -89.114963, 13.636735 ], [ -89.114967, 13.636735 ], [ -89.114971, 13.636735 ], [ -89.114975, 13.636736 ], [ -89.114979, 13.636736 ], [ -89.114983, 13.636736 ], [ -89.114987, 13.636736 ], [ -89.11499, 13.636737 ], [ -89.114994, 13.636737 ], [ -89.114998, 13.636737 ], [ -89.115002, 13.636737 ], [ -89.115006, 13.636737 ], [ -89.11501, 13.636737 ], [ -89.115014, 13.636737 ], [ -89.115018, 13.636737 ], [ -89.115022, 13.636737 ], [ -89.115026, 13.636737 ], [ -89.115029, 13.636737 ], [ -89.115033, 13.636737 ], [ -89.115037, 13.636737 ], [ -89.115041, 13.636736 ], [ -89.115045, 13.636736 ], [ -89.115049, 13.636735 ], [ -89.115053, 13.636735 ], [ -89.115057, 13.636734 ], [ -89.11506, 13.636733 ], [ -89.115064, 13.636732 ], [ -89.115068, 13.63673 ], [ -89.115072, 13.636729 ], [ -89.115075, 13.636728 ], [ -89.115079, 13.636727 ], [ -89.115083, 13.636725 ], [ -89.115086, 13.636723 ], [ -89.115089, 13.636721 ], [ -89.115092, 13.636719 ], [ -89.115095, 13.636716 ], [ -89.115098, 13.636714 ], [ -89.115101, 13.636711 ], [ -89.115104, 13.636708 ], [ -89.115107, 13.636706 ], [ -89.115109, 13.636703 ], [ -89.115113, 13.636701 ], [ -89.115116, 13.636699 ], [ -89.115119, 13.636696 ], [ -89.115122, 13.636694 ], [ -89.115125, 13.636692 ], [ -89.115128, 13.63669 ], [ -89.115132, 13.636688 ], [ -89.115135, 13.636686 ], [ -89.115138, 13.636683 ], [ -89.115141, 13.636681 ], [ -89.115145, 13.636679 ], [ -89.115148, 13.636677 ], [ -89.115151, 13.636675 ], [ -89.115155, 13.636674 ], [ -89.115158, 13.636672 ], [ -89.115162, 13.63667 ], [ -89.115165, 13.636668 ], [ -89.115169, 13.636667 ], [ -89.115172, 13.636666 ], [ -89.115175, 13.636665 ], [ -89.115178, 13.636664 ], [ -89.115181, 13.636663 ], [ -89.115184, 13.636662 ], [ -89.115187, 13.636662 ], [ -89.11519, 13.636661 ], [ -89.115193, 13.636661 ], [ -89.115196, 13.636662 ], [ -89.115202, 13.636662 ], [ -89.115205, 13.636663 ], [ -89.115209, 13.636663 ], [ -89.115212, 13.636663 ], [ -89.115215, 13.636663 ], [ -89.115218, 13.636663 ], [ -89.115221, 13.636663 ], [ -89.115224, 13.636663 ], [ -89.115227, 13.636664 ], [ -89.115231, 13.636664 ], [ -89.115234, 13.636664 ], [ -89.115237, 13.636665 ], [ -89.11524, 13.636665 ], [ -89.115243, 13.636665 ], [ -89.115246, 13.636666 ], [ -89.115249, 13.636666 ], [ -89.115253, 13.636666 ], [ -89.115256, 13.636667 ], [ -89.115259, 13.636667 ], [ -89.115262, 13.636668 ], [ -89.115265, 13.636668 ], [ -89.115268, 13.636668 ], [ -89.115271, 13.636669 ], [ -89.115274, 13.636669 ], [ -89.115278, 13.636669 ], [ -89.115281, 13.63667 ], [ -89.115284, 13.63667 ], [ -89.115287, 13.636671 ], [ -89.11529, 13.636672 ], [ -89.115293, 13.636672 ], [ -89.115296, 13.636673 ], [ -89.115299, 13.636674 ], [ -89.115302, 13.636675 ], [ -89.115305, 13.636676 ], [ -89.115773, 13.636391 ], [ -89.116228, 13.635906 ], [ -89.116644, 13.635447 ], [ -89.117448, 13.634246 ], [ -89.117659, 13.633791 ], [ -89.117976, 13.633474 ], [ -89.118444, 13.633326 ], [ -89.119145, 13.633048 ], [ -89.119891, 13.632906 ], [ -89.120471, 13.632842 ], [ -89.121131, 13.632784 ], [ -89.121559, 13.63279 ], [ -89.121608, 13.632739 ], [ -89.121842, 13.632638 ], [ -89.121917, 13.632635 ], [ -89.12208, 13.632632 ], [ -89.122179, 13.632635 ], [ -89.122262, 13.632621 ], [ -89.122319, 13.632612 ], [ -89.122471, 13.632595 ], [ -89.122541, 13.632595 ], [ -89.122664, 13.632583 ], [ -89.122753, 13.632567 ], [ -89.12277, 13.63255 ], [ -89.122785, 13.632518 ], [ -89.122799, 13.632486 ], [ -89.122794, 13.632443 ], [ -89.12276, 13.63237 ], [ -89.122734, 13.632302 ], [ -89.122699, 13.632223 ], [ -89.122611, 13.632065 ], [ -89.122536, 13.631931 ], [ -89.122514, 13.631835 ], [ -89.122534, 13.631807 ], [ -89.122611, 13.631725 ], [ -89.122651, 13.631692 ], [ -89.122748, 13.631632 ], [ -89.122915, 13.631584 ], [ -89.122981, 13.631539 ], [ -89.123006, 13.631514 ], [ -89.123124, 13.631399 ], [ -89.123172, 13.631387 ], [ -89.123269, 13.631377 ], [ -89.123291, 13.631616 ], [ -89.123293, 13.631634 ], [ -89.123318, 13.631873 ], [ -89.123333, 13.632027 ], [ -89.123324, 13.63215 ], [ -89.123304, 13.632319 ], [ -89.12328, 13.632413 ], [ -89.12327, 13.632453 ], [ -89.123164, 13.632762 ], [ -89.123107, 13.632881 ], [ -89.122993, 13.633133 ], [ -89.122955, 13.633271 ], [ -89.122947, 13.633383 ], [ -89.12295, 13.633624 ], [ -89.122958, 13.633714 ], [ -89.123035, 13.633833 ], [ -89.123104, 13.633909 ], [ -89.123222, 13.633999 ], [ -89.123471, 13.63417 ], [ -89.12359, 13.63423 ], [ -89.123602, 13.634235 ], [ -89.123737, 13.63429 ], [ -89.123961, 13.634368 ], [ -89.123901, 13.634699 ], [ -89.12397, 13.634933 ], [ -89.12409, 13.63539 ], [ -89.124274, 13.636104 ], [ -89.124302, 13.636216 ], [ -89.124377, 13.636343 ], [ -89.124482, 13.636465 ], [ -89.124597, 13.636599 ], [ -89.124701, 13.63662 ], [ -89.124876, 13.636637 ], [ -89.124936, 13.636651 ], [ -89.125013, 13.6367 ], [ -89.125219, 13.636944 ], [ -89.125406, 13.637112 ], [ -89.125489, 13.637211 ], [ -89.125612, 13.637427 ], [ -89.125756, 13.637592 ], [ -89.12589, 13.637753 ], [ -89.125922, 13.63782 ], [ -89.12597, 13.63796 ], [ -89.125988, 13.638022 ], [ -89.125985, 13.638115 ], [ -89.125962, 13.638165 ], [ -89.125899, 13.638247 ], [ -89.125839, 13.638303 ], [ -89.125816, 13.638356 ], [ -89.125802, 13.638421 ], [ -89.12579, 13.63852 ], [ -89.125785, 13.638658 ], [ -89.125799, 13.638773 ], [ -89.125816, 13.638854 ], [ -89.125819, 13.638983 ], [ -89.125833, 13.639104 ], [ -89.125825, 13.639158 ], [ -89.125832, 13.639256 ], [ -89.125791, 13.63938 ], [ -89.125757, 13.639446 ], [ -89.125645, 13.639623 ], [ -89.125474, 13.639884 ], [ -89.125462, 13.639906 ], [ -89.125422, 13.639962 ], [ -89.125402, 13.639991 ], [ -89.125345, 13.64002 ], [ -89.125285, 13.640016 ], [ -89.125118, 13.640018 ], [ -89.125088, 13.640014 ], [ -89.125041, 13.640008 ], [ -89.124812, 13.639995 ], [ -89.124772, 13.639996 ], [ -89.124708, 13.640002 ], [ -89.124645, 13.640007 ], [ -89.124557, 13.640027 ], [ -89.124475, 13.640095 ], [ -89.124424, 13.640135 ], [ -89.124362, 13.640206 ], [ -89.124284, 13.640305 ], [ -89.124268, 13.640325 ], [ -89.124164, 13.640433 ], [ -89.124108, 13.640463 ], [ -89.124076, 13.640501 ], [ -89.123979, 13.64056 ], [ -89.123959, 13.640577 ], [ -89.123909, 13.640618 ], [ -89.123797, 13.640692 ], [ -89.123725, 13.640723 ], [ -89.123681, 13.640757 ], [ -89.123601, 13.640819 ], [ -89.123564, 13.640848 ], [ -89.123499, 13.640908 ], [ -89.123422, 13.64097 ], [ -89.123311, 13.641061 ], [ -89.123227, 13.641122 ], [ -89.123044, 13.641284 ], [ -89.123026, 13.641293 ], [ -89.122897, 13.641357 ], [ -89.122814, 13.641352 ], [ -89.122661, 13.641339 ], [ -89.122584, 13.641339 ], [ -89.122565, 13.641324 ], [ -89.122557, 13.641489 ], [ -89.122551, 13.64159 ], [ -89.122548, 13.641688 ], [ -89.122549, 13.641758 ], [ -89.12256, 13.641886 ], [ -89.122556, 13.64196 ], [ -89.122558, 13.642029 ], [ -89.122555, 13.642102 ], [ -89.122549, 13.642181 ], [ -89.122539, 13.642251 ], [ -89.12251, 13.642309 ], [ -89.122441, 13.642353 ], [ -89.122369, 13.642426 ], [ -89.122338, 13.642482 ], [ -89.122315, 13.642542 ], [ -89.122244, 13.642591 ], [ -89.122195, 13.642607 ], [ -89.122049, 13.642585 ], [ -89.122027, 13.642575 ], [ -89.121909, 13.642538 ], [ -89.121853, 13.642471 ], [ -89.121731, 13.64243 ], [ -89.121681, 13.642413 ], [ -89.121668, 13.642372 ], [ -89.121651, 13.642331 ], [ -89.121667, 13.642261 ], [ -89.121684, 13.642188 ], [ -89.121706, 13.642116 ], [ -89.121723, 13.642043 ], [ -89.121747, 13.64195 ], [ -89.121715, 13.641949 ], [ -89.121561, 13.641937 ], [ -89.121494, 13.64193 ], [ -89.121475, 13.641926 ], [ -89.121421, 13.641907 ], [ -89.121359, 13.641864 ], [ -89.121346, 13.641816 ], [ -89.121337, 13.641764 ], [ -89.121327, 13.641692 ], [ -89.121324, 13.641666 ], [ -89.121316, 13.64162 ], [ -89.121273, 13.641527 ], [ -89.12118, 13.641376 ], [ -89.121087, 13.6412 ], [ -89.121083, 13.641168 ], [ -89.121088, 13.641141 ], [ -89.121107, 13.641113 ], [ -89.12109, 13.641104 ] ] ] } },
{ "type": "Feature", "properties": { "fid": 305, "CANTON": "LA CUCHILLA", "DISTRITO": "SANTIAGO TEXACUANGOS" }, "geometry": { "type": "Polygon", "coordinates": [ [ [ -89.101555, 13.632862 ], [ -89.101383, 13.632754 ], [ -89.101199, 13.632638 ], [ -89.10103, 13.632555 ], [ -89.10093, 13.63247 ], [ -89.100805, 13.632376 ], [ -89.100525, 13.632211 ], [ -89.100165, 13.631956 ], [ -89.100059, 13.631898 ], [ -89.099913, 13.631801 ], [ -89.099855, 13.631785 ], [ -89.099711, 13.631692 ], [ -89.099607, 13.631631 ], [ -89.099386, 13.631492 ], [ -89.0993, 13.631412 ], [ -89.09923, 13.631368 ], [ -89.099129, 13.631305 ], [ -89.099001, 13.631224 ], [ -89.098901, 13.631186 ], [ -89.098829, 13.631107 ], [ -89.098741, 13.631005 ], [ -89.098624, 13.630816 ], [ -89.098576, 13.630655 ], [ -89.098542, 13.630482 ], [ -89.098514, 13.630404 ], [ -89.098489, 13.630156 ], [ -89.098474, 13.62995 ], [ -89.098441, 13.629687 ], [ -89.098394, 13.629544 ], [ -89.098355, 13.629451 ], [ -89.098298, 13.629336 ], [ -89.098211, 13.629243 ], [ -89.098139, 13.62918 ], [ -89.098125, 13.629168 ], [ -89.098052, 13.62913 ], [ -89.097899, 13.629086 ], [ -89.097863, 13.629073 ], [ -89.097792, 13.629048 ], [ -89.097538, 13.628967 ], [ -89.097163, 13.628845 ], [ -89.096843, 13.628762 ], [ -89.096777, 13.628743 ], [ -89.096685, 13.628663 ], [ -89.096625, 13.628606 ], [ -89.096558, 13.628475 ], [ -89.096543, 13.628343 ], [ -89.096588, 13.62809 ], [ -89.096687, 13.627813 ], [ -89.09672, 13.627676 ], [ -89.096728, 13.627579 ], [ -89.096717, 13.627485 ], [ -89.096699, 13.62741 ], [ -89.096641, 13.627363 ], [ -89.096584, 13.627317 ], [ -89.096338, 13.627187 ], [ -89.095856, 13.626895 ], [ -89.09535, 13.626601 ], [ -89.095254, 13.626549 ], [ -89.09507, 13.626439 ], [ -89.094944, 13.626356 ], [ -89.094853, 13.626295 ], [ -89.094669, 13.626196 ], [ -89.094583, 13.626159 ], [ -89.094458, 13.62608 ], [ -89.094376, 13.626029 ], [ -89.094305, 13.62598 ], [ -89.093944, 13.625726 ], [ -89.093831, 13.625634 ], [ -89.093868, 13.625624 ], [ -89.093903, 13.625614 ], [ -89.094037, 13.625544 ], [ -89.094102, 13.62551 ], [ -89.094395, 13.625417 ], [ -89.094598, 13.625352 ], [ -89.094959, 13.625242 ], [ -89.095203, 13.625169 ], [ -89.095788, 13.624991 ], [ -89.095959, 13.624917 ], [ -89.096189, 13.624818 ], [ -89.096204, 13.624811 ], [ -89.096232, 13.624798 ], [ -89.096241, 13.624795 ], [ -89.096264, 13.624785 ], [ -89.096264, 13.624784 ], [ -89.096263, 13.624783 ], [ -89.096261, 13.624778 ], [ -89.096263, 13.624778 ], [ -89.09627, 13.624776 ], [ -89.096345, 13.624762 ], [ -89.096347, 13.624761 ], [ -89.096369, 13.624757 ], [ -89.096439, 13.624744 ], [ -89.096446, 13.624742 ], [ -89.096515, 13.624728 ], [ -89.096526, 13.624726 ], [ -89.096594, 13.624713 ], [ -89.096613, 13.624709 ], [ -89.096625, 13.624707 ], [ -89.096652, 13.624702 ], [ -89.096669, 13.624698 ], [ -89.096759, 13.624679 ], [ -89.096817, 13.624667 ], [ -89.096882, 13.624654 ], [ -89.096939, 13.624642 ], [ -89.096995, 13.624631 ], [ -89.097085, 13.624613 ], [ -89.097267, 13.624577 ], [ -89.097293, 13.624574 ], [ -89.097338, 13.624567 ], [ -89.097368, 13.624547 ], [ -89.097445, 13.624496 ], [ -89.097463, 13.624484 ], [ -89.097471, 13.624479 ], [ -89.09757, 13.624413 ], [ -89.09758, 13.624407 ], [ -89.097648, 13.62436 ], [ -89.097652, 13.624357 ], [ -89.097756, 13.624289 ], [ -89.097761, 13.624285 ], [ -89.097789, 13.624267 ], [ -89.097995, 13.62413 ], [ -89.098029, 13.624108 ], [ -89.09805, 13.624092 ], [ -89.098055, 13.624088 ], [ -89.098074, 13.624074 ], [ -89.098081, 13.624068 ], [ -89.098083, 13.624067 ], [ -89.098094, 13.62406 ], [ -89.098102, 13.624056 ], [ -89.098106, 13.624053 ], [ -89.098109, 13.624051 ], [ -89.098117, 13.624046 ], [ -89.098127, 13.624039 ], [ -89.098128, 13.624039 ], [ -89.098134, 13.624035 ], [ -89.098146, 13.624027 ], [ -89.098155, 13.624022 ], [ -89.098176, 13.624008 ], [ -89.09818, 13.624006 ], [ -89.098183, 13.624004 ], [ -89.098195, 13.623996 ], [ -89.098196, 13.623996 ], [ -89.098199, 13.623994 ], [ -89.09822, 13.623981 ], [ -89.098221, 13.623981 ], [ -89.098244, 13.623966 ], [ -89.098253, 13.62396 ], [ -89.098254, 13.623959 ], [ -89.098255, 13.623959 ], [ -89.09827, 13.62395 ], [ -89.098274, 13.623947 ], [ -89.098279, 13.623944 ], [ -89.098294, 13.623934 ], [ -89.098299, 13.623931 ], [ -89.098317, 13.62392 ], [ -89.098321, 13.623917 ], [ -89.098331, 13.623911 ], [ -89.098333, 13.62391 ], [ -89.098342, 13.623904 ], [ -89.098346, 13.623901 ], [ -89.098356, 13.623895 ], [ -89.098367, 13.623888 ], [ -89.098378, 13.623881 ], [ -89.098386, 13.623876 ], [ -89.098395, 13.623871 ], [ -89.098397, 13.623869 ], [ -89.098406, 13.623864 ], [ -89.098421, 13.623855 ], [ -89.098424, 13.623853 ], [ -89.09843, 13.623849 ], [ -89.098447, 13.623838 ], [ -89.098451, 13.623836 ], [ -89.098454, 13.623834 ], [ -89.098465, 13.623827 ], [ -89.098466, 13.623826 ], [ -89.098468, 13.623825 ], [ -89.09847, 13.623824 ], [ -89.098484, 13.623814 ], [ -89.098488, 13.623812 ], [ -89.098506, 13.623801 ], [ -89.098509, 13.623799 ], [ -89.098511, 13.623798 ], [ -89.098537, 13.623781 ], [ -89.098539, 13.62378 ], [ -89.098545, 13.623777 ], [ -89.09856, 13.623767 ], [ -89.098565, 13.623764 ], [ -89.098582, 13.623753 ], [ -89.098583, 13.623752 ], [ -89.098584, 13.623752 ], [ -89.09859, 13.623748 ], [ -89.098593, 13.623746 ], [ -89.098597, 13.623744 ], [ -89.098598, 13.623743 ], [ -89.098602, 13.623741 ], [ -89.098616, 13.623732 ], [ -89.098621, 13.623729 ], [ -89.09863, 13.623723 ], [ -89.098648, 13.623721 ], [ -89.098658, 13.62372 ], [ -89.098672, 13.623718 ], [ -89.09871, 13.623714 ], [ -89.098745, 13.623709 ], [ -89.098784, 13.623705 ], [ -89.098842, 13.623698 ], [ -89.098924, 13.623689 ], [ -89.099005, 13.62368 ], [ -89.099017, 13.623664 ], [ -89.099046, 13.623625 ], [ -89.099072, 13.62359 ], [ -89.099078, 13.623582 ], [ -89.099109, 13.623543 ], [ -89.099134, 13.623511 ], [ -89.099134, 13.62351 ], [ -89.099148, 13.623493 ], [ -89.099157, 13.623482 ], [ -89.099158, 13.62348 ], [ -89.099237, 13.623413 ], [ -89.099281, 13.623376 ], [ -89.099302, 13.623358 ], [ -89.099378, 13.623292 ], [ -89.099413, 13.623261 ], [ -89.099446, 13.623232 ], [ -89.099647, 13.623065 ], [ -89.099719, 13.623006 ], [ -89.099842, 13.622904 ], [ -89.100048, 13.622734 ], [ -89.100099, 13.622692 ], [ -89.100264, 13.622556 ], [ -89.100307, 13.622522 ], [ -89.100313, 13.622517 ], [ -89.100356, 13.622482 ], [ -89.100576, 13.62246 ], [ -89.100849, 13.622433 ], [ -89.100859, 13.622425 ], [ -89.100861, 13.622424 ], [ -89.100876, 13.622412 ], [ -89.100939, 13.622379 ], [ -89.100966, 13.622364 ], [ -89.101098, 13.622293 ], [ -89.101106, 13.622289 ], [ -89.101114, 13.622286 ], [ -89.10114, 13.622273 ], [ -89.101152, 13.622249 ], [ -89.101174, 13.622199 ], [ -89.101235, 13.622067 ], [ -89.101237, 13.622064 ], [ -89.101258, 13.622036 ], [ -89.101301, 13.621979 ], [ -89.101304, 13.621975 ], [ -89.101328, 13.621941 ], [ -89.101368, 13.621883 ], [ -89.101378, 13.62187 ], [ -89.101453, 13.62187 ], [ -89.101454, 13.621869 ], [ -89.101455, 13.621869 ], [ -89.101456, 13.621868 ], [ -89.101543, 13.62187 ], [ -89.10167, 13.621873 ], [ -89.101797, 13.621876 ], [ -89.101806, 13.621876 ], [ -89.101818, 13.621876 ], [ -89.101836, 13.621877 ], [ -89.101838, 13.621873 ], [ -89.10184, 13.621868 ], [ -89.101844, 13.621859 ], [ -89.101855, 13.621815 ], [ -89.101867, 13.621773 ], [ -89.101904, 13.621636 ], [ -89.101909, 13.621617 ], [ -89.101913, 13.621604 ], [ -89.101935, 13.62153 ], [ -89.101947, 13.621512 ], [ -89.101953, 13.621504 ], [ -89.102016, 13.621412 ], [ -89.102025, 13.6214 ], [ -89.102026, 13.621399 ], [ -89.102082, 13.621319 ], [ -89.102085, 13.62131 ], [ -89.102088, 13.6213 ], [ -89.102132, 13.62115 ], [ -89.102134, 13.621146 ], [ -89.102134, 13.621143 ], [ -89.102133, 13.621127 ], [ -89.102123, 13.620963 ], [ -89.102121, 13.620942 ], [ -89.102112, 13.620927 ], [ -89.102016, 13.620769 ], [ -89.101992, 13.620729 ], [ -89.10199, 13.620722 ], [ -89.101963, 13.62062 ], [ -89.101952, 13.62058 ], [ -89.101951, 13.620577 ], [ -89.101935, 13.620524 ], [ -89.101926, 13.620494 ], [ -89.101925, 13.620493 ], [ -89.101859, 13.6204 ], [ -89.101809, 13.62033 ], [ -89.101807, 13.620327 ], [ -89.101771, 13.620239 ], [ -89.101735, 13.620152 ], [ -89.101732, 13.620146 ], [ -89.101732, 13.620143 ], [ -89.101734, 13.619982 ], [ -89.101737, 13.619762 ], [ -89.101737, 13.619739 ], [ -89.101741, 13.61971 ], [ -89.101747, 13.619657 ], [ -89.101748, 13.61965 ], [ -89.101752, 13.619629 ], [ -89.101762, 13.619571 ], [ -89.101763, 13.619563 ], [ -89.101763, 13.619562 ], [ -89.101758, 13.619546 ], [ -89.101734, 13.619471 ], [ -89.10173, 13.619459 ], [ -89.101731, 13.619457 ], [ -89.101735, 13.619432 ], [ -89.101786, 13.619161 ], [ -89.101795, 13.619114 ], [ -89.101796, 13.619112 ], [ -89.101854, 13.618936 ], [ -89.101859, 13.618921 ], [ -89.101865, 13.618903 ], [ -89.101865, 13.618901 ], [ -89.101841, 13.618785 ], [ -89.10184, 13.618783 ], [ -89.101835, 13.618759 ], [ -89.10183, 13.618626 ], [ -89.10183, 13.618618 ], [ -89.101828, 13.618582 ], [ -89.101824, 13.618481 ], [ -89.101823, 13.618465 ], [ -89.101821, 13.618431 ], [ -89.101882, 13.618229 ], [ -89.1019, 13.618171 ], [ -89.101925, 13.618087 ], [ -89.101955, 13.617995 ], [ -89.101969, 13.617954 ], [ -89.101985, 13.617905 ], [ -89.102046, 13.61781 ], [ -89.102087, 13.617744 ], [ -89.102128, 13.617679 ], [ -89.102149, 13.617635 ], [ -89.10217, 13.617591 ], [ -89.102188, 13.617551 ], [ -89.102198, 13.617527 ], [ -89.102213, 13.617489 ], [ -89.102225, 13.617459 ], [ -89.102232, 13.617427 ], [ -89.102252, 13.617341 ], [ -89.102266, 13.617277 ], [ -89.102268, 13.617258 ], [ -89.102281, 13.617155 ], [ -89.10229, 13.617083 ], [ -89.10229, 13.617082 ], [ -89.10229, 13.61708 ], [ -89.102265, 13.616948 ], [ -89.102252, 13.616876 ], [ -89.102249, 13.616861 ], [ -89.102183, 13.616726 ], [ -89.102154, 13.616665 ], [ -89.102137, 13.616631 ], [ -89.102049, 13.616494 ], [ -89.102017, 13.616445 ], [ -89.101982, 13.616389 ], [ -89.101982, 13.616387 ], [ -89.10199, 13.616242 ], [ -89.101993, 13.616204 ], [ -89.101998, 13.61612 ], [ -89.101998, 13.616118 ], [ -89.101992, 13.616002 ], [ -89.101991, 13.615983 ], [ -89.101987, 13.615895 ], [ -89.101987, 13.615893 ], [ -89.101988, 13.615829 ], [ -89.101988, 13.615826 ], [ -89.101989, 13.615763 ], [ -89.102002, 13.615686 ], [ -89.102003, 13.615679 ], [ -89.102017, 13.615589 ], [ -89.102058, 13.615469 ], [ -89.10207, 13.615435 ], [ -89.102131, 13.615255 ], [ -89.102147, 13.615196 ], [ -89.102156, 13.615161 ], [ -89.102188, 13.615042 ], [ -89.102189, 13.614979 ], [ -89.10219, 13.614909 ], [ -89.102191, 13.614726 ], [ -89.102197, 13.614702 ], [ -89.102212, 13.614642 ], [ -89.102243, 13.614515 ], [ -89.102249, 13.614498 ], [ -89.102309, 13.614335 ], [ -89.102409, 13.614061 ], [ -89.102417, 13.614039 ], [ -89.102484, 13.61392 ], [ -89.102581, 13.613748 ], [ -89.102606, 13.613705 ], [ -89.102616, 13.61348 ], [ -89.10262, 13.613377 ], [ -89.102618, 13.613227 ], [ -89.102581, 13.61292 ], [ -89.102712, 13.612584 ], [ -89.102907, 13.612556 ], [ -89.102956, 13.612414 ], [ -89.102929, 13.612248 ], [ -89.102874, 13.612118 ], [ -89.102874, 13.612035 ], [ -89.102922, 13.611975 ], [ -89.103074, 13.611828 ], [ -89.103558, 13.611625 ], [ -89.103811, 13.611086 ], [ -89.103813, 13.611082 ], [ -89.104052, 13.610643 ], [ -89.10406, 13.610632 ], [ -89.104169, 13.610499 ], [ -89.104262, 13.610317 ], [ -89.104679, 13.610031 ], [ -89.10484, 13.609766 ], [ -89.105106, 13.609406 ], [ -89.10532, 13.609135 ], [ -89.105522, 13.608844 ], [ -89.105747, 13.608451 ], [ -89.105796, 13.608279 ], [ -89.105911, 13.607957 ], [ -89.106117, 13.607655 ], [ -89.106403, 13.607372 ], [ -89.106774, 13.607138 ], [ -89.106847, 13.606984 ], [ -89.107096, 13.606675 ], [ -89.107417, 13.606287 ], [ -89.107673, 13.606145 ], [ -89.10794, 13.606145 ], [ -89.108025, 13.606133 ], [ -89.108081, 13.606068 ], [ -89.108063, 13.605912 ], [ -89.108086, 13.605845 ], [ -89.107973, 13.605662 ], [ -89.10802, 13.605516 ], [ -89.108166, 13.605469 ], [ -89.108303, 13.605525 ], [ -89.108361, 13.60551 ], [ -89.108494, 13.605364 ], [ -89.108681, 13.605258 ], [ -89.108803, 13.605247 ], [ -89.1089, 13.605227 ], [ -89.109005, 13.605171 ], [ -89.109194, 13.604819 ], [ -89.109298, 13.604605 ], [ -89.109439, 13.604391 ], [ -89.109591, 13.604231 ], [ -89.109619, 13.604215 ], [ -89.109661, 13.604182 ], [ -89.109933, 13.604309 ], [ -89.110035, 13.604566 ], [ -89.110265, 13.604798 ], [ -89.110256, 13.604907 ], [ -89.11015, 13.605149 ], [ -89.110155, 13.605215 ], [ -89.110372, 13.605492 ], [ -89.110283, 13.605901 ], [ -89.110319, 13.606014 ], [ -89.110791, 13.60648 ], [ -89.111065, 13.606816 ], [ -89.111438, 13.607042 ], [ -89.111726, 13.607251 ], [ -89.111928, 13.60743 ], [ -89.112118, 13.607728 ], [ -89.112508, 13.608123 ], [ -89.112589, 13.608224 ], [ -89.113006, 13.608487 ], [ -89.113061, 13.608856 ], [ -89.113208, 13.609038 ], [ -89.113379, 13.60924 ], [ -89.113451, 13.609417 ], [ -89.113438, 13.609509 ], [ -89.113436, 13.609511 ], [ -89.113413, 13.609546 ], [ -89.113416, 13.609579 ], [ -89.113449, 13.609596 ], [ -89.113496, 13.609606 ], [ -89.113598, 13.609681 ], [ -89.113682, 13.609732 ], [ -89.11374, 13.609779 ], [ -89.113816, 13.609915 ], [ -89.113817, 13.610042 ], [ -89.113799, 13.610198 ], [ -89.113911, 13.610329 ], [ -89.114176, 13.61063 ], [ -89.114499, 13.611283 ], [ -89.114655, 13.61146 ], [ -89.114763, 13.61161 ], [ -89.114768, 13.611737 ], [ -89.114565, 13.611974 ], [ -89.114612, 13.612335 ], [ -89.114822, 13.612768 ], [ -89.114864, 13.612897 ], [ -89.114839, 13.613124 ], [ -89.114883, 13.613394 ], [ -89.114862, 13.613436 ], [ -89.114841, 13.613478 ], [ -89.114979, 13.613479 ], [ -89.11533, 13.614178 ], [ -89.115491, 13.614501 ], [ -89.115608, 13.614689 ], [ -89.115664, 13.614745 ], [ -89.115829, 13.614987 ], [ -89.115904, 13.61512 ], [ -89.115949, 13.615216 ], [ -89.115966, 13.615353 ], [ -89.115955, 13.615553 ], [ -89.115912, 13.6158 ], [ -89.115934, 13.615822 ], [ -89.115997, 13.615893 ], [ -89.116027, 13.615944 ], [ -89.116034, 13.616002 ], [ -89.11605, 13.616126 ], [ -89.116081, 13.616238 ], [ -89.116034, 13.61637 ], [ -89.116125, 13.61645 ], [ -89.116336, 13.61678 ], [ -89.116382, 13.617286 ], [ -89.116329, 13.617836 ], [ -89.116176, 13.618527 ], [ -89.116077, 13.619206 ], [ -89.115945, 13.619471 ], [ -89.115845, 13.62004 ], [ -89.115614, 13.620357 ], [ -89.11537, 13.62059 ], [ -89.115416, 13.621092 ], [ -89.115455, 13.621318 ], [ -89.11558, 13.621635 ], [ -89.115712, 13.621907 ], [ -89.115923, 13.622219 ], [ -89.116134, 13.622523 ], [ -89.116219, 13.62285 ], [ -89.116232, 13.623083 ], [ -89.116416, 13.623594 ], [ -89.116528, 13.623936 ], [ -89.116699, 13.624268 ], [ -89.116936, 13.624876 ], [ -89.116976, 13.625122 ], [ -89.11687, 13.625374 ], [ -89.116678, 13.625646 ], [ -89.116626, 13.625714 ], [ -89.11658, 13.625804 ], [ -89.116533, 13.625963 ], [ -89.116394, 13.626257 ], [ -89.116325, 13.626393 ], [ -89.116186, 13.626596 ], [ -89.11614, 13.626687 ], [ -89.116094, 13.626868 ], [ -89.116071, 13.627026 ], [ -89.116069, 13.627036 ], [ -89.116069, 13.627038 ], [ -89.115912, 13.627553 ], [ -89.115836, 13.627923 ], [ -89.115816, 13.627959 ], [ -89.116294, 13.628033 ], [ -89.116326, 13.628312 ], [ -89.117021, 13.628295 ], [ -89.11705, 13.628298 ], [ -89.117284, 13.628391 ], [ -89.117309, 13.628385 ], [ -89.117333, 13.628517 ], [ -89.117345, 13.628629 ], [ -89.117329, 13.628776 ], [ -89.117272, 13.628896 ], [ -89.117242, 13.628992 ], [ -89.117234, 13.629043 ], [ -89.117243, 13.629238 ], [ -89.117262, 13.629268 ], [ -89.117274, 13.629317 ], [ -89.117282, 13.629403 ], [ -89.117322, 13.629519 ], [ -89.117282, 13.629538 ], [ -89.117254, 13.629579 ], [ -89.117165, 13.629743 ], [ -89.117105, 13.62984 ], [ -89.117003, 13.63 ], [ -89.116946, 13.630076 ], [ -89.116899, 13.630107 ], [ -89.116823, 13.630137 ], [ -89.11668, 13.630157 ], [ -89.116601, 13.630187 ], [ -89.116421, 13.630276 ], [ -89.116337, 13.630328 ], [ -89.116274, 13.630393 ], [ -89.116211, 13.630467 ], [ -89.116131, 13.630626 ], [ -89.116051, 13.630782 ], [ -89.115991, 13.630875 ], [ -89.115925, 13.630963 ], [ -89.115849, 13.631048 ], [ -89.115758, 13.631126 ], [ -89.115604, 13.631252 ], [ -89.115379, 13.63138 ], [ -89.115123, 13.631731 ], [ -89.115113, 13.631829 ], [ -89.115078, 13.632194 ], [ -89.115054, 13.632574 ], [ -89.115048, 13.632614 ], [ -89.115042, 13.632655 ], [ -89.114999, 13.632772 ], [ -89.114915, 13.632837 ], [ -89.114715, 13.632986 ], [ -89.114549, 13.633112 ], [ -89.114454, 13.633196 ], [ -89.114322, 13.63332 ], [ -89.11427, 13.633444 ], [ -89.114165, 13.633871 ], [ -89.114142, 13.633949 ], [ -89.114066, 13.634131 ], [ -89.114083, 13.634278 ], [ -89.114115, 13.634331 ], [ -89.114199, 13.634406 ], [ -89.114386, 13.634549 ], [ -89.114465, 13.634631 ], [ -89.114572, 13.63469 ], [ -89.114648, 13.634799 ], [ -89.114691, 13.634896 ], [ -89.114722, 13.635127 ], [ -89.114707, 13.635163 ], [ -89.11454, 13.635312 ], [ -89.114502, 13.635397 ], [ -89.11447, 13.63554 ], [ -89.114429, 13.635708 ], [ -89.114274, 13.635815 ], [ -89.114186, 13.635845 ], [ -89.114099, 13.635951 ], [ -89.114005, 13.636125 ], [ -89.113978, 13.636278 ], [ -89.113961, 13.636368 ], [ -89.113969, 13.636485 ], [ -89.114144, 13.636735 ], [ -89.114194, 13.636787 ], [ -89.114242, 13.636835 ], [ -89.114329, 13.636936 ], [ -89.114085, 13.636916 ], [ -89.113989, 13.636877 ], [ -89.11386, 13.636798 ], [ -89.11374, 13.636713 ], [ -89.113667, 13.636651 ], [ -89.1136, 13.636595 ], [ -89.113497, 13.636459 ], [ -89.113381, 13.636305 ], [ -89.113246, 13.636113 ], [ -89.112971, 13.635712 ], [ -89.112822, 13.635496 ], [ -89.112701, 13.635325 ], [ -89.112562, 13.635153 ], [ -89.11233, 13.634863 ], [ -89.111893, 13.634508 ], [ -89.111853, 13.634473 ], [ -89.111694, 13.634404 ], [ -89.111573, 13.634419 ], [ -89.111332, 13.634498 ], [ -89.111217, 13.634619 ], [ -89.111101, 13.634738 ], [ -89.111025, 13.634849 ], [ -89.110968, 13.634911 ], [ -89.110942, 13.634939 ], [ -89.110808, 13.635114 ], [ -89.110597, 13.635363 ], [ -89.110467, 13.635466 ], [ -89.110306, 13.635598 ], [ -89.110191, 13.635688 ], [ -89.110114, 13.635732 ], [ -89.109946, 13.635789 ], [ -89.109845, 13.635864 ], [ -89.109736, 13.635921 ], [ -89.109503, 13.635926 ], [ -89.10934, 13.635874 ], [ -89.109105, 13.635706 ], [ -89.108903, 13.635518 ], [ -89.108717, 13.635379 ], [ -89.108592, 13.635267 ], [ -89.108449, 13.635175 ], [ -89.108262, 13.635096 ], [ -89.108089, 13.635069 ], [ -89.107978, 13.635075 ], [ -89.107728, 13.635121 ], [ -89.107627, 13.635186 ], [ -89.107515, 13.635205 ], [ -89.107348, 13.635253 ], [ -89.107231, 13.635292 ], [ -89.107059, 13.635355 ], [ -89.106897, 13.635409 ], [ -89.106876, 13.635414 ], [ -89.106817, 13.635444 ], [ -89.106768, 13.635461 ], [ -89.106709, 13.635461 ], [ -89.10666, 13.63545 ], [ -89.106545, 13.635409 ], [ -89.106509, 13.635376 ], [ -89.106458, 13.63533 ], [ -89.106386, 13.635248 ], [ -89.106373, 13.635179 ], [ -89.106353, 13.635066 ], [ -89.106372, 13.635004 ], [ -89.106376, 13.634878 ], [ -89.106398, 13.634576 ], [ -89.106397, 13.634497 ], [ -89.106415, 13.634277 ], [ -89.10643, 13.634137 ], [ -89.106433, 13.634077 ], [ -89.106362, 13.633978 ], [ -89.106275, 13.633886 ], [ -89.106108, 13.633798 ], [ -89.106056, 13.633774 ], [ -89.105992, 13.633786 ], [ -89.105317, 13.633992 ], [ -89.104637, 13.634234 ], [ -89.104485, 13.634281 ], [ -89.10435, 13.634338 ], [ -89.104206, 13.63438 ], [ -89.104049, 13.634389 ], [ -89.103875, 13.634328 ], [ -89.103629, 13.6342 ], [ -89.1035, 13.634106 ], [ -89.103263, 13.633978 ], [ -89.103119, 13.633889 ], [ -89.102638, 13.633563 ], [ -89.102301, 13.633341 ], [ -89.102177, 13.633238 ], [ -89.101994, 13.633131 ], [ -89.101555, 13.632862 ] ] ] } },
{ "type": "Feature", "properties": { "fid": 306, "CANTON": "EL MORRO", "DISTRITO": "SANTIAGO TEXACUANGOS" }, "geometry": { "type": "Polygon", "coordinates": [ [ [ -89.115664, 13.614745 ], [ -89.115608, 13.614689 ], [ -89.115491, 13.614501 ], [ -89.11533, 13.614178 ], [ -89.114979, 13.613479 ], [ -89.114841, 13.613478 ], [ -89.114862, 13.613436 ], [ -89.114883, 13.613394 ], [ -89.114839, 13.613124 ], [ -89.114864, 13.612897 ], [ -89.114822, 13.612768 ], [ -89.114612, 13.612335 ], [ -89.114565, 13.611974 ], [ -89.114768, 13.611737 ], [ -89.114763, 13.61161 ], [ -89.114655, 13.61146 ], [ -89.114499, 13.611283 ], [ -89.114176, 13.61063 ], [ -89.113911, 13.610329 ], [ -89.113799, 13.610198 ], [ -89.113817, 13.610042 ], [ -89.113816, 13.609915 ], [ -89.11374, 13.609779 ], [ -89.113682, 13.609732 ], [ -89.113598, 13.609681 ], [ -89.113496, 13.609606 ], [ -89.113449, 13.609596 ], [ -89.113416, 13.609579 ], [ -89.113413, 13.609546 ], [ -89.113436, 13.609511 ], [ -89.113438, 13.609509 ], [ -89.113437, 13.609514 ], [ -89.113508, 13.609546 ], [ -89.113813, 13.609591 ], [ -89.113998, 13.609659 ], [ -89.11418, 13.609743 ], [ -89.114509, 13.609751 ], [ -89.114793, 13.610051 ], [ -89.114942, 13.610281 ], [ -89.114968, 13.610404 ], [ -89.115306, 13.610833 ], [ -89.11545, 13.610924 ], [ -89.115604, 13.611 ], [ -89.115837, 13.611027 ], [ -89.115948, 13.611017 ], [ -89.116252, 13.611028 ], [ -89.116447, 13.611036 ], [ -89.116669, 13.611146 ], [ -89.117131, 13.611385 ], [ -89.117692, 13.611709 ], [ -89.118, 13.611899 ], [ -89.118144, 13.611976 ], [ -89.118343, 13.61204 ], [ -89.118467, 13.612017 ], [ -89.118472, 13.612047 ], [ -89.118477, 13.612077 ], [ -89.118507, 13.612076 ], [ -89.118543, 13.612074 ], [ -89.118643, 13.612067 ], [ -89.11993, 13.611977 ], [ -89.119944, 13.611976 ], [ -89.120234, 13.611956 ], [ -89.120263, 13.611954 ], [ -89.120363, 13.611947 ], [ -89.120384, 13.611945 ], [ -89.120397, 13.611945 ], [ -89.120401, 13.611944 ], [ -89.120592, 13.611931 ], [ -89.120689, 13.611924 ], [ -89.120692, 13.611923 ], [ -89.120699, 13.611922 ], [ -89.120707, 13.611921 ], [ -89.120878, 13.611889 ], [ -89.12105, 13.611858 ], [ -89.121081, 13.611852 ], [ -89.121125, 13.611844 ], [ -89.121131, 13.611843 ], [ -89.121142, 13.611841 ], [ -89.121161, 13.611838 ], [ -89.121216, 13.611828 ], [ -89.121235, 13.611825 ], [ -89.121281, 13.611817 ], [ -89.121328, 13.611809 ], [ -89.121331, 13.611808 ], [ -89.121365, 13.611802 ], [ -89.121367, 13.611802 ], [ -89.121526, 13.61176 ], [ -89.121539, 13.611757 ], [ -89.121684, 13.61172 ], [ -89.12171, 13.611713 ], [ -89.121728, 13.611708 ], [ -89.121734, 13.611707 ], [ -89.121773, 13.6117 ], [ -89.121791, 13.611697 ], [ -89.121813, 13.611693 ], [ -89.121828, 13.611691 ], [ -89.121851, 13.611685 ], [ -89.121871, 13.61168 ], [ -89.121906, 13.611671 ], [ -89.12195, 13.61166 ], [ -89.121981, 13.611658 ], [ -89.122036, 13.611653 ], [ -89.12206, 13.611648 ], [ -89.122122, 13.611636 ], [ -89.122132, 13.611634 ], [ -89.122144, 13.611631 ], [ -89.122173, 13.611626 ], [ -89.122176, 13.611625 ], [ -89.122201, 13.611624 ], [ -89.122205, 13.611624 ], [ -89.122297, 13.611617 ], [ -89.122302, 13.611617 ], [ -89.122535, 13.611579 ], [ -89.122657, 13.611559 ], [ -89.122711, 13.61155 ], [ -89.123204, 13.611465 ], [ -89.123339, 13.611441 ], [ -89.123365, 13.611437 ], [ -89.123386, 13.611433 ], [ -89.123397, 13.611431 ], [ -89.123406, 13.61143 ], [ -89.123666, 13.611364 ], [ -89.123825, 13.611323 ], [ -89.124081, 13.611213 ], [ -89.1243, 13.61112 ], [ -89.124478, 13.611023 ], [ -89.124687, 13.610908 ], [ -89.124709, 13.610897 ], [ -89.124744, 13.61088 ], [ -89.124801, 13.610864 ], [ -89.124937, 13.610825 ], [ -89.124973, 13.610809 ], [ -89.124987, 13.610803 ], [ -89.125108, 13.610749 ], [ -89.125122, 13.610742 ], [ -89.125208, 13.610693 ], [ -89.125227, 13.610688 ], [ -89.12557, 13.610583 ], [ -89.125582, 13.610579 ], [ -89.125712, 13.610463 ], [ -89.125729, 13.610449 ], [ -89.126612, 13.609691 ], [ -89.126825, 13.609508 ], [ -89.127029, 13.609563 ], [ -89.127107, 13.609585 ], [ -89.12714, 13.609482 ], [ -89.127142, 13.609473 ], [ -89.127157, 13.609425 ], [ -89.12724, 13.609327 ], [ -89.127257, 13.609307 ], [ -89.127304, 13.60925 ], [ -89.127419, 13.609163 ], [ -89.127462, 13.60913 ], [ -89.127545, 13.609067 ], [ -89.127668, 13.609048 ], [ -89.12774, 13.609037 ], [ -89.127854, 13.609019 ], [ -89.127961, 13.609007 ], [ -89.12806, 13.608997 ], [ -89.128193, 13.608983 ], [ -89.12826, 13.608975 ], [ -89.128361, 13.608962 ], [ -89.12848, 13.608947 ], [ -89.128538, 13.608942 ], [ -89.128695, 13.608928 ], [ -89.128862, 13.608914 ], [ -89.128871, 13.608903 ], [ -89.128929, 13.60883 ], [ -89.128985, 13.608761 ], [ -89.128986, 13.608759 ], [ -89.129009, 13.60875 ], [ -89.129026, 13.608743 ], [ -89.12903, 13.608741 ], [ -89.129049, 13.608721 ], [ -89.129059, 13.608709 ], [ -89.129159, 13.608827 ], [ -89.12933, 13.609022 ], [ -89.129456, 13.609133 ], [ -89.129545, 13.609307 ], [ -89.129551, 13.609591 ], [ -89.12948, 13.60992 ], [ -89.129376, 13.610399 ], [ -89.129333, 13.610596 ], [ -89.129474, 13.610861 ], [ -89.129659, 13.611162 ], [ -89.129719, 13.611311 ], [ -89.129734, 13.611416 ], [ -89.129709, 13.611643 ], [ -89.129661, 13.611766 ], [ -89.129608, 13.611917 ], [ -89.129551, 13.612104 ], [ -89.129523, 13.612391 ], [ -89.12958, 13.612616 ], [ -89.129631, 13.612792 ], [ -89.129756, 13.613087 ], [ -89.129976, 13.613385 ], [ -89.130037, 13.613586 ], [ -89.130079, 13.61375 ], [ -89.130094, 13.614098 ], [ -89.129827, 13.614317 ], [ -89.129568, 13.614538 ], [ -89.129327, 13.614734 ], [ -89.129307, 13.614822 ], [ -89.129334, 13.615042 ], [ -89.129502, 13.615737 ], [ -89.129544, 13.615926 ], [ -89.129544, 13.616016 ], [ -89.129498, 13.616087 ], [ -89.129436, 13.616147 ], [ -89.12929, 13.616175 ], [ -89.129172, 13.616146 ], [ -89.128964, 13.616089 ], [ -89.128843, 13.616086 ], [ -89.128703, 13.616097 ], [ -89.12858, 13.616182 ], [ -89.128515, 13.616311 ], [ -89.128497, 13.616431 ], [ -89.128512, 13.616545 ], [ -89.128526, 13.616697 ], [ -89.128589, 13.616881 ], [ -89.128584, 13.617019 ], [ -89.128461, 13.617228 ], [ -89.12832, 13.617328 ], [ -89.128155, 13.617463 ], [ -89.128035, 13.617703 ], [ -89.127961, 13.617836 ], [ -89.127923, 13.618033 ], [ -89.127895, 13.618175 ], [ -89.127804, 13.618394 ], [ -89.127656, 13.618615 ], [ -89.127565, 13.618697 ], [ -89.127278, 13.618786 ], [ -89.127092, 13.618814 ], [ -89.126822, 13.618865 ], [ -89.126638, 13.619139 ], [ -89.12666, 13.619376 ], [ -89.12666, 13.619579 ], [ -89.126645, 13.619727 ], [ -89.12662, 13.619789 ], [ -89.126549, 13.619954 ], [ -89.126555, 13.620231 ], [ -89.12679, 13.620564 ], [ -89.126933, 13.620754 ], [ -89.126975, 13.620879 ], [ -89.126931, 13.620977 ], [ -89.126817, 13.621046 ], [ -89.126656, 13.621263 ], [ -89.126638, 13.621367 ], [ -89.126656, 13.621482 ], [ -89.126654, 13.621539 ], [ -89.126636, 13.621585 ], [ -89.1266, 13.621619 ], [ -89.126557, 13.621644 ], [ -89.126479, 13.62166 ], [ -89.126404, 13.62166 ], [ -89.126339, 13.621674 ], [ -89.126262, 13.621703 ], [ -89.126189, 13.621778 ], [ -89.126116, 13.621867 ], [ -89.126111, 13.621931 ], [ -89.12612, 13.622097 ], [ -89.126115, 13.622201 ], [ -89.126061, 13.62229 ], [ -89.125992, 13.622451 ], [ -89.125903, 13.622547 ], [ -89.125912, 13.622617 ], [ -89.126053, 13.622684 ], [ -89.126111, 13.622697 ], [ -89.126173, 13.622715 ], [ -89.126263, 13.622723 ], [ -89.126336, 13.622712 ], [ -89.126437, 13.622695 ], [ -89.126589, 13.622699 ], [ -89.12662, 13.622705 ], [ -89.126663, 13.62274 ], [ -89.126684, 13.622836 ], [ -89.126691, 13.622926 ], [ -89.126515, 13.623123 ], [ -89.126434, 13.623257 ], [ -89.126402, 13.623364 ], [ -89.126381, 13.623516 ], [ -89.126381, 13.623554 ], [ -89.126346, 13.623609 ], [ -89.1263, 13.623664 ], [ -89.126195, 13.623723 ], [ -89.126145, 13.623744 ], [ -89.126026, 13.623858 ], [ -89.12593, 13.623958 ], [ -89.125864, 13.624066 ], [ -89.125836, 13.624111 ], [ -89.12579, 13.624249 ], [ -89.125772, 13.624321 ], [ -89.12573, 13.624487 ], [ -89.125709, 13.62459 ], [ -89.125758, 13.624811 ], [ -89.125748, 13.624876 ], [ -89.125769, 13.625004 ], [ -89.12578, 13.625045 ], [ -89.125808, 13.62508 ], [ -89.125871, 13.625114 ], [ -89.125974, 13.625166 ], [ -89.12603, 13.625169 ], [ -89.12609, 13.625207 ], [ -89.126125, 13.625366 ], [ -89.12609, 13.625422 ], [ -89.126068, 13.625481 ], [ -89.126037, 13.626015 ], [ -89.126122, 13.626139 ], [ -89.126122, 13.626177 ], [ -89.126062, 13.62636 ], [ -89.126069, 13.626439 ], [ -89.126203, 13.626746 ], [ -89.126186, 13.627039 ], [ -89.126147, 13.627209 ], [ -89.126098, 13.62735 ], [ -89.125993, 13.627519 ], [ -89.125894, 13.627688 ], [ -89.125852, 13.627816 ], [ -89.125873, 13.627974 ], [ -89.125908, 13.628183 ], [ -89.125912, 13.628559 ], [ -89.125895, 13.628735 ], [ -89.12587, 13.628811 ], [ -89.125842, 13.628976 ], [ -89.125786, 13.628976 ], [ -89.125674, 13.629181 ], [ -89.1255, 13.6295 ], [ -89.125494, 13.629517 ], [ -89.125466, 13.629588 ], [ -89.125391, 13.629784 ], [ -89.125381, 13.629786 ], [ -89.12526, 13.629812 ], [ -89.124835, 13.629904 ], [ -89.124819, 13.629908 ], [ -89.124807, 13.629987 ], [ -89.124741, 13.630408 ], [ -89.124735, 13.630446 ], [ -89.124728, 13.630458 ], [ -89.124644, 13.630615 ], [ -89.124634, 13.630634 ], [ -89.124632, 13.630637 ], [ -89.124555, 13.630891 ], [ -89.124549, 13.63091 ], [ -89.12454, 13.630939 ], [ -89.124309, 13.630936 ], [ -89.124302, 13.630936 ], [ -89.12425, 13.630936 ], [ -89.124028, 13.630876 ], [ -89.123932, 13.63085 ], [ -89.123926, 13.630848 ], [ -89.123819, 13.63082 ], [ -89.12373, 13.630812 ], [ -89.123723, 13.630812 ], [ -89.123684, 13.630808 ], [ -89.123662, 13.630813 ], [ -89.123659, 13.630814 ], [ -89.123647, 13.630817 ], [ -89.123642, 13.630819 ], [ -89.123641, 13.630819 ], [ -89.123638, 13.63082 ], [ -89.123641, 13.630929 ], [ -89.123643, 13.630973 ], [ -89.123646, 13.631084 ], [ -89.123631, 13.631134 ], [ -89.123622, 13.631165 ], [ -89.123601, 13.631236 ], [ -89.123585, 13.631279 ], [ -89.123569, 13.631321 ], [ -89.123536, 13.63141 ], [ -89.123535, 13.631415 ], [ -89.123533, 13.631423 ], [ -89.12353, 13.631438 ], [ -89.123528, 13.631446 ], [ -89.123519, 13.631475 ], [ -89.123502, 13.63153 ], [ -89.123502, 13.631531 ], [ -89.123466, 13.631562 ], [ -89.12341, 13.631613 ], [ -89.123402, 13.631619 ], [ -89.123395, 13.631625 ], [ -89.123383, 13.631635 ], [ -89.12338, 13.631638 ], [ -89.123372, 13.631636 ], [ -89.123358, 13.631632 ], [ -89.123351, 13.631631 ], [ -89.123291, 13.631616 ], [ -89.123269, 13.631377 ], [ -89.123172, 13.631387 ], [ -89.123124, 13.631399 ], [ -89.123006, 13.631514 ], [ -89.122981, 13.631539 ], [ -89.122915, 13.631584 ], [ -89.122748, 13.631632 ], [ -89.122651, 13.631692 ], [ -89.122611, 13.631725 ], [ -89.122534, 13.631807 ], [ -89.122514, 13.631835 ], [ -89.122536, 13.631931 ], [ -89.122611, 13.632065 ], [ -89.122699, 13.632223 ], [ -89.122734, 13.632302 ], [ -89.12276, 13.63237 ], [ -89.122794, 13.632443 ], [ -89.122799, 13.632486 ], [ -89.122785, 13.632518 ], [ -89.12277, 13.63255 ], [ -89.122753, 13.632567 ], [ -89.122664, 13.632583 ], [ -89.122541, 13.632595 ], [ -89.122471, 13.632595 ], [ -89.122319, 13.632612 ], [ -89.122262, 13.632621 ], [ -89.122179, 13.632635 ], [ -89.12208, 13.632632 ], [ -89.121917, 13.632635 ], [ -89.121842, 13.632638 ], [ -89.121608, 13.632739 ], [ -89.121559, 13.63279 ], [ -89.121131, 13.632784 ], [ -89.120471, 13.632842 ], [ -89.119891, 13.632906 ], [ -89.119145, 13.633048 ], [ -89.118444, 13.633326 ], [ -89.117976, 13.633474 ], [ -89.117659, 13.633791 ], [ -89.117448, 13.634246 ], [ -89.116644, 13.635447 ], [ -89.116228, 13.635906 ], [ -89.115773, 13.636391 ], [ -89.115305, 13.636676 ], [ -89.115302, 13.636675 ], [ -89.115299, 13.636674 ], [ -89.115296, 13.636673 ], [ -89.115293, 13.636672 ], [ -89.11529, 13.636672 ], [ -89.115287, 13.636671 ], [ -89.115284, 13.63667 ], [ -89.115281, 13.63667 ], [ -89.115278, 13.636669 ], [ -89.115274, 13.636669 ], [ -89.115271, 13.636669 ], [ -89.115268, 13.636668 ], [ -89.115265, 13.636668 ], [ -89.115262, 13.636668 ], [ -89.115259, 13.636667 ], [ -89.115256, 13.636667 ], [ -89.115253, 13.636666 ], [ -89.115249, 13.636666 ], [ -89.115246, 13.636666 ], [ -89.115243, 13.636665 ], [ -89.11524, 13.636665 ], [ -89.115237, 13.636665 ], [ -89.115234, 13.636664 ], [ -89.115231, 13.636664 ], [ -89.115227, 13.636664 ], [ -89.115224, 13.636663 ], [ -89.115221, 13.636663 ], [ -89.115218, 13.636663 ], [ -89.115215, 13.636663 ], [ -89.115212, 13.636663 ], [ -89.115209, 13.636663 ], [ -89.115205, 13.636663 ], [ -89.115202, 13.636662 ], [ -89.115196, 13.636662 ], [ -89.115193, 13.636661 ], [ -89.11519, 13.636661 ], [ -89.115187, 13.636662 ], [ -89.115184, 13.636662 ], [ -89.115181, 13.636663 ], [ -89.115178, 13.636664 ], [ -89.115175, 13.636665 ], [ -89.115172, 13.636666 ], [ -89.115169, 13.636667 ], [ -89.115165, 13.636668 ], [ -89.115162, 13.63667 ], [ -89.115158, 13.636672 ], [ -89.115155, 13.636674 ], [ -89.115151, 13.636675 ], [ -89.115148, 13.636677 ], [ -89.115145, 13.636679 ], [ -89.115141, 13.636681 ], [ -89.115138, 13.636683 ], [ -89.115135, 13.636686 ], [ -89.115132, 13.636688 ], [ -89.115128, 13.63669 ], [ -89.115125, 13.636692 ], [ -89.115122, 13.636694 ], [ -89.115119, 13.636696 ], [ -89.115116, 13.636699 ], [ -89.115113, 13.636701 ], [ -89.115109, 13.636703 ], [ -89.115107, 13.636706 ], [ -89.115104, 13.636708 ], [ -89.115101, 13.636711 ], [ -89.115098, 13.636714 ], [ -89.115095, 13.636716 ], [ -89.115092, 13.636719 ], [ -89.115089, 13.636721 ], [ -89.115086, 13.636723 ], [ -89.115083, 13.636725 ], [ -89.115079, 13.636727 ], [ -89.115075, 13.636728 ], [ -89.115072, 13.636729 ], [ -89.115068, 13.63673 ], [ -89.115064, 13.636732 ], [ -89.11506, 13.636733 ], [ -89.115057, 13.636734 ], [ -89.115053, 13.636735 ], [ -89.115049, 13.636735 ], [ -89.115045, 13.636736 ], [ -89.115041, 13.636736 ], [ -89.115037, 13.636737 ], [ -89.115033, 13.636737 ], [ -89.115029, 13.636737 ], [ -89.115026, 13.636737 ], [ -89.115022, 13.636737 ], [ -89.115018, 13.636737 ], [ -89.115014, 13.636737 ], [ -89.11501, 13.636737 ], [ -89.115006, 13.636737 ], [ -89.115002, 13.636737 ], [ -89.114998, 13.636737 ], [ -89.114994, 13.636737 ], [ -89.11499, 13.636737 ], [ -89.114987, 13.636736 ], [ -89.114983, 13.636736 ], [ -89.114979, 13.636736 ], [ -89.114975, 13.636736 ], [ -89.114971, 13.636735 ], [ -89.114967, 13.636735 ], [ -89.114963, 13.636735 ], [ -89.114959, 13.636735 ], [ -89.114955, 13.636735 ], [ -89.114952, 13.636735 ], [ -89.114948, 13.636735 ], [ -89.114944, 13.636735 ], [ -89.11494, 13.636735 ], [ -89.114936, 13.636736 ], [ -89.114932, 13.636736 ], [ -89.114928, 13.636737 ], [ -89.114924, 13.636737 ], [ -89.11492, 13.636738 ], [ -89.114917, 13.636738 ], [ -89.114913, 13.636738 ], [ -89.114909, 13.636739 ], [ -89.114905, 13.636739 ], [ -89.114901, 13.63674 ], [ -89.114897, 13.63674 ], [ -89.114893, 13.63674 ], [ -89.114889, 13.636741 ], [ -89.114885, 13.636741 ], [ -89.114882, 13.636741 ], [ -89.114878, 13.636741 ], [ -89.114874, 13.636741 ], [ -89.11487, 13.636741 ], [ -89.114866, 13.636741 ], [ -89.114862, 13.636741 ], [ -89.114858, 13.636741 ], [ -89.114854, 13.636741 ], [ -89.11485, 13.636741 ], [ -89.114846, 13.636742 ], [ -89.114843, 13.636742 ], [ -89.114839, 13.636742 ], [ -89.114835, 13.636742 ], [ -89.114831, 13.636742 ], [ -89.114827, 13.636741 ], [ -89.114823, 13.636741 ], [ -89.11482, 13.636741 ], [ -89.114816, 13.636741 ], [ -89.114813, 13.636741 ], [ -89.114809, 13.636742 ], [ -89.114805, 13.636743 ], [ -89.114802, 13.636744 ], [ -89.114798, 13.636745 ], [ -89.114794, 13.636746 ], [ -89.114791, 13.636747 ], [ -89.114787, 13.636747 ], [ -89.114783, 13.636747 ], [ -89.11478, 13.636747 ], [ -89.114776, 13.636747 ], [ -89.114772, 13.636747 ], [ -89.114768, 13.636747 ], [ -89.114765, 13.636747 ], [ -89.114761, 13.636747 ], [ -89.114757, 13.636747 ], [ -89.114753, 13.636747 ], [ -89.11475, 13.636747 ], [ -89.114746, 13.636748 ], [ -89.114742, 13.636748 ], [ -89.114739, 13.636749 ], [ -89.114735, 13.636749 ], [ -89.114731, 13.63675 ], [ -89.114728, 13.63675 ], [ -89.114724, 13.63675 ], [ -89.11472, 13.63675 ], [ -89.114716, 13.63675 ], [ -89.114713, 13.636749 ], [ -89.114709, 13.636748 ], [ -89.114706, 13.636747 ], [ -89.114702, 13.636746 ], [ -89.114698, 13.636745 ], [ -89.114695, 13.636745 ], [ -89.114691, 13.636745 ], [ -89.114687, 13.636745 ], [ -89.114683, 13.636746 ], [ -89.11468, 13.636746 ], [ -89.114676, 13.636747 ], [ -89.114672, 13.636747 ], [ -89.114668, 13.636747 ], [ -89.114665, 13.636748 ], [ -89.114661, 13.636748 ], [ -89.114657, 13.636748 ], [ -89.114654, 13.636749 ], [ -89.11465, 13.636749 ], [ -89.114646, 13.636749 ], [ -89.114642, 13.636749 ], [ -89.114639, 13.63675 ], [ -89.114635, 13.63675 ], [ -89.114631, 13.63675 ], [ -89.114627, 13.63675 ], [ -89.114624, 13.63675 ], [ -89.11462, 13.636751 ], [ -89.114616, 13.636751 ], [ -89.114613, 13.636751 ], [ -89.114609, 13.636751 ], [ -89.114605, 13.636751 ], [ -89.114601, 13.636751 ], [ -89.114598, 13.636751 ], [ -89.114594, 13.636751 ], [ -89.114586, 13.636751 ], [ -89.114583, 13.636751 ], [ -89.114579, 13.636751 ], [ -89.114575, 13.636751 ], [ -89.114571, 13.636751 ], [ -89.114568, 13.636751 ], [ -89.114564, 13.636751 ], [ -89.11456, 13.636751 ], [ -89.114557, 13.636751 ], [ -89.114553, 13.636751 ], [ -89.114549, 13.636751 ], [ -89.114545, 13.636751 ], [ -89.114542, 13.636751 ], [ -89.114538, 13.636751 ], [ -89.114534, 13.636751 ], [ -89.11453, 13.636751 ], [ -89.114527, 13.636751 ], [ -89.114523, 13.636751 ], [ -89.114519, 13.636751 ], [ -89.114516, 13.63675 ], [ -89.114512, 13.63675 ], [ -89.114509, 13.636749 ], [ -89.114505, 13.636749 ], [ -89.114501, 13.636748 ], [ -89.114498, 13.636748 ], [ -89.114494, 13.636747 ], [ -89.114491, 13.636746 ], [ -89.114487, 13.636746 ], [ -89.114483, 13.636745 ], [ -89.114479, 13.636745 ], [ -89.114476, 13.636744 ], [ -89.114472, 13.636744 ], [ -89.114469, 13.636743 ], [ -89.114465, 13.636741 ], [ -89.114462, 13.63674 ], [ -89.114459, 13.636738 ], [ -89.114457, 13.636736 ], [ -89.114453, 13.636734 ], [ -89.11445, 13.636733 ], [ -89.114425, 13.636728 ], [ -89.114423, 13.636726 ], [ -89.114421, 13.636724 ], [ -89.114418, 13.636723 ], [ -89.114415, 13.636722 ], [ -89.114413, 13.636721 ], [ -89.114411, 13.636719 ], [ -89.114408, 13.636717 ], [ -89.114406, 13.636716 ], [ -89.114403, 13.636715 ], [ -89.114401, 13.636713 ], [ -89.114399, 13.636711 ], [ -89.114397, 13.636709 ], [ -89.114395, 13.636707 ], [ -89.114393, 13.636705 ], [ -89.114391, 13.636703 ], [ -89.114388, 13.636701 ], [ -89.114386, 13.6367 ], [ -89.114384, 13.636699 ], [ -89.114381, 13.636697 ], [ -89.114379, 13.636695 ], [ -89.114377, 13.636693 ], [ -89.114375, 13.636691 ], [ -89.114373, 13.636689 ], [ -89.114371, 13.636688 ], [ -89.114368, 13.636686 ], [ -89.114365, 13.636685 ], [ -89.114363, 13.636684 ], [ -89.114361, 13.636682 ], [ -89.114359, 13.63668 ], [ -89.114357, 13.636677 ], [ -89.114356, 13.636675 ], [ -89.114353, 13.636673 ], [ -89.114351, 13.636672 ], [ -89.114349, 13.63667 ], [ -89.114346, 13.636669 ], [ -89.114344, 13.636667 ], [ -89.114342, 13.636665 ], [ -89.11434, 13.636663 ], [ -89.114339, 13.63666 ], [ -89.114337, 13.636658 ], [ -89.114335, 13.636657 ], [ -89.114332, 13.636656 ], [ -89.11433, 13.636654 ], [ -89.114328, 13.636652 ], [ -89.114325, 13.63665 ], [ -89.114323, 13.636648 ], [ -89.114321, 13.636646 ], [ -89.114319, 13.636644 ], [ -89.114317, 13.636643 ], [ -89.114315, 13.636641 ], [ -89.114313, 13.636639 ], [ -89.11431, 13.636637 ], [ -89.114308, 13.636635 ], [ -89.114306, 13.636633 ], [ -89.114304, 13.636631 ], [ -89.114302, 13.636629 ], [ -89.1143, 13.636627 ], [ -89.114298, 13.636625 ], [ -89.114296, 13.636623 ], [ -89.114295, 13.636621 ], [ -89.114293, 13.636619 ], [ -89.114291, 13.636616 ], [ -89.114289, 13.636614 ], [ -89.114288, 13.636612 ], [ -89.114286, 13.63661 ], [ -89.114284, 13.636608 ], [ -89.114282, 13.636605 ], [ -89.11428, 13.636603 ], [ -89.114279, 13.636601 ], [ -89.114277, 13.636599 ], [ -89.114272, 13.636595 ], [ -89.11427, 13.636594 ], [ -89.114268, 13.636592 ], [ -89.114266, 13.63659 ], [ -89.114264, 13.636588 ], [ -89.114262, 13.636586 ], [ -89.114259, 13.636584 ], [ -89.114257, 13.636583 ], [ -89.114255, 13.636581 ], [ -89.114253, 13.636579 ], [ -89.114251, 13.636577 ], [ -89.114248, 13.636575 ], [ -89.114246, 13.636574 ], [ -89.114244, 13.636572 ], [ -89.114242, 13.63657 ], [ -89.114238, 13.636566 ], [ -89.114236, 13.636564 ], [ -89.114234, 13.636562 ], [ -89.114232, 13.63656 ], [ -89.11423, 13.636558 ], [ -89.114228, 13.636556 ], [ -89.114226, 13.636554 ], [ -89.114224, 13.636552 ], [ -89.114222, 13.63655 ], [ -89.114221, 13.636547 ], [ -89.114219, 13.636545 ], [ -89.114216, 13.636543 ], [ -89.114213, 13.63654 ], [ -89.114211, 13.636537 ], [ -89.114208, 13.636534 ], [ -89.114205, 13.636532 ], [ -89.114202, 13.636529 ], [ -89.1142, 13.636527 ], [ -89.114197, 13.636524 ], [ -89.114194, 13.636522 ], [ -89.114191, 13.636519 ], [ -89.114188, 13.636517 ], [ -89.114185, 13.636514 ], [ -89.114182, 13.636512 ], [ -89.114179, 13.636509 ], [ -89.114176, 13.636507 ], [ -89.114173, 13.636504 ], [ -89.114171, 13.636502 ], [ -89.114168, 13.636499 ], [ -89.114165, 13.636496 ], [ -89.114163, 13.636493 ], [ -89.11416, 13.63649 ], [ -89.114158, 13.636487 ], [ -89.114155, 13.636484 ], [ -89.114153, 13.636481 ], [ -89.114151, 13.636478 ], [ -89.114148, 13.636475 ], [ -89.114146, 13.636472 ], [ -89.114144, 13.636469 ], [ -89.114142, 13.636466 ], [ -89.11414, 13.636464 ], [ -89.113978, 13.636278 ], [ -89.114005, 13.636125 ], [ -89.114099, 13.635951 ], [ -89.114186, 13.635845 ], [ -89.114274, 13.635815 ], [ -89.114429, 13.635708 ], [ -89.11447, 13.63554 ], [ -89.114502, 13.635397 ], [ -89.11454, 13.635312 ], [ -89.114707, 13.635163 ], [ -89.114722, 13.635127 ], [ -89.114691, 13.634896 ], [ -89.114648, 13.634799 ], [ -89.114572, 13.63469 ], [ -89.114465, 13.634631 ], [ -89.114386, 13.634549 ], [ -89.114199, 13.634406 ], [ -89.114115, 13.634331 ], [ -89.114083, 13.634278 ], [ -89.114066, 13.634131 ], [ -89.114142, 13.633949 ], [ -89.114165, 13.633871 ], [ -89.11427, 13.633444 ], [ -89.114322, 13.63332 ], [ -89.114454, 13.633196 ], [ -89.114549, 13.633112 ], [ -89.114715, 13.632986 ], [ -89.114915, 13.632837 ], [ -89.114999, 13.632772 ], [ -89.115042, 13.632655 ], [ -89.115048, 13.632614 ], [ -89.115054, 13.632574 ], [ -89.115078, 13.632194 ], [ -89.115113, 13.631829 ], [ -89.115123, 13.631731 ], [ -89.115379, 13.63138 ], [ -89.115604, 13.631252 ], [ -89.115758, 13.631126 ], [ -89.115849, 13.631048 ], [ -89.115925, 13.630963 ], [ -89.115991, 13.630875 ], [ -89.116051, 13.630782 ], [ -89.116131, 13.630626 ], [ -89.116211, 13.630467 ], [ -89.116274, 13.630393 ], [ -89.116337, 13.630328 ], [ -89.116421, 13.630276 ], [ -89.116601, 13.630187 ], [ -89.11668, 13.630157 ], [ -89.116823, 13.630137 ], [ -89.116899, 13.630107 ], [ -89.116946, 13.630076 ], [ -89.117003, 13.63 ], [ -89.117105, 13.62984 ], [ -89.117165, 13.629743 ], [ -89.117254, 13.629579 ], [ -89.117282, 13.629538 ], [ -89.117322, 13.629519 ], [ -89.117282, 13.629403 ], [ -89.117274, 13.629317 ], [ -89.117262, 13.629268 ], [ -89.117243, 13.629238 ], [ -89.117234, 13.629043 ], [ -89.117242, 13.628992 ], [ -89.117272, 13.628896 ], [ -89.117329, 13.628776 ], [ -89.117345, 13.628629 ], [ -89.117333, 13.628517 ], [ -89.117309, 13.628385 ], [ -89.117284, 13.628391 ], [ -89.11705, 13.628298 ], [ -89.117021, 13.628295 ], [ -89.116326, 13.628312 ], [ -89.116294, 13.628033 ], [ -89.115816, 13.627959 ], [ -89.115836, 13.627923 ], [ -89.115912, 13.627553 ], [ -89.116069, 13.627038 ], [ -89.116069, 13.627036 ], [ -89.116071, 13.627026 ], [ -89.116094, 13.626868 ], [ -89.11614, 13.626687 ], [ -89.116186, 13.626596 ], [ -89.116325, 13.626393 ], [ -89.116394, 13.626257 ], [ -89.116533, 13.625963 ], [ -89.11658, 13.625804 ], [ -89.116626, 13.625714 ], [ -89.116678, 13.625646 ], [ -89.11687, 13.625374 ], [ -89.116976, 13.625122 ], [ -89.116936, 13.624876 ], [ -89.116699, 13.624268 ], [ -89.116528, 13.623936 ], [ -89.116416, 13.623594 ], [ -89.116232, 13.623083 ], [ -89.116219, 13.62285 ], [ -89.116134, 13.622523 ], [ -89.115923, 13.622219 ], [ -89.115712, 13.621907 ], [ -89.11558, 13.621635 ], [ -89.115455, 13.621318 ], [ -89.115416, 13.621092 ], [ -89.11537, 13.62059 ], [ -89.115614, 13.620357 ], [ -89.115845, 13.62004 ], [ -89.115945, 13.619471 ], [ -89.116077, 13.619206 ], [ -89.116176, 13.618527 ], [ -89.116329, 13.617836 ], [ -89.116382, 13.617286 ], [ -89.116336, 13.61678 ], [ -89.116125, 13.61645 ], [ -89.116034, 13.61637 ], [ -89.116081, 13.616238 ], [ -89.11605, 13.616126 ], [ -89.116034, 13.616002 ], [ -89.116027, 13.615944 ], [ -89.115997, 13.615893 ], [ -89.115934, 13.615822 ], [ -89.115912, 13.6158 ], [ -89.115955, 13.615553 ], [ -89.115966, 13.615353 ], [ -89.115949, 13.615216 ], [ -89.115904, 13.61512 ], [ -89.115829, 13.614987 ], [ -89.115664, 13.614745 ] ] ] } },
{ "type": "Feature", "properties": { "fid": 307, "CANTON": "EL CEDRO", "DISTRITO": "PANCHIMALCO" }, "geometry": { "type": "Polygon", "coordinates": [ [ [ -89.196584, 13.61617 ], [ -89.196652, 13.61613 ], [ -89.196864, 13.616048 ], [ -89.196953, 13.616059 ], [ -89.197299, 13.616004 ], [ -89.1975, 13.615978 ], [ -89.197601, 13.615819 ], [ -89.197651, 13.61568 ], [ -89.197703, 13.615433 ], [ -89.197723, 13.615252 ], [ -89.197769, 13.61516 ], [ -89.197951, 13.614976 ], [ -89.197985, 13.614932 ], [ -89.197998, 13.614892 ], [ -89.198052, 13.614548 ], [ -89.198134, 13.614377 ], [ -89.198233, 13.614233 ], [ -89.198292, 13.614166 ], [ -89.198335, 13.614062 ], [ -89.198338, 13.613941 ], [ -89.198329, 13.613854 ], [ -89.19831, 13.613773 ], [ -89.19828, 13.613667 ], [ -89.198207, 13.61348 ], [ -89.198069, 13.613052 ], [ -89.198053, 13.612941 ], [ -89.19805, 13.612876 ], [ -89.198108, 13.612639 ], [ -89.198185, 13.612171 ], [ -89.198229, 13.611968 ], [ -89.198269, 13.611725 ], [ -89.19855, 13.610936 ], [ -89.198561, 13.61088 ], [ -89.198588, 13.610803 ], [ -89.198699, 13.610598 ], [ -89.19893, 13.610136 ], [ -89.199034, 13.609902 ], [ -89.199131, 13.609779 ], [ -89.199223, 13.609686 ], [ -89.199378, 13.609555 ], [ -89.19949, 13.609437 ], [ -89.199623, 13.609274 ], [ -89.199759, 13.609121 ], [ -89.199992, 13.608871 ], [ -89.200082, 13.608783 ], [ -89.200303, 13.608614 ], [ -89.20053, 13.608472 ], [ -89.200602, 13.608441 ], [ -89.200849, 13.608384 ], [ -89.200955, 13.60836 ], [ -89.201002, 13.608342 ], [ -89.201037, 13.60833 ], [ -89.201128, 13.608282 ], [ -89.20121, 13.608233 ], [ -89.201325, 13.60818 ], [ -89.201368, 13.608156 ], [ -89.201631, 13.608024 ], [ -89.201707, 13.607993 ], [ -89.201984, 13.607874 ], [ -89.202204, 13.607778 ], [ -89.202441, 13.607645 ], [ -89.202508, 13.607597 ], [ -89.202632, 13.607457 ], [ -89.202711, 13.607318 ], [ -89.202735, 13.607265 ], [ -89.202788, 13.607169 ], [ -89.202835, 13.607068 ], [ -89.202844, 13.607045 ], [ -89.202882, 13.606922 ], [ -89.202918, 13.606859 ], [ -89.203003, 13.606725 ], [ -89.20309, 13.606607 ], [ -89.203177, 13.60651 ], [ -89.203432, 13.606263 ], [ -89.203501, 13.606211 ], [ -89.203565, 13.60617 ], [ -89.203766, 13.606061 ], [ -89.203789, 13.60604 ], [ -89.203863, 13.605869 ], [ -89.203916, 13.60577 ], [ -89.203991, 13.605669 ], [ -89.204008, 13.605621 ], [ -89.204016, 13.605569 ], [ -89.204214, 13.605398 ], [ -89.204379, 13.605273 ], [ -89.204465, 13.605194 ], [ -89.204547, 13.605104 ], [ -89.204642, 13.60496 ], [ -89.204702, 13.604845 ], [ -89.204753, 13.604776 ], [ -89.20482, 13.604719 ], [ -89.204955, 13.604596 ], [ -89.205096, 13.60452 ], [ -89.2053, 13.604393 ], [ -89.205403, 13.604287 ], [ -89.205431, 13.604243 ], [ -89.205491, 13.604124 ], [ -89.205564, 13.603904 ], [ -89.205607, 13.603781 ], [ -89.205711, 13.603591 ], [ -89.205785, 13.603495 ], [ -89.205848, 13.603397 ], [ -89.20595, 13.603218 ], [ -89.206173, 13.602835 ], [ -89.206385, 13.602494 ], [ -89.206436, 13.602421 ], [ -89.206545, 13.602284 ], [ -89.206751, 13.602069 ], [ -89.206796, 13.602035 ], [ -89.207038, 13.601895 ], [ -89.207139, 13.60184 ], [ -89.207199, 13.601819 ], [ -89.207326, 13.601806 ], [ -89.208024, 13.601421 ], [ -89.20826, 13.601406 ], [ -89.208498, 13.60129 ], [ -89.208698, 13.601176 ], [ -89.209079, 13.600943 ], [ -89.209263, 13.600927 ], [ -89.209588, 13.600924 ], [ -89.209738, 13.600917 ], [ -89.210073, 13.600876 ], [ -89.210259, 13.600813 ], [ -89.210811, 13.600527 ], [ -89.210848, 13.600489 ], [ -89.210876, 13.60043 ], [ -89.210986, 13.600053 ], [ -89.21114, 13.599315 ], [ -89.211292, 13.599418 ], [ -89.211447, 13.599494 ], [ -89.211523, 13.599518 ], [ -89.211607, 13.599518 ], [ -89.211779, 13.599498 ], [ -89.212029, 13.599494 ], [ -89.212091, 13.599494 ], [ -89.212224, 13.59956 ], [ -89.212313, 13.599624 ], [ -89.212558, 13.599816 ], [ -89.212621, 13.59985 ], [ -89.212727, 13.599875 ], [ -89.213031, 13.599897 ], [ -89.213383, 13.599911 ], [ -89.213504, 13.599889 ], [ -89.213615, 13.599879 ], [ -89.213964, 13.599652 ], [ -89.214261, 13.599457 ], [ -89.214585, 13.599422 ], [ -89.21466, 13.599333 ], [ -89.214692, 13.599189 ], [ -89.214776, 13.598929 ], [ -89.214857, 13.598892 ], [ -89.214932, 13.598926 ], [ -89.214977, 13.598948 ], [ -89.215, 13.59891 ], [ -89.215011, 13.598796 ], [ -89.214994, 13.59873 ], [ -89.214534, 13.598597 ], [ -89.214417, 13.59852 ], [ -89.214406, 13.598466 ], [ -89.214519, 13.598002 ], [ -89.214568, 13.59792 ], [ -89.214757, 13.597954 ], [ -89.214894, 13.59807 ], [ -89.215162, 13.598164 ], [ -89.21522, 13.598175 ], [ -89.215296, 13.598169 ], [ -89.215415, 13.598141 ], [ -89.215639, 13.597997 ], [ -89.215694, 13.597937 ], [ -89.215694, 13.597815 ], [ -89.215726, 13.597709 ], [ -89.215831, 13.59763 ], [ -89.215912, 13.597577 ], [ -89.215934, 13.59753 ], [ -89.215949, 13.597247 ], [ -89.215993, 13.597167 ], [ -89.21606, 13.597124 ], [ -89.216138, 13.597104 ], [ -89.216386, 13.597104 ], [ -89.216828, 13.597061 ], [ -89.217055, 13.597043 ], [ -89.217145, 13.597023 ], [ -89.217183, 13.596955 ], [ -89.217206, 13.596875 ], [ -89.217197, 13.596793 ], [ -89.216905, 13.595612 ], [ -89.217001, 13.595493 ], [ -89.217036, 13.595416 ], [ -89.217085, 13.595334 ], [ -89.217199, 13.595297 ], [ -89.217321, 13.595271 ], [ -89.217499, 13.595314 ], [ -89.217711, 13.595365 ], [ -89.217845, 13.595373 ], [ -89.217999, 13.594805 ], [ -89.217829, 13.594449 ], [ -89.217666, 13.594034 ], [ -89.217657, 13.593985 ], [ -89.217698, 13.593844 ], [ -89.217771, 13.593713 ], [ -89.218021, 13.593636 ], [ -89.218254, 13.593608 ], [ -89.218332, 13.593562 ], [ -89.218422, 13.593405 ], [ -89.218247, 13.593036 ], [ -89.218215, 13.592925 ], [ -89.218241, 13.592843 ], [ -89.218398, 13.592711 ], [ -89.218485, 13.592578 ], [ -89.21859, 13.592472 ], [ -89.218648, 13.592402 ], [ -89.218741, 13.592311 ], [ -89.218793, 13.592083 ], [ -89.218904, 13.59187 ], [ -89.21932, 13.591889 ], [ -89.219547, 13.591983 ], [ -89.219649, 13.591969 ], [ -89.219745, 13.591915 ], [ -89.219771, 13.591781 ], [ -89.219674, 13.591431 ], [ -89.219724, 13.591138 ], [ -89.219767, 13.591013 ], [ -89.219848, 13.590859 ], [ -89.220407, 13.590433 ], [ -89.22061, 13.590265 ], [ -89.221139, 13.589863 ], [ -89.22109, 13.589488 ], [ -89.221011, 13.589303 ], [ -89.220798, 13.589061 ], [ -89.220469, 13.588781 ], [ -89.220425, 13.588668 ], [ -89.220402, 13.588534 ], [ -89.22048, 13.588374 ], [ -89.220605, 13.588297 ], [ -89.220928, 13.588138 ], [ -89.221222, 13.587881 ], [ -89.221306, 13.587759 ], [ -89.221242, 13.587581 ], [ -89.221189, 13.587501 ], [ -89.221093, 13.587445 ], [ -89.220866, 13.587271 ], [ -89.220858, 13.587217 ], [ -89.22093, 13.587106 ], [ -89.220953, 13.587001 ], [ -89.220933, 13.586887 ], [ -89.220927, 13.586733 ], [ -89.22074, 13.586497 ], [ -89.220596, 13.586286 ], [ -89.220565, 13.586237 ], [ -89.220643, 13.58619 ], [ -89.220766, 13.586137 ], [ -89.22096, 13.586177 ], [ -89.221043, 13.586245 ], [ -89.221166, 13.586333 ], [ -89.221339, 13.58647 ], [ -89.221398, 13.586593 ], [ -89.221479, 13.586771 ], [ -89.221577, 13.586963 ], [ -89.222116, 13.587204 ], [ -89.222281, 13.587231 ], [ -89.222656, 13.587207 ], [ -89.223002, 13.587159 ], [ -89.22328, 13.587079 ], [ -89.223712, 13.586976 ], [ -89.22406, 13.586873 ], [ -89.224189, 13.586816 ], [ -89.224264, 13.586816 ], [ -89.224457, 13.586959 ], [ -89.224692, 13.587007 ], [ -89.224767, 13.586989 ], [ -89.224977, 13.586912 ], [ -89.225074, 13.586882 ], [ -89.225182, 13.586865 ], [ -89.225266, 13.586874 ], [ -89.22532, 13.586908 ], [ -89.225517, 13.587423 ], [ -89.225523, 13.587469 ], [ -89.225562, 13.587507 ], [ -89.225585, 13.587494 ], [ -89.225896, 13.587319 ], [ -89.226876, 13.586767 ], [ -89.226877, 13.586766 ], [ -89.227336, 13.586522 ], [ -89.228821, 13.585732 ], [ -89.228852, 13.585715 ], [ -89.22893, 13.585674 ], [ -89.228949, 13.585664 ], [ -89.228999, 13.585753 ], [ -89.229084, 13.585882 ], [ -89.229235, 13.586005 ], [ -89.229444, 13.586062 ], [ -89.229666, 13.586091 ], [ -89.229809, 13.586069 ], [ -89.229915, 13.586041 ], [ -89.23005, 13.586007 ], [ -89.230259, 13.585982 ], [ -89.230358, 13.58599 ], [ -89.230475, 13.58602 ], [ -89.230599, 13.586064 ], [ -89.230728, 13.586147 ], [ -89.230854, 13.586291 ], [ -89.23085, 13.586545 ], [ -89.23085, 13.586746 ], [ -89.230828, 13.587076 ], [ -89.230816, 13.587228 ], [ -89.230971, 13.587376 ], [ -89.231081, 13.587496 ], [ -89.231283, 13.587669 ], [ -89.231323, 13.587706 ], [ -89.231401, 13.587834 ], [ -89.231572, 13.58822 ], [ -89.231598, 13.588276 ], [ -89.231661, 13.588422 ], [ -89.231661, 13.588656 ], [ -89.231652, 13.588739 ], [ -89.231538, 13.589001 ], [ -89.231479, 13.589051 ], [ -89.231347, 13.58915 ], [ -89.231112, 13.589294 ], [ -89.231058, 13.589339 ], [ -89.231001, 13.589435 ], [ -89.230994, 13.589505 ], [ -89.230991, 13.589665 ], [ -89.230978, 13.589755 ], [ -89.230951, 13.590022 ], [ -89.231001, 13.590343 ], [ -89.231018, 13.590424 ], [ -89.231025, 13.590461 ], [ -89.23108, 13.590696 ], [ -89.231113, 13.590972 ], [ -89.231124, 13.591061 ], [ -89.231146, 13.591236 ], [ -89.231231, 13.591416 ], [ -89.231388, 13.591717 ], [ -89.231513, 13.59199 ], [ -89.231564, 13.592092 ], [ -89.231646, 13.592352 ], [ -89.231632, 13.592502 ], [ -89.231563, 13.592674 ], [ -89.231507, 13.592758 ], [ -89.231309, 13.592992 ], [ -89.231228, 13.59321 ], [ -89.231179, 13.593431 ], [ -89.23096, 13.594102 ], [ -89.230823, 13.594214 ], [ -89.230724, 13.594316 ], [ -89.230633, 13.594461 ], [ -89.230587, 13.594545 ], [ -89.230351, 13.595193 ], [ -89.230295, 13.595341 ], [ -89.230042, 13.595808 ], [ -89.229961, 13.595964 ], [ -89.229839, 13.596101 ], [ -89.229763, 13.596171 ], [ -89.229625, 13.596222 ], [ -89.229369, 13.596176 ], [ -89.229247, 13.596194 ], [ -89.22919, 13.596282 ], [ -89.229165, 13.596377 ], [ -89.229194, 13.596486 ], [ -89.229104, 13.596652 ], [ -89.229039, 13.596799 ], [ -89.228961, 13.597046 ], [ -89.228849, 13.597453 ], [ -89.228775, 13.597534 ], [ -89.228412, 13.59797 ], [ -89.228148, 13.598334 ], [ -89.228007, 13.598555 ], [ -89.227787, 13.598892 ], [ -89.227852, 13.599181 ], [ -89.227942, 13.599453 ], [ -89.227962, 13.599679 ], [ -89.227929, 13.599862 ], [ -89.227884, 13.600044 ], [ -89.227765, 13.600453 ], [ -89.22751, 13.600822 ], [ -89.227433, 13.600974 ], [ -89.227397, 13.601112 ], [ -89.227412, 13.60122 ], [ -89.227458, 13.601579 ], [ -89.227404, 13.601691 ], [ -89.227308, 13.601846 ], [ -89.227128, 13.601975 ], [ -89.22681, 13.602165 ], [ -89.226647, 13.602346 ], [ -89.226382, 13.602609 ], [ -89.22622, 13.60301 ], [ -89.226211, 13.603295 ], [ -89.226253, 13.603448 ], [ -89.22642, 13.604037 ], [ -89.226437, 13.604102 ], [ -89.226465, 13.60421 ], [ -89.226517, 13.604363 ], [ -89.226534, 13.60447 ], [ -89.226517, 13.604564 ], [ -89.226462, 13.604739 ], [ -89.226454, 13.60483 ], [ -89.226462, 13.604977 ], [ -89.226458, 13.605347 ], [ -89.226495, 13.605517 ], [ -89.22659, 13.605691 ], [ -89.226655, 13.605766 ], [ -89.226743, 13.6058 ], [ -89.226952, 13.605834 ], [ -89.227157, 13.605853 ], [ -89.227333, 13.605917 ], [ -89.22759, 13.606218 ], [ -89.227883, 13.606671 ], [ -89.228165, 13.606987 ], [ -89.228203, 13.6073 ], [ -89.228188, 13.607749 ], [ -89.22818, 13.608291 ], [ -89.228039, 13.608797 ], [ -89.228005, 13.608907 ], [ -89.227968, 13.60911 ], [ -89.227817, 13.609328 ], [ -89.227449, 13.609565 ], [ -89.227167, 13.609765 ], [ -89.227028, 13.609936 ], [ -89.226802, 13.610388 ], [ -89.226808, 13.610517 ], [ -89.226884, 13.610724 ], [ -89.227022, 13.610909 ], [ -89.227179, 13.611036 ], [ -89.227359, 13.611183 ], [ -89.227504, 13.611314 ], [ -89.227538, 13.611364 ], [ -89.227604, 13.611491 ], [ -89.22761, 13.611728 ], [ -89.227587, 13.611834 ], [ -89.227533, 13.612064 ], [ -89.227515, 13.612248 ], [ -89.227513, 13.612378 ], [ -89.227583, 13.612712 ], [ -89.22761, 13.612812 ], [ -89.22774, 13.613169 ], [ -89.227868, 13.61345 ], [ -89.227901, 13.613605 ], [ -89.227902, 13.613967 ], [ -89.227879, 13.614309 ], [ -89.227881, 13.614469 ], [ -89.227918, 13.614577 ], [ -89.228013, 13.614694 ], [ -89.22813, 13.614849 ], [ -89.228188, 13.614986 ], [ -89.228225, 13.615132 ], [ -89.228222, 13.615276 ], [ -89.228155, 13.615507 ], [ -89.228075, 13.61572 ], [ -89.227993, 13.615867 ], [ -89.227879, 13.616014 ], [ -89.227521, 13.616353 ], [ -89.227464, 13.616548 ], [ -89.227424, 13.616758 ], [ -89.227567, 13.616845 ], [ -89.227567, 13.616985 ], [ -89.227627, 13.617498 ], [ -89.22783, 13.617952 ], [ -89.228087, 13.618287 ], [ -89.228143, 13.618359 ], [ -89.228237, 13.618669 ], [ -89.22843, 13.618849 ], [ -89.228792, 13.618869 ], [ -89.228748, 13.618974 ], [ -89.228673, 13.619151 ], [ -89.228513, 13.619532 ], [ -89.228391, 13.619958 ], [ -89.228416, 13.620015 ], [ -89.228579, 13.620384 ], [ -89.228615, 13.620466 ], [ -89.228627, 13.620481 ], [ -89.228799, 13.620683 ], [ -89.22893, 13.62071 ], [ -89.228982, 13.620998 ], [ -89.229092, 13.621257 ], [ -89.229178, 13.62146 ], [ -89.229018, 13.621914 ], [ -89.229021, 13.622684 ], [ -89.229022, 13.622864 ], [ -89.229022, 13.622938 ], [ -89.229478, 13.623325 ], [ -89.229415, 13.623328 ], [ -89.228598, 13.623372 ], [ -89.228261, 13.62339 ], [ -89.227808, 13.623415 ], [ -89.227643, 13.623425 ], [ -89.22758, 13.623429 ], [ -89.22748, 13.623436 ], [ -89.227278, 13.623452 ], [ -89.227204, 13.623458 ], [ -89.227071, 13.623468 ], [ -89.227036, 13.623469 ], [ -89.227023, 13.62347 ], [ -89.226998, 13.623471 ], [ -89.226618, 13.623487 ], [ -89.226496, 13.623492 ], [ -89.226205, 13.623504 ], [ -89.226183, 13.623505 ], [ -89.226177, 13.623505 ], [ -89.226158, 13.623506 ], [ -89.226111, 13.623543 ], [ -89.226103, 13.623619 ], [ -89.226088, 13.623713 ], [ -89.226025, 13.624116 ], [ -89.225991, 13.624314 ], [ -89.22597, 13.624576 ], [ -89.225983, 13.624811 ], [ -89.226003, 13.625046 ], [ -89.226017, 13.625111 ], [ -89.226118, 13.625366 ], [ -89.226204, 13.625604 ], [ -89.226328, 13.625927 ], [ -89.226399, 13.626144 ], [ -89.226472, 13.626323 ], [ -89.226531, 13.626481 ], [ -89.226536, 13.626538 ], [ -89.226536, 13.62654 ], [ -89.226524, 13.626654 ], [ -89.226499, 13.626727 ], [ -89.226423, 13.626863 ], [ -89.226396, 13.626914 ], [ -89.226349, 13.626999 ], [ -89.226183, 13.627224 ], [ -89.225995, 13.627457 ], [ -89.225962, 13.627498 ], [ -89.225891, 13.627585 ], [ -89.225811, 13.62769 ], [ -89.225739, 13.6278 ], [ -89.225661, 13.627971 ], [ -89.225587, 13.628131 ], [ -89.225498, 13.62821 ], [ -89.225477, 13.628225 ], [ -89.22539, 13.62829 ], [ -89.225217, 13.628386 ], [ -89.225165, 13.628414 ], [ -89.225072, 13.628465 ], [ -89.225049, 13.628478 ], [ -89.225044, 13.628481 ], [ -89.225043, 13.628482 ], [ -89.225042, 13.628482 ], [ -89.224992, 13.628545 ], [ -89.224965, 13.628654 ], [ -89.224946, 13.628728 ], [ -89.224824, 13.629217 ], [ -89.224817, 13.629249 ], [ -89.224812, 13.629276 ], [ -89.224778, 13.629453 ], [ -89.224771, 13.629491 ], [ -89.224763, 13.62953 ], [ -89.224714, 13.629786 ], [ -89.224708, 13.629815 ], [ -89.224702, 13.629852 ], [ -89.224655, 13.6301 ], [ -89.224558, 13.630078 ], [ -89.224392, 13.630039 ], [ -89.223256, 13.629774 ], [ -89.223237, 13.629772 ], [ -89.223187, 13.629768 ], [ -89.22284, 13.629741 ], [ -89.222831, 13.629741 ], [ -89.222782, 13.629737 ], [ -89.222443, 13.62971 ], [ -89.222435, 13.62971 ], [ -89.222407, 13.629707 ], [ -89.222376, 13.629705 ], [ -89.222375, 13.629705 ], [ -89.222382, 13.629688 ], [ -89.222446, 13.629551 ], [ -89.222449, 13.629544 ], [ -89.222457, 13.629533 ], [ -89.222539, 13.629421 ], [ -89.222545, 13.629411 ], [ -89.222546, 13.62941 ], [ -89.22255, 13.629388 ], [ -89.22255, 13.629385 ], [ -89.222551, 13.629379 ], [ -89.222576, 13.629244 ], [ -89.222579, 13.629226 ], [ -89.222579, 13.629223 ], [ -89.222596, 13.629128 ], [ -89.222599, 13.629113 ], [ -89.222599, 13.629112 ], [ -89.222591, 13.629067 ], [ -89.22259, 13.62906 ], [ -89.222589, 13.629059 ], [ -89.222566, 13.628933 ], [ -89.222562, 13.628911 ], [ -89.222561, 13.628904 ], [ -89.222507, 13.628836 ], [ -89.222498, 13.628824 ], [ -89.222493, 13.628818 ], [ -89.222393, 13.62869 ], [ -89.222374, 13.628666 ], [ -89.222363, 13.628652 ], [ -89.222314, 13.628589 ], [ -89.222304, 13.628577 ], [ -89.222297, 13.628568 ], [ -89.22222, 13.628544 ], [ -89.222204, 13.62854 ], [ -89.22219, 13.628536 ], [ -89.222136, 13.628426 ], [ -89.222125, 13.628402 ], [ -89.222113, 13.628379 ], [ -89.222035, 13.62822 ], [ -89.222017, 13.628184 ], [ -89.221997, 13.628144 ], [ -89.222015, 13.628058 ], [ -89.222019, 13.628038 ], [ -89.222024, 13.628013 ], [ -89.222039, 13.627937 ], [ -89.222043, 13.627919 ], [ -89.222048, 13.627893 ], [ -89.22206, 13.627836 ], [ -89.222063, 13.627821 ], [ -89.222067, 13.627799 ], [ -89.22214, 13.627755 ], [ -89.22216, 13.627743 ], [ -89.222192, 13.627724 ], [ -89.222283, 13.627669 ], [ -89.22231, 13.627654 ], [ -89.222355, 13.627626 ], [ -89.222298, 13.62755 ], [ -89.222281, 13.627527 ], [ -89.222249, 13.627485 ], [ -89.222238, 13.627471 ], [ -89.222235, 13.627466 ], [ -89.222228, 13.627457 ], [ -89.222251, 13.627293 ], [ -89.222259, 13.627236 ], [ -89.222274, 13.627121 ], [ -89.222273, 13.627114 ], [ -89.222273, 13.627111 ], [ -89.222273, 13.627106 ], [ -89.222268, 13.627059 ], [ -89.222267, 13.627041 ], [ -89.222263, 13.627001 ], [ -89.222259, 13.626957 ], [ -89.222257, 13.626939 ], [ -89.222253, 13.626896 ], [ -89.222252, 13.626888 ], [ -89.222252, 13.626884 ], [ -89.222251, 13.626875 ], [ -89.22227, 13.626854 ], [ -89.222279, 13.626843 ], [ -89.222301, 13.626818 ], [ -89.222317, 13.626799 ], [ -89.222326, 13.62679 ], [ -89.222347, 13.626765 ], [ -89.222376, 13.626709 ], [ -89.222392, 13.626678 ], [ -89.222436, 13.626595 ], [ -89.222387, 13.626515 ], [ -89.222357, 13.626467 ], [ -89.222275, 13.626334 ], [ -89.222241, 13.626318 ], [ -89.222218, 13.626307 ], [ -89.222154, 13.626278 ], [ -89.22209, 13.626248 ], [ -89.222043, 13.626226 ], [ -89.221905, 13.626162 ], [ -89.221903, 13.626148 ], [ -89.2219, 13.626137 ], [ -89.221893, 13.626102 ], [ -89.221868, 13.625972 ], [ -89.221845, 13.625854 ], [ -89.221773, 13.625489 ], [ -89.221805, 13.625421 ], [ -89.221838, 13.625351 ], [ -89.221943, 13.625129 ], [ -89.221954, 13.625089 ], [ -89.221968, 13.625042 ], [ -89.222012, 13.624889 ], [ -89.222032, 13.624869 ], [ -89.22206, 13.62484 ], [ -89.222154, 13.624747 ], [ -89.222159, 13.624742 ], [ -89.222167, 13.624733 ], [ -89.222195, 13.624705 ], [ -89.222196, 13.624705 ], [ -89.222197, 13.624704 ], [ -89.2222, 13.6247 ], [ -89.222208, 13.624695 ], [ -89.222229, 13.624679 ], [ -89.222304, 13.624623 ], [ -89.222305, 13.624617 ], [ -89.222312, 13.624592 ], [ -89.222337, 13.624503 ], [ -89.222337, 13.624502 ], [ -89.222337, 13.624488 ], [ -89.222338, 13.62444 ], [ -89.222338, 13.624421 ], [ -89.222339, 13.624355 ], [ -89.222339, 13.624353 ], [ -89.222337, 13.624344 ], [ -89.222328, 13.624308 ], [ -89.222328, 13.624306 ], [ -89.222304, 13.624293 ], [ -89.222199, 13.624239 ], [ -89.22219, 13.624234 ], [ -89.222149, 13.624208 ], [ -89.221943, 13.624078 ], [ -89.221919, 13.624063 ], [ -89.221904, 13.62403 ], [ -89.22182, 13.623834 ], [ -89.221807, 13.623805 ], [ -89.221812, 13.623773 ], [ -89.221846, 13.623555 ], [ -89.221852, 13.623515 ], [ -89.221862, 13.623509 ], [ -89.221953, 13.623453 ], [ -89.221972, 13.623441 ], [ -89.221978, 13.623428 ], [ -89.222049, 13.623286 ], [ -89.222067, 13.623251 ], [ -89.222061, 13.623245 ], [ -89.221966, 13.623133 ], [ -89.22194, 13.623102 ], [ -89.221936, 13.623098 ], [ -89.221813, 13.622954 ], [ -89.221775, 13.622909 ], [ -89.221774, 13.622909 ], [ -89.221609, 13.622786 ], [ -89.221553, 13.622744 ], [ -89.221531, 13.622729 ], [ -89.221418, 13.622801 ], [ -89.22137, 13.622943 ], [ -89.221341, 13.623031 ], [ -89.221269, 13.623258 ], [ -89.221215, 13.6233 ], [ -89.221192, 13.623311 ], [ -89.220994, 13.623293 ], [ -89.220972, 13.623306 ], [ -89.220946, 13.623331 ], [ -89.220949, 13.62339 ], [ -89.220954, 13.623611 ], [ -89.220902, 13.623689 ], [ -89.220812, 13.623742 ], [ -89.220649, 13.62377 ], [ -89.220609, 13.623784 ], [ -89.220564, 13.623801 ], [ -89.220543, 13.623827 ], [ -89.220541, 13.623851 ], [ -89.220545, 13.623866 ], [ -89.220576, 13.623919 ], [ -89.220634, 13.623993 ], [ -89.220634, 13.624073 ], [ -89.220617, 13.624164 ], [ -89.220444, 13.624523 ], [ -89.220373, 13.624628 ], [ -89.220338, 13.624657 ], [ -89.220299, 13.624684 ], [ -89.220263, 13.624686 ], [ -89.220111, 13.624679 ], [ -89.220029, 13.624679 ], [ -89.219988, 13.624689 ], [ -89.219966, 13.624708 ], [ -89.219862, 13.624879 ], [ -89.219777, 13.624998 ], [ -89.219721, 13.625031 ], [ -89.219598, 13.625091 ], [ -89.219524, 13.62511 ], [ -89.21946, 13.625091 ], [ -89.219414, 13.625072 ], [ -89.219366, 13.625051 ], [ -89.219286, 13.625004 ], [ -89.219243, 13.624982 ], [ -89.219225, 13.624971 ], [ -89.219191, 13.624972 ], [ -89.219163, 13.624994 ], [ -89.219139, 13.625019 ], [ -89.219049, 13.625032 ], [ -89.218986, 13.625043 ], [ -89.218947, 13.625041 ], [ -89.218851, 13.625034 ], [ -89.218794, 13.62503 ], [ -89.218586, 13.625006 ], [ -89.218582, 13.625006 ], [ -89.218444, 13.625041 ], [ -89.218404, 13.625054 ], [ -89.218368, 13.625059 ], [ -89.218165, 13.625073 ], [ -89.217878, 13.625075 ], [ -89.21777, 13.625036 ], [ -89.217725, 13.62502 ], [ -89.217661, 13.625017 ], [ -89.217635, 13.625033 ], [ -89.217607, 13.625141 ], [ -89.217599, 13.625208 ], [ -89.217558, 13.625365 ], [ -89.217508, 13.625455 ], [ -89.217357, 13.625594 ], [ -89.217184, 13.625664 ], [ -89.217061, 13.625745 ], [ -89.216833, 13.625814 ], [ -89.216669, 13.625871 ], [ -89.216637, 13.625887 ], [ -89.21661, 13.625907 ], [ -89.21656, 13.625969 ], [ -89.216529, 13.626027 ], [ -89.216523, 13.626199 ], [ -89.216497, 13.626338 ], [ -89.21642, 13.626413 ], [ -89.216292, 13.62651 ], [ -89.216204, 13.626569 ], [ -89.215872, 13.626764 ], [ -89.215784, 13.626945 ], [ -89.215771, 13.626997 ], [ -89.215761, 13.627066 ], [ -89.21577, 13.627347 ], [ -89.215719, 13.627467 ], [ -89.215681, 13.627543 ], [ -89.215649, 13.627597 ], [ -89.215577, 13.627691 ], [ -89.215412, 13.627853 ], [ -89.215321, 13.627963 ], [ -89.215189, 13.6281 ], [ -89.215149, 13.628134 ], [ -89.214991, 13.628311 ], [ -89.214811, 13.628465 ], [ -89.214708, 13.628582 ], [ -89.214674, 13.628673 ], [ -89.214675, 13.628676 ], [ -89.214673, 13.628676 ], [ -89.214619, 13.62868 ], [ -89.213322, 13.62876 ], [ -89.212445, 13.628704 ], [ -89.211977, 13.628418 ], [ -89.212406, 13.628074 ], [ -89.212366, 13.627502 ], [ -89.21182, 13.627197 ], [ -89.210962, 13.626778 ], [ -89.209988, 13.626588 ], [ -89.209903, 13.626572 ], [ -89.20989, 13.62659 ], [ -89.209855, 13.626681 ], [ -89.209697, 13.626773 ], [ -89.209577, 13.626907 ], [ -89.209559, 13.626894 ], [ -89.20876, 13.626322 ], [ -89.207999, 13.625941 ], [ -89.207064, 13.62579 ], [ -89.205894, 13.625524 ], [ -89.205387, 13.624952 ], [ -89.205115, 13.624346 ], [ -89.205115, 13.624078 ], [ -89.205445, 13.623468 ], [ -89.205479, 13.623332 ], [ -89.205628, 13.623097 ], [ -89.205736, 13.622968 ], [ -89.205835, 13.622798 ], [ -89.20568, 13.622522 ], [ -89.205646, 13.622396 ], [ -89.205646, 13.622304 ], [ -89.205673, 13.622192 ], [ -89.205915, 13.621857 ], [ -89.206083, 13.621848 ], [ -89.206333, 13.621914 ], [ -89.20647, 13.621874 ], [ -89.206591, 13.621751 ], [ -89.206822, 13.621373 ], [ -89.206682, 13.620989 ], [ -89.206653, 13.620859 ], [ -89.206648, 13.620561 ], [ -89.206911, 13.620168 ], [ -89.207476, 13.62015 ], [ -89.207472, 13.620076 ], [ -89.207017, 13.619788 ], [ -89.206112, 13.619535 ], [ -89.205966, 13.619457 ], [ -89.204431, 13.618036 ], [ -89.204065, 13.617958 ], [ -89.203312, 13.618107 ], [ -89.203029, 13.618053 ], [ -89.202499, 13.618069 ], [ -89.202408, 13.618112 ], [ -89.202149, 13.61826 ], [ -89.202022, 13.618373 ], [ -89.201651, 13.618724 ], [ -89.201444, 13.618607 ], [ -89.201101, 13.61828 ], [ -89.20081, 13.618121 ], [ -89.200201, 13.618035 ], [ -89.199803, 13.617993 ], [ -89.199404, 13.617962 ], [ -89.199149, 13.61797 ], [ -89.198783, 13.617752 ], [ -89.198418, 13.617618 ], [ -89.196463, 13.61687 ], [ -89.196487, 13.616757 ], [ -89.196524, 13.616469 ], [ -89.196584, 13.61617 ] ] ] } },
{ "type": "Feature", "properties": { "fid": 308, "CANTON": "EL DIVISADERO", "DISTRITO": "PANCHIMALCO" }, "geometry": { "type": "Polygon", "coordinates": [ [ [ -89.156993, 13.607658 ], [ -89.156912, 13.607503 ], [ -89.156858, 13.607407 ], [ -89.156838, 13.607322 ], [ -89.156819, 13.607237 ], [ -89.156812, 13.60718 ], [ -89.156825, 13.607137 ], [ -89.156822, 13.607088 ], [ -89.156856, 13.607028 ], [ -89.156873, 13.606995 ], [ -89.156876, 13.606935 ], [ -89.156866, 13.606896 ], [ -89.156846, 13.60684 ], [ -89.156835, 13.606777 ], [ -89.156808, 13.606671 ], [ -89.156801, 13.606611 ], [ -89.156784, 13.606568 ], [ -89.156693, 13.606403 ], [ -89.156653, 13.606274 ], [ -89.156585, 13.606162 ], [ -89.156545, 13.606129 ], [ -89.156521, 13.606106 ], [ -89.156507, 13.606073 ], [ -89.156494, 13.606 ], [ -89.15646, 13.605924 ], [ -89.156403, 13.605809 ], [ -89.156352, 13.605749 ], [ -89.156294, 13.605726 ], [ -89.15625, 13.605696 ], [ -89.156213, 13.60566 ], [ -89.156206, 13.605627 ], [ -89.15624, 13.605581 ], [ -89.156274, 13.605521 ], [ -89.156281, 13.605468 ], [ -89.156254, 13.605379 ], [ -89.15622, 13.605303 ], [ -89.156203, 13.60522 ], [ -89.156179, 13.605138 ], [ -89.156176, 13.605022 ], [ -89.156206, 13.604926 ], [ -89.156243, 13.604699 ], [ -89.156263, 13.604616 ], [ -89.156277, 13.604384 ], [ -89.156324, 13.604216 ], [ -89.156341, 13.60413 ], [ -89.156317, 13.604044 ], [ -89.156253, 13.603826 ], [ -89.156226, 13.603661 ], [ -89.156219, 13.603621 ], [ -89.156249, 13.603568 ], [ -89.156236, 13.603499 ], [ -89.156178, 13.603344 ], [ -89.156134, 13.603228 ], [ -89.15607, 13.603099 ], [ -89.156012, 13.603003 ], [ -89.15585, 13.602839 ], [ -89.155782, 13.602762 ], [ -89.155748, 13.602716 ], [ -89.155721, 13.60265 ], [ -89.155738, 13.602597 ], [ -89.155786, 13.602501 ], [ -89.155887, 13.602329 ], [ -89.155965, 13.602243 ], [ -89.155995, 13.6022 ], [ -89.156012, 13.60211 ], [ -89.156052, 13.601953 ], [ -89.156032, 13.601787 ], [ -89.155954, 13.601704 ], [ -89.155846, 13.601622 ], [ -89.15565, 13.601526 ], [ -89.155545, 13.601466 ], [ -89.155427, 13.601385 ], [ -89.15539, 13.601289 ], [ -89.155444, 13.601216 ], [ -89.155484, 13.601166 ], [ -89.155535, 13.60109 ], [ -89.155579, 13.600987 ], [ -89.155602, 13.600898 ], [ -89.155599, 13.600848 ], [ -89.155568, 13.600759 ], [ -89.155562, 13.60068 ], [ -89.155585, 13.600584 ], [ -89.155643, 13.600461 ], [ -89.155676, 13.600374 ], [ -89.155723, 13.600305 ], [ -89.155784, 13.600225 ], [ -89.155797, 13.600182 ], [ -89.155812, 13.600129 ], [ -89.155819, 13.600083 ], [ -89.155822, 13.600029 ], [ -89.155822, 13.599969 ], [ -89.155815, 13.599913 ], [ -89.155806, 13.599879 ], [ -89.155765, 13.599793 ], [ -89.155745, 13.599768 ], [ -89.155723, 13.59974 ], [ -89.155701, 13.599704 ], [ -89.155694, 13.599668 ], [ -89.155694, 13.59961 ], [ -89.155685, 13.599544 ], [ -89.155699, 13.599471 ], [ -89.155714, 13.599426 ], [ -89.155774, 13.599242 ], [ -89.155794, 13.59915 ], [ -89.155807, 13.599086 ], [ -89.155819, 13.599018 ], [ -89.15582, 13.598944 ], [ -89.155817, 13.59884 ], [ -89.155734, 13.598598 ], [ -89.155724, 13.598535 ], [ -89.155738, 13.598477 ], [ -89.155755, 13.5984 ], [ -89.155754, 13.598271 ], [ -89.155759, 13.598191 ], [ -89.155799, 13.598032 ], [ -89.155844, 13.597979 ], [ -89.155933, 13.597834 ], [ -89.156015, 13.597572 ], [ -89.155762, 13.597 ], [ -89.155595, 13.596884 ], [ -89.155504, 13.596783 ], [ -89.155295, 13.596464 ], [ -89.155164, 13.596205 ], [ -89.155074, 13.596037 ], [ -89.15434, 13.595389 ], [ -89.154094, 13.59496 ], [ -89.153629, 13.594828 ], [ -89.153417, 13.594801 ], [ -89.153151, 13.594799 ], [ -89.152945, 13.594686 ], [ -89.152924, 13.594556 ], [ -89.152909, 13.594379 ], [ -89.152891, 13.594279 ], [ -89.152725, 13.594107 ], [ -89.152664, 13.594001 ], [ -89.152567, 13.593856 ], [ -89.152488, 13.593675 ], [ -89.152389, 13.593511 ], [ -89.152313, 13.593416 ], [ -89.152229, 13.593318 ], [ -89.152159, 13.593244 ], [ -89.152053, 13.59317 ], [ -89.15179, 13.592996 ], [ -89.15166, 13.592886 ], [ -89.151535, 13.592789 ], [ -89.151466, 13.592682 ], [ -89.151405, 13.592484 ], [ -89.151378, 13.592369 ], [ -89.151369, 13.592301 ], [ -89.151357, 13.59212 ], [ -89.151305, 13.592 ], [ -89.15129, 13.591884 ], [ -89.151284, 13.591792 ], [ -89.151278, 13.591671 ], [ -89.151275, 13.591623 ], [ -89.151378, 13.591564 ], [ -89.151478, 13.591511 ], [ -89.151588, 13.591446 ], [ -89.151653, 13.591401 ], [ -89.151733, 13.591346 ], [ -89.151809, 13.59129 ], [ -89.151841, 13.591254 ], [ -89.151849, 13.591217 ], [ -89.15185, 13.591061 ], [ -89.151854, 13.590888 ], [ -89.151828, 13.590813 ], [ -89.151778, 13.590736 ], [ -89.151702, 13.590663 ], [ -89.151602, 13.590614 ], [ -89.151469, 13.590572 ], [ -89.15143, 13.59054 ], [ -89.151414, 13.590495 ], [ -89.151411, 13.590414 ], [ -89.15142, 13.590372 ], [ -89.151442, 13.590264 ], [ -89.151565, 13.590041 ], [ -89.151595, 13.58997 ], [ -89.151619, 13.589926 ], [ -89.15162, 13.589886 ], [ -89.151615, 13.589849 ], [ -89.151701, 13.589876 ], [ -89.152362, 13.590073 ], [ -89.152588, 13.590104 ], [ -89.153128, 13.590239 ], [ -89.153375, 13.590449 ], [ -89.153509, 13.590696 ], [ -89.153979, 13.590836 ], [ -89.154312, 13.59096 ], [ -89.154548, 13.591172 ], [ -89.154804, 13.591336 ], [ -89.155259, 13.59157 ], [ -89.15562, 13.591577 ], [ -89.155836, 13.591694 ], [ -89.155956, 13.591874 ], [ -89.155984, 13.591848 ], [ -89.156056, 13.591542 ], [ -89.156419, 13.591587 ], [ -89.156642, 13.591615 ], [ -89.157203, 13.591904 ], [ -89.157558, 13.592087 ], [ -89.157698, 13.591813 ], [ -89.157879, 13.591872 ], [ -89.157969, 13.591891 ], [ -89.158799, 13.591899 ], [ -89.159552, 13.592085 ], [ -89.160052, 13.592185 ], [ -89.160884, 13.592359 ], [ -89.160969, 13.592376 ], [ -89.161056, 13.592226 ], [ -89.161289, 13.591915 ], [ -89.161495, 13.591839 ], [ -89.161711, 13.591729 ], [ -89.161969, 13.591619 ], [ -89.161891, 13.591367 ], [ -89.16221, 13.591341 ], [ -89.162356, 13.591223 ], [ -89.162563, 13.591172 ], [ -89.162588, 13.591029 ], [ -89.162752, 13.59065 ], [ -89.163113, 13.590431 ], [ -89.163249, 13.590446 ], [ -89.163336, 13.590539 ], [ -89.163425, 13.590721 ], [ -89.163456, 13.590863 ], [ -89.163474, 13.591016 ], [ -89.163502, 13.591088 ], [ -89.163566, 13.591138 ], [ -89.163717, 13.591628 ], [ -89.163754, 13.591659 ], [ -89.164148, 13.591822 ], [ -89.164282, 13.59193 ], [ -89.164337, 13.591999 ], [ -89.164424, 13.592131 ], [ -89.164542, 13.592314 ], [ -89.164619, 13.592418 ], [ -89.164619, 13.592531 ], [ -89.164665, 13.592782 ], [ -89.164702, 13.593026 ], [ -89.164658, 13.593221 ], [ -89.164586, 13.593681 ], [ -89.164521, 13.594063 ], [ -89.1645, 13.594502 ], [ -89.164647, 13.594811 ], [ -89.164971, 13.595114 ], [ -89.165512, 13.595486 ], [ -89.165912, 13.595731 ], [ -89.166102, 13.595802 ], [ -89.166246, 13.595955 ], [ -89.166505, 13.595599 ], [ -89.166521, 13.595703 ], [ -89.166601, 13.595984 ], [ -89.16658, 13.596133 ], [ -89.166589, 13.596308 ], [ -89.166477, 13.596361 ], [ -89.166497, 13.596366 ], [ -89.166619, 13.596633 ], [ -89.16664, 13.596782 ], [ -89.166776, 13.596961 ], [ -89.166981, 13.596934 ], [ -89.167021, 13.596964 ], [ -89.167069, 13.597147 ], [ -89.16716, 13.597274 ], [ -89.167372, 13.598075 ], [ -89.167471, 13.598376 ], [ -89.167496, 13.598477 ], [ -89.167665, 13.598604 ], [ -89.168155, 13.598679 ], [ -89.168513, 13.598713 ], [ -89.168699, 13.598691 ], [ -89.169067, 13.598999 ], [ -89.169225, 13.599199 ], [ -89.169349, 13.59939 ], [ -89.16939, 13.599511 ], [ -89.169416, 13.599679 ], [ -89.169474, 13.59987 ], [ -89.169672, 13.600154 ], [ -89.16981, 13.600208 ], [ -89.169891, 13.600229 ], [ -89.170118, 13.600625 ], [ -89.17023, 13.600708 ], [ -89.170431, 13.600748 ], [ -89.170613, 13.600703 ], [ -89.170786, 13.600615 ], [ -89.170958, 13.600696 ], [ -89.171025, 13.600853 ], [ -89.17098, 13.600923 ], [ -89.170861, 13.601046 ], [ -89.170804, 13.601187 ], [ -89.170788, 13.601243 ], [ -89.170919, 13.601669 ], [ -89.171101, 13.602149 ], [ -89.171233, 13.602421 ], [ -89.171333, 13.60254 ], [ -89.17143, 13.602692 ], [ -89.171463, 13.602753 ], [ -89.171577, 13.602961 ], [ -89.171743, 13.603192 ], [ -89.171982, 13.60331 ], [ -89.172173, 13.603339 ], [ -89.172675, 13.603406 ], [ -89.172791, 13.60342 ], [ -89.17292, 13.603468 ], [ -89.173027, 13.603545 ], [ -89.173108, 13.603614 ], [ -89.173233, 13.603646 ], [ -89.173348, 13.603648 ], [ -89.173459, 13.603576 ], [ -89.173545, 13.603454 ], [ -89.173708, 13.603544 ], [ -89.173784, 13.603626 ], [ -89.173846, 13.60371 ], [ -89.173919, 13.603758 ], [ -89.174045, 13.603814 ], [ -89.174184, 13.603859 ], [ -89.174559, 13.60391 ], [ -89.175076, 13.603935 ], [ -89.175268, 13.604082 ], [ -89.175476, 13.604296 ], [ -89.175632, 13.604404 ], [ -89.175777, 13.604463 ], [ -89.176031, 13.6045 ], [ -89.176164, 13.604546 ], [ -89.176328, 13.604613 ], [ -89.176468, 13.604686 ], [ -89.176632, 13.604791 ], [ -89.17674, 13.60487 ], [ -89.176695, 13.604924 ], [ -89.176612, 13.605035 ], [ -89.17653, 13.605146 ], [ -89.176418, 13.605232 ], [ -89.176307, 13.605318 ], [ -89.176195, 13.605366 ], [ -89.176154, 13.605384 ], [ -89.176082, 13.605414 ], [ -89.175936, 13.605535 ], [ -89.175927, 13.605542 ], [ -89.175947, 13.605749 ], [ -89.176009, 13.605819 ], [ -89.176071, 13.605889 ], [ -89.176084, 13.605901 ], [ -89.176195, 13.605995 ], [ -89.176191, 13.606048 ], [ -89.176188, 13.606102 ], [ -89.176185, 13.606154 ], [ -89.176172, 13.606162 ], [ -89.176081, 13.606218 ], [ -89.175886, 13.606292 ], [ -89.175793, 13.606327 ], [ -89.175761, 13.606339 ], [ -89.17568, 13.606396 ], [ -89.175607, 13.606448 ], [ -89.175579, 13.606467 ], [ -89.175537, 13.606585 ], [ -89.175538, 13.606606 ], [ -89.175547, 13.606695 ], [ -89.175557, 13.606805 ], [ -89.17556, 13.60689 ], [ -89.175561, 13.60693 ], [ -89.175563, 13.606974 ], [ -89.175522, 13.607054 ], [ -89.175472, 13.607153 ], [ -89.175339, 13.607322 ], [ -89.175258, 13.607458 ], [ -89.175215, 13.607532 ], [ -89.175179, 13.607705 ], [ -89.175143, 13.607877 ], [ -89.175132, 13.60816 ], [ -89.175097, 13.608207 ], [ -89.175111, 13.608269 ], [ -89.175072, 13.608286 ], [ -89.175005, 13.608322 ], [ -89.174938, 13.608433 ], [ -89.174624, 13.608531 ], [ -89.174437, 13.608531 ], [ -89.174352, 13.608534 ], [ -89.174213, 13.608567 ], [ -89.174053, 13.608512 ], [ -89.173668, 13.608574 ], [ -89.17356, 13.6087 ], [ -89.173544, 13.608753 ], [ -89.17347, 13.608877 ], [ -89.173428, 13.608993 ], [ -89.173385, 13.609237 ], [ -89.173347, 13.609396 ], [ -89.173271, 13.609603 ], [ -89.173228, 13.609667 ], [ -89.17319, 13.609678 ], [ -89.173109, 13.609646 ], [ -89.173033, 13.609609 ], [ -89.172951, 13.609641 ], [ -89.172886, 13.609699 ], [ -89.172864, 13.609731 ], [ -89.172859, 13.60979 ], [ -89.17274, 13.610087 ], [ -89.172518, 13.610581 ], [ -89.17235, 13.611069 ], [ -89.172198, 13.611361 ], [ -89.172036, 13.611489 ], [ -89.172019, 13.611637 ], [ -89.171955, 13.612025 ], [ -89.171846, 13.612423 ], [ -89.171548, 13.612874 ], [ -89.171272, 13.613198 ], [ -89.170919, 13.613512 ], [ -89.170724, 13.613538 ], [ -89.170534, 13.613538 ], [ -89.170361, 13.613634 ], [ -89.169986, 13.613889 ], [ -89.169677, 13.614059 ], [ -89.169303, 13.614511 ], [ -89.1691, 13.614745 ], [ -89.168844, 13.614971 ], [ -89.167899, 13.615395 ], [ -89.167838, 13.615233 ], [ -89.167087, 13.615236 ], [ -89.166735, 13.615308 ], [ -89.166273, 13.615805 ], [ -89.165827, 13.616166 ], [ -89.1656, 13.616562 ], [ -89.165426, 13.617216 ], [ -89.165324, 13.617684 ], [ -89.165318, 13.617804 ], [ -89.163576, 13.618204 ], [ -89.163545, 13.618208 ], [ -89.163492, 13.618078 ], [ -89.163424, 13.617937 ], [ -89.16331, 13.617753 ], [ -89.163215, 13.617641 ], [ -89.163081, 13.617475 ], [ -89.163025, 13.61738 ], [ -89.162987, 13.617284 ], [ -89.162887, 13.617024 ], [ -89.162851, 13.616942 ], [ -89.162693, 13.616772 ], [ -89.16269, 13.61664 ], [ -89.1627, 13.616518 ], [ -89.162726, 13.616457 ], [ -89.162767, 13.616388 ], [ -89.162793, 13.616305 ], [ -89.162754, 13.616214 ], [ -89.162733, 13.616055 ], [ -89.1627, 13.615979 ], [ -89.162661, 13.615892 ], [ -89.162614, 13.615828 ], [ -89.162597, 13.615764 ], [ -89.162558, 13.61566 ], [ -89.162537, 13.615563 ], [ -89.162525, 13.615484 ], [ -89.162513, 13.615416 ], [ -89.162484, 13.615277 ], [ -89.162476, 13.615177 ], [ -89.162452, 13.615047 ], [ -89.162439, 13.614912 ], [ -89.162426, 13.61491 ], [ -89.162409, 13.614908 ], [ -89.162034, 13.614703 ], [ -89.161867, 13.614611 ], [ -89.161854, 13.614604 ], [ -89.161691, 13.614515 ], [ -89.161607, 13.614469 ], [ -89.161596, 13.614463 ], [ -89.16141, 13.614487 ], [ -89.161301, 13.614501 ], [ -89.16128, 13.614504 ], [ -89.161256, 13.614499 ], [ -89.16124, 13.614496 ], [ -89.161236, 13.614495 ], [ -89.161048, 13.614558 ], [ -89.1609, 13.614607 ], [ -89.16086, 13.614621 ], [ -89.160646, 13.614589 ], [ -89.160451, 13.61456 ], [ -89.16039, 13.614551 ], [ -89.160254, 13.614482 ], [ -89.16011, 13.614408 ], [ -89.160061, 13.614383 ], [ -89.160004, 13.614377 ], [ -89.159934, 13.614368 ], [ -89.159908, 13.614365 ], [ -89.159837, 13.614316 ], [ -89.159732, 13.614243 ], [ -89.15969, 13.614213 ], [ -89.159613, 13.614134 ], [ -89.159473, 13.61399 ], [ -89.159414, 13.613929 ], [ -89.159367, 13.61394 ], [ -89.159261, 13.613964 ], [ -89.159214, 13.613974 ], [ -89.159112, 13.613908 ], [ -89.158823, 13.613719 ], [ -89.158688, 13.613631 ], [ -89.15868, 13.613615 ], [ -89.158648, 13.613555 ], [ -89.158632, 13.613526 ], [ -89.158624, 13.613508 ], [ -89.158576, 13.613411 ], [ -89.158552, 13.613363 ], [ -89.15855, 13.61336 ], [ -89.158531, 13.613328 ], [ -89.158521, 13.613312 ], [ -89.15852, 13.613311 ], [ -89.15851, 13.613288 ], [ -89.158505, 13.613276 ], [ -89.158505, 13.613275 ], [ -89.158434, 13.613119 ], [ -89.158402, 13.613047 ], [ -89.158394, 13.61303 ], [ -89.158434, 13.612962 ], [ -89.158451, 13.612932 ], [ -89.158459, 13.61292 ], [ -89.158515, 13.612825 ], [ -89.158539, 13.612786 ], [ -89.158554, 13.612761 ], [ -89.158578, 13.61267 ], [ -89.158587, 13.612634 ], [ -89.158595, 13.612602 ], [ -89.158603, 13.612478 ], [ -89.158605, 13.612433 ], [ -89.158609, 13.612378 ], [ -89.15857, 13.612209 ], [ -89.158557, 13.612153 ], [ -89.158536, 13.61206 ], [ -89.158512, 13.611991 ], [ -89.158505, 13.611969 ], [ -89.15849, 13.611924 ], [ -89.158468, 13.611822 ], [ -89.158461, 13.611795 ], [ -89.158444, 13.611716 ], [ -89.158399, 13.611583 ], [ -89.158388, 13.611552 ], [ -89.158347, 13.611432 ], [ -89.158367, 13.611206 ], [ -89.15837, 13.611162 ], [ -89.158391, 13.610926 ], [ -89.158385, 13.610875 ], [ -89.158384, 13.610867 ], [ -89.158377, 13.610806 ], [ -89.158373, 13.610764 ], [ -89.158372, 13.61076 ], [ -89.158367, 13.610702 ], [ -89.158363, 13.610629 ], [ -89.158362, 13.610626 ], [ -89.158356, 13.610512 ], [ -89.158331, 13.610421 ], [ -89.158331, 13.61042 ], [ -89.158288, 13.610259 ], [ -89.158284, 13.610222 ], [ -89.158283, 13.610219 ], [ -89.158275, 13.610144 ], [ -89.158273, 13.610121 ], [ -89.158273, 13.610116 ], [ -89.158268, 13.610058 ], [ -89.158262, 13.61003 ], [ -89.158261, 13.610021 ], [ -89.158244, 13.609934 ], [ -89.15824, 13.609923 ], [ -89.158239, 13.609917 ], [ -89.158226, 13.609871 ], [ -89.158222, 13.609864 ], [ -89.158219, 13.609857 ], [ -89.158201, 13.609816 ], [ -89.158196, 13.609811 ], [ -89.15819, 13.609803 ], [ -89.158154, 13.609763 ], [ -89.158152, 13.609761 ], [ -89.158144, 13.609753 ], [ -89.158108, 13.609714 ], [ -89.158103, 13.609709 ], [ -89.158085, 13.60969 ], [ -89.158084, 13.609689 ], [ -89.158081, 13.609686 ], [ -89.15807, 13.609674 ], [ -89.158069, 13.609672 ], [ -89.158062, 13.609666 ], [ -89.15803, 13.609638 ], [ -89.158025, 13.609633 ], [ -89.158018, 13.609625 ], [ -89.157982, 13.609581 ], [ -89.157974, 13.609571 ], [ -89.157968, 13.609559 ], [ -89.157928, 13.609484 ], [ -89.157915, 13.609461 ], [ -89.157914, 13.609452 ], [ -89.157906, 13.609383 ], [ -89.157903, 13.609356 ], [ -89.157903, 13.609353 ], [ -89.157897, 13.609328 ], [ -89.157894, 13.609316 ], [ -89.157893, 13.609314 ], [ -89.157882, 13.609291 ], [ -89.157875, 13.609278 ], [ -89.157875, 13.609277 ], [ -89.157863, 13.609261 ], [ -89.157855, 13.60925 ], [ -89.157832, 13.609237 ], [ -89.157815, 13.609227 ], [ -89.157815, 13.609226 ], [ -89.157797, 13.609212 ], [ -89.157782, 13.609201 ], [ -89.157781, 13.6092 ], [ -89.157774, 13.609184 ], [ -89.157768, 13.609169 ], [ -89.157767, 13.609167 ], [ -89.157766, 13.609152 ], [ -89.157765, 13.609137 ], [ -89.157765, 13.609134 ], [ -89.157771, 13.609117 ], [ -89.157778, 13.609094 ], [ -89.15778, 13.609089 ], [ -89.157789, 13.609066 ], [ -89.157803, 13.60903 ], [ -89.157807, 13.609022 ], [ -89.157813, 13.609006 ], [ -89.157826, 13.608978 ], [ -89.157829, 13.60897 ], [ -89.157835, 13.608952 ], [ -89.15785, 13.608913 ], [ -89.157854, 13.608902 ], [ -89.157855, 13.608891 ], [ -89.157856, 13.608862 ], [ -89.157857, 13.608852 ], [ -89.157856, 13.608845 ], [ -89.157854, 13.608818 ], [ -89.157854, 13.608809 ], [ -89.157852, 13.608801 ], [ -89.157843, 13.608765 ], [ -89.15784, 13.608751 ], [ -89.157838, 13.608748 ], [ -89.157827, 13.608725 ], [ -89.157823, 13.608716 ], [ -89.157822, 13.608713 ], [ -89.157798, 13.608674 ], [ -89.157788, 13.608658 ], [ -89.157774, 13.608639 ], [ -89.157769, 13.608633 ], [ -89.157768, 13.608631 ], [ -89.157744, 13.608596 ], [ -89.157737, 13.608584 ], [ -89.157734, 13.608579 ], [ -89.157717, 13.608554 ], [ -89.157712, 13.608546 ], [ -89.157708, 13.608541 ], [ -89.157698, 13.608513 ], [ -89.157695, 13.608505 ], [ -89.157692, 13.608497 ], [ -89.157682, 13.60846 ], [ -89.15768, 13.608451 ], [ -89.157676, 13.608438 ], [ -89.15767, 13.608379 ], [ -89.157669, 13.608365 ], [ -89.157666, 13.608339 ], [ -89.157657, 13.608246 ], [ -89.157655, 13.608228 ], [ -89.15765, 13.608178 ], [ -89.157654, 13.608139 ], [ -89.157654, 13.608132 ], [ -89.157657, 13.608108 ], [ -89.157646, 13.608027 ], [ -89.157645, 13.608017 ], [ -89.157637, 13.607958 ], [ -89.157661, 13.607894 ], [ -89.157663, 13.607888 ], [ -89.157683, 13.607833 ], [ -89.157672, 13.607804 ], [ -89.157671, 13.607802 ], [ -89.157661, 13.607773 ], [ -89.157646, 13.607763 ], [ -89.15763, 13.607752 ], [ -89.157615, 13.607743 ], [ -89.157615, 13.607742 ], [ -89.157596, 13.607731 ], [ -89.15756, 13.607745 ], [ -89.157556, 13.607747 ], [ -89.157504, 13.607768 ], [ -89.157496, 13.607775 ], [ -89.157494, 13.607776 ], [ -89.157481, 13.607788 ], [ -89.157477, 13.607792 ], [ -89.157476, 13.607793 ], [ -89.157468, 13.607801 ], [ -89.15746, 13.607808 ], [ -89.157457, 13.607811 ], [ -89.157438, 13.607829 ], [ -89.157433, 13.607833 ], [ -89.15743, 13.607836 ], [ -89.157414, 13.60785 ], [ -89.157409, 13.607852 ], [ -89.157404, 13.607854 ], [ -89.157384, 13.607863 ], [ -89.15738, 13.607863 ], [ -89.157373, 13.607863 ], [ -89.157348, 13.607864 ], [ -89.15734, 13.607871 ], [ -89.157337, 13.607874 ], [ -89.157292, 13.607911 ], [ -89.157086, 13.607769 ], [ -89.156993, 13.607658 ] ] ] } },
{ "type": "Feature", "properties": { "fid": 309, "CANTON": "LAS CRUCITAS", "DISTRITO": "PANCHIMALCO" }, "geometry": { "type": "Polygon", "coordinates": [ [ [ -89.173167, 13.582292 ], [ -89.173297, 13.58208 ], [ -89.173333, 13.581969 ], [ -89.173413, 13.581986 ], [ -89.173919, 13.582086 ], [ -89.173959, 13.582125 ], [ -89.174038, 13.582148 ], [ -89.174079, 13.582188 ], [ -89.174096, 13.582228 ], [ -89.174098, 13.582258 ], [ -89.174086, 13.582305 ], [ -89.174568, 13.582695 ], [ -89.174692, 13.582795 ], [ -89.17484, 13.58285 ], [ -89.175209, 13.582954 ], [ -89.175331, 13.582773 ], [ -89.175378, 13.582725 ], [ -89.175526, 13.582636 ], [ -89.175772, 13.582574 ], [ -89.175913, 13.582638 ], [ -89.176164, 13.582582 ], [ -89.17642, 13.582601 ], [ -89.176401, 13.582716 ], [ -89.176744, 13.582717 ], [ -89.177033, 13.582743 ], [ -89.177427, 13.582921 ], [ -89.177571, 13.58277 ], [ -89.177745, 13.582609 ], [ -89.178139, 13.582585 ], [ -89.178675, 13.582302 ], [ -89.178835, 13.582697 ], [ -89.179002, 13.583864 ], [ -89.181449, 13.582921 ], [ -89.181446, 13.582892 ], [ -89.183364, 13.582484 ], [ -89.184668, 13.583073 ], [ -89.185433, 13.582506 ], [ -89.185938, 13.582213 ], [ -89.185953, 13.582171 ], [ -89.186405, 13.582252 ], [ -89.186764, 13.582272 ], [ -89.18775, 13.582219 ], [ -89.188232, 13.582128 ], [ -89.188714, 13.581735 ], [ -89.188689, 13.581942 ], [ -89.188758, 13.582213 ], [ -89.188934, 13.582453 ], [ -89.18918, 13.582645 ], [ -89.18918, 13.58276 ], [ -89.189158, 13.582945 ], [ -89.189151, 13.58301 ], [ -89.189033, 13.583211 ], [ -89.188906, 13.583288 ], [ -89.188562, 13.583519 ], [ -89.188386, 13.583884 ], [ -89.188278, 13.584222 ], [ -89.18823, 13.584635 ], [ -89.188308, 13.58498 ], [ -89.18822, 13.585153 ], [ -89.188073, 13.585355 ], [ -89.187867, 13.585557 ], [ -89.187711, 13.585902 ], [ -89.187632, 13.586363 ], [ -89.187535, 13.586786 ], [ -89.187378, 13.587181 ], [ -89.18731, 13.587709 ], [ -89.187232, 13.588238 ], [ -89.187124, 13.588583 ], [ -89.187016, 13.588852 ], [ -89.186928, 13.58903 ], [ -89.186781, 13.589203 ], [ -89.1866, 13.589445 ], [ -89.186595, 13.589452 ], [ -89.186369, 13.589856 ], [ -89.186174, 13.590346 ], [ -89.186056, 13.590691 ], [ -89.185958, 13.590855 ], [ -89.185732, 13.591047 ], [ -89.185468, 13.591157 ], [ -89.184899, 13.59135 ], [ -89.184634, 13.591676 ], [ -89.1843, 13.59184 ], [ -89.183741, 13.592195 ], [ -89.183506, 13.592455 ], [ -89.183281, 13.593416 ], [ -89.183095, 13.593675 ], [ -89.183134, 13.593791 ], [ -89.18335, 13.594155 ], [ -89.18288, 13.59454 ], [ -89.182752, 13.594693 ], [ -89.182389, 13.595164 ], [ -89.182017, 13.595798 ], [ -89.181831, 13.595997 ], [ -89.181761, 13.596243 ], [ -89.181575, 13.596371 ], [ -89.18151, 13.596479 ], [ -89.181596, 13.596759 ], [ -89.181847, 13.597255 ], [ -89.181858, 13.597387 ], [ -89.181762, 13.597539 ], [ -89.181551, 13.597756 ], [ -89.181491, 13.597953 ], [ -89.181431, 13.598361 ], [ -89.181416, 13.598558 ], [ -89.181416, 13.59856 ], [ -89.181291, 13.598673 ], [ -89.18105, 13.598761 ], [ -89.180618, 13.59886 ], [ -89.180326, 13.598737 ], [ -89.180175, 13.598826 ], [ -89.180221, 13.599042 ], [ -89.180327, 13.59945 ], [ -89.180272, 13.599755 ], [ -89.180031, 13.599903 ], [ -89.179875, 13.600129 ], [ -89.17982, 13.600356 ], [ -89.17978, 13.600518 ], [ -89.17972, 13.600651 ], [ -89.179509, 13.600838 ], [ -89.179308, 13.600961 ], [ -89.179228, 13.601192 ], [ -89.179258, 13.601555 ], [ -89.179253, 13.60185 ], [ -89.179198, 13.60213 ], [ -89.179173, 13.602282 ], [ -89.179098, 13.602474 ], [ -89.178892, 13.60269 ], [ -89.17869, 13.603016 ], [ -89.17861, 13.603097 ], [ -89.178484, 13.60315 ], [ -89.178369, 13.603243 ], [ -89.178209, 13.603346 ], [ -89.178122, 13.603477 ], [ -89.178006, 13.603762 ], [ -89.177886, 13.603888 ], [ -89.177785, 13.603962 ], [ -89.177667, 13.604025 ], [ -89.177544, 13.604071 ], [ -89.177371, 13.604066 ], [ -89.177227, 13.604081 ], [ -89.177055, 13.604157 ], [ -89.17698, 13.604247 ], [ -89.176934, 13.604363 ], [ -89.176801, 13.604668 ], [ -89.176772, 13.604813 ], [ -89.17674, 13.60487 ], [ -89.176632, 13.604791 ], [ -89.176468, 13.604686 ], [ -89.176328, 13.604613 ], [ -89.176164, 13.604546 ], [ -89.176031, 13.6045 ], [ -89.175777, 13.604463 ], [ -89.175632, 13.604404 ], [ -89.175476, 13.604296 ], [ -89.175268, 13.604082 ], [ -89.175076, 13.603935 ], [ -89.174559, 13.60391 ], [ -89.174184, 13.603859 ], [ -89.174045, 13.603814 ], [ -89.173919, 13.603758 ], [ -89.173846, 13.60371 ], [ -89.173784, 13.603626 ], [ -89.173708, 13.603544 ], [ -89.173545, 13.603454 ], [ -89.173459, 13.603576 ], [ -89.173348, 13.603648 ], [ -89.173233, 13.603646 ], [ -89.173108, 13.603614 ], [ -89.173027, 13.603545 ], [ -89.17292, 13.603468 ], [ -89.172791, 13.60342 ], [ -89.172675, 13.603406 ], [ -89.172173, 13.603339 ], [ -89.171982, 13.60331 ], [ -89.171743, 13.603192 ], [ -89.171577, 13.602961 ], [ -89.171463, 13.602753 ], [ -89.17143, 13.602692 ], [ -89.171333, 13.60254 ], [ -89.171233, 13.602421 ], [ -89.171101, 13.602149 ], [ -89.170919, 13.601669 ], [ -89.170788, 13.601243 ], [ -89.170804, 13.601187 ], [ -89.170861, 13.601046 ], [ -89.17098, 13.600923 ], [ -89.171025, 13.600853 ], [ -89.170958, 13.600696 ], [ -89.170786, 13.600615 ], [ -89.170613, 13.600703 ], [ -89.170431, 13.600748 ], [ -89.17023, 13.600708 ], [ -89.170118, 13.600625 ], [ -89.169891, 13.600229 ], [ -89.16981, 13.600208 ], [ -89.169672, 13.600154 ], [ -89.169474, 13.59987 ], [ -89.169416, 13.599679 ], [ -89.16939, 13.599511 ], [ -89.169349, 13.59939 ], [ -89.169225, 13.599199 ], [ -89.169067, 13.598999 ], [ -89.168699, 13.598691 ], [ -89.168513, 13.598713 ], [ -89.168155, 13.598679 ], [ -89.167665, 13.598604 ], [ -89.167496, 13.598477 ], [ -89.167471, 13.598376 ], [ -89.167372, 13.598075 ], [ -89.16716, 13.597274 ], [ -89.167069, 13.597147 ], [ -89.167021, 13.596964 ], [ -89.166981, 13.596934 ], [ -89.166776, 13.596961 ], [ -89.16664, 13.596782 ], [ -89.166619, 13.596633 ], [ -89.166497, 13.596366 ], [ -89.166477, 13.596361 ], [ -89.166589, 13.596308 ], [ -89.16658, 13.596133 ], [ -89.166601, 13.595984 ], [ -89.166521, 13.595703 ], [ -89.166505, 13.595599 ], [ -89.166246, 13.595955 ], [ -89.166102, 13.595802 ], [ -89.165912, 13.595731 ], [ -89.165512, 13.595486 ], [ -89.164971, 13.595114 ], [ -89.164647, 13.594811 ], [ -89.1645, 13.594502 ], [ -89.164521, 13.594063 ], [ -89.164586, 13.593681 ], [ -89.164658, 13.593221 ], [ -89.164702, 13.593026 ], [ -89.164665, 13.592782 ], [ -89.164619, 13.592531 ], [ -89.164619, 13.592418 ], [ -89.164542, 13.592314 ], [ -89.164424, 13.592131 ], [ -89.164337, 13.591999 ], [ -89.164282, 13.59193 ], [ -89.164148, 13.591822 ], [ -89.163754, 13.591659 ], [ -89.163717, 13.591628 ], [ -89.163566, 13.591138 ], [ -89.163502, 13.591088 ], [ -89.163474, 13.591016 ], [ -89.163456, 13.590863 ], [ -89.163425, 13.590721 ], [ -89.163336, 13.590539 ], [ -89.163249, 13.590446 ], [ -89.163113, 13.590431 ], [ -89.163042, 13.590029 ], [ -89.163055, 13.589988 ], [ -89.163143, 13.589694 ], [ -89.163155, 13.589449 ], [ -89.163233, 13.589235 ], [ -89.163291, 13.589005 ], [ -89.163319, 13.588853 ], [ -89.163268, 13.58856 ], [ -89.163275, 13.588327 ], [ -89.163201, 13.588094 ], [ -89.163052, 13.58788 ], [ -89.163001, 13.587752 ], [ -89.163064, 13.587675 ], [ -89.163173, 13.587591 ], [ -89.163228, 13.587388 ], [ -89.163372, 13.587113 ], [ -89.163403, 13.586949 ], [ -89.163407, 13.586753 ], [ -89.163341, 13.586558 ], [ -89.163395, 13.586355 ], [ -89.163477, 13.586149 ], [ -89.163586, 13.585887 ], [ -89.163715, 13.5857 ], [ -89.163891, 13.5856 ], [ -89.16386, 13.585443 ], [ -89.163777, 13.585199 ], [ -89.163629, 13.584841 ], [ -89.163636, 13.58457 ], [ -89.163741, 13.584134 ], [ -89.163839, 13.583773 ], [ -89.163866, 13.583692 ], [ -89.164108, 13.583379 ], [ -89.164045, 13.582937 ], [ -89.164065, 13.582815 ], [ -89.164084, 13.582696 ], [ -89.164119, 13.582574 ], [ -89.164205, 13.582505 ], [ -89.164338, 13.582379 ], [ -89.164404, 13.582199 ], [ -89.164475, 13.582069 ], [ -89.164498, 13.58189 ], [ -89.164498, 13.581771 ], [ -89.164619, 13.581633 ], [ -89.164642, 13.58172 ], [ -89.164768, 13.581914 ], [ -89.164822, 13.581938 ], [ -89.164979, 13.581973 ], [ -89.165057, 13.582026 ], [ -89.165093, 13.582091 ], [ -89.165129, 13.58225 ], [ -89.165159, 13.582297 ], [ -89.16537, 13.582444 ], [ -89.165466, 13.582479 ], [ -89.165616, 13.582532 ], [ -89.165869, 13.582655 ], [ -89.16605, 13.582743 ], [ -89.166338, 13.582719 ], [ -89.166416, 13.582749 ], [ -89.166507, 13.58279 ], [ -89.166597, 13.582896 ], [ -89.166699, 13.583072 ], [ -89.166832, 13.583131 ], [ -89.167042, 13.583237 ], [ -89.167181, 13.583307 ], [ -89.167227, 13.583341 ], [ -89.167249, 13.583325 ], [ -89.167349, 13.583296 ], [ -89.167439, 13.583284 ], [ -89.167548, 13.583272 ], [ -89.167683, 13.583268 ], [ -89.168158, 13.583161 ], [ -89.168441, 13.583122 ], [ -89.169312, 13.583162 ], [ -89.170771, 13.583232 ], [ -89.170835, 13.583412 ], [ -89.170846, 13.583479 ], [ -89.171068, 13.58342 ], [ -89.171304, 13.583504 ], [ -89.1716, 13.583605 ], [ -89.171707, 13.583638 ], [ -89.171836, 13.583638 ], [ -89.171956, 13.583588 ], [ -89.172007, 13.583546 ], [ -89.172131, 13.583218 ], [ -89.172212, 13.583008 ], [ -89.172289, 13.582874 ], [ -89.172679, 13.582689 ], [ -89.172939, 13.58249 ], [ -89.173167, 13.582292 ] ] ] } },
{ "type": "Feature", "properties": { "fid": 310, "CANTON": "QUEZALAPA", "DISTRITO": "PANCHIMALCO" }, "geometry": { "type": "Polygon", "coordinates": [ [ [ -89.204046, 13.59385 ], [ -89.204198, 13.593801 ], [ -89.2043, 13.593773 ], [ -89.204654, 13.593531 ], [ -89.204911, 13.593361 ], [ -89.204998, 13.593272 ], [ -89.205179, 13.593041 ], [ -89.205254, 13.592747 ], [ -89.205262, 13.592502 ], [ -89.205293, 13.592142 ], [ -89.20532, 13.592055 ], [ -89.20546, 13.591893 ], [ -89.205883, 13.591473 ], [ -89.206059, 13.591375 ], [ -89.206261, 13.591308 ], [ -89.206601, 13.591301 ], [ -89.207141, 13.591415 ], [ -89.207344, 13.591495 ], [ -89.207463, 13.59152 ], [ -89.207928, 13.591548 ], [ -89.208662, 13.591712 ], [ -89.208623, 13.591833 ], [ -89.208478, 13.592187 ], [ -89.20833, 13.592612 ], [ -89.208497, 13.592744 ], [ -89.208625, 13.592941 ], [ -89.208671, 13.59293 ], [ -89.208702, 13.592923 ], [ -89.208905, 13.59298 ], [ -89.209576, 13.593024 ], [ -89.209595, 13.593071 ], [ -89.209661, 13.593147 ], [ -89.209703, 13.593184 ], [ -89.209815, 13.593274 ], [ -89.209964, 13.593382 ], [ -89.210383, 13.59364 ], [ -89.210759, 13.593935 ], [ -89.211017, 13.594144 ], [ -89.211204, 13.594266 ], [ -89.211377, 13.594376 ], [ -89.211676, 13.594588 ], [ -89.211892, 13.594782 ], [ -89.211946, 13.594927 ], [ -89.211999, 13.594964 ], [ -89.212022, 13.59497 ], [ -89.212566, 13.595012 ], [ -89.213053, 13.595063 ], [ -89.212794, 13.595405 ], [ -89.212588, 13.595759 ], [ -89.212526, 13.59596 ], [ -89.212514, 13.596053 ], [ -89.212464, 13.596441 ], [ -89.212542, 13.596814 ], [ -89.212407, 13.597268 ], [ -89.21216, 13.597416 ], [ -89.212062, 13.597458 ], [ -89.211841, 13.597543 ], [ -89.211635, 13.597641 ], [ -89.211525, 13.597719 ], [ -89.211449, 13.597823 ], [ -89.211461, 13.597909 ], [ -89.211477, 13.59831 ], [ -89.21148, 13.598424 ], [ -89.211356, 13.598625 ], [ -89.211178, 13.598868 ], [ -89.21115, 13.598987 ], [ -89.211107, 13.599286 ], [ -89.21114, 13.599315 ], [ -89.210986, 13.600053 ], [ -89.210876, 13.60043 ], [ -89.210848, 13.600489 ], [ -89.210811, 13.600527 ], [ -89.210259, 13.600813 ], [ -89.210073, 13.600876 ], [ -89.209738, 13.600917 ], [ -89.209588, 13.600924 ], [ -89.209263, 13.600927 ], [ -89.209079, 13.600943 ], [ -89.208698, 13.601176 ], [ -89.208498, 13.60129 ], [ -89.20826, 13.601406 ], [ -89.208024, 13.601421 ], [ -89.207326, 13.601806 ], [ -89.207199, 13.601819 ], [ -89.207139, 13.60184 ], [ -89.207038, 13.601895 ], [ -89.206796, 13.602035 ], [ -89.206751, 13.602069 ], [ -89.206545, 13.602284 ], [ -89.206436, 13.602421 ], [ -89.206385, 13.602494 ], [ -89.206173, 13.602835 ], [ -89.20595, 13.603218 ], [ -89.205848, 13.603397 ], [ -89.205785, 13.603495 ], [ -89.205711, 13.603591 ], [ -89.205607, 13.603781 ], [ -89.205564, 13.603904 ], [ -89.205491, 13.604124 ], [ -89.205431, 13.604243 ], [ -89.205403, 13.604287 ], [ -89.2053, 13.604393 ], [ -89.205096, 13.60452 ], [ -89.204955, 13.604596 ], [ -89.20482, 13.604719 ], [ -89.204753, 13.604776 ], [ -89.204702, 13.604845 ], [ -89.204642, 13.60496 ], [ -89.204547, 13.605104 ], [ -89.204465, 13.605194 ], [ -89.204379, 13.605273 ], [ -89.204214, 13.605398 ], [ -89.204016, 13.605569 ], [ -89.204008, 13.605621 ], [ -89.203991, 13.605669 ], [ -89.203916, 13.60577 ], [ -89.203863, 13.605869 ], [ -89.203789, 13.60604 ], [ -89.203766, 13.606061 ], [ -89.203565, 13.60617 ], [ -89.203501, 13.606211 ], [ -89.203432, 13.606263 ], [ -89.203177, 13.60651 ], [ -89.20309, 13.606607 ], [ -89.203003, 13.606725 ], [ -89.202918, 13.606859 ], [ -89.202882, 13.606922 ], [ -89.202844, 13.607045 ], [ -89.202835, 13.607068 ], [ -89.202788, 13.607169 ], [ -89.202735, 13.607265 ], [ -89.202711, 13.607318 ], [ -89.202632, 13.607457 ], [ -89.202508, 13.607597 ], [ -89.202441, 13.607645 ], [ -89.202204, 13.607778 ], [ -89.201984, 13.607874 ], [ -89.201707, 13.607993 ], [ -89.201631, 13.608024 ], [ -89.201368, 13.608156 ], [ -89.201325, 13.60818 ], [ -89.20121, 13.608233 ], [ -89.201128, 13.608282 ], [ -89.201037, 13.60833 ], [ -89.201002, 13.608342 ], [ -89.200955, 13.60836 ], [ -89.200849, 13.608384 ], [ -89.200602, 13.608441 ], [ -89.20053, 13.608472 ], [ -89.200303, 13.608614 ], [ -89.200082, 13.608783 ], [ -89.199992, 13.608871 ], [ -89.199759, 13.609121 ], [ -89.199623, 13.609274 ], [ -89.19949, 13.609437 ], [ -89.199378, 13.609555 ], [ -89.199223, 13.609686 ], [ -89.199131, 13.609779 ], [ -89.199034, 13.609902 ], [ -89.19893, 13.610136 ], [ -89.198699, 13.610598 ], [ -89.198588, 13.610803 ], [ -89.198561, 13.61088 ], [ -89.19855, 13.610936 ], [ -89.198269, 13.611725 ], [ -89.198229, 13.611968 ], [ -89.198185, 13.612171 ], [ -89.198108, 13.612639 ], [ -89.19805, 13.612876 ], [ -89.198053, 13.612941 ], [ -89.198069, 13.613052 ], [ -89.198207, 13.61348 ], [ -89.19828, 13.613667 ], [ -89.19831, 13.613773 ], [ -89.198329, 13.613854 ], [ -89.198338, 13.613941 ], [ -89.198335, 13.614062 ], [ -89.198292, 13.614166 ], [ -89.198233, 13.614233 ], [ -89.198134, 13.614377 ], [ -89.198052, 13.614548 ], [ -89.197998, 13.614892 ], [ -89.197985, 13.614932 ], [ -89.197951, 13.614976 ], [ -89.197769, 13.61516 ], [ -89.197723, 13.615252 ], [ -89.197703, 13.615433 ], [ -89.197651, 13.61568 ], [ -89.197601, 13.615819 ], [ -89.1975, 13.615978 ], [ -89.197299, 13.616004 ], [ -89.196953, 13.616059 ], [ -89.196864, 13.616048 ], [ -89.196652, 13.61613 ], [ -89.196584, 13.61617 ], [ -89.196524, 13.616469 ], [ -89.196487, 13.616757 ], [ -89.196463, 13.61687 ], [ -89.195864, 13.616714 ], [ -89.195951, 13.616523 ], [ -89.19598, 13.616434 ], [ -89.19601, 13.616372 ], [ -89.196076, 13.616254 ], [ -89.196189, 13.616073 ], [ -89.196163, 13.615927 ], [ -89.19606, 13.615769 ], [ -89.195931, 13.615504 ], [ -89.195818, 13.615329 ], [ -89.19575, 13.61522 ], [ -89.195603, 13.615033 ], [ -89.195437, 13.61479 ], [ -89.195315, 13.614583 ], [ -89.195197, 13.614291 ], [ -89.195156, 13.614236 ], [ -89.194924, 13.614042 ], [ -89.19478, 13.613752 ], [ -89.194623, 13.61357 ], [ -89.194577, 13.613458 ], [ -89.194461, 13.613163 ], [ -89.194398, 13.612805 ], [ -89.19433, 13.612622 ], [ -89.194246, 13.61255 ], [ -89.194106, 13.612448 ], [ -89.194029, 13.612367 ], [ -89.194005, 13.612283 ], [ -89.194008, 13.612142 ], [ -89.194027, 13.612034 ], [ -89.194135, 13.611892 ], [ -89.194179, 13.61185 ], [ -89.194316, 13.611799 ], [ -89.194495, 13.611799 ], [ -89.194621, 13.611851 ], [ -89.194762, 13.611922 ], [ -89.194893, 13.611962 ], [ -89.195078, 13.611982 ], [ -89.195139, 13.611931 ], [ -89.195175, 13.611753 ], [ -89.195215, 13.611593 ], [ -89.195311, 13.611428 ], [ -89.195411, 13.611369 ], [ -89.195526, 13.61131 ], [ -89.195558, 13.611273 ], [ -89.195556, 13.611229 ], [ -89.195533, 13.611199 ], [ -89.195486, 13.611199 ], [ -89.195426, 13.611226 ], [ -89.195266, 13.611329 ], [ -89.195171, 13.611405 ], [ -89.195091, 13.611518 ], [ -89.195036, 13.611608 ], [ -89.194969, 13.611683 ], [ -89.194852, 13.611669 ], [ -89.194807, 13.611615 ], [ -89.19477, 13.611468 ], [ -89.194732, 13.611388 ], [ -89.194453, 13.611269 ], [ -89.194337, 13.611207 ], [ -89.194258, 13.611144 ], [ -89.194192, 13.611083 ], [ -89.194091, 13.610956 ], [ -89.194056, 13.610926 ], [ -89.194011, 13.610922 ], [ -89.193966, 13.610941 ], [ -89.193882, 13.611001 ], [ -89.193802, 13.611053 ], [ -89.193703, 13.611153 ], [ -89.193562, 13.61134 ], [ -89.193407, 13.611553 ], [ -89.193351, 13.611632 ], [ -89.193252, 13.611618 ], [ -89.193225, 13.611589 ], [ -89.193468, 13.611247 ], [ -89.193595, 13.611051 ], [ -89.193732, 13.610899 ], [ -89.193755, 13.610798 ], [ -89.193753, 13.610651 ], [ -89.193032, 13.61055 ], [ -89.192962, 13.610591 ], [ -89.192394, 13.610821 ], [ -89.192308, 13.61093 ], [ -89.192244, 13.61104 ], [ -89.19212, 13.61121 ], [ -89.192097, 13.611319 ], [ -89.192042, 13.611356 ], [ -89.191951, 13.611346 ], [ -89.191893, 13.611163 ], [ -89.191767, 13.611048 ], [ -89.191637, 13.611443 ], [ -89.191512, 13.611457 ], [ -89.191335, 13.61134 ], [ -89.191226, 13.611052 ], [ -89.191188, 13.610753 ], [ -89.190979, 13.610405 ], [ -89.190807, 13.61042 ], [ -89.190631, 13.610448 ], [ -89.190447, 13.610299 ], [ -89.190306, 13.610282 ], [ -89.190211, 13.610458 ], [ -89.190179, 13.610595 ], [ -89.190156, 13.610619 ], [ -89.190055, 13.610667 ], [ -89.189837, 13.610537 ], [ -89.189612, 13.61029 ], [ -89.189505, 13.610228 ], [ -89.189405, 13.610174 ], [ -89.189325, 13.610129 ], [ -89.18924, 13.610104 ], [ -89.189183, 13.610104 ], [ -89.189007, 13.610135 ], [ -89.188696, 13.61019 ], [ -89.188591, 13.610151 ], [ -89.188565, 13.610128 ], [ -89.18849, 13.610023 ], [ -89.18842, 13.609907 ], [ -89.188266, 13.609669 ], [ -89.18792, 13.609522 ], [ -89.187642, 13.609506 ], [ -89.187433, 13.609534 ], [ -89.187179, 13.609589 ], [ -89.186918, 13.609658 ], [ -89.186823, 13.609674 ], [ -89.186662, 13.609653 ], [ -89.186558, 13.609731 ], [ -89.186264, 13.609561 ], [ -89.186148, 13.609488 ], [ -89.186034, 13.609468 ], [ -89.185919, 13.609482 ], [ -89.185838, 13.609517 ], [ -89.185755, 13.609421 ], [ -89.185712, 13.609368 ], [ -89.185649, 13.609314 ], [ -89.185577, 13.609271 ], [ -89.185553, 13.609275 ], [ -89.185158, 13.609305 ], [ -89.185011, 13.609316 ], [ -89.184961, 13.609283 ], [ -89.184871, 13.609127 ], [ -89.184616, 13.608702 ], [ -89.184422, 13.608578 ], [ -89.184099, 13.608462 ], [ -89.183851, 13.608501 ], [ -89.183696, 13.608427 ], [ -89.183474, 13.608269 ], [ -89.183236, 13.608127 ], [ -89.183071, 13.60816 ], [ -89.182914, 13.608171 ], [ -89.182752, 13.608218 ], [ -89.182241, 13.608567 ], [ -89.181912, 13.608583 ], [ -89.181615, 13.608577 ], [ -89.181594, 13.608626 ], [ -89.181168, 13.608633 ], [ -89.181136, 13.608674 ], [ -89.181156, 13.608607 ], [ -89.181175, 13.608582 ], [ -89.18137, 13.608291 ], [ -89.181491, 13.6082 ], [ -89.18163, 13.607883 ], [ -89.181756, 13.60765 ], [ -89.181772, 13.60744 ], [ -89.1817, 13.60727 ], [ -89.181581, 13.607231 ], [ -89.181495, 13.607172 ], [ -89.181388, 13.607163 ], [ -89.181364, 13.607062 ], [ -89.181315, 13.606932 ], [ -89.181371, 13.606672 ], [ -89.181303, 13.606554 ], [ -89.181168, 13.606506 ], [ -89.181105, 13.60639 ], [ -89.181115, 13.60628 ], [ -89.181136, 13.606137 ], [ -89.181112, 13.606037 ], [ -89.181017, 13.605893 ], [ -89.181007, 13.605745 ], [ -89.181023, 13.605624 ], [ -89.181028, 13.605346 ], [ -89.181018, 13.605222 ], [ -89.181204, 13.60499 ], [ -89.181381, 13.604773 ], [ -89.181539, 13.604553 ], [ -89.18151, 13.604535 ], [ -89.181383, 13.604493 ], [ -89.181209, 13.604526 ], [ -89.181221, 13.604496 ], [ -89.181241, 13.604445 ], [ -89.181716, 13.603779 ], [ -89.181769, 13.603685 ], [ -89.181908, 13.603346 ], [ -89.182032, 13.603143 ], [ -89.182057, 13.603092 ], [ -89.182057, 13.602921 ], [ -89.182059, 13.602577 ], [ -89.182222, 13.602275 ], [ -89.182212, 13.602179 ], [ -89.182345, 13.601529 ], [ -89.182414, 13.601418 ], [ -89.182561, 13.601233 ], [ -89.182491, 13.600972 ], [ -89.182325, 13.600671 ], [ -89.182153, 13.600511 ], [ -89.182144, 13.600324 ], [ -89.182315, 13.599909 ], [ -89.18228, 13.599713 ], [ -89.182154, 13.599352 ], [ -89.182026, 13.599161 ], [ -89.181416, 13.598558 ], [ -89.181431, 13.598361 ], [ -89.181491, 13.597953 ], [ -89.181551, 13.597756 ], [ -89.181762, 13.597539 ], [ -89.181858, 13.597387 ], [ -89.181847, 13.597255 ], [ -89.181596, 13.596759 ], [ -89.18151, 13.596479 ], [ -89.181575, 13.596371 ], [ -89.181761, 13.596243 ], [ -89.181831, 13.595997 ], [ -89.182017, 13.595798 ], [ -89.182389, 13.595164 ], [ -89.182752, 13.594693 ], [ -89.18288, 13.59454 ], [ -89.18335, 13.594155 ], [ -89.183134, 13.593791 ], [ -89.183095, 13.593675 ], [ -89.183281, 13.593416 ], [ -89.183506, 13.592455 ], [ -89.183741, 13.592195 ], [ -89.1843, 13.59184 ], [ -89.184634, 13.591676 ], [ -89.184899, 13.59135 ], [ -89.185468, 13.591157 ], [ -89.185732, 13.591047 ], [ -89.185958, 13.590855 ], [ -89.186056, 13.590691 ], [ -89.186174, 13.590346 ], [ -89.186369, 13.589856 ], [ -89.186595, 13.589452 ], [ -89.1866, 13.589445 ], [ -89.186684, 13.589466 ], [ -89.186946, 13.589532 ], [ -89.187033, 13.589555 ], [ -89.187199, 13.589457 ], [ -89.187454, 13.589251 ], [ -89.187494, 13.589172 ], [ -89.187494, 13.588986 ], [ -89.187464, 13.588819 ], [ -89.187464, 13.588751 ], [ -89.187514, 13.588672 ], [ -89.187597, 13.588607 ], [ -89.187771, 13.588717 ], [ -89.187827, 13.588768 ], [ -89.187873, 13.588762 ], [ -89.187909, 13.588757 ], [ -89.187991, 13.588765 ], [ -89.188059, 13.588782 ], [ -89.18811, 13.588827 ], [ -89.188273, 13.588886 ], [ -89.188346, 13.588904 ], [ -89.188446, 13.58894 ], [ -89.188526, 13.588974 ], [ -89.188575, 13.589029 ], [ -89.188613, 13.589049 ], [ -89.188724, 13.589157 ], [ -89.188838, 13.589247 ], [ -89.188908, 13.589273 ], [ -89.189028, 13.589302 ], [ -89.189132, 13.589341 ], [ -89.18921, 13.589403 ], [ -89.189296, 13.589458 ], [ -89.189332, 13.589507 ], [ -89.18937, 13.589577 ], [ -89.189384, 13.589652 ], [ -89.189398, 13.589857 ], [ -89.1894, 13.589963 ], [ -89.189396, 13.590049 ], [ -89.189374, 13.590104 ], [ -89.189379, 13.590171 ], [ -89.189379, 13.590383 ], [ -89.189602, 13.590539 ], [ -89.189787, 13.590447 ], [ -89.189908, 13.590215 ], [ -89.190195, 13.59005 ], [ -89.19066, 13.590141 ], [ -89.190904, 13.590214 ], [ -89.191075, 13.590274 ], [ -89.191208, 13.590309 ], [ -89.191416, 13.590314 ], [ -89.191767, 13.590312 ], [ -89.192033, 13.590428 ], [ -89.192303, 13.59044 ], [ -89.192513, 13.590486 ], [ -89.192605, 13.590494 ], [ -89.192753, 13.590539 ], [ -89.192821, 13.590537 ], [ -89.1929, 13.590546 ], [ -89.192962, 13.59054 ], [ -89.193126, 13.590605 ], [ -89.193233, 13.590574 ], [ -89.193429, 13.590525 ], [ -89.193617, 13.590511 ], [ -89.193692, 13.590497 ], [ -89.193795, 13.590448 ], [ -89.193941, 13.590378 ], [ -89.193984, 13.590371 ], [ -89.194129, 13.590399 ], [ -89.194247, 13.59051 ], [ -89.194286, 13.590566 ], [ -89.194582, 13.590781 ], [ -89.194646, 13.590841 ], [ -89.194944, 13.591142 ], [ -89.195014, 13.590996 ], [ -89.195027, 13.590884 ], [ -89.195013, 13.590751 ], [ -89.195, 13.590711 ], [ -89.194973, 13.590629 ], [ -89.194922, 13.590527 ], [ -89.19476, 13.590335 ], [ -89.194533, 13.590073 ], [ -89.194393, 13.58987 ], [ -89.194382, 13.589775 ], [ -89.194397, 13.589659 ], [ -89.194423, 13.589555 ], [ -89.194472, 13.589454 ], [ -89.194682, 13.589259 ], [ -89.195114, 13.588906 ], [ -89.195364, 13.588706 ], [ -89.195649, 13.588487 ], [ -89.195808, 13.588384 ], [ -89.195895, 13.588359 ], [ -89.195997, 13.588351 ], [ -89.196138, 13.588361 ], [ -89.196258, 13.58838 ], [ -89.196621, 13.588446 ], [ -89.19673, 13.588452 ], [ -89.196816, 13.588446 ], [ -89.196904, 13.58842 ], [ -89.197047, 13.588359 ], [ -89.197087, 13.588327 ], [ -89.197137, 13.588458 ], [ -89.197296, 13.588766 ], [ -89.197174, 13.588918 ], [ -89.19704, 13.589095 ], [ -89.197008, 13.58911 ], [ -89.19697, 13.58911 ], [ -89.196875, 13.589081 ], [ -89.196779, 13.58906 ], [ -89.196677, 13.589069 ], [ -89.196623, 13.589071 ], [ -89.196329, 13.589194 ], [ -89.196233, 13.58939 ], [ -89.196123, 13.589607 ], [ -89.196094, 13.589715 ], [ -89.196053, 13.590112 ], [ -89.196033, 13.590257 ], [ -89.196004, 13.590348 ], [ -89.195928, 13.590471 ], [ -89.197502, 13.591582 ], [ -89.19754, 13.591613 ], [ -89.1974, 13.591801 ], [ -89.197304, 13.591978 ], [ -89.197258, 13.592104 ], [ -89.197252, 13.592197 ], [ -89.197495, 13.592359 ], [ -89.197594, 13.592441 ], [ -89.197646, 13.592527 ], [ -89.197709, 13.592678 ], [ -89.197797, 13.592885 ], [ -89.197821, 13.59294 ], [ -89.197853, 13.592993 ], [ -89.197914, 13.593034 ], [ -89.198003, 13.593085 ], [ -89.198569, 13.593312 ], [ -89.199139, 13.593535 ], [ -89.199151, 13.593502 ], [ -89.199199, 13.592801 ], [ -89.199255, 13.592639 ], [ -89.199286, 13.592593 ], [ -89.199354, 13.592535 ], [ -89.199501, 13.592596 ], [ -89.199689, 13.592696 ], [ -89.199996, 13.592846 ], [ -89.200152, 13.592905 ], [ -89.200267, 13.5929 ], [ -89.200344, 13.592886 ], [ -89.200425, 13.592856 ], [ -89.200468, 13.592808 ], [ -89.200637, 13.592693 ], [ -89.20088, 13.592597 ], [ -89.201283, 13.592526 ], [ -89.201307, 13.592671 ], [ -89.202334, 13.592643 ], [ -89.202336, 13.592628 ], [ -89.20283, 13.592767 ], [ -89.203781, 13.592695 ], [ -89.203957, 13.593974 ], [ -89.204046, 13.59385 ] ] ] } },
{ "type": "Feature", "properties": { "fid": 311, "CANTON": "LOMA Y MEDIA", "DISTRITO": "PANCHIMALCO" }, "geometry": { "type": "Polygon", "coordinates": [ [ [ -89.21115, 13.598987 ], [ -89.211178, 13.598868 ], [ -89.211356, 13.598625 ], [ -89.21148, 13.598424 ], [ -89.211477, 13.59831 ], [ -89.211461, 13.597909 ], [ -89.211449, 13.597823 ], [ -89.211525, 13.597719 ], [ -89.211635, 13.597641 ], [ -89.211841, 13.597543 ], [ -89.212062, 13.597458 ], [ -89.21216, 13.597416 ], [ -89.212407, 13.597268 ], [ -89.212542, 13.596814 ], [ -89.212464, 13.596441 ], [ -89.212514, 13.596053 ], [ -89.212526, 13.59596 ], [ -89.212588, 13.595759 ], [ -89.212794, 13.595405 ], [ -89.213053, 13.595063 ], [ -89.212566, 13.595012 ], [ -89.212022, 13.59497 ], [ -89.211999, 13.594964 ], [ -89.211946, 13.594927 ], [ -89.211892, 13.594782 ], [ -89.211676, 13.594588 ], [ -89.211377, 13.594376 ], [ -89.211204, 13.594266 ], [ -89.211017, 13.594144 ], [ -89.210759, 13.593935 ], [ -89.210383, 13.59364 ], [ -89.209964, 13.593382 ], [ -89.209815, 13.593274 ], [ -89.209703, 13.593184 ], [ -89.209661, 13.593147 ], [ -89.209595, 13.593071 ], [ -89.209576, 13.593024 ], [ -89.208905, 13.59298 ], [ -89.208702, 13.592923 ], [ -89.208671, 13.59293 ], [ -89.208625, 13.592941 ], [ -89.208497, 13.592744 ], [ -89.20833, 13.592612 ], [ -89.208478, 13.592187 ], [ -89.208623, 13.591833 ], [ -89.208662, 13.591712 ], [ -89.207928, 13.591548 ], [ -89.207463, 13.59152 ], [ -89.207344, 13.591495 ], [ -89.207141, 13.591415 ], [ -89.206601, 13.591301 ], [ -89.206261, 13.591308 ], [ -89.206059, 13.591375 ], [ -89.205883, 13.591473 ], [ -89.20546, 13.591893 ], [ -89.20532, 13.592055 ], [ -89.205293, 13.592142 ], [ -89.205262, 13.592502 ], [ -89.205254, 13.592747 ], [ -89.205179, 13.593041 ], [ -89.204998, 13.593272 ], [ -89.204911, 13.593361 ], [ -89.204654, 13.593531 ], [ -89.2043, 13.593773 ], [ -89.204198, 13.593801 ], [ -89.204046, 13.59385 ], [ -89.203957, 13.593974 ], [ -89.203781, 13.592695 ], [ -89.20283, 13.592767 ], [ -89.202336, 13.592628 ], [ -89.202334, 13.592643 ], [ -89.201307, 13.592671 ], [ -89.201283, 13.592526 ], [ -89.20088, 13.592597 ], [ -89.200637, 13.592693 ], [ -89.200468, 13.592808 ], [ -89.200425, 13.592856 ], [ -89.200344, 13.592886 ], [ -89.200267, 13.5929 ], [ -89.200152, 13.592905 ], [ -89.199996, 13.592846 ], [ -89.199689, 13.592696 ], [ -89.199501, 13.592596 ], [ -89.199354, 13.592535 ], [ -89.199286, 13.592593 ], [ -89.199255, 13.592639 ], [ -89.199199, 13.592801 ], [ -89.199151, 13.593502 ], [ -89.199139, 13.593535 ], [ -89.198569, 13.593312 ], [ -89.198003, 13.593085 ], [ -89.197914, 13.593034 ], [ -89.197853, 13.592993 ], [ -89.197821, 13.59294 ], [ -89.197797, 13.592885 ], [ -89.197709, 13.592678 ], [ -89.197646, 13.592527 ], [ -89.197594, 13.592441 ], [ -89.197495, 13.592359 ], [ -89.197252, 13.592197 ], [ -89.197258, 13.592104 ], [ -89.197304, 13.591978 ], [ -89.1974, 13.591801 ], [ -89.19754, 13.591613 ], [ -89.197502, 13.591582 ], [ -89.195928, 13.590471 ], [ -89.196004, 13.590348 ], [ -89.196033, 13.590257 ], [ -89.196053, 13.590112 ], [ -89.196094, 13.589715 ], [ -89.196123, 13.589607 ], [ -89.196233, 13.58939 ], [ -89.196329, 13.589194 ], [ -89.196623, 13.589071 ], [ -89.196677, 13.589069 ], [ -89.196779, 13.58906 ], [ -89.196875, 13.589081 ], [ -89.19697, 13.58911 ], [ -89.197008, 13.58911 ], [ -89.19704, 13.589095 ], [ -89.197174, 13.588918 ], [ -89.197296, 13.588766 ], [ -89.197137, 13.588458 ], [ -89.197087, 13.588327 ], [ -89.197047, 13.588359 ], [ -89.196904, 13.58842 ], [ -89.196816, 13.588446 ], [ -89.19673, 13.588452 ], [ -89.196621, 13.588446 ], [ -89.196258, 13.58838 ], [ -89.196138, 13.588361 ], [ -89.195997, 13.588351 ], [ -89.195895, 13.588359 ], [ -89.195808, 13.588384 ], [ -89.195649, 13.588487 ], [ -89.195364, 13.588706 ], [ -89.195114, 13.588906 ], [ -89.194682, 13.589259 ], [ -89.194472, 13.589454 ], [ -89.194423, 13.589555 ], [ -89.194397, 13.589659 ], [ -89.194382, 13.589775 ], [ -89.194393, 13.58987 ], [ -89.194533, 13.590073 ], [ -89.19476, 13.590335 ], [ -89.194922, 13.590527 ], [ -89.194973, 13.590629 ], [ -89.195, 13.590711 ], [ -89.195013, 13.590751 ], [ -89.195027, 13.590884 ], [ -89.195014, 13.590996 ], [ -89.194944, 13.591142 ], [ -89.194646, 13.590841 ], [ -89.194582, 13.590781 ], [ -89.194286, 13.590566 ], [ -89.194247, 13.59051 ], [ -89.194129, 13.590399 ], [ -89.193984, 13.590371 ], [ -89.193941, 13.590378 ], [ -89.193795, 13.590448 ], [ -89.193692, 13.590497 ], [ -89.193617, 13.590511 ], [ -89.193429, 13.590525 ], [ -89.193233, 13.590574 ], [ -89.193126, 13.590605 ], [ -89.192962, 13.59054 ], [ -89.1929, 13.590546 ], [ -89.192821, 13.590537 ], [ -89.192753, 13.590539 ], [ -89.192605, 13.590494 ], [ -89.192513, 13.590486 ], [ -89.192303, 13.59044 ], [ -89.192033, 13.590428 ], [ -89.191767, 13.590312 ], [ -89.191416, 13.590314 ], [ -89.191208, 13.590309 ], [ -89.191075, 13.590274 ], [ -89.190904, 13.590214 ], [ -89.19066, 13.590141 ], [ -89.190195, 13.59005 ], [ -89.189908, 13.590215 ], [ -89.189787, 13.590447 ], [ -89.189602, 13.590539 ], [ -89.189379, 13.590383 ], [ -89.189379, 13.590171 ], [ -89.189374, 13.590104 ], [ -89.189396, 13.590049 ], [ -89.1894, 13.589963 ], [ -89.189398, 13.589857 ], [ -89.189384, 13.589652 ], [ -89.18937, 13.589577 ], [ -89.189332, 13.589507 ], [ -89.189296, 13.589458 ], [ -89.18921, 13.589403 ], [ -89.189132, 13.589341 ], [ -89.189028, 13.589302 ], [ -89.188908, 13.589273 ], [ -89.188838, 13.589247 ], [ -89.188724, 13.589157 ], [ -89.188613, 13.589049 ], [ -89.188575, 13.589029 ], [ -89.188526, 13.588974 ], [ -89.188446, 13.58894 ], [ -89.188346, 13.588904 ], [ -89.188273, 13.588886 ], [ -89.18811, 13.588827 ], [ -89.188059, 13.588782 ], [ -89.187991, 13.588765 ], [ -89.187909, 13.588757 ], [ -89.187873, 13.588762 ], [ -89.187827, 13.588768 ], [ -89.187771, 13.588717 ], [ -89.187597, 13.588607 ], [ -89.187514, 13.588672 ], [ -89.187464, 13.588751 ], [ -89.187464, 13.588819 ], [ -89.187494, 13.588986 ], [ -89.187494, 13.589172 ], [ -89.187454, 13.589251 ], [ -89.187199, 13.589457 ], [ -89.187033, 13.589555 ], [ -89.186946, 13.589532 ], [ -89.186684, 13.589466 ], [ -89.1866, 13.589445 ], [ -89.186781, 13.589203 ], [ -89.186928, 13.58903 ], [ -89.187016, 13.588852 ], [ -89.187124, 13.588583 ], [ -89.187232, 13.588238 ], [ -89.18731, 13.587709 ], [ -89.187378, 13.587181 ], [ -89.187535, 13.586786 ], [ -89.187632, 13.586363 ], [ -89.187711, 13.585902 ], [ -89.187867, 13.585557 ], [ -89.188073, 13.585355 ], [ -89.18822, 13.585153 ], [ -89.188308, 13.58498 ], [ -89.18823, 13.584635 ], [ -89.188278, 13.584222 ], [ -89.188386, 13.583884 ], [ -89.188562, 13.583519 ], [ -89.188906, 13.583288 ], [ -89.189033, 13.583211 ], [ -89.189151, 13.58301 ], [ -89.189158, 13.582945 ], [ -89.18918, 13.58276 ], [ -89.18918, 13.582645 ], [ -89.188934, 13.582453 ], [ -89.188758, 13.582213 ], [ -89.188689, 13.581942 ], [ -89.188714, 13.581735 ], [ -89.188728, 13.581626 ], [ -89.188826, 13.581338 ], [ -89.188806, 13.581002 ], [ -89.188717, 13.580723 ], [ -89.18857, 13.580435 ], [ -89.188413, 13.580195 ], [ -89.188295, 13.580032 ], [ -89.188196, 13.579936 ], [ -89.188088, 13.579735 ], [ -89.188177, 13.579528 ], [ -89.188371, 13.579139 ], [ -89.188402, 13.579077 ], [ -89.188696, 13.578558 ], [ -89.188725, 13.578328 ], [ -89.188794, 13.578155 ], [ -89.188774, 13.577973 ], [ -89.188607, 13.577646 ], [ -89.188273, 13.577493 ], [ -89.188135, 13.577092 ], [ -89.188125, 13.576689 ], [ -89.188164, 13.576161 ], [ -89.188114, 13.575604 ], [ -89.188154, 13.575335 ], [ -89.18835, 13.575114 ], [ -89.188663, 13.574576 ], [ -89.188761, 13.574365 ], [ -89.18882, 13.574211 ], [ -89.188859, 13.574031 ], [ -89.188878, 13.573752 ], [ -89.1888, 13.573618 ], [ -89.188623, 13.573541 ], [ -89.18826, 13.573455 ], [ -89.187936, 13.573321 ], [ -89.187848, 13.573196 ], [ -89.187861, 13.573116 ], [ -89.187896, 13.572899 ], [ -89.188053, 13.572745 ], [ -89.18824, 13.572572 ], [ -89.188435, 13.572096 ], [ -89.18869, 13.571625 ], [ -89.188817, 13.571155 ], [ -89.188817, 13.570828 ], [ -89.188817, 13.570799 ], [ -89.188689, 13.570305 ], [ -89.188669, 13.569844 ], [ -89.18861, 13.56946 ], [ -89.188904, 13.568817 ], [ -89.189119, 13.568413 ], [ -89.189149, 13.568097 ], [ -89.189109, 13.567665 ], [ -89.188991, 13.56735 ], [ -89.188893, 13.567043 ], [ -89.188883, 13.566803 ], [ -89.188902, 13.566428 ], [ -89.18899, 13.566054 ], [ -89.188931, 13.565756 ], [ -89.188715, 13.565545 ], [ -89.188489, 13.565382 ], [ -89.188224, 13.565334 ], [ -89.187822, 13.565075 ], [ -89.187498, 13.564836 ], [ -89.187411, 13.564735 ], [ -89.187469, 13.56471 ], [ -89.187498, 13.564696 ], [ -89.187506, 13.564691 ], [ -89.187525, 13.564681 ], [ -89.187553, 13.564621 ], [ -89.187562, 13.564603 ], [ -89.187582, 13.564558 ], [ -89.187613, 13.564492 ], [ -89.187623, 13.564471 ], [ -89.187648, 13.564418 ], [ -89.187677, 13.564424 ], [ -89.187686, 13.564426 ], [ -89.187711, 13.564432 ], [ -89.187888, 13.564205 ], [ -89.187942, 13.564134 ], [ -89.188111, 13.563916 ], [ -89.188197, 13.56392 ], [ -89.188224, 13.563921 ], [ -89.188314, 13.563925 ], [ -89.188348, 13.563926 ], [ -89.188359, 13.563926 ], [ -89.188398, 13.563928 ], [ -89.18851, 13.563928 ], [ -89.188567, 13.563919 ], [ -89.188585, 13.563916 ], [ -89.188662, 13.563904 ], [ -89.188767, 13.56387 ], [ -89.188799, 13.563859 ], [ -89.188953, 13.563807 ], [ -89.189015, 13.563772 ], [ -89.189035, 13.56376 ], [ -89.189135, 13.563703 ], [ -89.189161, 13.563698 ], [ -89.189169, 13.563697 ], [ -89.189215, 13.56369 ], [ -89.18927, 13.563721 ], [ -89.189288, 13.563731 ], [ -89.189394, 13.563791 ], [ -89.189415, 13.563798 ], [ -89.189422, 13.5638 ], [ -89.189466, 13.563815 ], [ -89.189497, 13.563812 ], [ -89.189507, 13.563811 ], [ -89.189578, 13.563803 ], [ -89.189623, 13.563799 ], [ -89.189638, 13.563797 ], [ -89.189752, 13.563786 ], [ -89.189811, 13.563768 ], [ -89.18983, 13.563762 ], [ -89.189995, 13.563713 ], [ -89.190015, 13.563714 ], [ -89.190021, 13.563714 ], [ -89.190083, 13.563718 ], [ -89.190113, 13.563723 ], [ -89.190123, 13.563724 ], [ -89.190227, 13.563741 ], [ -89.190289, 13.563758 ], [ -89.190309, 13.563764 ], [ -89.190545, 13.56383 ], [ -89.190592, 13.563829 ], [ -89.190608, 13.563829 ], [ -89.190809, 13.563827 ], [ -89.190847, 13.56379 ], [ -89.19086, 13.563777 ], [ -89.191045, 13.563598 ], [ -89.191058, 13.5636 ], [ -89.191062, 13.563601 ], [ -89.191135, 13.563615 ], [ -89.191143, 13.563615 ], [ -89.191145, 13.563615 ], [ -89.191196, 13.563618 ], [ -89.191207, 13.563614 ], [ -89.191211, 13.563613 ], [ -89.191292, 13.563586 ], [ -89.1913, 13.563585 ], [ -89.191303, 13.563585 ], [ -89.191372, 13.563576 ], [ -89.191477, 13.563575 ], [ -89.191491, 13.563571 ], [ -89.191497, 13.563569 ], [ -89.191701, 13.563505 ], [ -89.19177, 13.563505 ], [ -89.191773, 13.563505 ], [ -89.191775, 13.563506 ], [ -89.19188, 13.563523 ], [ -89.191882, 13.563524 ], [ -89.191885, 13.563524 ], [ -89.192082, 13.56357 ], [ -89.192083, 13.56357 ], [ -89.192161, 13.563549 ], [ -89.192163, 13.563549 ], [ -89.192309, 13.563463 ], [ -89.192315, 13.56346 ], [ -89.192427, 13.56346 ], [ -89.192511, 13.563503 ], [ -89.192512, 13.563504 ], [ -89.192518, 13.563507 ], [ -89.192595, 13.563502 ], [ -89.192596, 13.563502 ], [ -89.192603, 13.563501 ], [ -89.192634, 13.56349 ], [ -89.192635, 13.56349 ], [ -89.192638, 13.563488 ], [ -89.192764, 13.563423 ], [ -89.192768, 13.563421 ], [ -89.192785, 13.563412 ], [ -89.192861, 13.563397 ], [ -89.192863, 13.563397 ], [ -89.192876, 13.563394 ], [ -89.193183, 13.563369 ], [ -89.193196, 13.563368 ], [ -89.193253, 13.563364 ], [ -89.193858, 13.563342 ], [ -89.193888, 13.563341 ], [ -89.194016, 13.563337 ], [ -89.194339, 13.563325 ], [ -89.194358, 13.563325 ], [ -89.194435, 13.563322 ], [ -89.194537, 13.563922 ], [ -89.194544, 13.563962 ], [ -89.194571, 13.564122 ], [ -89.194655, 13.564211 ], [ -89.194661, 13.564217 ], [ -89.194686, 13.564243 ], [ -89.194964, 13.564418 ], [ -89.194987, 13.564432 ], [ -89.195078, 13.564489 ], [ -89.195175, 13.56456 ], [ -89.195183, 13.564566 ], [ -89.195218, 13.564591 ], [ -89.195771, 13.564984 ], [ -89.195828, 13.565024 ], [ -89.196049, 13.565181 ], [ -89.196086, 13.565208 ], [ -89.196091, 13.565211 ], [ -89.196107, 13.565223 ], [ -89.196131, 13.56524 ], [ -89.196134, 13.565242 ], [ -89.196146, 13.56525 ], [ -89.196234, 13.565313 ], [ -89.196246, 13.565321 ], [ -89.196292, 13.565354 ], [ -89.196332, 13.565399 ], [ -89.196338, 13.565405 ], [ -89.196361, 13.565431 ], [ -89.196372, 13.565457 ], [ -89.196374, 13.565461 ], [ -89.19638, 13.565477 ], [ -89.196402, 13.565537 ], [ -89.196405, 13.565547 ], [ -89.19642, 13.565587 ], [ -89.196423, 13.565841 ], [ -89.196424, 13.565891 ], [ -89.196427, 13.566078 ], [ -89.19643, 13.566278 ], [ -89.196431, 13.566321 ], [ -89.196433, 13.566481 ], [ -89.196444, 13.566688 ], [ -89.196446, 13.566736 ], [ -89.196455, 13.566916 ], [ -89.19644, 13.567052 ], [ -89.196436, 13.567087 ], [ -89.196421, 13.567216 ], [ -89.196415, 13.567272 ], [ -89.196413, 13.567287 ], [ -89.196406, 13.567345 ], [ -89.196334, 13.567561 ], [ -89.196312, 13.567627 ], [ -89.19623, 13.567871 ], [ -89.196273, 13.567923 ], [ -89.196287, 13.56794 ], [ -89.19634, 13.568003 ], [ -89.196354, 13.568052 ], [ -89.19636, 13.568069 ], [ -89.196379, 13.568134 ], [ -89.196374, 13.568151 ], [ -89.196372, 13.568157 ], [ -89.196365, 13.568181 ], [ -89.196349, 13.568232 ], [ -89.196342, 13.568255 ], [ -89.196316, 13.568338 ], [ -89.196291, 13.568418 ], [ -89.196279, 13.568458 ], [ -89.196234, 13.568601 ], [ -89.196235, 13.568609 ], [ -89.196235, 13.568613 ], [ -89.196236, 13.568627 ], [ -89.196238, 13.568631 ], [ -89.196239, 13.568633 ], [ -89.196243, 13.568641 ], [ -89.196245, 13.568644 ], [ -89.196246, 13.568647 ], [ -89.196252, 13.568654 ], [ -89.196277, 13.568678 ], [ -89.196295, 13.568696 ], [ -89.196362, 13.568763 ], [ -89.196363, 13.568851 ], [ -89.196364, 13.568927 ], [ -89.196367, 13.569202 ], [ -89.196392, 13.569261 ], [ -89.196416, 13.56932 ], [ -89.196505, 13.569532 ], [ -89.196508, 13.569566 ], [ -89.196511, 13.569606 ], [ -89.196524, 13.569749 ], [ -89.196521, 13.569777 ], [ -89.196516, 13.569814 ], [ -89.1965, 13.569951 ], [ -89.196479, 13.569978 ], [ -89.196444, 13.570024 ], [ -89.196317, 13.570189 ], [ -89.196304, 13.570205 ], [ -89.196275, 13.570238 ], [ -89.196172, 13.570359 ], [ -89.196168, 13.570363 ], [ -89.196157, 13.570376 ], [ -89.196117, 13.570421 ], [ -89.196103, 13.570433 ], [ -89.196047, 13.57048 ], [ -89.195846, 13.570651 ], [ -89.195847, 13.570672 ], [ -89.195858, 13.570816 ], [ -89.195896, 13.571336 ], [ -89.195897, 13.571343 ], [ -89.195915, 13.571492 ], [ -89.195977, 13.572022 ], [ -89.195978, 13.57203 ], [ -89.196167, 13.572105 ], [ -89.196852, 13.572376 ], [ -89.196882, 13.572387 ], [ -89.197361, 13.572655 ], [ -89.197409, 13.572681 ], [ -89.197352, 13.572752 ], [ -89.197238, 13.572916 ], [ -89.197155, 13.573379 ], [ -89.19703, 13.57391 ], [ -89.196907, 13.574327 ], [ -89.196893, 13.574376 ], [ -89.196787, 13.574692 ], [ -89.196737, 13.574912 ], [ -89.196725, 13.575243 ], [ -89.196641, 13.575477 ], [ -89.19643, 13.576003 ], [ -89.19641, 13.576135 ], [ -89.196327, 13.576671 ], [ -89.196319, 13.576731 ], [ -89.196331, 13.576877 ], [ -89.196373, 13.577037 ], [ -89.196404, 13.577101 ], [ -89.196501, 13.577162 ], [ -89.196633, 13.577232 ], [ -89.196852, 13.577329 ], [ -89.196967, 13.577429 ], [ -89.197015, 13.5775 ], [ -89.197054, 13.577688 ], [ -89.197072, 13.577922 ], [ -89.19712, 13.578171 ], [ -89.197208, 13.57833 ], [ -89.197299, 13.578463 ], [ -89.197448, 13.578665 ], [ -89.197495, 13.578783 ], [ -89.197495, 13.578884 ], [ -89.197438, 13.578937 ], [ -89.197208, 13.579074 ], [ -89.197069, 13.579234 ], [ -89.197009, 13.579349 ], [ -89.196885, 13.579676 ], [ -89.196862, 13.579754 ], [ -89.196848, 13.58 ], [ -89.19684, 13.580203 ], [ -89.196852, 13.580247 ], [ -89.197011, 13.580403 ], [ -89.197326, 13.580914 ], [ -89.197482, 13.581427 ], [ -89.197621, 13.581738 ], [ -89.197661, 13.581978 ], [ -89.197675, 13.582061 ], [ -89.197774, 13.582396 ], [ -89.197793, 13.582401 ], [ -89.197866, 13.582421 ], [ -89.197997, 13.582355 ], [ -89.198179, 13.582279 ], [ -89.198346, 13.582232 ], [ -89.198778, 13.582145 ], [ -89.198969, 13.582142 ], [ -89.199214, 13.582174 ], [ -89.199457, 13.58227 ], [ -89.199818, 13.58234 ], [ -89.199988, 13.582358 ], [ -89.200093, 13.582294 ], [ -89.200187, 13.582316 ], [ -89.200348, 13.582275 ], [ -89.200589, 13.582185 ], [ -89.200787, 13.582155 ], [ -89.200986, 13.582125 ], [ -89.201111, 13.582109 ], [ -89.201657, 13.581905 ], [ -89.20174, 13.581885 ], [ -89.201834, 13.581911 ], [ -89.202228, 13.582094 ], [ -89.202335, 13.582196 ], [ -89.202392, 13.582328 ], [ -89.202452, 13.582548 ], [ -89.202464, 13.582578 ], [ -89.202563, 13.582659 ], [ -89.202699, 13.582664 ], [ -89.202782, 13.582645 ], [ -89.202957, 13.582653 ], [ -89.203358, 13.582243 ], [ -89.203587, 13.58219 ], [ -89.203846, 13.582161 ], [ -89.203924, 13.582152 ], [ -89.204016, 13.582166 ], [ -89.204389, 13.582323 ], [ -89.204664, 13.582425 ], [ -89.20468, 13.582431 ], [ -89.204943, 13.582459 ], [ -89.205107, 13.582449 ], [ -89.205314, 13.582432 ], [ -89.205563, 13.582476 ], [ -89.205792, 13.58261 ], [ -89.20583, 13.582633 ], [ -89.206017, 13.582698 ], [ -89.206235, 13.582874 ], [ -89.206364, 13.582975 ], [ -89.206445, 13.582998 ], [ -89.206606, 13.582981 ], [ -89.207146, 13.58298 ], [ -89.207223, 13.582959 ], [ -89.207535, 13.58274 ], [ -89.207633, 13.582631 ], [ -89.207681, 13.582594 ], [ -89.207735, 13.582572 ], [ -89.207774, 13.582577 ], [ -89.207801, 13.582603 ], [ -89.207805, 13.582648 ], [ -89.207752, 13.582859 ], [ -89.207741, 13.582954 ], [ -89.207779, 13.583211 ], [ -89.207795, 13.583243 ], [ -89.207861, 13.583328 ], [ -89.207958, 13.58338 ], [ -89.208093, 13.583415 ], [ -89.208207, 13.583409 ], [ -89.208362, 13.583315 ], [ -89.208437, 13.583275 ], [ -89.208472, 13.583257 ], [ -89.208754, 13.583061 ], [ -89.208926, 13.583011 ], [ -89.209051, 13.582996 ], [ -89.209218, 13.583041 ], [ -89.209331, 13.583079 ], [ -89.209495, 13.583184 ], [ -89.209606, 13.583266 ], [ -89.209882, 13.583484 ], [ -89.20994, 13.583521 ], [ -89.21018, 13.583687 ], [ -89.210356, 13.583734 ], [ -89.210659, 13.583684 ], [ -89.210854, 13.583648 ], [ -89.210948, 13.58366 ], [ -89.211189, 13.583882 ], [ -89.211289, 13.584023 ], [ -89.211344, 13.584067 ], [ -89.211372, 13.584091 ], [ -89.21147, 13.58414 ], [ -89.211627, 13.584137 ], [ -89.211958, 13.583983 ], [ -89.212257, 13.583915 ], [ -89.212426, 13.583928 ], [ -89.212795, 13.58407 ], [ -89.213303, 13.584199 ], [ -89.213676, 13.584352 ], [ -89.213931, 13.584477 ], [ -89.214117, 13.584638 ], [ -89.21421, 13.584661 ], [ -89.21439, 13.584665 ], [ -89.214563, 13.584688 ], [ -89.214957, 13.584742 ], [ -89.215391, 13.584768 ], [ -89.215493, 13.5848 ], [ -89.215561, 13.584822 ], [ -89.21563, 13.584832 ], [ -89.215768, 13.584831 ], [ -89.215916, 13.584848 ], [ -89.216128, 13.584865 ], [ -89.216244, 13.584854 ], [ -89.216309, 13.584845 ], [ -89.21647, 13.584812 ], [ -89.216653, 13.58471 ], [ -89.216683, 13.584681 ], [ -89.216734, 13.58463 ], [ -89.216784, 13.584559 ], [ -89.21687, 13.584443 ], [ -89.216997, 13.584408 ], [ -89.217182, 13.584323 ], [ -89.217328, 13.58419 ], [ -89.217403, 13.58406 ], [ -89.217581, 13.583703 ], [ -89.217732, 13.583577 ], [ -89.217829, 13.583529 ], [ -89.217952, 13.583505 ], [ -89.218112, 13.58354 ], [ -89.218172, 13.583561 ], [ -89.218389, 13.583715 ], [ -89.218809, 13.584056 ], [ -89.218986, 13.584225 ], [ -89.21903, 13.584306 ], [ -89.219064, 13.584441 ], [ -89.219078, 13.584536 ], [ -89.219233, 13.584701 ], [ -89.219442, 13.584816 ], [ -89.219674, 13.584987 ], [ -89.219836, 13.585107 ], [ -89.220163, 13.585237 ], [ -89.220233, 13.585351 ], [ -89.220272, 13.585643 ], [ -89.220213, 13.58574 ], [ -89.22004, 13.585855 ], [ -89.220001, 13.58589 ], [ -89.219965, 13.585943 ], [ -89.21995, 13.586046 ], [ -89.21998, 13.586093 ], [ -89.220257, 13.586259 ], [ -89.22032, 13.586291 ], [ -89.220424, 13.586285 ], [ -89.220514, 13.586267 ], [ -89.220565, 13.586237 ], [ -89.220596, 13.586286 ], [ -89.22074, 13.586497 ], [ -89.220927, 13.586733 ], [ -89.220933, 13.586887 ], [ -89.220953, 13.587001 ], [ -89.22093, 13.587106 ], [ -89.220858, 13.587217 ], [ -89.220866, 13.587271 ], [ -89.221093, 13.587445 ], [ -89.221189, 13.587501 ], [ -89.221242, 13.587581 ], [ -89.221306, 13.587759 ], [ -89.221222, 13.587881 ], [ -89.220928, 13.588138 ], [ -89.220605, 13.588297 ], [ -89.22048, 13.588374 ], [ -89.220402, 13.588534 ], [ -89.220425, 13.588668 ], [ -89.220469, 13.588781 ], [ -89.220798, 13.589061 ], [ -89.221011, 13.589303 ], [ -89.22109, 13.589488 ], [ -89.221139, 13.589863 ], [ -89.22061, 13.590265 ], [ -89.220407, 13.590433 ], [ -89.219848, 13.590859 ], [ -89.219767, 13.591013 ], [ -89.219724, 13.591138 ], [ -89.219674, 13.591431 ], [ -89.219771, 13.591781 ], [ -89.219745, 13.591915 ], [ -89.219649, 13.591969 ], [ -89.219547, 13.591983 ], [ -89.21932, 13.591889 ], [ -89.218904, 13.59187 ], [ -89.218793, 13.592083 ], [ -89.218741, 13.592311 ], [ -89.218648, 13.592402 ], [ -89.21859, 13.592472 ], [ -89.218485, 13.592578 ], [ -89.218398, 13.592711 ], [ -89.218241, 13.592843 ], [ -89.218215, 13.592925 ], [ -89.218247, 13.593036 ], [ -89.218422, 13.593405 ], [ -89.218332, 13.593562 ], [ -89.218254, 13.593608 ], [ -89.218021, 13.593636 ], [ -89.217771, 13.593713 ], [ -89.217698, 13.593844 ], [ -89.217657, 13.593985 ], [ -89.217666, 13.594034 ], [ -89.217829, 13.594449 ], [ -89.217999, 13.594805 ], [ -89.217845, 13.595373 ], [ -89.217711, 13.595365 ], [ -89.217499, 13.595314 ], [ -89.217321, 13.595271 ], [ -89.217199, 13.595297 ], [ -89.217085, 13.595334 ], [ -89.217036, 13.595416 ], [ -89.217001, 13.595493 ], [ -89.216905, 13.595612 ], [ -89.217197, 13.596793 ], [ -89.217206, 13.596875 ], [ -89.217183, 13.596955 ], [ -89.217145, 13.597023 ], [ -89.217055, 13.597043 ], [ -89.216828, 13.597061 ], [ -89.216386, 13.597104 ], [ -89.216138, 13.597104 ], [ -89.21606, 13.597124 ], [ -89.215993, 13.597167 ], [ -89.215949, 13.597247 ], [ -89.215934, 13.59753 ], [ -89.215912, 13.597577 ], [ -89.215831, 13.59763 ], [ -89.215726, 13.597709 ], [ -89.215694, 13.597815 ], [ -89.215694, 13.597937 ], [ -89.215639, 13.597997 ], [ -89.215415, 13.598141 ], [ -89.215296, 13.598169 ], [ -89.21522, 13.598175 ], [ -89.215162, 13.598164 ], [ -89.214894, 13.59807 ], [ -89.214757, 13.597954 ], [ -89.214568, 13.59792 ], [ -89.214519, 13.598002 ], [ -89.214406, 13.598466 ], [ -89.214417, 13.59852 ], [ -89.214534, 13.598597 ], [ -89.214994, 13.59873 ], [ -89.215011, 13.598796 ], [ -89.215, 13.59891 ], [ -89.214977, 13.598948 ], [ -89.214932, 13.598926 ], [ -89.214857, 13.598892 ], [ -89.214776, 13.598929 ], [ -89.214692, 13.599189 ], [ -89.21466, 13.599333 ], [ -89.214585, 13.599422 ], [ -89.214261, 13.599457 ], [ -89.213964, 13.599652 ], [ -89.213615, 13.599879 ], [ -89.213504, 13.599889 ], [ -89.213383, 13.599911 ], [ -89.213031, 13.599897 ], [ -89.212727, 13.599875 ], [ -89.212621, 13.59985 ], [ -89.212558, 13.599816 ], [ -89.212313, 13.599624 ], [ -89.212224, 13.59956 ], [ -89.212091, 13.599494 ], [ -89.212029, 13.599494 ], [ -89.211779, 13.599498 ], [ -89.211607, 13.599518 ], [ -89.211523, 13.599518 ], [ -89.211447, 13.599494 ], [ -89.211292, 13.599418 ], [ -89.21114, 13.599315 ], [ -89.211107, 13.599286 ], [ -89.21115, 13.598987 ] ] ] } },
{ "type": "Feature", "properties": { "fid": 312, "CANTON": "SAN ISIDRO", "DISTRITO": "PANCHIMALCO" }, "geometry": { "type": "Polygon", "coordinates": [ [ [ -89.169775, 13.560398 ], [ -89.169823, 13.560305 ], [ -89.16983, 13.560242 ], [ -89.169869, 13.560092 ], [ -89.169885, 13.559933 ], [ -89.169943, 13.55964 ], [ -89.169992, 13.559403 ], [ -89.17004, 13.559212 ], [ -89.170108, 13.559107 ], [ -89.170232, 13.558977 ], [ -89.170255, 13.558926 ], [ -89.170282, 13.558675 ], [ -89.170289, 13.558615 ], [ -89.170692, 13.558668 ], [ -89.17081, 13.55847 ], [ -89.170888, 13.558357 ], [ -89.170982, 13.558235 ], [ -89.171015, 13.558209 ], [ -89.171052, 13.558196 ], [ -89.171096, 13.558196 ], [ -89.171172, 13.55821 ], [ -89.171264, 13.558232 ], [ -89.171351, 13.558254 ], [ -89.171494, 13.558281 ], [ -89.172237, 13.558338 ], [ -89.17254, 13.558359 ], [ -89.173068, 13.558423 ], [ -89.175711, 13.559115 ], [ -89.176099, 13.55889 ], [ -89.176596, 13.558293 ], [ -89.176996, 13.557929 ], [ -89.17736, 13.557652 ], [ -89.177478, 13.557288 ], [ -89.177567, 13.557085 ], [ -89.17773, 13.556823 ], [ -89.17819, 13.556753 ], [ -89.178497, 13.556555 ], [ -89.178817, 13.556078 ], [ -89.178873, 13.556003 ], [ -89.178847, 13.555951 ], [ -89.17882, 13.555851 ], [ -89.178933, 13.555671 ], [ -89.179046, 13.555522 ], [ -89.179187, 13.555323 ], [ -89.179429, 13.554762 ], [ -89.179572, 13.554401 ], [ -89.179787, 13.554049 ], [ -89.179895, 13.553764 ], [ -89.180034, 13.553237 ], [ -89.180153, 13.553053 ], [ -89.180328, 13.552775 ], [ -89.180404, 13.552557 ], [ -89.180619, 13.552306 ], [ -89.181208, 13.551745 ], [ -89.181455, 13.551268 ], [ -89.181586, 13.550758 ], [ -89.181746, 13.550227 ], [ -89.182283, 13.549585 ], [ -89.182578, 13.549327 ], [ -89.182937, 13.549084 ], [ -89.18318, 13.548951 ], [ -89.183315, 13.548701 ], [ -89.183327, 13.548377 ], [ -89.183361, 13.548274 ], [ -89.183505, 13.547977 ], [ -89.183728, 13.54761 ], [ -89.184031, 13.547309 ], [ -89.184373, 13.547086 ], [ -89.184402, 13.547074 ], [ -89.184601, 13.546972 ], [ -89.184657, 13.547062 ], [ -89.184973, 13.547433 ], [ -89.184998, 13.547953 ], [ -89.185238, 13.548242 ], [ -89.185351, 13.548661 ], [ -89.185797, 13.549173 ], [ -89.185906, 13.549476 ], [ -89.18605, 13.549805 ], [ -89.186447, 13.55051 ], [ -89.186652, 13.550693 ], [ -89.187019, 13.550715 ], [ -89.187299, 13.550878 ], [ -89.187633, 13.551177 ], [ -89.187746, 13.551305 ], [ -89.187773, 13.551552 ], [ -89.187719, 13.551676 ], [ -89.187199, 13.552092 ], [ -89.187032, 13.552464 ], [ -89.186996, 13.552654 ], [ -89.186987, 13.552845 ], [ -89.187069, 13.553163 ], [ -89.187222, 13.553304 ], [ -89.187518, 13.55354 ], [ -89.187806, 13.55381 ], [ -89.18821, 13.554247 ], [ -89.188296, 13.554371 ], [ -89.188287, 13.554512 ], [ -89.18769, 13.555026 ], [ -89.187407, 13.555447 ], [ -89.187113, 13.556177 ], [ -89.186975, 13.557 ], [ -89.186948, 13.557639 ], [ -89.187104, 13.558209 ], [ -89.187208, 13.558472 ], [ -89.187446, 13.559236 ], [ -89.187482, 13.559521 ], [ -89.187502, 13.559702 ], [ -89.187598, 13.560398 ], [ -89.18758, 13.560869 ], [ -89.18744, 13.561094 ], [ -89.187422, 13.561309 ], [ -89.187477, 13.561497 ], [ -89.187513, 13.561486 ], [ -89.187725, 13.561651 ], [ -89.188225, 13.562056 ], [ -89.188386, 13.56244 ], [ -89.188526, 13.562983 ], [ -89.188506, 13.563198 ], [ -89.188425, 13.563322 ], [ -89.188267, 13.56349 ], [ -89.187999, 13.563729 ], [ -89.187947, 13.563835 ], [ -89.187839, 13.563986 ], [ -89.187411, 13.56443 ], [ -89.187375, 13.564595 ], [ -89.187411, 13.564735 ], [ -89.187498, 13.564836 ], [ -89.187822, 13.565075 ], [ -89.188224, 13.565334 ], [ -89.188489, 13.565382 ], [ -89.188715, 13.565545 ], [ -89.188931, 13.565756 ], [ -89.18899, 13.566054 ], [ -89.188902, 13.566428 ], [ -89.188883, 13.566803 ], [ -89.188893, 13.567043 ], [ -89.188991, 13.56735 ], [ -89.189109, 13.567665 ], [ -89.189149, 13.568097 ], [ -89.189119, 13.568413 ], [ -89.188904, 13.568817 ], [ -89.18861, 13.56946 ], [ -89.188669, 13.569844 ], [ -89.188689, 13.570305 ], [ -89.188817, 13.570799 ], [ -89.188817, 13.570828 ], [ -89.188817, 13.571155 ], [ -89.18869, 13.571625 ], [ -89.188435, 13.572096 ], [ -89.18824, 13.572572 ], [ -89.188053, 13.572745 ], [ -89.187896, 13.572899 ], [ -89.187861, 13.573116 ], [ -89.187848, 13.573196 ], [ -89.187936, 13.573321 ], [ -89.18826, 13.573455 ], [ -89.188623, 13.573541 ], [ -89.1888, 13.573618 ], [ -89.188878, 13.573752 ], [ -89.188859, 13.574031 ], [ -89.18882, 13.574211 ], [ -89.188761, 13.574365 ], [ -89.188663, 13.574576 ], [ -89.18835, 13.575114 ], [ -89.188154, 13.575335 ], [ -89.188114, 13.575604 ], [ -89.188164, 13.576161 ], [ -89.188125, 13.576689 ], [ -89.188135, 13.577092 ], [ -89.188273, 13.577493 ], [ -89.188607, 13.577646 ], [ -89.188774, 13.577973 ], [ -89.188794, 13.578155 ], [ -89.188725, 13.578328 ], [ -89.188696, 13.578558 ], [ -89.188402, 13.579077 ], [ -89.188371, 13.579139 ], [ -89.188177, 13.579528 ], [ -89.188088, 13.579735 ], [ -89.188196, 13.579936 ], [ -89.188295, 13.580032 ], [ -89.188413, 13.580195 ], [ -89.18857, 13.580435 ], [ -89.188717, 13.580723 ], [ -89.188806, 13.581002 ], [ -89.188826, 13.581338 ], [ -89.188728, 13.581626 ], [ -89.188714, 13.581735 ], [ -89.188232, 13.582128 ], [ -89.18775, 13.582219 ], [ -89.186764, 13.582272 ], [ -89.186405, 13.582252 ], [ -89.185953, 13.582171 ], [ -89.185938, 13.582213 ], [ -89.185433, 13.582506 ], [ -89.184668, 13.583073 ], [ -89.183364, 13.582484 ], [ -89.181446, 13.582892 ], [ -89.181449, 13.582921 ], [ -89.179002, 13.583864 ], [ -89.178835, 13.582697 ], [ -89.178675, 13.582302 ], [ -89.178139, 13.582585 ], [ -89.177745, 13.582609 ], [ -89.177571, 13.58277 ], [ -89.177427, 13.582921 ], [ -89.177033, 13.582743 ], [ -89.176744, 13.582717 ], [ -89.176401, 13.582716 ], [ -89.17642, 13.582601 ], [ -89.176164, 13.582582 ], [ -89.175913, 13.582638 ], [ -89.175772, 13.582574 ], [ -89.175526, 13.582636 ], [ -89.175378, 13.582725 ], [ -89.175331, 13.582773 ], [ -89.175209, 13.582954 ], [ -89.17484, 13.58285 ], [ -89.174692, 13.582795 ], [ -89.174568, 13.582695 ], [ -89.174086, 13.582305 ], [ -89.174098, 13.582258 ], [ -89.174096, 13.582228 ], [ -89.174079, 13.582188 ], [ -89.174038, 13.582148 ], [ -89.173959, 13.582125 ], [ -89.173919, 13.582086 ], [ -89.173413, 13.581986 ], [ -89.173333, 13.581969 ], [ -89.173297, 13.58208 ], [ -89.173167, 13.582292 ], [ -89.172939, 13.58249 ], [ -89.172679, 13.582689 ], [ -89.172289, 13.582874 ], [ -89.172212, 13.583008 ], [ -89.172131, 13.583218 ], [ -89.172007, 13.583546 ], [ -89.171956, 13.583588 ], [ -89.171836, 13.583638 ], [ -89.171707, 13.583638 ], [ -89.1716, 13.583605 ], [ -89.171304, 13.583504 ], [ -89.171068, 13.58342 ], [ -89.170846, 13.583479 ], [ -89.170835, 13.583412 ], [ -89.170771, 13.583232 ], [ -89.169312, 13.583162 ], [ -89.168441, 13.583122 ], [ -89.168158, 13.583161 ], [ -89.167683, 13.583268 ], [ -89.167548, 13.583272 ], [ -89.167439, 13.583284 ], [ -89.167349, 13.583296 ], [ -89.167249, 13.583325 ], [ -89.167227, 13.583341 ], [ -89.167181, 13.583307 ], [ -89.167042, 13.583237 ], [ -89.166832, 13.583131 ], [ -89.166699, 13.583072 ], [ -89.166597, 13.582896 ], [ -89.166507, 13.58279 ], [ -89.166416, 13.582749 ], [ -89.166338, 13.582719 ], [ -89.16605, 13.582743 ], [ -89.165869, 13.582655 ], [ -89.165616, 13.582532 ], [ -89.165466, 13.582479 ], [ -89.16537, 13.582444 ], [ -89.165159, 13.582297 ], [ -89.165129, 13.58225 ], [ -89.165093, 13.582091 ], [ -89.165057, 13.582026 ], [ -89.164979, 13.581973 ], [ -89.164822, 13.581938 ], [ -89.164768, 13.581914 ], [ -89.164642, 13.58172 ], [ -89.164619, 13.581633 ], [ -89.16467, 13.581566 ], [ -89.16467, 13.581341 ], [ -89.164662, 13.581196 ], [ -89.164647, 13.581109 ], [ -89.164418, 13.580769 ], [ -89.164336, 13.580631 ], [ -89.164314, 13.580189 ], [ -89.164395, 13.579892 ], [ -89.164395, 13.579682 ], [ -89.164387, 13.579016 ], [ -89.164314, 13.578844 ], [ -89.164122, 13.578603 ], [ -89.164081, 13.578442 ], [ -89.164191, 13.578214 ], [ -89.164361, 13.577788 ], [ -89.164382, 13.577648 ], [ -89.164361, 13.577487 ], [ -89.164251, 13.577279 ], [ -89.164224, 13.577235 ], [ -89.164281, 13.577228 ], [ -89.165121, 13.577124 ], [ -89.166067, 13.577046 ], [ -89.166776, 13.576712 ], [ -89.168326, 13.576762 ], [ -89.16856, 13.576593 ], [ -89.168983, 13.576364 ], [ -89.16938, 13.576094 ], [ -89.169732, 13.575745 ], [ -89.169803, 13.57557 ], [ -89.16978, 13.575108 ], [ -89.169787, 13.574825 ], [ -89.169832, 13.574726 ], [ -89.169951, 13.574545 ], [ -89.170134, 13.574237 ], [ -89.170246, 13.574277 ], [ -89.169841, 13.573616 ], [ -89.169906, 13.57329 ], [ -89.169893, 13.573268 ], [ -89.169325, 13.572223 ], [ -89.16959, 13.57177 ], [ -89.169701, 13.571421 ], [ -89.169842, 13.570897 ], [ -89.169856, 13.570308 ], [ -89.169782, 13.569748 ], [ -89.169692, 13.568897 ], [ -89.169751, 13.568423 ], [ -89.169922, 13.567899 ], [ -89.170159, 13.567172 ], [ -89.170396, 13.566617 ], [ -89.170536, 13.566224 ], [ -89.170536, 13.566085 ], [ -89.170425, 13.565765 ], [ -89.170165, 13.565489 ], [ -89.170017, 13.565271 ], [ -89.16989, 13.564929 ], [ -89.169779, 13.564514 ], [ -89.169767, 13.564414 ], [ -89.169756, 13.564325 ], [ -89.169801, 13.564158 ], [ -89.169839, 13.56409 ], [ -89.169971, 13.563859 ], [ -89.170079, 13.563665 ], [ -89.170111, 13.56321 ], [ -89.170111, 13.563114 ], [ -89.170027, 13.562701 ], [ -89.169682, 13.56199 ], [ -89.169932, 13.56157 ], [ -89.169977, 13.561427 ], [ -89.169792, 13.561155 ], [ -89.169742, 13.560719 ], [ -89.16975, 13.560648 ], [ -89.169762, 13.560537 ], [ -89.169775, 13.560398 ] ] ] } },
{ "type": "Feature", "properties": { "fid": 313, "CANTON": "LOS PAJALES", "DISTRITO": "PANCHIMALCO" }, "geometry": { "type": "Polygon", "coordinates": [ [ [ -89.141215, 13.573087 ], [ -89.142419, 13.573809 ], [ -89.143393, 13.573689 ], [ -89.143598, 13.573706 ], [ -89.144123, 13.573748 ], [ -89.144548, 13.573569 ], [ -89.145339, 13.573271 ], [ -89.147893, 13.572555 ], [ -89.148754, 13.572204 ], [ -89.149482, 13.571659 ], [ -89.149731, 13.571472 ], [ -89.149726, 13.57144 ], [ -89.149695, 13.571351 ], [ -89.149582, 13.571221 ], [ -89.149478, 13.571082 ], [ -89.149416, 13.570933 ], [ -89.149413, 13.570659 ], [ -89.149444, 13.570349 ], [ -89.14942, 13.570253 ], [ -89.149401, 13.570219 ], [ -89.149333, 13.570096 ], [ -89.149342, 13.56995 ], [ -89.149388, 13.569667 ], [ -89.149352, 13.569448 ], [ -89.149296, 13.569395 ], [ -89.148869, 13.569384 ], [ -89.148564, 13.569583 ], [ -89.148503, 13.569538 ], [ -89.14835, 13.569321 ], [ -89.148212, 13.569001 ], [ -89.148176, 13.568909 ], [ -89.148225, 13.568874 ], [ -89.148538, 13.568792 ], [ -89.148636, 13.568745 ], [ -89.14892, 13.568672 ], [ -89.148972, 13.56864 ], [ -89.149168, 13.568337 ], [ -89.149358, 13.568082 ], [ -89.149339, 13.568052 ], [ -89.149485, 13.567865 ], [ -89.149752, 13.567633 ], [ -89.149734, 13.567452 ], [ -89.1497, 13.567364 ], [ -89.149633, 13.567239 ], [ -89.149548, 13.566972 ], [ -89.14953, 13.566794 ], [ -89.149521, 13.566661 ], [ -89.149521, 13.566465 ], [ -89.149475, 13.566281 ], [ -89.149369, 13.566031 ], [ -89.149256, 13.565682 ], [ -89.149197, 13.565461 ], [ -89.149113, 13.56515 ], [ -89.150383, 13.565705 ], [ -89.150788, 13.565227 ], [ -89.151672, 13.564184 ], [ -89.152909, 13.563539 ], [ -89.154488, 13.563744 ], [ -89.155436, 13.563486 ], [ -89.15612, 13.563021 ], [ -89.157015, 13.562428 ], [ -89.158066, 13.561483 ], [ -89.158143, 13.561414 ], [ -89.158269, 13.561548 ], [ -89.158413, 13.561863 ], [ -89.158571, 13.562433 ], [ -89.158571, 13.562681 ], [ -89.158722, 13.562905 ], [ -89.158804, 13.563093 ], [ -89.15879, 13.563401 ], [ -89.158784, 13.563521 ], [ -89.158839, 13.563863 ], [ -89.158907, 13.563964 ], [ -89.158976, 13.564031 ], [ -89.159175, 13.564158 ], [ -89.159736, 13.564412 ], [ -89.159825, 13.564606 ], [ -89.159778, 13.564804 ], [ -89.159689, 13.565139 ], [ -89.15973, 13.565293 ], [ -89.159819, 13.565568 ], [ -89.159812, 13.565682 ], [ -89.15971, 13.565843 ], [ -89.1596, 13.566084 ], [ -89.15945, 13.566426 ], [ -89.159436, 13.566644 ], [ -89.159821, 13.567628 ], [ -89.159705, 13.568364 ], [ -89.159712, 13.568806 ], [ -89.15976, 13.569155 ], [ -89.159863, 13.569255 ], [ -89.159952, 13.569316 ], [ -89.160212, 13.569356 ], [ -89.160308, 13.569449 ], [ -89.160384, 13.56955 ], [ -89.160384, 13.569737 ], [ -89.160411, 13.570113 ], [ -89.160494, 13.570426 ], [ -89.16074, 13.570587 ], [ -89.160919, 13.570821 ], [ -89.161001, 13.570955 ], [ -89.161179, 13.571129 ], [ -89.161302, 13.571243 ], [ -89.161583, 13.571471 ], [ -89.161693, 13.57198 ], [ -89.161721, 13.572647 ], [ -89.161845, 13.572834 ], [ -89.161852, 13.573062 ], [ -89.161776, 13.573203 ], [ -89.161633, 13.573645 ], [ -89.161633, 13.573772 ], [ -89.161654, 13.574276 ], [ -89.161647, 13.574443 ], [ -89.161901, 13.574925 ], [ -89.162052, 13.575153 ], [ -89.162161, 13.57528 ], [ -89.162586, 13.575468 ], [ -89.162942, 13.575595 ], [ -89.162984, 13.57597 ], [ -89.163162, 13.576483 ], [ -89.163238, 13.576525 ], [ -89.164018, 13.576958 ], [ -89.164108, 13.577045 ], [ -89.164224, 13.577235 ], [ -89.164251, 13.577279 ], [ -89.164361, 13.577487 ], [ -89.164382, 13.577648 ], [ -89.164361, 13.577788 ], [ -89.164191, 13.578214 ], [ -89.164081, 13.578442 ], [ -89.164122, 13.578603 ], [ -89.164314, 13.578844 ], [ -89.164387, 13.579016 ], [ -89.164395, 13.579682 ], [ -89.164395, 13.579892 ], [ -89.164314, 13.580189 ], [ -89.164336, 13.580631 ], [ -89.164418, 13.580769 ], [ -89.164647, 13.581109 ], [ -89.164662, 13.581196 ], [ -89.16467, 13.581341 ], [ -89.16467, 13.581566 ], [ -89.164619, 13.581633 ], [ -89.164498, 13.581771 ], [ -89.164498, 13.58189 ], [ -89.164475, 13.582069 ], [ -89.164404, 13.582199 ], [ -89.164338, 13.582379 ], [ -89.164205, 13.582505 ], [ -89.164119, 13.582574 ], [ -89.164084, 13.582696 ], [ -89.164065, 13.582815 ], [ -89.164045, 13.582937 ], [ -89.164108, 13.583379 ], [ -89.163866, 13.583692 ], [ -89.163839, 13.583773 ], [ -89.163741, 13.584134 ], [ -89.163636, 13.58457 ], [ -89.163629, 13.584841 ], [ -89.163777, 13.585199 ], [ -89.16386, 13.585443 ], [ -89.163891, 13.5856 ], [ -89.163715, 13.5857 ], [ -89.163586, 13.585887 ], [ -89.163477, 13.586149 ], [ -89.163395, 13.586355 ], [ -89.163341, 13.586558 ], [ -89.163407, 13.586753 ], [ -89.163403, 13.586949 ], [ -89.163372, 13.587113 ], [ -89.163228, 13.587388 ], [ -89.163173, 13.587591 ], [ -89.163064, 13.587675 ], [ -89.163001, 13.587752 ], [ -89.163052, 13.58788 ], [ -89.163201, 13.588094 ], [ -89.163275, 13.588327 ], [ -89.163268, 13.58856 ], [ -89.163319, 13.588853 ], [ -89.163291, 13.589005 ], [ -89.163233, 13.589235 ], [ -89.163155, 13.589449 ], [ -89.163143, 13.589694 ], [ -89.163055, 13.589988 ], [ -89.163042, 13.590029 ], [ -89.163113, 13.590431 ], [ -89.162752, 13.59065 ], [ -89.162588, 13.591029 ], [ -89.162563, 13.591172 ], [ -89.162356, 13.591223 ], [ -89.16221, 13.591341 ], [ -89.161891, 13.591367 ], [ -89.161969, 13.591619 ], [ -89.161711, 13.591729 ], [ -89.161495, 13.591839 ], [ -89.161289, 13.591915 ], [ -89.161056, 13.592226 ], [ -89.160969, 13.592376 ], [ -89.160884, 13.592359 ], [ -89.160052, 13.592185 ], [ -89.159552, 13.592085 ], [ -89.158799, 13.591899 ], [ -89.157969, 13.591891 ], [ -89.157879, 13.591872 ], [ -89.157698, 13.591813 ], [ -89.157558, 13.592087 ], [ -89.157203, 13.591904 ], [ -89.156642, 13.591615 ], [ -89.156419, 13.591587 ], [ -89.156056, 13.591542 ], [ -89.155984, 13.591848 ], [ -89.155956, 13.591874 ], [ -89.155836, 13.591694 ], [ -89.15562, 13.591577 ], [ -89.155259, 13.59157 ], [ -89.154804, 13.591336 ], [ -89.154548, 13.591172 ], [ -89.154312, 13.59096 ], [ -89.153979, 13.590836 ], [ -89.153509, 13.590696 ], [ -89.153375, 13.590449 ], [ -89.153128, 13.590239 ], [ -89.152588, 13.590104 ], [ -89.152362, 13.590073 ], [ -89.151701, 13.589876 ], [ -89.151615, 13.589849 ], [ -89.151608, 13.589791 ], [ -89.151517, 13.589534 ], [ -89.151483, 13.589436 ], [ -89.15138, 13.589117 ], [ -89.151347, 13.589041 ], [ -89.1513, 13.588986 ], [ -89.151288, 13.58892 ], [ -89.151281, 13.588862 ], [ -89.151294, 13.588707 ], [ -89.151289, 13.58863 ], [ -89.151315, 13.588495 ], [ -89.151368, 13.588247 ], [ -89.151568, 13.588174 ], [ -89.151892, 13.588123 ], [ -89.151987, 13.588075 ], [ -89.152012, 13.588024 ], [ -89.152028, 13.587827 ], [ -89.152023, 13.587775 ], [ -89.151774, 13.587486 ], [ -89.15175, 13.58737 ], [ -89.152174, 13.587002 ], [ -89.15222, 13.586877 ], [ -89.151988, 13.586649 ], [ -89.151815, 13.586381 ], [ -89.151697, 13.586258 ], [ -89.151542, 13.586151 ], [ -89.151272, 13.586039 ], [ -89.150693, 13.58565 ], [ -89.150406, 13.585301 ], [ -89.150269, 13.585213 ], [ -89.149944, 13.584913 ], [ -89.149703, 13.584438 ], [ -89.149609, 13.584322 ], [ -89.149471, 13.584153 ], [ -89.149299, 13.584043 ], [ -89.149089, 13.584029 ], [ -89.148774, 13.584038 ], [ -89.148587, 13.583985 ], [ -89.147979, 13.583553 ], [ -89.147598, 13.583433 ], [ -89.147368, 13.583307 ], [ -89.147216, 13.583141 ], [ -89.147224, 13.58297 ], [ -89.147353, 13.582839 ], [ -89.147416, 13.582718 ], [ -89.147442, 13.582586 ], [ -89.147448, 13.582403 ], [ -89.147476, 13.582202 ], [ -89.147468, 13.582087 ], [ -89.147405, 13.581971 ], [ -89.147315, 13.581823 ], [ -89.147272, 13.58163 ], [ -89.147264, 13.581503 ], [ -89.14735, 13.581247 ], [ -89.14737, 13.58111 ], [ -89.147252, 13.580801 ], [ -89.146842, 13.580507 ], [ -89.146417, 13.580216 ], [ -89.146176, 13.580143 ], [ -89.146082, 13.580163 ], [ -89.145683, 13.580593 ], [ -89.145502, 13.580655 ], [ -89.145193, 13.580456 ], [ -89.145073, 13.580366 ], [ -89.14484, 13.580254 ], [ -89.144694, 13.580138 ], [ -89.144605, 13.579948 ], [ -89.144344, 13.579614 ], [ -89.14428, 13.579496 ], [ -89.144278, 13.579309 ], [ -89.144303, 13.579177 ], [ -89.144386, 13.578986 ], [ -89.144412, 13.57887 ], [ -89.144412, 13.578545 ], [ -89.144544, 13.578215 ], [ -89.144658, 13.577959 ], [ -89.144721, 13.577743 ], [ -89.144736, 13.577648 ], [ -89.144796, 13.577465 ], [ -89.144643, 13.576761 ], [ -89.144669, 13.576416 ], [ -89.144468, 13.575822 ], [ -89.144301, 13.575676 ], [ -89.143837, 13.57516 ], [ -89.143765, 13.574699 ], [ -89.143159, 13.574428 ], [ -89.142761, 13.574529 ], [ -89.142225, 13.574359 ], [ -89.141975, 13.574179 ], [ -89.141447, 13.574025 ], [ -89.141259, 13.573939 ], [ -89.141209, 13.573916 ], [ -89.141109, 13.573618 ], [ -89.141117, 13.573097 ], [ -89.141095, 13.573013 ], [ -89.141215, 13.573087 ] ] ] } },
{ "type": "Feature", "properties": { "fid": 314, "CANTON": "PANCHIMALQUITO", "DISTRITO": "PANCHIMALCO" }, "geometry": { "type": "Polygon", "coordinates": [ [ [ -89.137585, 13.553389 ], [ -89.13747, 13.553145 ], [ -89.137338, 13.552991 ], [ -89.137017, 13.552752 ], [ -89.136383, 13.552133 ], [ -89.136056, 13.551771 ], [ -89.135809, 13.551441 ], [ -89.135746, 13.551205 ], [ -89.135737, 13.550793 ], [ -89.135674, 13.550428 ], [ -89.135533, 13.549979 ], [ -89.135401, 13.549573 ], [ -89.135303, 13.549286 ], [ -89.135197, 13.549028 ], [ -89.135192, 13.549006 ], [ -89.135159, 13.548836 ], [ -89.135197, 13.548718 ], [ -89.135271, 13.548636 ], [ -89.135346, 13.548524 ], [ -89.135432, 13.548381 ], [ -89.135529, 13.548078 ], [ -89.135589, 13.547926 ], [ -89.135652, 13.547732 ], [ -89.135692, 13.547382 ], [ -89.135744, 13.54718 ], [ -89.135804, 13.547064 ], [ -89.135827, 13.546946 ], [ -89.135798, 13.546719 ], [ -89.135758, 13.54649 ], [ -89.135588, 13.546167 ], [ -89.135539, 13.546001 ], [ -89.135505, 13.545785 ], [ -89.13537, 13.545328 ], [ -89.135335, 13.544919 ], [ -89.135306, 13.544748 ], [ -89.13522, 13.544503 ], [ -89.135002, 13.544025 ], [ -89.134922, 13.543909 ], [ -89.134902, 13.543828 ], [ -89.134922, 13.54371 ], [ -89.134953, 13.543572 ], [ -89.134964, 13.543423 ], [ -89.134941, 13.543265 ], [ -89.13497, 13.543144 ], [ -89.135073, 13.542941 ], [ -89.135139, 13.542762 ], [ -89.135182, 13.542599 ], [ -89.135188, 13.542428 ], [ -89.135147, 13.542327 ], [ -89.135061, 13.542088 ], [ -89.135001, 13.541956 ], [ -89.134909, 13.541761 ], [ -89.134895, 13.541654 ], [ -89.134943, 13.541511 ], [ -89.134978, 13.54137 ], [ -89.134914, 13.540802 ], [ -89.134877, 13.540644 ], [ -89.134836, 13.540431 ], [ -89.134796, 13.54031 ], [ -89.134811, 13.540164 ], [ -89.134891, 13.540023 ], [ -89.135051, 13.539828 ], [ -89.135177, 13.539682 ], [ -89.135341, 13.539491 ], [ -89.135427, 13.539356 ], [ -89.135527, 13.539212 ], [ -89.135656, 13.539078 ], [ -89.135776, 13.538941 ], [ -89.136022, 13.538759 ], [ -89.136231, 13.538517 ], [ -89.136484, 13.538329 ], [ -89.136776, 13.538138 ], [ -89.136997, 13.538028 ], [ -89.137247, 13.537902 ], [ -89.137671, 13.537677 ], [ -89.137872, 13.53759 ], [ -89.138115, 13.537489 ], [ -89.138708, 13.537211 ], [ -89.138952, 13.537115 ], [ -89.139367, 13.536855 ], [ -89.139823, 13.536492 ], [ -89.139964, 13.536354 ], [ -89.140089, 13.536127 ], [ -89.140241, 13.535824 ], [ -89.14033, 13.535679 ], [ -89.140462, 13.535552 ], [ -89.140542, 13.535518 ], [ -89.140703, 13.535513 ], [ -89.140863, 13.535535 ], [ -89.140941, 13.535518 ], [ -89.141089, 13.535462 ], [ -89.141252, 13.535409 ], [ -89.141482, 13.535333 ], [ -89.141709, 13.535257 ], [ -89.141777, 13.535223 ], [ -89.141952, 13.535158 ], [ -89.142095, 13.535069 ], [ -89.142287, 13.534909 ], [ -89.142453, 13.534808 ], [ -89.142637, 13.534735 ], [ -89.142783, 13.534695 ], [ -89.143033, 13.534664 ], [ -89.143212, 13.534667 ], [ -89.143396, 13.534656 ], [ -89.143514, 13.534675 ], [ -89.143585, 13.534675 ], [ -89.143858, 13.534681 ], [ -89.144053, 13.5347 ], [ -89.144185, 13.534754 ], [ -89.144329, 13.53486 ], [ -89.144596, 13.535065 ], [ -89.145074, 13.535461 ], [ -89.145203, 13.535562 ], [ -89.145301, 13.535607 ], [ -89.145398, 13.535604 ], [ -89.145493, 13.535561 ], [ -89.145559, 13.535516 ], [ -89.145616, 13.535435 ], [ -89.1457, 13.535569 ], [ -89.145884, 13.535867 ], [ -89.146042, 13.536039 ], [ -89.146393, 13.536521 ], [ -89.146739, 13.537034 ], [ -89.146846, 13.537167 ], [ -89.146947, 13.53736 ], [ -89.147029, 13.537541 ], [ -89.147276, 13.537823 ], [ -89.147632, 13.538124 ], [ -89.147708, 13.538198 ], [ -89.147797, 13.538332 ], [ -89.147824, 13.538492 ], [ -89.148016, 13.539135 ], [ -89.148345, 13.539296 ], [ -89.148578, 13.539289 ], [ -89.148729, 13.539309 ], [ -89.148667, 13.539457 ], [ -89.148791, 13.539909 ], [ -89.148914, 13.54011 ], [ -89.149805, 13.540773 ], [ -89.150257, 13.541263 ], [ -89.150531, 13.541511 ], [ -89.150682, 13.541852 ], [ -89.150812, 13.542362 ], [ -89.150854, 13.542664 ], [ -89.15108, 13.543622 ], [ -89.151094, 13.543931 ], [ -89.151183, 13.544098 ], [ -89.151307, 13.544192 ], [ -89.151581, 13.544286 ], [ -89.151676, 13.544359 ], [ -89.151752, 13.544535 ], [ -89.151793, 13.544856 ], [ -89.15178, 13.545205 ], [ -89.151725, 13.545412 ], [ -89.151711, 13.545587 ], [ -89.151746, 13.545841 ], [ -89.15165, 13.546095 ], [ -89.15139, 13.546356 ], [ -89.15124, 13.546584 ], [ -89.151445, 13.547006 ], [ -89.151603, 13.547153 ], [ -89.151795, 13.54714 ], [ -89.151891, 13.547254 ], [ -89.152, 13.547515 ], [ -89.152213, 13.547853 ], [ -89.152439, 13.548168 ], [ -89.152651, 13.548356 ], [ -89.152754, 13.548543 ], [ -89.152816, 13.548851 ], [ -89.152816, 13.54926 ], [ -89.152728, 13.54965 ], [ -89.152687, 13.549831 ], [ -89.152687, 13.549945 ], [ -89.152886, 13.550375 ], [ -89.153187, 13.550763 ], [ -89.153386, 13.550991 ], [ -89.153564, 13.551172 ], [ -89.15366, 13.551393 ], [ -89.153694, 13.551574 ], [ -89.153674, 13.551741 ], [ -89.153633, 13.551963 ], [ -89.153517, 13.552231 ], [ -89.153531, 13.552495 ], [ -89.153647, 13.552824 ], [ -89.153935, 13.553313 ], [ -89.154161, 13.553721 ], [ -89.154374, 13.554056 ], [ -89.154874, 13.554401 ], [ -89.155011, 13.554582 ], [ -89.155066, 13.554877 ], [ -89.155121, 13.555071 ], [ -89.15521, 13.555312 ], [ -89.15556, 13.555747 ], [ -89.155567, 13.556066 ], [ -89.155656, 13.556287 ], [ -89.155725, 13.556488 ], [ -89.155807, 13.556608 ], [ -89.155882, 13.556689 ], [ -89.156451, 13.556842 ], [ -89.156739, 13.556956 ], [ -89.15693, 13.55709 ], [ -89.156985, 13.557165 ], [ -89.157033, 13.557231 ], [ -89.15704, 13.557418 ], [ -89.156999, 13.55783 ], [ -89.156931, 13.558125 ], [ -89.156973, 13.558869 ], [ -89.156863, 13.558996 ], [ -89.156829, 13.559271 ], [ -89.15711, 13.559696 ], [ -89.157247, 13.559931 ], [ -89.15733, 13.560266 ], [ -89.157337, 13.560701 ], [ -89.157549, 13.56113 ], [ -89.157734, 13.561241 ], [ -89.158029, 13.561321 ], [ -89.158118, 13.561388 ], [ -89.158143, 13.561414 ], [ -89.158066, 13.561483 ], [ -89.157015, 13.562428 ], [ -89.15612, 13.563021 ], [ -89.155436, 13.563486 ], [ -89.154488, 13.563744 ], [ -89.152909, 13.563539 ], [ -89.151672, 13.564184 ], [ -89.150788, 13.565227 ], [ -89.150383, 13.565705 ], [ -89.149113, 13.56515 ], [ -89.149197, 13.565461 ], [ -89.149256, 13.565682 ], [ -89.149369, 13.566031 ], [ -89.149475, 13.566281 ], [ -89.149521, 13.566465 ], [ -89.149521, 13.566661 ], [ -89.14953, 13.566794 ], [ -89.149548, 13.566972 ], [ -89.149633, 13.567239 ], [ -89.1497, 13.567364 ], [ -89.149734, 13.567452 ], [ -89.149752, 13.567633 ], [ -89.149485, 13.567865 ], [ -89.149339, 13.568052 ], [ -89.149358, 13.568082 ], [ -89.149168, 13.568337 ], [ -89.148972, 13.56864 ], [ -89.14892, 13.568672 ], [ -89.148636, 13.568745 ], [ -89.148538, 13.568792 ], [ -89.148225, 13.568874 ], [ -89.148176, 13.568909 ], [ -89.148212, 13.569001 ], [ -89.14835, 13.569321 ], [ -89.148503, 13.569538 ], [ -89.148564, 13.569583 ], [ -89.148869, 13.569384 ], [ -89.149296, 13.569395 ], [ -89.149352, 13.569448 ], [ -89.149388, 13.569667 ], [ -89.149342, 13.56995 ], [ -89.149333, 13.570096 ], [ -89.149401, 13.570219 ], [ -89.14942, 13.570253 ], [ -89.149444, 13.570349 ], [ -89.149413, 13.570659 ], [ -89.149416, 13.570933 ], [ -89.149478, 13.571082 ], [ -89.149582, 13.571221 ], [ -89.149695, 13.571351 ], [ -89.149726, 13.57144 ], [ -89.149731, 13.571472 ], [ -89.149482, 13.571659 ], [ -89.148754, 13.572204 ], [ -89.147893, 13.572555 ], [ -89.145339, 13.573271 ], [ -89.144548, 13.573569 ], [ -89.144123, 13.573748 ], [ -89.143598, 13.573706 ], [ -89.143393, 13.573689 ], [ -89.142419, 13.573809 ], [ -89.141215, 13.573087 ], [ -89.141095, 13.573013 ], [ -89.141014, 13.572707 ], [ -89.14095, 13.572376 ], [ -89.140901, 13.572092 ], [ -89.140569, 13.571706 ], [ -89.140385, 13.571534 ], [ -89.139803, 13.571142 ], [ -89.139576, 13.570817 ], [ -89.139441, 13.569885 ], [ -89.139108, 13.569291 ], [ -89.138634, 13.568968 ], [ -89.13805, 13.56879 ], [ -89.137898, 13.568627 ], [ -89.137622, 13.568111 ], [ -89.137479, 13.567878 ], [ -89.137378, 13.567589 ], [ -89.137189, 13.567003 ], [ -89.136991, 13.566739 ], [ -89.136758, 13.566529 ], [ -89.136443, 13.566268 ], [ -89.136061, 13.565937 ], [ -89.135863, 13.565778 ], [ -89.135348, 13.565613 ], [ -89.135266, 13.565587 ], [ -89.135164, 13.565484 ], [ -89.135152, 13.565386 ], [ -89.135198, 13.565226 ], [ -89.13537, 13.564903 ], [ -89.135418, 13.564608 ], [ -89.135401, 13.564393 ], [ -89.135387, 13.564207 ], [ -89.135392, 13.563891 ], [ -89.135381, 13.563655 ], [ -89.135329, 13.56329 ], [ -89.135096, 13.562664 ], [ -89.134929, 13.562163 ], [ -89.134607, 13.561315 ], [ -89.134585, 13.561257 ], [ -89.134524, 13.561088 ], [ -89.134384, 13.560822 ], [ -89.134355, 13.560751 ], [ -89.134338, 13.560552 ], [ -89.13434, 13.560391 ], [ -89.13438, 13.560135 ], [ -89.134443, 13.559826 ], [ -89.134518, 13.559562 ], [ -89.134733, 13.55938 ], [ -89.135089, 13.558906 ], [ -89.13522, 13.558671 ], [ -89.135552, 13.558069 ], [ -89.135707, 13.557867 ], [ -89.135965, 13.557699 ], [ -89.13614, 13.557618 ], [ -89.136246, 13.557548 ], [ -89.1363, 13.557511 ], [ -89.136323, 13.557444 ], [ -89.136346, 13.557253 ], [ -89.136389, 13.557084 ], [ -89.136552, 13.556658 ], [ -89.136652, 13.556402 ], [ -89.13689, 13.556097 ], [ -89.136973, 13.555962 ], [ -89.137076, 13.55565 ], [ -89.137251, 13.554969 ], [ -89.137328, 13.554588 ], [ -89.137411, 13.554273 ], [ -89.13756, 13.553818 ], [ -89.137626, 13.553641 ], [ -89.137585, 13.553389 ] ] ] } },
{ "type": "Feature", "properties": { "fid": 317, "CANTON": "AMAYON", "DISTRITO": "PANCHIMALCO" }, "geometry": { "type": "Polygon", "coordinates": [ [ [ -89.178785, 13.526676 ], [ -89.178628, 13.526502 ], [ -89.178412, 13.526179 ], [ -89.178171, 13.526081 ], [ -89.178104, 13.525494 ], [ -89.178084, 13.5253 ], [ -89.177829, 13.524904 ], [ -89.177534, 13.52451 ], [ -89.176982, 13.52387 ], [ -89.176776, 13.523292 ], [ -89.176717, 13.523105 ], [ -89.176554, 13.522769 ], [ -89.176434, 13.522508 ], [ -89.176363, 13.522216 ], [ -89.176289, 13.522204 ], [ -89.176233, 13.522246 ], [ -89.176091, 13.522543 ], [ -89.176033, 13.522755 ], [ -89.175893, 13.523415 ], [ -89.175804, 13.523385 ], [ -89.175708, 13.523253 ], [ -89.175667, 13.523039 ], [ -89.175616, 13.52288 ], [ -89.175483, 13.521951 ], [ -89.175333, 13.521325 ], [ -89.175289, 13.52078 ], [ -89.175223, 13.520568 ], [ -89.175165, 13.520311 ], [ -89.174978, 13.519288 ], [ -89.174942, 13.51903 ], [ -89.174927, 13.518811 ], [ -89.17481, 13.518522 ], [ -89.174723, 13.518408 ], [ -89.174635, 13.518192 ], [ -89.174543, 13.51803 ], [ -89.174482, 13.517876 ], [ -89.174484, 13.517829 ], [ -89.174499, 13.517751 ], [ -89.174703, 13.517265 ], [ -89.174718, 13.517078 ], [ -89.174712, 13.516884 ], [ -89.174697, 13.516729 ], [ -89.174636, 13.516507 ], [ -89.174547, 13.516347 ], [ -89.174224, 13.516029 ], [ -89.17417, 13.515959 ], [ -89.174168, 13.515869 ], [ -89.174297, 13.515314 ], [ -89.17434, 13.514959 ], [ -89.174345, 13.514523 ], [ -89.174314, 13.514401 ], [ -89.173989, 13.514044 ], [ -89.173635, 13.51384 ], [ -89.173233, 13.513666 ], [ -89.172994, 13.513472 ], [ -89.17274, 13.513083 ], [ -89.172462, 13.512517 ], [ -89.172089, 13.512258 ], [ -89.171865, 13.512091 ], [ -89.171784, 13.511989 ], [ -89.171717, 13.511859 ], [ -89.171666, 13.511453 ], [ -89.171601, 13.511288 ], [ -89.171539, 13.51126 ], [ -89.171524, 13.511453 ], [ -89.171564, 13.511896 ], [ -89.171604, 13.512078 ], [ -89.171622, 13.512258 ], [ -89.171667, 13.51244 ], [ -89.171662, 13.512717 ], [ -89.171623, 13.512964 ], [ -89.171578, 13.513112 ], [ -89.171579, 13.513246 ], [ -89.171654, 13.513604 ], [ -89.171716, 13.513981 ], [ -89.171787, 13.514146 ], [ -89.171996, 13.514421 ], [ -89.172559, 13.515053 ], [ -89.172661, 13.515227 ], [ -89.172674, 13.515404 ], [ -89.172639, 13.515491 ], [ -89.172422, 13.515781 ], [ -89.17228, 13.515915 ], [ -89.172086, 13.516015 ], [ -89.171939, 13.516119 ], [ -89.171904, 13.516306 ], [ -89.1719, 13.516475 ], [ -89.171984, 13.516887 ], [ -89.172038, 13.517009 ], [ -89.172144, 13.517121 ], [ -89.172663, 13.517555 ], [ -89.172729, 13.518012 ], [ -89.172748, 13.518584 ], [ -89.17281, 13.518714 ], [ -89.173027, 13.518963 ], [ -89.173133, 13.519063 ], [ -89.173205, 13.519199 ], [ -89.173233, 13.519629 ], [ -89.173121, 13.520058 ], [ -89.173, 13.520317 ], [ -89.17271, 13.52103 ], [ -89.172893, 13.521912 ], [ -89.172885, 13.522216 ], [ -89.172858, 13.52233 ], [ -89.172692, 13.522774 ], [ -89.172432, 13.523554 ], [ -89.172306, 13.523836 ], [ -89.172102, 13.524051 ], [ -89.171905, 13.52443 ], [ -89.1717, 13.524898 ], [ -89.171594, 13.525128 ], [ -89.171481, 13.525581 ], [ -89.17117, 13.526386 ], [ -89.171155, 13.526847 ], [ -89.171027, 13.527136 ], [ -89.170746, 13.527463 ], [ -89.170595, 13.527716 ], [ -89.170557, 13.527812 ], [ -89.170565, 13.528172 ], [ -89.170625, 13.528484 ], [ -89.170649, 13.528959 ], [ -89.170592, 13.529134 ], [ -89.170495, 13.529344 ], [ -89.170315, 13.529714 ], [ -89.170062, 13.529955 ], [ -89.169844, 13.530125 ], [ -89.169816, 13.530366 ], [ -89.170075, 13.530816 ], [ -89.170153, 13.530972 ], [ -89.170253, 13.531396 ], [ -89.170311, 13.532092 ], [ -89.170382, 13.532367 ], [ -89.17053, 13.532841 ], [ -89.17053, 13.533022 ], [ -89.170483, 13.533297 ], [ -89.170354, 13.533558 ], [ -89.169955, 13.533997 ], [ -89.169893, 13.534088 ], [ -89.169662, 13.53466 ], [ -89.16952, 13.534669 ], [ -89.169317, 13.53474 ], [ -89.16912, 13.534798 ], [ -89.168916, 13.534908 ], [ -89.168759, 13.534933 ], [ -89.168299, 13.534908 ], [ -89.168049, 13.534837 ], [ -89.167865, 13.534811 ], [ -89.167498, 13.534792 ], [ -89.167228, 13.534812 ], [ -89.16711, 13.534895 ], [ -89.167005, 13.534921 ], [ -89.166775, 13.534973 ], [ -89.166496, 13.535057 ], [ -89.166194, 13.53518 ], [ -89.165846, 13.535347 ], [ -89.165603, 13.535463 ], [ -89.165517, 13.535567 ], [ -89.165399, 13.535811 ], [ -89.165294, 13.536114 ], [ -89.165196, 13.536533 ], [ -89.165111, 13.537055 ], [ -89.165, 13.537616 ], [ -89.164921, 13.537899 ], [ -89.164862, 13.538067 ], [ -89.164777, 13.538382 ], [ -89.164678, 13.538569 ], [ -89.164547, 13.53882 ], [ -89.164449, 13.539014 ], [ -89.164366, 13.539266 ], [ -89.163193, 13.538846 ], [ -89.1632, 13.539744 ], [ -89.163151, 13.539956 ], [ -89.163139, 13.540299 ], [ -89.163201, 13.540623 ], [ -89.163507, 13.540955 ], [ -89.163662, 13.541234 ], [ -89.163783, 13.541836 ], [ -89.163694, 13.542422 ], [ -89.163482, 13.543337 ], [ -89.163289, 13.543789 ], [ -89.163228, 13.543933 ], [ -89.163092, 13.544501 ], [ -89.163102, 13.544747 ], [ -89.163198, 13.545226 ], [ -89.163174, 13.546207 ], [ -89.163131, 13.546426 ], [ -89.163057, 13.546772 ], [ -89.163144, 13.547221 ], [ -89.163126, 13.548362 ], [ -89.163148, 13.548593 ], [ -89.163415, 13.550018 ], [ -89.163803, 13.551501 ], [ -89.16389, 13.551883 ], [ -89.163964, 13.552682 ], [ -89.164057, 13.553088 ], [ -89.164228, 13.553722 ], [ -89.164253, 13.553874 ], [ -89.164271, 13.554192 ], [ -89.16434, 13.554774 ], [ -89.16439, 13.555141 ], [ -89.164482, 13.555327 ], [ -89.164563, 13.555575 ], [ -89.164657, 13.556506 ], [ -89.164621, 13.556539 ], [ -89.164501, 13.556709 ], [ -89.164351, 13.556832 ], [ -89.164224, 13.556823 ], [ -89.164223, 13.556812 ], [ -89.164152, 13.556671 ], [ -89.164125, 13.556591 ], [ -89.164122, 13.556554 ], [ -89.164113, 13.556426 ], [ -89.164106, 13.556374 ], [ -89.164093, 13.556279 ], [ -89.164058, 13.556151 ], [ -89.164052, 13.556111 ], [ -89.163951, 13.555978 ], [ -89.163895, 13.555823 ], [ -89.163715, 13.555433 ], [ -89.163745, 13.555211 ], [ -89.163647, 13.554942 ], [ -89.163595, 13.554797 ], [ -89.163529, 13.554615 ], [ -89.163548, 13.554331 ], [ -89.163569, 13.554324 ], [ -89.163724, 13.554356 ], [ -89.163724, 13.554324 ], [ -89.163713, 13.554297 ], [ -89.163702, 13.55427 ], [ -89.163694, 13.554236 ], [ -89.16368, 13.554204 ], [ -89.16368, 13.554134 ], [ -89.16368, 13.554085 ], [ -89.16368, 13.554074 ], [ -89.16368, 13.55402 ], [ -89.16368, 13.554003 ], [ -89.163691, 13.553944 ], [ -89.163691, 13.553916 ], [ -89.163691, 13.553895 ], [ -89.163681, 13.553862 ], [ -89.163656, 13.553825 ], [ -89.163635, 13.553808 ], [ -89.163607, 13.553802 ], [ -89.16359, 13.553802 ], [ -89.163557, 13.553791 ], [ -89.163535, 13.55378 ], [ -89.163507, 13.553759 ], [ -89.16349, 13.553732 ], [ -89.163446, 13.553683 ], [ -89.163418, 13.553645 ], [ -89.163396, 13.553612 ], [ -89.163351, 13.553569 ], [ -89.163301, 13.553509 ], [ -89.163268, 13.553449 ], [ -89.163251, 13.5534 ], [ -89.163223, 13.553351 ], [ -89.163212, 13.553302 ], [ -89.163212, 13.553264 ], [ -89.163212, 13.553242 ], [ -89.163196, 13.553199 ], [ -89.163168, 13.553172 ], [ -89.16314, 13.55315 ], [ -89.163118, 13.553117 ], [ -89.163095, 13.553085 ], [ -89.163079, 13.553052 ], [ -89.163062, 13.553025 ], [ -89.163012, 13.55296 ], [ -89.163012, 13.552944 ], [ -89.163012, 13.552851 ], [ -89.163023, 13.552818 ], [ -89.163037, 13.552346 ], [ -89.162755, 13.551743 ], [ -89.162317, 13.550922 ], [ -89.161849, 13.54994 ], [ -89.161596, 13.549256 ], [ -89.1615, 13.548834 ], [ -89.161373, 13.548616 ], [ -89.161099, 13.548168 ], [ -89.16084, 13.547728 ], [ -89.160825, 13.54772 ], [ -89.160676, 13.547393 ], [ -89.160549, 13.547109 ], [ -89.160505, 13.547 ], [ -89.160319, 13.546702 ], [ -89.160208, 13.546529 ], [ -89.160141, 13.546383 ], [ -89.160081, 13.546092 ], [ -89.160081, 13.545692 ], [ -89.160036, 13.545474 ], [ -89.159962, 13.545235 ], [ -89.159784, 13.54477 ], [ -89.159598, 13.544284 ], [ -89.159627, 13.544225 ], [ -89.159333, 13.543563 ], [ -89.159345, 13.542905 ], [ -89.159578, 13.541499 ], [ -89.159473, 13.539774 ], [ -89.159188, 13.538951 ], [ -89.159187, 13.53871 ], [ -89.159329, 13.537051 ], [ -89.159406, 13.536639 ], [ -89.159367, 13.536095 ], [ -89.159353, 13.535449 ], [ -89.159521, 13.534587 ], [ -89.159378, 13.533796 ], [ -89.159197, 13.533327 ], [ -89.159183, 13.532783 ], [ -89.159377, 13.532187 ], [ -89.159403, 13.531605 ], [ -89.159415, 13.531488 ], [ -89.159053, 13.530931 ], [ -89.158897, 13.530488 ], [ -89.158806, 13.529703 ], [ -89.158806, 13.529538 ], [ -89.158857, 13.529323 ], [ -89.159064, 13.528943 ], [ -89.159142, 13.52862 ], [ -89.159141, 13.528189 ], [ -89.159064, 13.528037 ], [ -89.158973, 13.527746 ], [ -89.158843, 13.526961 ], [ -89.158739, 13.526644 ], [ -89.158221, 13.526106 ], [ -89.158143, 13.525942 ], [ -89.158143, 13.525764 ], [ -89.158285, 13.52527 ], [ -89.158285, 13.525093 ], [ -89.158285, 13.5247 ], [ -89.158181, 13.524384 ], [ -89.158052, 13.524169 ], [ -89.158013, 13.52408 ], [ -89.158025, 13.523865 ], [ -89.158077, 13.523523 ], [ -89.158115, 13.522661 ], [ -89.158063, 13.522509 ], [ -89.157973, 13.522244 ], [ -89.157804, 13.522016 ], [ -89.157688, 13.521851 ], [ -89.157597, 13.521509 ], [ -89.157623, 13.521275 ], [ -89.157674, 13.52106 ], [ -89.157984, 13.520527 ], [ -89.158088, 13.520375 ], [ -89.158243, 13.520135 ], [ -89.158282, 13.519755 ], [ -89.157893, 13.51921 ], [ -89.157711, 13.518666 ], [ -89.157801, 13.51795 ], [ -89.157309, 13.517343 ], [ -89.157154, 13.516925 ], [ -89.157218, 13.51638 ], [ -89.157463, 13.51562 ], [ -89.157774, 13.514892 ], [ -89.157773, 13.514436 ], [ -89.157592, 13.513866 ], [ -89.157397, 13.5136 ], [ -89.157617, 13.513157 ], [ -89.15794, 13.512903 ], [ -89.158484, 13.512485 ], [ -89.158626, 13.512231 ], [ -89.158522, 13.511864 ], [ -89.158392, 13.511521 ], [ -89.158069, 13.511306 ], [ -89.157888, 13.511243 ], [ -89.157655, 13.511116 ], [ -89.157693, 13.510926 ], [ -89.15781, 13.510787 ], [ -89.157965, 13.510597 ], [ -89.157965, 13.510394 ], [ -89.157887, 13.510255 ], [ -89.157576, 13.509837 ], [ -89.157317, 13.509571 ], [ -89.157032, 13.509278 ], [ -89.157071, 13.508923 ], [ -89.157291, 13.508657 ], [ -89.157691, 13.508264 ], [ -89.15773, 13.507998 ], [ -89.157665, 13.50777 ], [ -89.157471, 13.5072 ], [ -89.157393, 13.506364 ], [ -89.157231, 13.505896 ], [ -89.157442, 13.505506 ], [ -89.157629, 13.505062 ], [ -89.15778, 13.504542 ], [ -89.157903, 13.503759 ], [ -89.157894, 13.503068 ], [ -89.157898, 13.502876 ], [ -89.157825, 13.502584 ], [ -89.157683, 13.50216 ], [ -89.157632, 13.50194 ], [ -89.157655, 13.501635 ], [ -89.157687, 13.501335 ], [ -89.158025, 13.500221 ], [ -89.158294, 13.499252 ], [ -89.15839, 13.498626 ], [ -89.158389, 13.498353 ], [ -89.15837, 13.497948 ], [ -89.158389, 13.497738 ], [ -89.158452, 13.497608 ], [ -89.158681, 13.497273 ], [ -89.158951, 13.497053 ], [ -89.160035, 13.496408 ], [ -89.160223, 13.496224 ], [ -89.160602, 13.495705 ], [ -89.160831, 13.495234 ], [ -89.16122, 13.494643 ], [ -89.161494, 13.494122 ], [ -89.161585, 13.493757 ], [ -89.161562, 13.493425 ], [ -89.161502, 13.492892 ], [ -89.161488, 13.492766 ], [ -89.161464, 13.49187 ], [ -89.161418, 13.49148 ], [ -89.161046, 13.490913 ], [ -89.160687, 13.490587 ], [ -89.160498, 13.490326 ], [ -89.160432, 13.49021 ], [ -89.160399, 13.490038 ], [ -89.16042, 13.489678 ], [ -89.160497, 13.489406 ], [ -89.160616, 13.489243 ], [ -89.160681, 13.489164 ], [ -89.160771, 13.489147 ], [ -89.16103, 13.489149 ], [ -89.161389, 13.489181 ], [ -89.161791, 13.489295 ], [ -89.162131, 13.489475 ], [ -89.162782, 13.489908 ], [ -89.163339, 13.490296 ], [ -89.16372, 13.490587 ], [ -89.16408, 13.49075 ], [ -89.164322, 13.490761 ], [ -89.165015, 13.490748 ], [ -89.165654, 13.490882 ], [ -89.166047, 13.490861 ], [ -89.166187, 13.490861 ], [ -89.166258, 13.491121 ], [ -89.166839, 13.491171 ], [ -89.166872, 13.491174 ], [ -89.167119, 13.491196 ], [ -89.167432, 13.491225 ], [ -89.167598, 13.491241 ], [ -89.167661, 13.491248 ], [ -89.168222, 13.491312 ], [ -89.168584, 13.491353 ], [ -89.168819, 13.491382 ], [ -89.168931, 13.491396 ], [ -89.16915, 13.491424 ], [ -89.169947, 13.491523 ], [ -89.170183, 13.491552 ], [ -89.170498, 13.491592 ], [ -89.170506, 13.491593 ], [ -89.170511, 13.491593 ], [ -89.170512, 13.491594 ], [ -89.170513, 13.491594 ], [ -89.170515, 13.491594 ], [ -89.170516, 13.491594 ], [ -89.170518, 13.491594 ], [ -89.170777, 13.491627 ], [ -89.170938, 13.491648 ], [ -89.171031, 13.49166 ], [ -89.171409, 13.491704 ], [ -89.171811, 13.49175 ], [ -89.171822, 13.491751 ], [ -89.171839, 13.491753 ], [ -89.171872, 13.491756 ], [ -89.172005, 13.491776 ], [ -89.172029, 13.491779 ], [ -89.172173, 13.4918 ], [ -89.172332, 13.49182 ], [ -89.172503, 13.491841 ], [ -89.172551, 13.491847 ], [ -89.172841, 13.491885 ], [ -89.173276, 13.491942 ], [ -89.173265, 13.492113 ], [ -89.173258, 13.492231 ], [ -89.173227, 13.492705 ], [ -89.173242, 13.492734 ], [ -89.173251, 13.492752 ], [ -89.173268, 13.492786 ], [ -89.173267, 13.492883 ], [ -89.173265, 13.493052 ], [ -89.173264, 13.493074 ], [ -89.173296, 13.493108 ], [ -89.173327, 13.493142 ], [ -89.173308, 13.493172 ], [ -89.17329, 13.493202 ], [ -89.173255, 13.49325 ], [ -89.17322, 13.493298 ], [ -89.173184, 13.493344 ], [ -89.173149, 13.49339 ], [ -89.173193, 13.493498 ], [ -89.173192, 13.493504 ], [ -89.173192, 13.493507 ], [ -89.173189, 13.493523 ], [ -89.173171, 13.49369 ], [ -89.173125, 13.494126 ], [ -89.173096, 13.494408 ], [ -89.173095, 13.494411 ], [ -89.173094, 13.494423 ], [ -89.173092, 13.494447 ], [ -89.173085, 13.494532 ], [ -89.173032, 13.49517 ], [ -89.173029, 13.495205 ], [ -89.173023, 13.495278 ], [ -89.173008, 13.495453 ], [ -89.173004, 13.495501 ], [ -89.172979, 13.495793 ], [ -89.172969, 13.495917 ], [ -89.172965, 13.49597 ], [ -89.172916, 13.496567 ], [ -89.17291, 13.496638 ], [ -89.172908, 13.496667 ], [ -89.17282, 13.49773 ], [ -89.17284, 13.497733 ], [ -89.173034, 13.497763 ], [ -89.17331, 13.497807 ], [ -89.173319, 13.497808 ], [ -89.17368, 13.497851 ], [ -89.173779, 13.497863 ], [ -89.17378, 13.497863 ], [ -89.173965, 13.497885 ], [ -89.17397, 13.497885 ], [ -89.174013, 13.497891 ], [ -89.174267, 13.497926 ], [ -89.174281, 13.497928 ], [ -89.174433, 13.497949 ], [ -89.174571, 13.497968 ], [ -89.174592, 13.497971 ], [ -89.174805, 13.497992 ], [ -89.174824, 13.497993 ], [ -89.174846, 13.497995 ], [ -89.175001, 13.49801 ], [ -89.17502, 13.498012 ], [ -89.175106, 13.498021 ], [ -89.175412, 13.498052 ], [ -89.175471, 13.498058 ], [ -89.175672, 13.498079 ], [ -89.175785, 13.498091 ], [ -89.175841, 13.498097 ], [ -89.175991, 13.498112 ], [ -89.176003, 13.498113 ], [ -89.176022, 13.498115 ], [ -89.176529, 13.498183 ], [ -89.17665, 13.498199 ], [ -89.176799, 13.498219 ], [ -89.177125, 13.498262 ], [ -89.177255, 13.49828 ], [ -89.17742, 13.498301 ], [ -89.177467, 13.498307 ], [ -89.177532, 13.498316 ], [ -89.177639, 13.49833 ], [ -89.177676, 13.498335 ], [ -89.177743, 13.49812 ], [ -89.177798, 13.498027 ], [ -89.177881, 13.497819 ], [ -89.1779, 13.497673 ], [ -89.177909, 13.497507 ], [ -89.177897, 13.497418 ], [ -89.177821, 13.497159 ], [ -89.177788, 13.497061 ], [ -89.177712, 13.496877 ], [ -89.177731, 13.496825 ], [ -89.17773, 13.496794 ], [ -89.177719, 13.496714 ], [ -89.177723, 13.496591 ], [ -89.177739, 13.496503 ], [ -89.17774, 13.496452 ], [ -89.177733, 13.496401 ], [ -89.177718, 13.496343 ], [ -89.17772, 13.496315 ], [ -89.177749, 13.496269 ], [ -89.177885, 13.496099 ], [ -89.177929, 13.495981 ], [ -89.177976, 13.495919 ], [ -89.178015, 13.495816 ], [ -89.178061, 13.495617 ], [ -89.17807, 13.495522 ], [ -89.178057, 13.495478 ], [ -89.178028, 13.495441 ], [ -89.178001, 13.495419 ], [ -89.177949, 13.495409 ], [ -89.177906, 13.495427 ], [ -89.177832, 13.495456 ], [ -89.177769, 13.495446 ], [ -89.177728, 13.495397 ], [ -89.177726, 13.495314 ], [ -89.177736, 13.495121 ], [ -89.177711, 13.495096 ], [ -89.177752, 13.495052 ], [ -89.177771, 13.494984 ], [ -89.177801, 13.494948 ], [ -89.177819, 13.494903 ], [ -89.177833, 13.494839 ], [ -89.177828, 13.494809 ], [ -89.177818, 13.494787 ], [ -89.177786, 13.494757 ], [ -89.177719, 13.494711 ], [ -89.177593, 13.494683 ], [ -89.177512, 13.494689 ], [ -89.177503, 13.494644 ], [ -89.177483, 13.494558 ], [ -89.177444, 13.494506 ], [ -89.177389, 13.494465 ], [ -89.177322, 13.49442 ], [ -89.177277, 13.494374 ], [ -89.177268, 13.494348 ], [ -89.177265, 13.49433 ], [ -89.177307, 13.494279 ], [ -89.177374, 13.494222 ], [ -89.177425, 13.494174 ], [ -89.177471, 13.49414 ], [ -89.177485, 13.494089 ], [ -89.177507, 13.494046 ], [ -89.17757, 13.494006 ], [ -89.177712, 13.493987 ], [ -89.177724, 13.494031 ], [ -89.177698, 13.494208 ], [ -89.177833, 13.494182 ], [ -89.177977, 13.493992 ], [ -89.17815, 13.494009 ], [ -89.178239, 13.493973 ], [ -89.178299, 13.493996 ], [ -89.178348, 13.494022 ], [ -89.178433, 13.494083 ], [ -89.178552, 13.494061 ], [ -89.178602, 13.494051 ], [ -89.178531, 13.493969 ], [ -89.178428, 13.493908 ], [ -89.178377, 13.493679 ], [ -89.177964, 13.493487 ], [ -89.177829, 13.493469 ], [ -89.177528, 13.493427 ], [ -89.177418, 13.493399 ], [ -89.177269, 13.492884 ], [ -89.177406, 13.492763 ], [ -89.177505, 13.492794 ], [ -89.177823, 13.492933 ], [ -89.177955, 13.493003 ], [ -89.178014, 13.492926 ], [ -89.177997, 13.492765 ], [ -89.178099, 13.492663 ], [ -89.178193, 13.492525 ], [ -89.178263, 13.492418 ], [ -89.178381, 13.492275 ], [ -89.178418, 13.492164 ], [ -89.178456, 13.492159 ], [ -89.178458, 13.492157 ], [ -89.178508, 13.492122 ], [ -89.178535, 13.492103 ], [ -89.178534, 13.4921 ], [ -89.178457, 13.491661 ], [ -89.178456, 13.491655 ], [ -89.178429, 13.491657 ], [ -89.17843, 13.491486 ], [ -89.178432, 13.491314 ], [ -89.178402, 13.491314 ], [ -89.178322, 13.491303 ], [ -89.178299, 13.4913 ], [ -89.17829, 13.491299 ], [ -89.178184, 13.491288 ], [ -89.178165, 13.491145 ], [ -89.178141, 13.491088 ], [ -89.178093, 13.491021 ], [ -89.177955, 13.490902 ], [ -89.17781, 13.49082 ], [ -89.177763, 13.490773 ], [ -89.17772, 13.490705 ], [ -89.177715, 13.490673 ], [ -89.177721, 13.490604 ], [ -89.177741, 13.490568 ], [ -89.1778, 13.490509 ], [ -89.177812, 13.490488 ], [ -89.177818, 13.490457 ], [ -89.177839, 13.490432 ], [ -89.177863, 13.490418 ], [ -89.177938, 13.490414 ], [ -89.177992, 13.490405 ], [ -89.178042, 13.49036 ], [ -89.178104, 13.490283 ], [ -89.178147, 13.490172 ], [ -89.178161, 13.490074 ], [ -89.178164, 13.490019 ], [ -89.178161, 13.489918 ], [ -89.178141, 13.489852 ], [ -89.178112, 13.489789 ], [ -89.178082, 13.489733 ], [ -89.178053, 13.489703 ], [ -89.178009, 13.489714 ], [ -89.17798, 13.489743 ], [ -89.177972, 13.48977 ], [ -89.177963, 13.489814 ], [ -89.177951, 13.489823 ], [ -89.177925, 13.489824 ], [ -89.177897, 13.489815 ], [ -89.17786, 13.489803 ], [ -89.177775, 13.489786 ], [ -89.177674, 13.489754 ], [ -89.177585, 13.489712 ], [ -89.177538, 13.489647 ], [ -89.177519, 13.489601 ], [ -89.177489, 13.489572 ], [ -89.177438, 13.489574 ], [ -89.177413, 13.489599 ], [ -89.17733, 13.489681 ], [ -89.177275, 13.489702 ], [ -89.177226, 13.489723 ], [ -89.177163, 13.489727 ], [ -89.177122, 13.48971 ], [ -89.17709, 13.489664 ], [ -89.177055, 13.489548 ], [ -89.177036, 13.489457 ], [ -89.177049, 13.48936 ], [ -89.177066, 13.489304 ], [ -89.177109, 13.48925 ], [ -89.177173, 13.489194 ], [ -89.177266, 13.489156 ], [ -89.177546, 13.48905 ], [ -89.178018, 13.488853 ], [ -89.178499, 13.488644 ], [ -89.178596, 13.488602 ], [ -89.178713, 13.488507 ], [ -89.178875, 13.488339 ], [ -89.179023, 13.488216 ], [ -89.17916, 13.488116 ], [ -89.179199, 13.488107 ], [ -89.179228, 13.488115 ], [ -89.179242, 13.488132 ], [ -89.179259, 13.488141 ], [ -89.1793, 13.488149 ], [ -89.179365, 13.488147 ], [ -89.179448, 13.488137 ], [ -89.179487, 13.488117 ], [ -89.179571, 13.488051 ], [ -89.17964, 13.487982 ], [ -89.179714, 13.487895 ], [ -89.179802, 13.487763 ], [ -89.179837, 13.487661 ], [ -89.179841, 13.487631 ], [ -89.179836, 13.487595 ], [ -89.179808, 13.487562 ], [ -89.179591, 13.487465 ], [ -89.17954, 13.487434 ], [ -89.179497, 13.487418 ], [ -89.179368, 13.487397 ], [ -89.179248, 13.487357 ], [ -89.179121, 13.487296 ], [ -89.179033, 13.487244 ], [ -89.178996, 13.487222 ], [ -89.178944, 13.487173 ], [ -89.178894, 13.487098 ], [ -89.178847, 13.487008 ], [ -89.17881, 13.486965 ], [ -89.178781, 13.486959 ], [ -89.178736, 13.486964 ], [ -89.178694, 13.486989 ], [ -89.178675, 13.487021 ], [ -89.178668, 13.48707 ], [ -89.178657, 13.487141 ], [ -89.178612, 13.48722 ], [ -89.178551, 13.487244 ], [ -89.178447, 13.487221 ], [ -89.178327, 13.487149 ], [ -89.178247, 13.487059 ], [ -89.178201, 13.486904 ], [ -89.178175, 13.486702 ], [ -89.17815, 13.486542 ], [ -89.178159, 13.486376 ], [ -89.178192, 13.486292 ], [ -89.178245, 13.486222 ], [ -89.17831, 13.486186 ], [ -89.178373, 13.486101 ], [ -89.178418, 13.486074 ], [ -89.178499, 13.486051 ], [ -89.178541, 13.486087 ], [ -89.178568, 13.486118 ], [ -89.178656, 13.486188 ], [ -89.178719, 13.48624 ], [ -89.1788, 13.486331 ], [ -89.178897, 13.486412 ], [ -89.17893, 13.486426 ], [ -89.178988, 13.486426 ], [ -89.179028, 13.486401 ], [ -89.179066, 13.486342 ], [ -89.179112, 13.486327 ], [ -89.179185, 13.486348 ], [ -89.179248, 13.486361 ], [ -89.179279, 13.486355 ], [ -89.1793, 13.486326 ], [ -89.179303, 13.48627 ], [ -89.17931, 13.48618 ], [ -89.179348, 13.48603 ], [ -89.179357, 13.485885 ], [ -89.179349, 13.485727 ], [ -89.179321, 13.485634 ], [ -89.179292, 13.485579 ], [ -89.179251, 13.48554 ], [ -89.179189, 13.485516 ], [ -89.179143, 13.485509 ], [ -89.179037, 13.485514 ], [ -89.178924, 13.485556 ], [ -89.178774, 13.485638 ], [ -89.17872, 13.485639 ], [ -89.178631, 13.485602 ], [ -89.178501, 13.485502 ], [ -89.178467, 13.485292 ], [ -89.178431, 13.48497 ], [ -89.178409, 13.484957 ], [ -89.178337, 13.484948 ], [ -89.178286, 13.484938 ], [ -89.178257, 13.484891 ], [ -89.178254, 13.484648 ], [ -89.178258, 13.484597 ], [ -89.17833, 13.484525 ], [ -89.178504, 13.484438 ], [ -89.178622, 13.484349 ], [ -89.178731, 13.484222 ], [ -89.178783, 13.48414 ], [ -89.178841, 13.484012 ], [ -89.178869, 13.483966 ], [ -89.178894, 13.483881 ], [ -89.178878, 13.483776 ], [ -89.178846, 13.483657 ], [ -89.178791, 13.483563 ], [ -89.178726, 13.483512 ], [ -89.178642, 13.483467 ], [ -89.178544, 13.483426 ], [ -89.178488, 13.483414 ], [ -89.178419, 13.483415 ], [ -89.178246, 13.483379 ], [ -89.178167, 13.483331 ], [ -89.178127, 13.483261 ], [ -89.178139, 13.483155 ], [ -89.178196, 13.482994 ], [ -89.178194, 13.482948 ], [ -89.178161, 13.482903 ], [ -89.178127, 13.482855 ], [ -89.178062, 13.482783 ], [ -89.178028, 13.482715 ], [ -89.178019, 13.482622 ], [ -89.178056, 13.48252 ], [ -89.178129, 13.482363 ], [ -89.178211, 13.48224 ], [ -89.178244, 13.482208 ], [ -89.178416, 13.482123 ], [ -89.178496, 13.482109 ], [ -89.178591, 13.482125 ], [ -89.178638, 13.48214 ], [ -89.178723, 13.482212 ], [ -89.178899, 13.48244 ], [ -89.179015, 13.482565 ], [ -89.179184, 13.48273 ], [ -89.179298, 13.482797 ], [ -89.179397, 13.482826 ], [ -89.179466, 13.482829 ], [ -89.179509, 13.48282 ], [ -89.179542, 13.482785 ], [ -89.179541, 13.482732 ], [ -89.179529, 13.482642 ], [ -89.179519, 13.482484 ], [ -89.179567, 13.482377 ], [ -89.179638, 13.482272 ], [ -89.179751, 13.482085 ], [ -89.179877, 13.481904 ], [ -89.180022, 13.481822 ], [ -89.180248, 13.481751 ], [ -89.180442, 13.481652 ], [ -89.180498, 13.481505 ], [ -89.180437, 13.481283 ], [ -89.180242, 13.480764 ], [ -89.180121, 13.480292 ], [ -89.179955, 13.479908 ], [ -89.179829, 13.479691 ], [ -89.179724, 13.479553 ], [ -89.179436, 13.479118 ], [ -89.179978, 13.478596 ], [ -89.180211, 13.478449 ], [ -89.180762, 13.477657 ], [ -89.181079, 13.476495 ], [ -89.181342, 13.475456 ], [ -89.181485, 13.474729 ], [ -89.18149, 13.473767 ], [ -89.181498, 13.473227 ], [ -89.181697, 13.473281 ], [ -89.18185, 13.473323 ], [ -89.18258, 13.473526 ], [ -89.184209, 13.474006 ], [ -89.18486, 13.474198 ], [ -89.185724, 13.474469 ], [ -89.186125, 13.474592 ], [ -89.186825, 13.474806 ], [ -89.187197, 13.474913 ], [ -89.187772, 13.475079 ], [ -89.188423, 13.475206 ], [ -89.188849, 13.475338 ], [ -89.189334, 13.475488 ], [ -89.189603, 13.475571 ], [ -89.190058, 13.475729 ], [ -89.190653, 13.475922 ], [ -89.191617, 13.476222 ], [ -89.191691, 13.476245 ], [ -89.192441, 13.476452 ], [ -89.193937, 13.476831 ], [ -89.195126, 13.476917 ], [ -89.19566, 13.476946 ], [ -89.197155, 13.477029 ], [ -89.197396, 13.477041 ], [ -89.199099, 13.477121 ], [ -89.200821, 13.47722 ], [ -89.201692, 13.477269 ], [ -89.202587, 13.47732 ], [ -89.203579, 13.47735 ], [ -89.203648, 13.477352 ], [ -89.203718, 13.477355 ], [ -89.20425, 13.47737 ], [ -89.204783, 13.477386 ], [ -89.204745, 13.47758 ], [ -89.204708, 13.477712 ], [ -89.204573, 13.477808 ], [ -89.204456, 13.477855 ], [ -89.204384, 13.478066 ], [ -89.204285, 13.47841 ], [ -89.204236, 13.478699 ], [ -89.204181, 13.478936 ], [ -89.204142, 13.479052 ], [ -89.204107, 13.479117 ], [ -89.204057, 13.479193 ], [ -89.203519, 13.479726 ], [ -89.20319, 13.47964 ], [ -89.203149, 13.479629 ], [ -89.202873, 13.47951 ], [ -89.202767, 13.479835 ], [ -89.2026, 13.480283 ], [ -89.202307, 13.480708 ], [ -89.202267, 13.480825 ], [ -89.202247, 13.481059 ], [ -89.202272, 13.481215 ], [ -89.202317, 13.481391 ], [ -89.202437, 13.481606 ], [ -89.202527, 13.481819 ], [ -89.202528, 13.481897 ], [ -89.202512, 13.481972 ], [ -89.202491, 13.482037 ], [ -89.202457, 13.482093 ], [ -89.202277, 13.482269 ], [ -89.202204, 13.482159 ], [ -89.201885, 13.481909 ], [ -89.201549, 13.481236 ], [ -89.201232, 13.480952 ], [ -89.200659, 13.480805 ], [ -89.200307, 13.481082 ], [ -89.199374, 13.482152 ], [ -89.198669, 13.482464 ], [ -89.198005, 13.48291 ], [ -89.197406, 13.483584 ], [ -89.197979, 13.483485 ], [ -89.198001, 13.483579 ], [ -89.198027, 13.483687 ], [ -89.198038, 13.483728 ], [ -89.19805, 13.483777 ], [ -89.198079, 13.48389 ], [ -89.197997, 13.483937 ], [ -89.197986, 13.483943 ], [ -89.197885, 13.484 ], [ -89.19778, 13.484065 ], [ -89.197686, 13.484123 ], [ -89.197622, 13.484162 ], [ -89.19749, 13.484273 ], [ -89.197275, 13.484453 ], [ -89.197265, 13.484465 ], [ -89.197174, 13.484572 ], [ -89.196994, 13.484784 ], [ -89.196984, 13.484833 ], [ -89.196848, 13.484906 ], [ -89.196712, 13.484979 ], [ -89.196603, 13.485067 ], [ -89.196517, 13.485172 ], [ -89.196492, 13.485164 ], [ -89.196461, 13.485155 ], [ -89.196437, 13.485149 ], [ -89.196275, 13.485102 ], [ -89.196234, 13.485099 ], [ -89.1962, 13.485096 ], [ -89.196097, 13.485087 ], [ -89.196046, 13.485073 ], [ -89.195928, 13.485042 ], [ -89.195856, 13.485023 ], [ -89.195708, 13.484987 ], [ -89.195673, 13.485418 ], [ -89.195638, 13.48585 ], [ -89.195532, 13.4861 ], [ -89.195357, 13.486385 ], [ -89.195269, 13.486644 ], [ -89.195375, 13.487058 ], [ -89.195411, 13.487486 ], [ -89.195111, 13.487823 ], [ -89.194565, 13.487944 ], [ -89.19416, 13.487936 ], [ -89.193843, 13.488117 ], [ -89.193473, 13.488601 ], [ -89.193341, 13.488933 ], [ -89.19336, 13.489597 ], [ -89.193237, 13.490935 ], [ -89.193236, 13.490942 ], [ -89.193062, 13.492497 ], [ -89.192975, 13.492902 ], [ -89.192676, 13.493318 ], [ -89.192606, 13.493525 ], [ -89.192694, 13.493767 ], [ -89.192994, 13.494129 ], [ -89.193118, 13.494396 ], [ -89.193198, 13.49481 ], [ -89.192916, 13.495208 ], [ -89.192478, 13.49546 ], [ -89.192161, 13.495642 ], [ -89.191637, 13.496272 ], [ -89.191388, 13.496891 ], [ -89.191291, 13.497107 ], [ -89.191317, 13.497297 ], [ -89.191478, 13.497418 ], [ -89.191704, 13.49739 ], [ -89.192008, 13.49732 ], [ -89.192153, 13.497484 ], [ -89.192092, 13.497881 ], [ -89.191969, 13.498412 ], [ -89.191916, 13.49905 ], [ -89.191943, 13.499419 ], [ -89.192076, 13.500199 ], [ -89.192217, 13.500652 ], [ -89.192526, 13.50118 ], [ -89.192649, 13.501572 ], [ -89.192664, 13.502079 ], [ -89.192809, 13.502344 ], [ -89.193025, 13.502697 ], [ -89.193062, 13.503015 ], [ -89.193062, 13.503262 ], [ -89.192647, 13.503475 ], [ -89.192232, 13.50344 ], [ -89.191944, 13.503475 ], [ -89.191709, 13.503475 ], [ -89.191583, 13.50374 ], [ -89.191583, 13.503988 ], [ -89.192089, 13.504623 ], [ -89.192378, 13.505083 ], [ -89.192202, 13.50553 ], [ -89.192101, 13.50581 ], [ -89.192072, 13.506199 ], [ -89.192007, 13.506819 ], [ -89.191931, 13.507121 ], [ -89.191841, 13.5073 ], [ -89.19146, 13.507651 ], [ -89.190829, 13.507982 ], [ -89.190203, 13.508216 ], [ -89.189638, 13.508362 ], [ -89.18928, 13.50862 ], [ -89.188902, 13.508982 ], [ -89.188855, 13.50923 ], [ -89.188844, 13.509511 ], [ -89.188907, 13.509749 ], [ -89.188882, 13.510124 ], [ -89.189038, 13.510451 ], [ -89.189412, 13.510888 ], [ -89.189552, 13.511226 ], [ -89.18946, 13.511757 ], [ -89.189294, 13.512146 ], [ -89.189004, 13.512701 ], [ -89.188754, 13.513238 ], [ -89.188608, 13.513419 ], [ -89.188376, 13.513555 ], [ -89.18811, 13.513718 ], [ -89.188079, 13.513829 ], [ -89.188084, 13.514025 ], [ -89.188178, 13.514204 ], [ -89.188539, 13.514615 ], [ -89.188652, 13.514787 ], [ -89.188639, 13.515077 ], [ -89.188594, 13.515191 ], [ -89.188405, 13.515432 ], [ -89.18806, 13.515521 ], [ -89.187767, 13.515719 ], [ -89.18765, 13.515847 ], [ -89.187565, 13.516048 ], [ -89.187533, 13.516218 ], [ -89.187576, 13.516389 ], [ -89.187707, 13.51657 ], [ -89.188011, 13.51691 ], [ -89.188388, 13.517379 ], [ -89.188485, 13.517754 ], [ -89.188306, 13.518051 ], [ -89.187785, 13.518811 ], [ -89.187754, 13.51911 ], [ -89.187776, 13.519282 ], [ -89.18793, 13.519441 ], [ -89.188144, 13.519584 ], [ -89.188262, 13.519874 ], [ -89.188284, 13.520148 ], [ -89.188267, 13.520377 ], [ -89.188046, 13.520996 ], [ -89.187931, 13.521591 ], [ -89.18797, 13.522192 ], [ -89.187993, 13.522508 ], [ -89.188056, 13.522738 ], [ -89.188971, 13.523012 ], [ -89.189174, 13.523072 ], [ -89.18954, 13.523403 ], [ -89.189545, 13.523728 ], [ -89.18941, 13.524082 ], [ -89.189389, 13.524108 ], [ -89.189243, 13.524298 ], [ -89.189099, 13.524439 ], [ -89.188263, 13.525141 ], [ -89.188075, 13.525405 ], [ -89.188021, 13.525807 ], [ -89.188028, 13.526483 ], [ -89.18806, 13.527075 ], [ -89.188101, 13.527376 ], [ -89.188277, 13.527963 ], [ -89.188268, 13.528124 ], [ -89.188196, 13.528394 ], [ -89.188075, 13.528547 ], [ -89.187901, 13.528825 ], [ -89.187847, 13.529006 ], [ -89.187852, 13.529141 ], [ -89.187879, 13.529355 ], [ -89.187945, 13.52953 ], [ -89.188157, 13.529954 ], [ -89.187827, 13.529608 ], [ -89.187388, 13.529111 ], [ -89.187078, 13.528787 ], [ -89.186524, 13.528208 ], [ -89.186068, 13.527733 ], [ -89.186042, 13.527705 ], [ -89.185658, 13.527249 ], [ -89.185374, 13.52684 ], [ -89.185359, 13.526823 ], [ -89.184296, 13.527156 ], [ -89.184189, 13.527381 ], [ -89.184094, 13.52761 ], [ -89.183999, 13.527839 ], [ -89.183713, 13.528139 ], [ -89.183181, 13.528039 ], [ -89.183102, 13.528027 ], [ -89.182771, 13.527974 ], [ -89.182496, 13.527916 ], [ -89.182224, 13.527898 ], [ -89.181791, 13.527851 ], [ -89.181609, 13.527817 ], [ -89.181151, 13.527749 ], [ -89.180581, 13.527597 ], [ -89.180371, 13.527544 ], [ -89.180362, 13.527554 ], [ -89.180354, 13.527564 ], [ -89.179112, 13.527435 ], [ -89.178931, 13.526991 ], [ -89.178785, 13.526676 ] ] ] } },
{ "type": "Feature", "properties": { "fid": 318, "CANTON": "LOS TRONCONES", "DISTRITO": "PANCHIMALCO" }, "geometry": { "type": "Polygon", "coordinates": [ [ [ -89.156739, 13.556956 ], [ -89.156451, 13.556842 ], [ -89.155882, 13.556689 ], [ -89.155807, 13.556608 ], [ -89.155725, 13.556488 ], [ -89.155656, 13.556287 ], [ -89.155567, 13.556066 ], [ -89.15556, 13.555747 ], [ -89.15521, 13.555312 ], [ -89.155121, 13.555071 ], [ -89.155066, 13.554877 ], [ -89.155011, 13.554582 ], [ -89.154874, 13.554401 ], [ -89.154374, 13.554056 ], [ -89.154161, 13.553721 ], [ -89.153935, 13.553313 ], [ -89.153647, 13.552824 ], [ -89.153531, 13.552495 ], [ -89.153517, 13.552231 ], [ -89.153633, 13.551963 ], [ -89.153674, 13.551741 ], [ -89.153694, 13.551574 ], [ -89.15366, 13.551393 ], [ -89.153564, 13.551172 ], [ -89.153386, 13.550991 ], [ -89.153187, 13.550763 ], [ -89.152886, 13.550375 ], [ -89.152687, 13.549945 ], [ -89.152687, 13.549831 ], [ -89.152728, 13.54965 ], [ -89.152816, 13.54926 ], [ -89.152816, 13.548851 ], [ -89.152754, 13.548543 ], [ -89.152651, 13.548356 ], [ -89.152439, 13.548168 ], [ -89.152213, 13.547853 ], [ -89.152, 13.547515 ], [ -89.151891, 13.547254 ], [ -89.151795, 13.54714 ], [ -89.151603, 13.547153 ], [ -89.151445, 13.547006 ], [ -89.15124, 13.546584 ], [ -89.15139, 13.546356 ], [ -89.15165, 13.546095 ], [ -89.151746, 13.545841 ], [ -89.151711, 13.545587 ], [ -89.151725, 13.545412 ], [ -89.15178, 13.545205 ], [ -89.151793, 13.544856 ], [ -89.151752, 13.544535 ], [ -89.151676, 13.544359 ], [ -89.151581, 13.544286 ], [ -89.151307, 13.544192 ], [ -89.151183, 13.544098 ], [ -89.151094, 13.543931 ], [ -89.15108, 13.543622 ], [ -89.150854, 13.542664 ], [ -89.150812, 13.542362 ], [ -89.150682, 13.541852 ], [ -89.150531, 13.541511 ], [ -89.150257, 13.541263 ], [ -89.149805, 13.540773 ], [ -89.148914, 13.54011 ], [ -89.148791, 13.539909 ], [ -89.148667, 13.539457 ], [ -89.148729, 13.539309 ], [ -89.148578, 13.539289 ], [ -89.148345, 13.539296 ], [ -89.148016, 13.539135 ], [ -89.147824, 13.538492 ], [ -89.147797, 13.538332 ], [ -89.147708, 13.538198 ], [ -89.147632, 13.538124 ], [ -89.147276, 13.537823 ], [ -89.147029, 13.537541 ], [ -89.146947, 13.53736 ], [ -89.146846, 13.537167 ], [ -89.146739, 13.537034 ], [ -89.146393, 13.536521 ], [ -89.146042, 13.536039 ], [ -89.145884, 13.535867 ], [ -89.1457, 13.535569 ], [ -89.145616, 13.535435 ], [ -89.145676, 13.535351 ], [ -89.145711, 13.535294 ], [ -89.145717, 13.535244 ], [ -89.145699, 13.535165 ], [ -89.145622, 13.535022 ], [ -89.145516, 13.534882 ], [ -89.145447, 13.534736 ], [ -89.14538, 13.534542 ], [ -89.1453, 13.534389 ], [ -89.14528, 13.534229 ], [ -89.14524, 13.534032 ], [ -89.145222, 13.533847 ], [ -89.145202, 13.533692 ], [ -89.14517, 13.533381 ], [ -89.145113, 13.53319 ], [ -89.145084, 13.532884 ], [ -89.145026, 13.532568 ], [ -89.145006, 13.532405 ], [ -89.144949, 13.532217 ], [ -89.144605, 13.531675 ], [ -89.144427, 13.531505 ], [ -89.14423, 13.531308 ], [ -89.144065, 13.531129 ], [ -89.143886, 13.530972 ], [ -89.143735, 13.530824 ], [ -89.143574, 13.530519 ], [ -89.143519, 13.530317 ], [ -89.143432, 13.529959 ], [ -89.143372, 13.529757 ], [ -89.143161, 13.529315 ], [ -89.142983, 13.52897 ], [ -89.142566, 13.52854 ], [ -89.141939, 13.528084 ], [ -89.141683, 13.527856 ], [ -89.141396, 13.527557 ], [ -89.141339, 13.527497 ], [ -89.141051, 13.527172 ], [ -89.140973, 13.52706 ], [ -89.140963, 13.526948 ], [ -89.141037, 13.526786 ], [ -89.141284, 13.526651 ], [ -89.142002, 13.526181 ], [ -89.142248, 13.525882 ], [ -89.142432, 13.525693 ], [ -89.142583, 13.525483 ], [ -89.142679, 13.525258 ], [ -89.143026, 13.524305 ], [ -89.143094, 13.523996 ], [ -89.143158, 13.523709 ], [ -89.143313, 13.523127 ], [ -89.143492, 13.522688 ], [ -89.143679, 13.522424 ], [ -89.14394, 13.522168 ], [ -89.144233, 13.522042 ], [ -89.144572, 13.521979 ], [ -89.144663, 13.52193 ], [ -89.14492, 13.521724 ], [ -89.145148, 13.521442 ], [ -89.14534, 13.521092 ], [ -89.145569, 13.520693 ], [ -89.145742, 13.520376 ], [ -89.145865, 13.520008 ], [ -89.145943, 13.519534 ], [ -89.145888, 13.51931 ], [ -89.145773, 13.519027 ], [ -89.145466, 13.518785 ], [ -89.144765, 13.518696 ], [ -89.144477, 13.51862 ], [ -89.144317, 13.518481 ], [ -89.144317, 13.518338 ], [ -89.144385, 13.518176 ], [ -89.144747, 13.517791 ], [ -89.145058, 13.517495 ], [ -89.145414, 13.517129 ], [ -89.145744, 13.516873 ], [ -89.146193, 13.51663 ], [ -89.146724, 13.516451 ], [ -89.147008, 13.516464 ], [ -89.147223, 13.516661 ], [ -89.147365, 13.516787 ], [ -89.147535, 13.516858 ], [ -89.147677, 13.516845 ], [ -89.147896, 13.516683 ], [ -89.148037, 13.516509 ], [ -89.148142, 13.516312 ], [ -89.148114, 13.516106 ], [ -89.147986, 13.515738 ], [ -89.147784, 13.515215 ], [ -89.147688, 13.514879 ], [ -89.147541, 13.514364 ], [ -89.147477, 13.514229 ], [ -89.147211, 13.514005 ], [ -89.147074, 13.513893 ], [ -89.147042, 13.513754 ], [ -89.147137, 13.513423 ], [ -89.147105, 13.513204 ], [ -89.146913, 13.513087 ], [ -89.146702, 13.51302 ], [ -89.146303, 13.513096 ], [ -89.14607, 13.5132 ], [ -89.145674, 13.513259 ], [ -89.145413, 13.513134 ], [ -89.145184, 13.512963 ], [ -89.145009, 13.512806 ], [ -89.144904, 13.512632 ], [ -89.144853, 13.512448 ], [ -89.144853, 13.512271 ], [ -89.144995, 13.5121 ], [ -89.145201, 13.511939 ], [ -89.145755, 13.511844 ], [ -89.1462, 13.511844 ], [ -89.146621, 13.51187 ], [ -89.146859, 13.511843 ], [ -89.146983, 13.511727 ], [ -89.147042, 13.511574 ], [ -89.147096, 13.510947 ], [ -89.147159, 13.510312 ], [ -89.147228, 13.510047 ], [ -89.147391, 13.509713 ], [ -89.1476, 13.509558 ], [ -89.147997, 13.509518 ], [ -89.148455, 13.509571 ], [ -89.149315, 13.509571 ], [ -89.149805, 13.509486 ], [ -89.15022, 13.509352 ], [ -89.150811, 13.509145 ], [ -89.151647, 13.508885 ], [ -89.152087, 13.5088 ], [ -89.152407, 13.508759 ], [ -89.152801, 13.508692 ], [ -89.153481, 13.508539 ], [ -89.15409, 13.508283 ], [ -89.154521, 13.508104 ], [ -89.154983, 13.507965 ], [ -89.155271, 13.507848 ], [ -89.155663, 13.507688 ], [ -89.156015, 13.507424 ], [ -89.156326, 13.50715 ], [ -89.156807, 13.506571 ], [ -89.157205, 13.505943 ], [ -89.157231, 13.505896 ], [ -89.157393, 13.506364 ], [ -89.157471, 13.5072 ], [ -89.157665, 13.50777 ], [ -89.15773, 13.507998 ], [ -89.157691, 13.508264 ], [ -89.157291, 13.508657 ], [ -89.157071, 13.508923 ], [ -89.157032, 13.509278 ], [ -89.157317, 13.509571 ], [ -89.157576, 13.509837 ], [ -89.157887, 13.510255 ], [ -89.157965, 13.510394 ], [ -89.157965, 13.510597 ], [ -89.15781, 13.510787 ], [ -89.157693, 13.510926 ], [ -89.157655, 13.511116 ], [ -89.157888, 13.511243 ], [ -89.158069, 13.511306 ], [ -89.158392, 13.511521 ], [ -89.158522, 13.511864 ], [ -89.158626, 13.512231 ], [ -89.158484, 13.512485 ], [ -89.15794, 13.512903 ], [ -89.157617, 13.513157 ], [ -89.157397, 13.5136 ], [ -89.157592, 13.513866 ], [ -89.157773, 13.514436 ], [ -89.157774, 13.514892 ], [ -89.157463, 13.51562 ], [ -89.157218, 13.51638 ], [ -89.157154, 13.516925 ], [ -89.157309, 13.517343 ], [ -89.157801, 13.51795 ], [ -89.157711, 13.518666 ], [ -89.157893, 13.51921 ], [ -89.158282, 13.519755 ], [ -89.158243, 13.520135 ], [ -89.158088, 13.520375 ], [ -89.157984, 13.520527 ], [ -89.157674, 13.52106 ], [ -89.157623, 13.521275 ], [ -89.157597, 13.521509 ], [ -89.157688, 13.521851 ], [ -89.157804, 13.522016 ], [ -89.157973, 13.522244 ], [ -89.158063, 13.522509 ], [ -89.158115, 13.522661 ], [ -89.158077, 13.523523 ], [ -89.158025, 13.523865 ], [ -89.158013, 13.52408 ], [ -89.158052, 13.524169 ], [ -89.158181, 13.524384 ], [ -89.158285, 13.5247 ], [ -89.158285, 13.525093 ], [ -89.158285, 13.52527 ], [ -89.158143, 13.525764 ], [ -89.158143, 13.525942 ], [ -89.158221, 13.526106 ], [ -89.158739, 13.526644 ], [ -89.158843, 13.526961 ], [ -89.158973, 13.527746 ], [ -89.159064, 13.528037 ], [ -89.159141, 13.528189 ], [ -89.159142, 13.52862 ], [ -89.159064, 13.528943 ], [ -89.158857, 13.529323 ], [ -89.158806, 13.529538 ], [ -89.158806, 13.529703 ], [ -89.158897, 13.530488 ], [ -89.159053, 13.530931 ], [ -89.159415, 13.531488 ], [ -89.159403, 13.531605 ], [ -89.159377, 13.532187 ], [ -89.159183, 13.532783 ], [ -89.159197, 13.533327 ], [ -89.159378, 13.533796 ], [ -89.159521, 13.534587 ], [ -89.159353, 13.535449 ], [ -89.159367, 13.536095 ], [ -89.159406, 13.536639 ], [ -89.159329, 13.537051 ], [ -89.159187, 13.53871 ], [ -89.159188, 13.538951 ], [ -89.159473, 13.539774 ], [ -89.159578, 13.541499 ], [ -89.159345, 13.542905 ], [ -89.159333, 13.543563 ], [ -89.159627, 13.544225 ], [ -89.159598, 13.544284 ], [ -89.159784, 13.54477 ], [ -89.159962, 13.545235 ], [ -89.160036, 13.545474 ], [ -89.160081, 13.545692 ], [ -89.160081, 13.546092 ], [ -89.160141, 13.546383 ], [ -89.160208, 13.546529 ], [ -89.160319, 13.546702 ], [ -89.160505, 13.547 ], [ -89.160549, 13.547109 ], [ -89.160676, 13.547393 ], [ -89.160825, 13.54772 ], [ -89.16084, 13.547728 ], [ -89.161099, 13.548168 ], [ -89.161373, 13.548616 ], [ -89.1615, 13.548834 ], [ -89.161596, 13.549256 ], [ -89.161849, 13.54994 ], [ -89.162317, 13.550922 ], [ -89.162755, 13.551743 ], [ -89.163037, 13.552346 ], [ -89.163023, 13.552818 ], [ -89.163012, 13.552851 ], [ -89.163012, 13.552944 ], [ -89.163012, 13.55296 ], [ -89.163062, 13.553025 ], [ -89.163079, 13.553052 ], [ -89.163095, 13.553085 ], [ -89.163118, 13.553117 ], [ -89.16314, 13.55315 ], [ -89.163168, 13.553172 ], [ -89.163196, 13.553199 ], [ -89.163212, 13.553242 ], [ -89.163212, 13.553264 ], [ -89.163212, 13.553302 ], [ -89.163223, 13.553351 ], [ -89.163251, 13.5534 ], [ -89.163268, 13.553449 ], [ -89.163301, 13.553509 ], [ -89.163351, 13.553569 ], [ -89.163396, 13.553612 ], [ -89.163418, 13.553645 ], [ -89.163446, 13.553683 ], [ -89.16349, 13.553732 ], [ -89.163507, 13.553759 ], [ -89.163535, 13.55378 ], [ -89.163557, 13.553791 ], [ -89.16359, 13.553802 ], [ -89.163607, 13.553802 ], [ -89.163635, 13.553808 ], [ -89.163656, 13.553825 ], [ -89.163681, 13.553862 ], [ -89.163691, 13.553895 ], [ -89.163691, 13.553916 ], [ -89.163691, 13.553944 ], [ -89.16368, 13.554003 ], [ -89.16368, 13.55402 ], [ -89.16368, 13.554074 ], [ -89.16368, 13.554085 ], [ -89.16368, 13.554134 ], [ -89.16368, 13.554204 ], [ -89.163694, 13.554236 ], [ -89.163702, 13.55427 ], [ -89.163713, 13.554297 ], [ -89.163724, 13.554324 ], [ -89.163724, 13.554356 ], [ -89.163569, 13.554324 ], [ -89.163548, 13.554331 ], [ -89.163529, 13.554615 ], [ -89.163595, 13.554797 ], [ -89.163647, 13.554942 ], [ -89.163745, 13.555211 ], [ -89.163715, 13.555433 ], [ -89.163895, 13.555823 ], [ -89.163951, 13.555978 ], [ -89.164052, 13.556111 ], [ -89.164058, 13.556151 ], [ -89.164093, 13.556279 ], [ -89.164106, 13.556374 ], [ -89.164113, 13.556426 ], [ -89.164122, 13.556554 ], [ -89.164125, 13.556591 ], [ -89.164152, 13.556671 ], [ -89.164223, 13.556812 ], [ -89.164224, 13.556823 ], [ -89.164351, 13.556832 ], [ -89.164501, 13.556709 ], [ -89.164621, 13.556539 ], [ -89.164657, 13.556506 ], [ -89.164563, 13.555575 ], [ -89.164482, 13.555327 ], [ -89.16439, 13.555141 ], [ -89.16434, 13.554774 ], [ -89.164271, 13.554192 ], [ -89.164253, 13.553874 ], [ -89.164228, 13.553722 ], [ -89.164057, 13.553088 ], [ -89.163964, 13.552682 ], [ -89.16389, 13.551883 ], [ -89.163803, 13.551501 ], [ -89.163415, 13.550018 ], [ -89.163148, 13.548593 ], [ -89.163126, 13.548362 ], [ -89.163144, 13.547221 ], [ -89.163057, 13.546772 ], [ -89.163131, 13.546426 ], [ -89.163174, 13.546207 ], [ -89.163198, 13.545226 ], [ -89.163102, 13.544747 ], [ -89.163092, 13.544501 ], [ -89.163228, 13.543933 ], [ -89.163289, 13.543789 ], [ -89.163482, 13.543337 ], [ -89.163694, 13.542422 ], [ -89.163783, 13.541836 ], [ -89.163662, 13.541234 ], [ -89.163507, 13.540955 ], [ -89.163201, 13.540623 ], [ -89.163139, 13.540299 ], [ -89.163151, 13.539956 ], [ -89.1632, 13.539744 ], [ -89.163193, 13.538846 ], [ -89.164366, 13.539266 ], [ -89.164449, 13.539014 ], [ -89.164547, 13.53882 ], [ -89.164678, 13.538569 ], [ -89.164777, 13.538382 ], [ -89.164862, 13.538067 ], [ -89.164921, 13.537899 ], [ -89.165, 13.537616 ], [ -89.165111, 13.537055 ], [ -89.165196, 13.536533 ], [ -89.165294, 13.536114 ], [ -89.165399, 13.535811 ], [ -89.165517, 13.535567 ], [ -89.165603, 13.535463 ], [ -89.165846, 13.535347 ], [ -89.166194, 13.53518 ], [ -89.166496, 13.535057 ], [ -89.166775, 13.534973 ], [ -89.167005, 13.534921 ], [ -89.16711, 13.534895 ], [ -89.167228, 13.534812 ], [ -89.167498, 13.534792 ], [ -89.167865, 13.534811 ], [ -89.168049, 13.534837 ], [ -89.168299, 13.534908 ], [ -89.168759, 13.534933 ], [ -89.168916, 13.534908 ], [ -89.16912, 13.534798 ], [ -89.169317, 13.53474 ], [ -89.16952, 13.534669 ], [ -89.169662, 13.53466 ], [ -89.169651, 13.534685 ], [ -89.16983, 13.535269 ], [ -89.169859, 13.535512 ], [ -89.169841, 13.535808 ], [ -89.16979, 13.536115 ], [ -89.169742, 13.536326 ], [ -89.169602, 13.536816 ], [ -89.169543, 13.537164 ], [ -89.169409, 13.537549 ], [ -89.169382, 13.537781 ], [ -89.169382, 13.537871 ], [ -89.169533, 13.538097 ], [ -89.169614, 13.538356 ], [ -89.169665, 13.53933 ], [ -89.16967, 13.539664 ], [ -89.169688, 13.539779 ], [ -89.169748, 13.539961 ], [ -89.169911, 13.540215 ], [ -89.169975, 13.540277 ], [ -89.170003, 13.540638 ], [ -89.169802, 13.540885 ], [ -89.169557, 13.541035 ], [ -89.169495, 13.541603 ], [ -89.169128, 13.542233 ], [ -89.169173, 13.542539 ], [ -89.169232, 13.54262 ], [ -89.169453, 13.542944 ], [ -89.169447, 13.543015 ], [ -89.169442, 13.543079 ], [ -89.169415, 13.543184 ], [ -89.169249, 13.543449 ], [ -89.168903, 13.543826 ], [ -89.168801, 13.54394 ], [ -89.168814, 13.544145 ], [ -89.168738, 13.544634 ], [ -89.168729, 13.544943 ], [ -89.168646, 13.545169 ], [ -89.168686, 13.545417 ], [ -89.168752, 13.545901 ], [ -89.168922, 13.54624 ], [ -89.169101, 13.546567 ], [ -89.169147, 13.546675 ], [ -89.169224, 13.547073 ], [ -89.16886, 13.547804 ], [ -89.168635, 13.548104 ], [ -89.168361, 13.548235 ], [ -89.168322, 13.548289 ], [ -89.168304, 13.548543 ], [ -89.168284, 13.548746 ], [ -89.168181, 13.549263 ], [ -89.16816, 13.54938 ], [ -89.16819, 13.549505 ], [ -89.168266, 13.549627 ], [ -89.168406, 13.549823 ], [ -89.168476, 13.549932 ], [ -89.168522, 13.550033 ], [ -89.168507, 13.550159 ], [ -89.168345, 13.550527 ], [ -89.168321, 13.550662 ], [ -89.16841, 13.550838 ], [ -89.168659, 13.551046 ], [ -89.168683, 13.551096 ], [ -89.168691, 13.551184 ], [ -89.168666, 13.551388 ], [ -89.168605, 13.551625 ], [ -89.168543, 13.551728 ], [ -89.168514, 13.551808 ], [ -89.168531, 13.552264 ], [ -89.168551, 13.552376 ], [ -89.168625, 13.552423 ], [ -89.168698, 13.552475 ], [ -89.16876, 13.552507 ], [ -89.168858, 13.552656 ], [ -89.168866, 13.552862 ], [ -89.168905, 13.553056 ], [ -89.168925, 13.553139 ], [ -89.169169, 13.553423 ], [ -89.169269, 13.553537 ], [ -89.169295, 13.553591 ], [ -89.169347, 13.553754 ], [ -89.169511, 13.55451 ], [ -89.169559, 13.554719 ], [ -89.169641, 13.554915 ], [ -89.169735, 13.555029 ], [ -89.169768, 13.555217 ], [ -89.170103, 13.555522 ], [ -89.170213, 13.555973 ], [ -89.17023, 13.556325 ], [ -89.170172, 13.556504 ], [ -89.170042, 13.556799 ], [ -89.169815, 13.55719 ], [ -89.169773, 13.5574 ], [ -89.169841, 13.557711 ], [ -89.169724, 13.557826 ], [ -89.169714, 13.55785 ], [ -89.169939, 13.55805 ], [ -89.170251, 13.558291 ], [ -89.170313, 13.558403 ], [ -89.170289, 13.558615 ], [ -89.170282, 13.558675 ], [ -89.170255, 13.558926 ], [ -89.170232, 13.558977 ], [ -89.170108, 13.559107 ], [ -89.17004, 13.559212 ], [ -89.169992, 13.559403 ], [ -89.169943, 13.55964 ], [ -89.169885, 13.559933 ], [ -89.169869, 13.560092 ], [ -89.16983, 13.560242 ], [ -89.169823, 13.560305 ], [ -89.169775, 13.560398 ], [ -89.169762, 13.560537 ], [ -89.16975, 13.560648 ], [ -89.169742, 13.560719 ], [ -89.169792, 13.561155 ], [ -89.169977, 13.561427 ], [ -89.169932, 13.56157 ], [ -89.169682, 13.56199 ], [ -89.170027, 13.562701 ], [ -89.170111, 13.563114 ], [ -89.170111, 13.56321 ], [ -89.170079, 13.563665 ], [ -89.169971, 13.563859 ], [ -89.169839, 13.56409 ], [ -89.169801, 13.564158 ], [ -89.169756, 13.564325 ], [ -89.169767, 13.564414 ], [ -89.169779, 13.564514 ], [ -89.16989, 13.564929 ], [ -89.170017, 13.565271 ], [ -89.170165, 13.565489 ], [ -89.170425, 13.565765 ], [ -89.170536, 13.566085 ], [ -89.170536, 13.566224 ], [ -89.170396, 13.566617 ], [ -89.170159, 13.567172 ], [ -89.169922, 13.567899 ], [ -89.169751, 13.568423 ], [ -89.169692, 13.568897 ], [ -89.169782, 13.569748 ], [ -89.169856, 13.570308 ], [ -89.169842, 13.570897 ], [ -89.169701, 13.571421 ], [ -89.16959, 13.57177 ], [ -89.169325, 13.572223 ], [ -89.169893, 13.573268 ], [ -89.169906, 13.57329 ], [ -89.169841, 13.573616 ], [ -89.170246, 13.574277 ], [ -89.170134, 13.574237 ], [ -89.169951, 13.574545 ], [ -89.169832, 13.574726 ], [ -89.169787, 13.574825 ], [ -89.16978, 13.575108 ], [ -89.169803, 13.57557 ], [ -89.169732, 13.575745 ], [ -89.16938, 13.576094 ], [ -89.168983, 13.576364 ], [ -89.16856, 13.576593 ], [ -89.168326, 13.576762 ], [ -89.166776, 13.576712 ], [ -89.166067, 13.577046 ], [ -89.165121, 13.577124 ], [ -89.164281, 13.577228 ], [ -89.164224, 13.577235 ], [ -89.164108, 13.577045 ], [ -89.164018, 13.576958 ], [ -89.163238, 13.576525 ], [ -89.163162, 13.576483 ], [ -89.162984, 13.57597 ], [ -89.162942, 13.575595 ], [ -89.162586, 13.575468 ], [ -89.162161, 13.57528 ], [ -89.162052, 13.575153 ], [ -89.161901, 13.574925 ], [ -89.161647, 13.574443 ], [ -89.161654, 13.574276 ], [ -89.161633, 13.573772 ], [ -89.161633, 13.573645 ], [ -89.161776, 13.573203 ], [ -89.161852, 13.573062 ], [ -89.161845, 13.572834 ], [ -89.161721, 13.572647 ], [ -89.161693, 13.57198 ], [ -89.161583, 13.571471 ], [ -89.161302, 13.571243 ], [ -89.161179, 13.571129 ], [ -89.161001, 13.570955 ], [ -89.160919, 13.570821 ], [ -89.16074, 13.570587 ], [ -89.160494, 13.570426 ], [ -89.160411, 13.570113 ], [ -89.160384, 13.569737 ], [ -89.160384, 13.56955 ], [ -89.160308, 13.569449 ], [ -89.160212, 13.569356 ], [ -89.159952, 13.569316 ], [ -89.159863, 13.569255 ], [ -89.15976, 13.569155 ], [ -89.159712, 13.568806 ], [ -89.159705, 13.568364 ], [ -89.159821, 13.567628 ], [ -89.159436, 13.566644 ], [ -89.15945, 13.566426 ], [ -89.1596, 13.566084 ], [ -89.15971, 13.565843 ], [ -89.159812, 13.565682 ], [ -89.159819, 13.565568 ], [ -89.15973, 13.565293 ], [ -89.159689, 13.565139 ], [ -89.159778, 13.564804 ], [ -89.159825, 13.564606 ], [ -89.159736, 13.564412 ], [ -89.159175, 13.564158 ], [ -89.158976, 13.564031 ], [ -89.158907, 13.563964 ], [ -89.158839, 13.563863 ], [ -89.158784, 13.563521 ], [ -89.15879, 13.563401 ], [ -89.158804, 13.563093 ], [ -89.158722, 13.562905 ], [ -89.158571, 13.562681 ], [ -89.158571, 13.562433 ], [ -89.158413, 13.561863 ], [ -89.158269, 13.561548 ], [ -89.158143, 13.561414 ], [ -89.158118, 13.561388 ], [ -89.158029, 13.561321 ], [ -89.157734, 13.561241 ], [ -89.157549, 13.56113 ], [ -89.157337, 13.560701 ], [ -89.15733, 13.560266 ], [ -89.157247, 13.559931 ], [ -89.15711, 13.559696 ], [ -89.156829, 13.559271 ], [ -89.156863, 13.558996 ], [ -89.156973, 13.558869 ], [ -89.156931, 13.558125 ], [ -89.156999, 13.55783 ], [ -89.15704, 13.557418 ], [ -89.157033, 13.557231 ], [ -89.156985, 13.557165 ], [ -89.15693, 13.55709 ], [ -89.156739, 13.556956 ] ] ] } },
{ "type": "Feature", "properties": { "fid": 319, "CANTON": "AREA URBANA", "DISTRITO": "PANCHIMALCO" }, "geometry": { "type": "Polygon", "coordinates": [ [ [ -89.176772, 13.604813 ], [ -89.176801, 13.604668 ], [ -89.176934, 13.604363 ], [ -89.17698, 13.604247 ], [ -89.177055, 13.604157 ], [ -89.177227, 13.604081 ], [ -89.177371, 13.604066 ], [ -89.177544, 13.604071 ], [ -89.177667, 13.604025 ], [ -89.177785, 13.603962 ], [ -89.177886, 13.603888 ], [ -89.178006, 13.603762 ], [ -89.178122, 13.603477 ], [ -89.178209, 13.603346 ], [ -89.178369, 13.603243 ], [ -89.178484, 13.60315 ], [ -89.17861, 13.603097 ], [ -89.17869, 13.603016 ], [ -89.178892, 13.60269 ], [ -89.179098, 13.602474 ], [ -89.179173, 13.602282 ], [ -89.179198, 13.60213 ], [ -89.179253, 13.60185 ], [ -89.179258, 13.601555 ], [ -89.179228, 13.601192 ], [ -89.179308, 13.600961 ], [ -89.179509, 13.600838 ], [ -89.17972, 13.600651 ], [ -89.17978, 13.600518 ], [ -89.17982, 13.600356 ], [ -89.179875, 13.600129 ], [ -89.180031, 13.599903 ], [ -89.180272, 13.599755 ], [ -89.180327, 13.59945 ], [ -89.180221, 13.599042 ], [ -89.180175, 13.598826 ], [ -89.180326, 13.598737 ], [ -89.180618, 13.59886 ], [ -89.18105, 13.598761 ], [ -89.181291, 13.598673 ], [ -89.181416, 13.59856 ], [ -89.181416, 13.598558 ], [ -89.182026, 13.599161 ], [ -89.182154, 13.599352 ], [ -89.18228, 13.599713 ], [ -89.182315, 13.599909 ], [ -89.182144, 13.600324 ], [ -89.182153, 13.600511 ], [ -89.182325, 13.600671 ], [ -89.182491, 13.600972 ], [ -89.182561, 13.601233 ], [ -89.182414, 13.601418 ], [ -89.182345, 13.601529 ], [ -89.182212, 13.602179 ], [ -89.182222, 13.602275 ], [ -89.182059, 13.602577 ], [ -89.182057, 13.602921 ], [ -89.182057, 13.603092 ], [ -89.182032, 13.603143 ], [ -89.181908, 13.603346 ], [ -89.181769, 13.603685 ], [ -89.181716, 13.603779 ], [ -89.181241, 13.604445 ], [ -89.181221, 13.604496 ], [ -89.181209, 13.604526 ], [ -89.181383, 13.604493 ], [ -89.18151, 13.604535 ], [ -89.181539, 13.604553 ], [ -89.181381, 13.604773 ], [ -89.181204, 13.60499 ], [ -89.181018, 13.605222 ], [ -89.181028, 13.605346 ], [ -89.181023, 13.605624 ], [ -89.181007, 13.605745 ], [ -89.181017, 13.605893 ], [ -89.181112, 13.606037 ], [ -89.181136, 13.606137 ], [ -89.181115, 13.60628 ], [ -89.181105, 13.60639 ], [ -89.181168, 13.606506 ], [ -89.181303, 13.606554 ], [ -89.181371, 13.606672 ], [ -89.181315, 13.606932 ], [ -89.181364, 13.607062 ], [ -89.181388, 13.607163 ], [ -89.181495, 13.607172 ], [ -89.181581, 13.607231 ], [ -89.1817, 13.60727 ], [ -89.181772, 13.60744 ], [ -89.181756, 13.60765 ], [ -89.18163, 13.607883 ], [ -89.181491, 13.6082 ], [ -89.18137, 13.608291 ], [ -89.181175, 13.608582 ], [ -89.181156, 13.608607 ], [ -89.181136, 13.608674 ], [ -89.181124, 13.608718 ], [ -89.181147, 13.609034 ], [ -89.181191, 13.609264 ], [ -89.181164, 13.609466 ], [ -89.181099, 13.609646 ], [ -89.181117, 13.609693 ], [ -89.181059, 13.609955 ], [ -89.181062, 13.610133 ], [ -89.181181, 13.610547 ], [ -89.181193, 13.610677 ], [ -89.181225, 13.610834 ], [ -89.181239, 13.61103 ], [ -89.181279, 13.611183 ], [ -89.181261, 13.611317 ], [ -89.181211, 13.611437 ], [ -89.181183, 13.611514 ], [ -89.181179, 13.611768 ], [ -89.181214, 13.611798 ], [ -89.181373, 13.612087 ], [ -89.181404, 13.612742 ], [ -89.18148, 13.613502 ], [ -89.181644, 13.614047 ], [ -89.181602, 13.614254 ], [ -89.181605, 13.614405 ], [ -89.181546, 13.61449 ], [ -89.181496, 13.614563 ], [ -89.181514, 13.61472 ], [ -89.181549, 13.614766 ], [ -89.181596, 13.615042 ], [ -89.181644, 13.615301 ], [ -89.181738, 13.615628 ], [ -89.181844, 13.615835 ], [ -89.181987, 13.616014 ], [ -89.182288, 13.616287 ], [ -89.182405, 13.616319 ], [ -89.182614, 13.61643 ], [ -89.18281, 13.616566 ], [ -89.182979, 13.616796 ], [ -89.183108, 13.617043 ], [ -89.183051, 13.617075 ], [ -89.182916, 13.617112 ], [ -89.182688, 13.617112 ], [ -89.181824, 13.616919 ], [ -89.181051, 13.616757 ], [ -89.180609, 13.616697 ], [ -89.180462, 13.616717 ], [ -89.180347, 13.616766 ], [ -89.180214, 13.616856 ], [ -89.180078, 13.617006 ], [ -89.179964, 13.617306 ], [ -89.179963, 13.617413 ], [ -89.17996, 13.617502 ], [ -89.180019, 13.617736 ], [ -89.180254, 13.618327 ], [ -89.180327, 13.618567 ], [ -89.180331, 13.618644 ], [ -89.180337, 13.618883 ], [ -89.180308, 13.618985 ], [ -89.18026, 13.619043 ], [ -89.180107, 13.619214 ], [ -89.180014, 13.619267 ], [ -89.17981, 13.619308 ], [ -89.179784, 13.619316 ], [ -89.178246, 13.619023 ], [ -89.177923, 13.618969 ], [ -89.176911, 13.618783 ], [ -89.176787, 13.618781 ], [ -89.176602, 13.618806 ], [ -89.176465, 13.618809 ], [ -89.176431, 13.618886 ], [ -89.17635, 13.619058 ], [ -89.176319, 13.619137 ], [ -89.176303, 13.619236 ], [ -89.176308, 13.619334 ], [ -89.176353, 13.619502 ], [ -89.176437, 13.619814 ], [ -89.176499, 13.620049 ], [ -89.176504, 13.620136 ], [ -89.176497, 13.620206 ], [ -89.176492, 13.620279 ], [ -89.176472, 13.620379 ], [ -89.176396, 13.62056 ], [ -89.176314, 13.620677 ], [ -89.176235, 13.620752 ], [ -89.176098, 13.620868 ], [ -89.175988, 13.620911 ], [ -89.17592, 13.620942 ], [ -89.175898, 13.620677 ], [ -89.176031, 13.620362 ], [ -89.176075, 13.62021 ], [ -89.176042, 13.619993 ], [ -89.175942, 13.61983 ], [ -89.175675, 13.619656 ], [ -89.175342, 13.619287 ], [ -89.175075, 13.618853 ], [ -89.175075, 13.618647 ], [ -89.175053, 13.618408 ], [ -89.174897, 13.618148 ], [ -89.17472, 13.61792 ], [ -89.174597, 13.617703 ], [ -89.174597, 13.617421 ], [ -89.174686, 13.617106 ], [ -89.17483, 13.616856 ], [ -89.174929, 13.616671 ], [ -89.175229, 13.616389 ], [ -89.175362, 13.616237 ], [ -89.175317, 13.615924 ], [ -89.175417, 13.615533 ], [ -89.175295, 13.615349 ], [ -89.175161, 13.615154 ], [ -89.175039, 13.614937 ], [ -89.174939, 13.61472 ], [ -89.174906, 13.614361 ], [ -89.174916, 13.613971 ], [ -89.174849, 13.613444 ], [ -89.17465, 13.613347 ], [ -89.174594, 13.613216 ], [ -89.17466, 13.61301 ], [ -89.174782, 13.612815 ], [ -89.174882, 13.612608 ], [ -89.174926, 13.612352 ], [ -89.174926, 13.612348 ], [ -89.174993, 13.612055 ], [ -89.175103, 13.611781 ], [ -89.175159, 13.611575 ], [ -89.175136, 13.611412 ], [ -89.175014, 13.611173 ], [ -89.175014, 13.611032 ], [ -89.175191, 13.610869 ], [ -89.175435, 13.61063 ], [ -89.175491, 13.610467 ], [ -89.175513, 13.610315 ], [ -89.175446, 13.609903 ], [ -89.175412, 13.609566 ], [ -89.175335, 13.609425 ], [ -89.175157, 13.609349 ], [ -89.175013, 13.609252 ], [ -89.174946, 13.608959 ], [ -89.174938, 13.608433 ], [ -89.175005, 13.608322 ], [ -89.175072, 13.608286 ], [ -89.175111, 13.608269 ], [ -89.175097, 13.608207 ], [ -89.175132, 13.60816 ], [ -89.175143, 13.607877 ], [ -89.175179, 13.607705 ], [ -89.175215, 13.607532 ], [ -89.175258, 13.607458 ], [ -89.175339, 13.607322 ], [ -89.175472, 13.607153 ], [ -89.175522, 13.607054 ], [ -89.175563, 13.606974 ], [ -89.175561, 13.60693 ], [ -89.17556, 13.60689 ], [ -89.175557, 13.606805 ], [ -89.175547, 13.606695 ], [ -89.175538, 13.606606 ], [ -89.175537, 13.606585 ], [ -89.175579, 13.606467 ], [ -89.175607, 13.606448 ], [ -89.17568, 13.606396 ], [ -89.175761, 13.606339 ], [ -89.175793, 13.606327 ], [ -89.175886, 13.606292 ], [ -89.176081, 13.606218 ], [ -89.176172, 13.606162 ], [ -89.176185, 13.606154 ], [ -89.176188, 13.606102 ], [ -89.176191, 13.606048 ], [ -89.176195, 13.605995 ], [ -89.176084, 13.605901 ], [ -89.176071, 13.605889 ], [ -89.176009, 13.605819 ], [ -89.175947, 13.605749 ], [ -89.175927, 13.605542 ], [ -89.175936, 13.605535 ], [ -89.176082, 13.605414 ], [ -89.176154, 13.605384 ], [ -89.176195, 13.605366 ], [ -89.176307, 13.605318 ], [ -89.176418, 13.605232 ], [ -89.17653, 13.605146 ], [ -89.176612, 13.605035 ], [ -89.176695, 13.604924 ], [ -89.17674, 13.60487 ], [ -89.176772, 13.604813 ] ] ] } },
{ "type": "Feature", "properties": { "fid": 320, "CANTON": "EL CARRIZAL", "DISTRITO": "ROSARIO DE MORA" }, "geometry": { "type": "Polygon", "coordinates": [ [ [ -89.199857, 13.575694 ], [ -89.199731, 13.575699 ], [ -89.199616, 13.575627 ], [ -89.199524, 13.575513 ], [ -89.199495, 13.575387 ], [ -89.199344, 13.575494 ], [ -89.199243, 13.575522 ], [ -89.199075, 13.575533 ], [ -89.199012, 13.575442 ], [ -89.198902, 13.575315 ], [ -89.198714, 13.57526 ], [ -89.198524, 13.575111 ], [ -89.198324, 13.575002 ], [ -89.198109, 13.574839 ], [ -89.198092, 13.574847 ], [ -89.197952, 13.574908 ], [ -89.197834, 13.57478 ], [ -89.197503, 13.574532 ], [ -89.197315, 13.574423 ], [ -89.196929, 13.574332 ], [ -89.196907, 13.574327 ], [ -89.19703, 13.57391 ], [ -89.197155, 13.573379 ], [ -89.197238, 13.572916 ], [ -89.197352, 13.572752 ], [ -89.197409, 13.572681 ], [ -89.197361, 13.572655 ], [ -89.196882, 13.572387 ], [ -89.196852, 13.572376 ], [ -89.196167, 13.572105 ], [ -89.195978, 13.57203 ], [ -89.195977, 13.572022 ], [ -89.195915, 13.571492 ], [ -89.195897, 13.571343 ], [ -89.195896, 13.571336 ], [ -89.195858, 13.570816 ], [ -89.195847, 13.570672 ], [ -89.195846, 13.570651 ], [ -89.196047, 13.57048 ], [ -89.196103, 13.570433 ], [ -89.196117, 13.570421 ], [ -89.196157, 13.570376 ], [ -89.196168, 13.570363 ], [ -89.196172, 13.570359 ], [ -89.196275, 13.570238 ], [ -89.196304, 13.570205 ], [ -89.196317, 13.570189 ], [ -89.196444, 13.570024 ], [ -89.196479, 13.569978 ], [ -89.1965, 13.569951 ], [ -89.196516, 13.569814 ], [ -89.196521, 13.569777 ], [ -89.196524, 13.569749 ], [ -89.196511, 13.569606 ], [ -89.196508, 13.569566 ], [ -89.196505, 13.569532 ], [ -89.196416, 13.56932 ], [ -89.196392, 13.569261 ], [ -89.196367, 13.569202 ], [ -89.196364, 13.568927 ], [ -89.196363, 13.568851 ], [ -89.196362, 13.568763 ], [ -89.196295, 13.568696 ], [ -89.196277, 13.568678 ], [ -89.196252, 13.568654 ], [ -89.196246, 13.568647 ], [ -89.196245, 13.568644 ], [ -89.196243, 13.568641 ], [ -89.196239, 13.568633 ], [ -89.196238, 13.568631 ], [ -89.196236, 13.568627 ], [ -89.196235, 13.568613 ], [ -89.196235, 13.568609 ], [ -89.196234, 13.568601 ], [ -89.196279, 13.568458 ], [ -89.196291, 13.568418 ], [ -89.196316, 13.568338 ], [ -89.196342, 13.568255 ], [ -89.196349, 13.568232 ], [ -89.196365, 13.568181 ], [ -89.196372, 13.568157 ], [ -89.196374, 13.568151 ], [ -89.196379, 13.568134 ], [ -89.19636, 13.568069 ], [ -89.196354, 13.568052 ], [ -89.19634, 13.568003 ], [ -89.196287, 13.56794 ], [ -89.196273, 13.567923 ], [ -89.19623, 13.567871 ], [ -89.196312, 13.567627 ], [ -89.196334, 13.567561 ], [ -89.196406, 13.567345 ], [ -89.196413, 13.567287 ], [ -89.196415, 13.567272 ], [ -89.196421, 13.567216 ], [ -89.196436, 13.567087 ], [ -89.19644, 13.567052 ], [ -89.196455, 13.566916 ], [ -89.196446, 13.566736 ], [ -89.196444, 13.566688 ], [ -89.196433, 13.566481 ], [ -89.196431, 13.566321 ], [ -89.19643, 13.566278 ], [ -89.196427, 13.566078 ], [ -89.196424, 13.565891 ], [ -89.196423, 13.565841 ], [ -89.19642, 13.565587 ], [ -89.196405, 13.565547 ], [ -89.196402, 13.565537 ], [ -89.19638, 13.565477 ], [ -89.196374, 13.565461 ], [ -89.196372, 13.565457 ], [ -89.196361, 13.565431 ], [ -89.196338, 13.565405 ], [ -89.196332, 13.565399 ], [ -89.196292, 13.565354 ], [ -89.196246, 13.565321 ], [ -89.196234, 13.565313 ], [ -89.196146, 13.56525 ], [ -89.196134, 13.565242 ], [ -89.196131, 13.56524 ], [ -89.196107, 13.565223 ], [ -89.196091, 13.565211 ], [ -89.196086, 13.565208 ], [ -89.196049, 13.565181 ], [ -89.195828, 13.565024 ], [ -89.195771, 13.564984 ], [ -89.195218, 13.564591 ], [ -89.195183, 13.564566 ], [ -89.195175, 13.56456 ], [ -89.195078, 13.564489 ], [ -89.194987, 13.564432 ], [ -89.194964, 13.564418 ], [ -89.194686, 13.564243 ], [ -89.194661, 13.564217 ], [ -89.194655, 13.564211 ], [ -89.194571, 13.564122 ], [ -89.194544, 13.563962 ], [ -89.194537, 13.563922 ], [ -89.194435, 13.563322 ], [ -89.194708, 13.563312 ], [ -89.194748, 13.563311 ], [ -89.194716, 13.562817 ], [ -89.194742, 13.562544 ], [ -89.194817, 13.562334 ], [ -89.194843, 13.562256 ], [ -89.195061, 13.561843 ], [ -89.195195, 13.561592 ], [ -89.195357, 13.561366 ], [ -89.195399, 13.561281 ], [ -89.195422, 13.56113 ], [ -89.195409, 13.560905 ], [ -89.195364, 13.56076 ], [ -89.195467, 13.560742 ], [ -89.19559, 13.560788 ], [ -89.195817, 13.560921 ], [ -89.196014, 13.561138 ], [ -89.196069, 13.561118 ], [ -89.196094, 13.561098 ], [ -89.196184, 13.560999 ], [ -89.196291, 13.560961 ], [ -89.196713, 13.560933 ], [ -89.196895, 13.560937 ], [ -89.197079, 13.560973 ], [ -89.19723, 13.561047 ], [ -89.197347, 13.561153 ], [ -89.197418, 13.561239 ], [ -89.19748, 13.56139 ], [ -89.19748, 13.56149 ], [ -89.197529, 13.561658 ], [ -89.197538, 13.561766 ], [ -89.197581, 13.561905 ], [ -89.197639, 13.562002 ], [ -89.197752, 13.562064 ], [ -89.197818, 13.562127 ], [ -89.197877, 13.562203 ], [ -89.197982, 13.562552 ], [ -89.198064, 13.562696 ], [ -89.19813, 13.562766 ], [ -89.198176, 13.562791 ], [ -89.198182, 13.562789 ], [ -89.198156, 13.56249 ], [ -89.197973, 13.561737 ], [ -89.197953, 13.561548 ], [ -89.197865, 13.561297 ], [ -89.197757, 13.561191 ], [ -89.197704, 13.56108 ], [ -89.197589, 13.560849 ], [ -89.197555, 13.560479 ], [ -89.197495, 13.560393 ], [ -89.197353, 13.560274 ], [ -89.197238, 13.56005 ], [ -89.197144, 13.559932 ], [ -89.19706, 13.559741 ], [ -89.196924, 13.559688 ], [ -89.196823, 13.559609 ], [ -89.196667, 13.55943 ], [ -89.196593, 13.559252 ], [ -89.196572, 13.558981 ], [ -89.196512, 13.558809 ], [ -89.196511, 13.558657 ], [ -89.19666, 13.558274 ], [ -89.196687, 13.558168 ], [ -89.196666, 13.55791 ], [ -89.196612, 13.557642 ], [ -89.196632, 13.557477 ], [ -89.196618, 13.557312 ], [ -89.196659, 13.55714 ], [ -89.196774, 13.557034 ], [ -89.197003, 13.556941 ], [ -89.197206, 13.556789 ], [ -89.197246, 13.556571 ], [ -89.197253, 13.556419 ], [ -89.197624, 13.556058 ], [ -89.197955, 13.555932 ], [ -89.198515, 13.555529 ], [ -89.19886, 13.555429 ], [ -89.198927, 13.555337 ], [ -89.19892, 13.555171 ], [ -89.198839, 13.554851 ], [ -89.198933, 13.55454 ], [ -89.199082, 13.554282 ], [ -89.199345, 13.553958 ], [ -89.199487, 13.553627 ], [ -89.199595, 13.553482 ], [ -89.199777, 13.55292 ], [ -89.199864, 13.552315 ], [ -89.199843, 13.552189 ], [ -89.199722, 13.552004 ], [ -89.199688, 13.551806 ], [ -89.199863, 13.551297 ], [ -89.199973, 13.551106 ], [ -89.200026, 13.551137 ], [ -89.200993, 13.551709 ], [ -89.201523, 13.552068 ], [ -89.202317, 13.552517 ], [ -89.202856, 13.552813 ], [ -89.203514, 13.553189 ], [ -89.204566, 13.553773 ], [ -89.204927, 13.553734 ], [ -89.20543, 13.553686 ], [ -89.205454, 13.553684 ], [ -89.205447, 13.553768 ], [ -89.205442, 13.554148 ], [ -89.205474, 13.554321 ], [ -89.205521, 13.554442 ], [ -89.205577, 13.554418 ], [ -89.205722, 13.554477 ], [ -89.205833, 13.554505 ], [ -89.206039, 13.554528 ], [ -89.206337, 13.554505 ], [ -89.206511, 13.554498 ], [ -89.206597, 13.55452 ], [ -89.20686, 13.554719 ], [ -89.207058, 13.554875 ], [ -89.207051, 13.554885 ], [ -89.207168, 13.554967 ], [ -89.207913, 13.555504 ], [ -89.208264, 13.555147 ], [ -89.208393, 13.555004 ], [ -89.208482, 13.555551 ], [ -89.208486, 13.555573 ], [ -89.209586, 13.555849 ], [ -89.210192, 13.555542 ], [ -89.210377, 13.555597 ], [ -89.210442, 13.555474 ], [ -89.210493, 13.555447 ], [ -89.210896, 13.555464 ], [ -89.211214, 13.555514 ], [ -89.211577, 13.555721 ], [ -89.211628, 13.555776 ], [ -89.211647, 13.556053 ], [ -89.211833, 13.556211 ], [ -89.21212, 13.556306 ], [ -89.212203, 13.556301 ], [ -89.212583, 13.556401 ], [ -89.21275, 13.556333 ], [ -89.212806, 13.556364 ], [ -89.212852, 13.556414 ], [ -89.212852, 13.556482 ], [ -89.212658, 13.5567 ], [ -89.21269, 13.556782 ], [ -89.212724, 13.556816 ], [ -89.212559, 13.556899 ], [ -89.212454, 13.557004 ], [ -89.21239, 13.557084 ], [ -89.211823, 13.557334 ], [ -89.211482, 13.556946 ], [ -89.211254, 13.556335 ], [ -89.210574, 13.557002 ], [ -89.210575, 13.557613 ], [ -89.210462, 13.558391 ], [ -89.210094, 13.559057 ], [ -89.210018, 13.559138 ], [ -89.209737, 13.559435 ], [ -89.209726, 13.559446 ], [ -89.209582, 13.560013 ], [ -89.209556, 13.560113 ], [ -89.20933, 13.560557 ], [ -89.209217, 13.560919 ], [ -89.208624, 13.560852 ], [ -89.208596, 13.56082 ], [ -89.20841, 13.560856 ], [ -89.208167, 13.560974 ], [ -89.208034, 13.56111 ], [ -89.207862, 13.561494 ], [ -89.207715, 13.561787 ], [ -89.207479, 13.561949 ], [ -89.207171, 13.561975 ], [ -89.206949, 13.562062 ], [ -89.206524, 13.56227 ], [ -89.206083, 13.562638 ], [ -89.206544, 13.563076 ], [ -89.207176, 13.563388 ], [ -89.207078, 13.564019 ], [ -89.20704, 13.564168 ], [ -89.206914, 13.564448 ], [ -89.206777, 13.5645 ], [ -89.206632, 13.564541 ], [ -89.206518, 13.564597 ], [ -89.206335, 13.564829 ], [ -89.206457, 13.565056 ], [ -89.206518, 13.565299 ], [ -89.206717, 13.565798 ], [ -89.206199, 13.565951 ], [ -89.206107, 13.565979 ], [ -89.206064, 13.565998 ], [ -89.205996, 13.566071 ], [ -89.205983, 13.566211 ], [ -89.206049, 13.566497 ], [ -89.206055, 13.566536 ], [ -89.206049, 13.566631 ], [ -89.20598, 13.566711 ], [ -89.205899, 13.566849 ], [ -89.205961, 13.566938 ], [ -89.206182, 13.56712 ], [ -89.206423, 13.567396 ], [ -89.206355, 13.567559 ], [ -89.206206, 13.567758 ], [ -89.206226, 13.568066 ], [ -89.206226, 13.568273 ], [ -89.206314, 13.568353 ], [ -89.206486, 13.568481 ], [ -89.206594, 13.568557 ], [ -89.206711, 13.568551 ], [ -89.206766, 13.568595 ], [ -89.206766, 13.56864 ], [ -89.206773, 13.568923 ], [ -89.20676, 13.569009 ], [ -89.206705, 13.569075 ], [ -89.20661, 13.56918 ], [ -89.206575, 13.569234 ], [ -89.206516, 13.569444 ], [ -89.206464, 13.569616 ], [ -89.206435, 13.569709 ], [ -89.206387, 13.569772 ], [ -89.206295, 13.569823 ], [ -89.206191, 13.569884 ], [ -89.206143, 13.569976 ], [ -89.206022, 13.569954 ], [ -89.205951, 13.569973 ], [ -89.205882, 13.570037 ], [ -89.205827, 13.570113 ], [ -89.205658, 13.570169 ], [ -89.205489, 13.570147 ], [ -89.205264, 13.570087 ], [ -89.205095, 13.570078 ], [ -89.204916, 13.570116 ], [ -89.204705, 13.570141 ], [ -89.204588, 13.570278 ], [ -89.20453, 13.570501 ], [ -89.204455, 13.570638 ], [ -89.204322, 13.570785 ], [ -89.204289, 13.570861 ], [ -89.204266, 13.570974 ], [ -89.204257, 13.571089 ], [ -89.204348, 13.571277 ], [ -89.204293, 13.57148 ], [ -89.204267, 13.571518 ], [ -89.204365, 13.571751 ], [ -89.204179, 13.571739 ], [ -89.204088, 13.571755 ], [ -89.203994, 13.571854 ], [ -89.203841, 13.572089 ], [ -89.203825, 13.572321 ], [ -89.203793, 13.57248 ], [ -89.203738, 13.572639 ], [ -89.203803, 13.572818 ], [ -89.203793, 13.57304 ], [ -89.203565, 13.573158 ], [ -89.20358, 13.573178 ], [ -89.203676, 13.573561 ], [ -89.203538, 13.573894 ], [ -89.203407, 13.574217 ], [ -89.203422, 13.574267 ], [ -89.203442, 13.574451 ], [ -89.203452, 13.574571 ], [ -89.203461, 13.574645 ], [ -89.203468, 13.574723 ], [ -89.203458, 13.574764 ], [ -89.203423, 13.57484 ], [ -89.203393, 13.574909 ], [ -89.20338, 13.574979 ], [ -89.2034, 13.575013 ], [ -89.203557, 13.575154 ], [ -89.203596, 13.575209 ], [ -89.203618, 13.575278 ], [ -89.203599, 13.575336 ], [ -89.203555, 13.575388 ], [ -89.203418, 13.57548 ], [ -89.20336, 13.57554 ], [ -89.203349, 13.575571 ], [ -89.203359, 13.575601 ], [ -89.203491, 13.575769 ], [ -89.203499, 13.575799 ], [ -89.203482, 13.575823 ], [ -89.203438, 13.575843 ], [ -89.203417, 13.575853 ], [ -89.203373, 13.575821 ], [ -89.203034, 13.575741 ], [ -89.202724, 13.575747 ], [ -89.202626, 13.575868 ], [ -89.202461, 13.5758 ], [ -89.202288, 13.575763 ], [ -89.202179, 13.575605 ], [ -89.202143, 13.575573 ], [ -89.202089, 13.575529 ], [ -89.201973, 13.57546 ], [ -89.201739, 13.575317 ], [ -89.201697, 13.575211 ], [ -89.201609, 13.575168 ], [ -89.201486, 13.575233 ], [ -89.201417, 13.575257 ], [ -89.201363, 13.575305 ], [ -89.201281, 13.575307 ], [ -89.201154, 13.5753 ], [ -89.201071, 13.575319 ], [ -89.201004, 13.575351 ], [ -89.200968, 13.575397 ], [ -89.200913, 13.575436 ], [ -89.20085, 13.575491 ], [ -89.200785, 13.575592 ], [ -89.200724, 13.575631 ], [ -89.200701, 13.575635 ], [ -89.20058, 13.575541 ], [ -89.200542, 13.575523 ], [ -89.200508, 13.575515 ], [ -89.200436, 13.575553 ], [ -89.200339, 13.575573 ], [ -89.200215, 13.575594 ], [ -89.200021, 13.575617 ], [ -89.199909, 13.575697 ], [ -89.199887, 13.575696 ], [ -89.199857, 13.575694 ] ] ] } },
{ "type": "Feature", "properties": { "fid": 321, "CANTON": "PALO GRANDE", "DISTRITO": "ROSARIO DE MORA" }, "geometry": { "type": "Polygon", "coordinates": [ [ [ -89.217902, 13.551431 ], [ -89.217697, 13.551392 ], [ -89.216826, 13.551242 ], [ -89.216408, 13.551254 ], [ -89.215891, 13.551271 ], [ -89.215743, 13.55126 ], [ -89.215486, 13.551219 ], [ -89.215126, 13.55114 ], [ -89.214839, 13.551073 ], [ -89.214545, 13.551125 ], [ -89.214465, 13.551141 ], [ -89.214509, 13.55162 ], [ -89.214466, 13.552141 ], [ -89.214378, 13.552736 ], [ -89.214359, 13.552934 ], [ -89.214506, 13.553506 ], [ -89.214638, 13.554251 ], [ -89.214724, 13.554954 ], [ -89.214675, 13.55537 ], [ -89.21445, 13.556085 ], [ -89.21428, 13.556431 ], [ -89.213548, 13.557482 ], [ -89.213269, 13.557728 ], [ -89.212551, 13.558271 ], [ -89.212661, 13.557808 ], [ -89.2127, 13.557686 ], [ -89.21277, 13.557516 ], [ -89.212948, 13.557391 ], [ -89.213096, 13.557304 ], [ -89.213124, 13.557214 ], [ -89.213098, 13.557082 ], [ -89.212762, 13.556855 ], [ -89.212724, 13.556816 ], [ -89.21269, 13.556782 ], [ -89.212658, 13.5567 ], [ -89.212852, 13.556482 ], [ -89.212852, 13.556414 ], [ -89.212806, 13.556364 ], [ -89.21275, 13.556333 ], [ -89.212583, 13.556401 ], [ -89.212203, 13.556301 ], [ -89.21212, 13.556306 ], [ -89.211833, 13.556211 ], [ -89.211647, 13.556053 ], [ -89.211628, 13.555776 ], [ -89.211577, 13.555721 ], [ -89.211214, 13.555514 ], [ -89.210896, 13.555464 ], [ -89.210493, 13.555447 ], [ -89.210442, 13.555474 ], [ -89.210377, 13.555597 ], [ -89.210192, 13.555542 ], [ -89.209586, 13.555849 ], [ -89.208486, 13.555573 ], [ -89.208482, 13.555551 ], [ -89.208393, 13.555004 ], [ -89.208264, 13.555147 ], [ -89.207913, 13.555504 ], [ -89.207168, 13.554967 ], [ -89.207051, 13.554885 ], [ -89.207058, 13.554875 ], [ -89.20686, 13.554719 ], [ -89.206597, 13.55452 ], [ -89.206511, 13.554498 ], [ -89.206337, 13.554505 ], [ -89.206039, 13.554528 ], [ -89.205833, 13.554505 ], [ -89.205722, 13.554477 ], [ -89.205577, 13.554418 ], [ -89.205521, 13.554442 ], [ -89.205474, 13.554321 ], [ -89.205442, 13.554148 ], [ -89.205447, 13.553768 ], [ -89.205454, 13.553684 ], [ -89.20543, 13.553686 ], [ -89.204927, 13.553734 ], [ -89.204566, 13.553773 ], [ -89.203514, 13.553189 ], [ -89.202856, 13.552813 ], [ -89.202317, 13.552517 ], [ -89.201523, 13.552068 ], [ -89.200993, 13.551709 ], [ -89.200026, 13.551137 ], [ -89.199973, 13.551106 ], [ -89.199978, 13.551098 ], [ -89.200315, 13.550731 ], [ -89.200686, 13.549891 ], [ -89.20074, 13.549356 ], [ -89.201097, 13.548464 ], [ -89.20159, 13.547803 ], [ -89.201677, 13.547618 ], [ -89.201731, 13.54732 ], [ -89.201765, 13.547004 ], [ -89.201926, 13.54668 ], [ -89.202068, 13.546521 ], [ -89.202196, 13.546191 ], [ -89.202304, 13.545688 ], [ -89.202398, 13.54551 ], [ -89.202594, 13.545306 ], [ -89.202655, 13.545101 ], [ -89.202391, 13.544658 ], [ -89.202559, 13.544321 ], [ -89.20293, 13.543759 ], [ -89.203518, 13.543061 ], [ -89.203605, 13.542902 ], [ -89.203619, 13.542803 ], [ -89.203544, 13.542479 ], [ -89.20351, 13.542208 ], [ -89.203483, 13.541666 ], [ -89.20353, 13.541319 ], [ -89.203597, 13.540982 ], [ -89.203685, 13.540803 ], [ -89.203705, 13.540677 ], [ -89.203589, 13.540155 ], [ -89.203717, 13.539696 ], [ -89.203805, 13.539405 ], [ -89.204115, 13.539127 ], [ -89.20421, 13.538975 ], [ -89.204189, 13.538267 ], [ -89.204263, 13.537984 ], [ -89.204749, 13.537224 ], [ -89.204816, 13.536893 ], [ -89.204613, 13.536292 ], [ -89.204599, 13.535373 ], [ -89.204614, 13.535248 ], [ -89.204639, 13.53504 ], [ -89.204632, 13.534537 ], [ -89.204706, 13.534035 ], [ -89.204807, 13.533691 ], [ -89.204988, 13.532251 ], [ -89.205196, 13.531175 ], [ -89.205041, 13.530818 ], [ -89.204878, 13.53015 ], [ -89.205364, 13.529462 ], [ -89.205572, 13.528366 ], [ -89.205747, 13.527877 ], [ -89.205909, 13.52752 ], [ -89.206132, 13.527387 ], [ -89.206328, 13.527225 ], [ -89.206476, 13.526861 ], [ -89.206705, 13.526438 ], [ -89.206894, 13.5262 ], [ -89.207461, 13.525595 ], [ -89.207684, 13.525297 ], [ -89.207994, 13.524827 ], [ -89.208243, 13.524047 ], [ -89.208391, 13.523197 ], [ -89.208432, 13.522933 ], [ -89.208593, 13.522642 ], [ -89.20883, 13.52241 ], [ -89.209106, 13.522099 ], [ -89.209565, 13.521388 ], [ -89.209632, 13.521104 ], [ -89.209659, 13.520853 ], [ -89.209605, 13.520377 ], [ -89.209442, 13.520017 ], [ -89.209361, 13.519759 ], [ -89.209361, 13.519495 ], [ -89.209462, 13.519085 ], [ -89.208961, 13.518325 ], [ -89.208927, 13.518042 ], [ -89.208785, 13.517592 ], [ -89.208933, 13.51746 ], [ -89.209933, 13.517201 ], [ -89.209966, 13.516864 ], [ -89.209959, 13.516408 ], [ -89.210006, 13.516167 ], [ -89.210431, 13.5154 ], [ -89.210484, 13.515105 ], [ -89.210553, 13.515156 ], [ -89.21125, 13.515667 ], [ -89.211747, 13.517 ], [ -89.212531, 13.517565 ], [ -89.214058, 13.518048 ], [ -89.215048, 13.518532 ], [ -89.216988, 13.518854 ], [ -89.218433, 13.51958 ], [ -89.218502, 13.518906 ], [ -89.219297, 13.518718 ], [ -89.21969, 13.518626 ], [ -89.220404, 13.518459 ], [ -89.22138, 13.518412 ], [ -89.221695, 13.518398 ], [ -89.221747, 13.518406 ], [ -89.22191, 13.51839 ], [ -89.222122, 13.518385 ], [ -89.222318, 13.518432 ], [ -89.222752, 13.51867 ], [ -89.222929, 13.518809 ], [ -89.223518, 13.519374 ], [ -89.223816, 13.519642 ], [ -89.224095, 13.519808 ], [ -89.224231, 13.519947 ], [ -89.224352, 13.52018 ], [ -89.224441, 13.52044 ], [ -89.224463, 13.520629 ], [ -89.224468, 13.520948 ], [ -89.224512, 13.521383 ], [ -89.22459, 13.521855 ], [ -89.22467, 13.522002 ], [ -89.224809, 13.522192 ], [ -89.225032, 13.522455 ], [ -89.225252, 13.52277 ], [ -89.225424, 13.523112 ], [ -89.225555, 13.523513 ], [ -89.225585, 13.52378 ], [ -89.225639, 13.524118 ], [ -89.225594, 13.524433 ], [ -89.225519, 13.524821 ], [ -89.225434, 13.525075 ], [ -89.225295, 13.525366 ], [ -89.225017, 13.525854 ], [ -89.224845, 13.526243 ], [ -89.2248, 13.526404 ], [ -89.22483, 13.526517 ], [ -89.224937, 13.526691 ], [ -89.225004, 13.526782 ], [ -89.225224, 13.527007 ], [ -89.225396, 13.527165 ], [ -89.225741, 13.527379 ], [ -89.226047, 13.527604 ], [ -89.22624, 13.527796 ], [ -89.226444, 13.528107 ], [ -89.2265, 13.52828 ], [ -89.226508, 13.528582 ], [ -89.226444, 13.529037 ], [ -89.226455, 13.529266 ], [ -89.226509, 13.529394 ], [ -89.226651, 13.529507 ], [ -89.226844, 13.52959 ], [ -89.227088, 13.529645 ], [ -89.227444, 13.529729 ], [ -89.227977, 13.529814 ], [ -89.228283, 13.529872 ], [ -89.228516, 13.529937 ], [ -89.229261, 13.530437 ], [ -89.229808, 13.53077 ], [ -89.230078, 13.530991 ], [ -89.230409, 13.531374 ], [ -89.230548, 13.531673 ], [ -89.230774, 13.532181 ], [ -89.230951, 13.532593 ], [ -89.231117, 13.532879 ], [ -89.231254, 13.533006 ], [ -89.231377, 13.533124 ], [ -89.231543, 13.533237 ], [ -89.231693, 13.533354 ], [ -89.23175, 13.533533 ], [ -89.231785, 13.533701 ], [ -89.231782, 13.533879 ], [ -89.23174, 13.534306 ], [ -89.231708, 13.534529 ], [ -89.231746, 13.534626 ], [ -89.231797, 13.534694 ], [ -89.231907, 13.534797 ], [ -89.232155, 13.534994 ], [ -89.232314, 13.535165 ], [ -89.232362, 13.535338 ], [ -89.232384, 13.535498 ], [ -89.232392, 13.535652 ], [ -89.232352, 13.535912 ], [ -89.232296, 13.53609 ], [ -89.232154, 13.536258 ], [ -89.231809, 13.536512 ], [ -89.231707, 13.536588 ], [ -89.231598, 13.536799 ], [ -89.231435, 13.537193 ], [ -89.231296, 13.537509 ], [ -89.231109, 13.537808 ], [ -89.230857, 13.538144 ], [ -89.230737, 13.538461 ], [ -89.23071, 13.538679 ], [ -89.230729, 13.538981 ], [ -89.230789, 13.539551 ], [ -89.23081, 13.539814 ], [ -89.23084, 13.540122 ], [ -89.230838, 13.54034 ], [ -89.230731, 13.5406 ], [ -89.230626, 13.540776 ], [ -89.230415, 13.540925 ], [ -89.230182, 13.541156 ], [ -89.230198, 13.5415 ], [ -89.230201, 13.541708 ], [ -89.230236, 13.542026 ], [ -89.230296, 13.542262 ], [ -89.23043, 13.542582 ], [ -89.230511, 13.542764 ], [ -89.230613, 13.543169 ], [ -89.230675, 13.543465 ], [ -89.230651, 13.54356 ], [ -89.230611, 13.543625 ], [ -89.230247, 13.543858 ], [ -89.229979, 13.544056 ], [ -89.22949, 13.5445 ], [ -89.229109, 13.544832 ], [ -89.228724, 13.5452 ], [ -89.228507, 13.54555 ], [ -89.228355, 13.545842 ], [ -89.228278, 13.546172 ], [ -89.228213, 13.54639 ], [ -89.228093, 13.546814 ], [ -89.227912, 13.547254 ], [ -89.227727, 13.547601 ], [ -89.227492, 13.547916 ], [ -89.227128, 13.548168 ], [ -89.226482, 13.548662 ], [ -89.226314, 13.549075 ], [ -89.226122, 13.549503 ], [ -89.226017, 13.549669 ], [ -89.225905, 13.549775 ], [ -89.225672, 13.550001 ], [ -89.225554, 13.550177 ], [ -89.225515, 13.550612 ], [ -89.225499, 13.550992 ], [ -89.225499, 13.55116 ], [ -89.225612, 13.551576 ], [ -89.225712, 13.551933 ], [ -89.225806, 13.552208 ], [ -89.225801, 13.552323 ], [ -89.225696, 13.552433 ], [ -89.225573, 13.552565 ], [ -89.225399, 13.552685 ], [ -89.224965, 13.553001 ], [ -89.224828, 13.553129 ], [ -89.224762, 13.55324 ], [ -89.224697, 13.553448 ], [ -89.224655, 13.553682 ], [ -89.22466, 13.553879 ], [ -89.224666, 13.554343 ], [ -89.224535, 13.554301 ], [ -89.223176, 13.553858 ], [ -89.222145, 13.553523 ], [ -89.221862, 13.553259 ], [ -89.221569, 13.553099 ], [ -89.221578, 13.553088 ], [ -89.221442, 13.553013 ], [ -89.221171, 13.552696 ], [ -89.220968, 13.552538 ], [ -89.220784, 13.552459 ], [ -89.22032, 13.552434 ], [ -89.219706, 13.552352 ], [ -89.219634, 13.552336 ], [ -89.219593, 13.552272 ], [ -89.219517, 13.552081 ], [ -89.219401, 13.551912 ], [ -89.219056, 13.551642 ], [ -89.218824, 13.551515 ], [ -89.218585, 13.551487 ], [ -89.217902, 13.551431 ] ] ] } },
{ "type": "Feature", "properties": { "fid": 322, "CANTON": "LAS BARROSAS", "DISTRITO": "ROSARIO DE MORA" }, "geometry": { "type": "Polygon", "coordinates": [ [ [ -89.199988, 13.505537 ], [ -89.200117, 13.50551 ], [ -89.200246, 13.505512 ], [ -89.200404, 13.505548 ], [ -89.201162, 13.505873 ], [ -89.201378, 13.506089 ], [ -89.201453, 13.506064 ], [ -89.201469, 13.50605 ], [ -89.201426, 13.50622 ], [ -89.201291, 13.506425 ], [ -89.201156, 13.506695 ], [ -89.201055, 13.506953 ], [ -89.201055, 13.507165 ], [ -89.201163, 13.507369 ], [ -89.201346, 13.507607 ], [ -89.202096, 13.508514 ], [ -89.202326, 13.508864 ], [ -89.202435, 13.509393 ], [ -89.202543, 13.509478 ], [ -89.202692, 13.509485 ], [ -89.203813, 13.509372 ], [ -89.204069, 13.509464 ], [ -89.204306, 13.509596 ], [ -89.204441, 13.509715 ], [ -89.20486, 13.51024 ], [ -89.205138, 13.510888 ], [ -89.205314, 13.511311 ], [ -89.205402, 13.511509 ], [ -89.20551, 13.511529 ], [ -89.205855, 13.511508 ], [ -89.207104, 13.511362 ], [ -89.207726, 13.511474 ], [ -89.208253, 13.511939 ], [ -89.208489, 13.512058 ], [ -89.208746, 13.512084 ], [ -89.209226, 13.511945 ], [ -89.209415, 13.511965 ], [ -89.20959, 13.512018 ], [ -89.209726, 13.512097 ], [ -89.209868, 13.512222 ], [ -89.210098, 13.512526 ], [ -89.210503, 13.51299 ], [ -89.210584, 13.513102 ], [ -89.210956, 13.513466 ], [ -89.211058, 13.513624 ], [ -89.211065, 13.513783 ], [ -89.210984, 13.514067 ], [ -89.21091, 13.51418 ], [ -89.210572, 13.51461 ], [ -89.210484, 13.515105 ], [ -89.210431, 13.5154 ], [ -89.210006, 13.516167 ], [ -89.209959, 13.516408 ], [ -89.209966, 13.516864 ], [ -89.209933, 13.517201 ], [ -89.208933, 13.51746 ], [ -89.208785, 13.517592 ], [ -89.208927, 13.518042 ], [ -89.208961, 13.518325 ], [ -89.209462, 13.519085 ], [ -89.209361, 13.519495 ], [ -89.209361, 13.519759 ], [ -89.209442, 13.520017 ], [ -89.209605, 13.520377 ], [ -89.209659, 13.520853 ], [ -89.209632, 13.521104 ], [ -89.209565, 13.521388 ], [ -89.209106, 13.522099 ], [ -89.20883, 13.52241 ], [ -89.208593, 13.522642 ], [ -89.208432, 13.522933 ], [ -89.208391, 13.523197 ], [ -89.208243, 13.524047 ], [ -89.207994, 13.524827 ], [ -89.207684, 13.525297 ], [ -89.207461, 13.525595 ], [ -89.206894, 13.5262 ], [ -89.206705, 13.526438 ], [ -89.206476, 13.526861 ], [ -89.206328, 13.527225 ], [ -89.206132, 13.527387 ], [ -89.205909, 13.52752 ], [ -89.205747, 13.527877 ], [ -89.205572, 13.528366 ], [ -89.205364, 13.529462 ], [ -89.204878, 13.53015 ], [ -89.205041, 13.530818 ], [ -89.205196, 13.531175 ], [ -89.204988, 13.532251 ], [ -89.204807, 13.533691 ], [ -89.204706, 13.534035 ], [ -89.204632, 13.534537 ], [ -89.204639, 13.53504 ], [ -89.204614, 13.535248 ], [ -89.204516, 13.535317 ], [ -89.202955, 13.536422 ], [ -89.201565, 13.536788 ], [ -89.200548, 13.537088 ], [ -89.200074, 13.537952 ], [ -89.199804, 13.539147 ], [ -89.199262, 13.540542 ], [ -89.198721, 13.541406 ], [ -89.197908, 13.542336 ], [ -89.197603, 13.543266 ], [ -89.197163, 13.543599 ], [ -89.197034, 13.544126 ], [ -89.195608, 13.544137 ], [ -89.195568, 13.544137 ], [ -89.19557, 13.544335 ], [ -89.195715, 13.545044 ], [ -89.195873, 13.545591 ], [ -89.195907, 13.545683 ], [ -89.195946, 13.545717 ], [ -89.196297, 13.545835 ], [ -89.196417, 13.545886 ], [ -89.196459, 13.545937 ], [ -89.196493, 13.546019 ], [ -89.196489, 13.546083 ], [ -89.196399, 13.546492 ], [ -89.196377, 13.54669 ], [ -89.196386, 13.546809 ], [ -89.196406, 13.546888 ], [ -89.19661, 13.547275 ], [ -89.196631, 13.547331 ], [ -89.196647, 13.547473 ], [ -89.196614, 13.547582 ], [ -89.196469, 13.547801 ], [ -89.196118, 13.548342 ], [ -89.196097, 13.548442 ], [ -89.19609, 13.548613 ], [ -89.196081, 13.549074 ], [ -89.196237, 13.549693 ], [ -89.196243, 13.549711 ], [ -89.196196, 13.549708 ], [ -89.195081, 13.549633 ], [ -89.195046, 13.549631 ], [ -89.194879, 13.548755 ], [ -89.194372, 13.548738 ], [ -89.193472, 13.549209 ], [ -89.192863, 13.549527 ], [ -89.190999, 13.550226 ], [ -89.19005, 13.550492 ], [ -89.188794, 13.549563 ], [ -89.187844, 13.548833 ], [ -89.187234, 13.548601 ], [ -89.186385, 13.546842 ], [ -89.185706, 13.546013 ], [ -89.185452, 13.545847 ], [ -89.185309, 13.545754 ], [ -89.185318, 13.545525 ], [ -89.18533, 13.545181 ], [ -89.185391, 13.54464 ], [ -89.185426, 13.544278 ], [ -89.185471, 13.544134 ], [ -89.185421, 13.543706 ], [ -89.185252, 13.54294 ], [ -89.185366, 13.542531 ], [ -89.185854, 13.541545 ], [ -89.185994, 13.540705 ], [ -89.185982, 13.539976 ], [ -89.186085, 13.539567 ], [ -89.186398, 13.538688 ], [ -89.186515, 13.538385 ], [ -89.187118, 13.537891 ], [ -89.187791, 13.537461 ], [ -89.188174, 13.537019 ], [ -89.188428, 13.536629 ], [ -89.188473, 13.536439 ], [ -89.188468, 13.536026 ], [ -89.188227, 13.535599 ], [ -89.188021, 13.535027 ], [ -89.188082, 13.53476 ], [ -89.188356, 13.534219 ], [ -89.188282, 13.533837 ], [ -89.188056, 13.533621 ], [ -89.187767, 13.533432 ], [ -89.187373, 13.532984 ], [ -89.187296, 13.53287 ], [ -89.187192, 13.532658 ], [ -89.187246, 13.532435 ], [ -89.187654, 13.531933 ], [ -89.188341, 13.531537 ], [ -89.188672, 13.531203 ], [ -89.188719, 13.530938 ], [ -89.188676, 13.530622 ], [ -89.188421, 13.530168 ], [ -89.188157, 13.529954 ], [ -89.187945, 13.52953 ], [ -89.187879, 13.529355 ], [ -89.187852, 13.529141 ], [ -89.187847, 13.529006 ], [ -89.187901, 13.528825 ], [ -89.188075, 13.528547 ], [ -89.188196, 13.528394 ], [ -89.188268, 13.528124 ], [ -89.188277, 13.527963 ], [ -89.188101, 13.527376 ], [ -89.18806, 13.527075 ], [ -89.188028, 13.526483 ], [ -89.188021, 13.525807 ], [ -89.188075, 13.525405 ], [ -89.188263, 13.525141 ], [ -89.189099, 13.524439 ], [ -89.189243, 13.524298 ], [ -89.189389, 13.524108 ], [ -89.189517, 13.524152 ], [ -89.191319, 13.524776 ], [ -89.192403, 13.525259 ], [ -89.192179, 13.526016 ], [ -89.192216, 13.526111 ], [ -89.192855, 13.52636 ], [ -89.192892, 13.526374 ], [ -89.192994, 13.526094 ], [ -89.193028, 13.525816 ], [ -89.193072, 13.525545 ], [ -89.193134, 13.525325 ], [ -89.193122, 13.525026 ], [ -89.193056, 13.524409 ], [ -89.19309, 13.524092 ], [ -89.193155, 13.52384 ], [ -89.193384, 13.523325 ], [ -89.193724, 13.522876 ], [ -89.193796, 13.522445 ], [ -89.194062, 13.522134 ], [ -89.19445, 13.521797 ], [ -89.194594, 13.521482 ], [ -89.194598, 13.521398 ], [ -89.194586, 13.521211 ], [ -89.194523, 13.520703 ], [ -89.194521, 13.520558 ], [ -89.194554, 13.520419 ], [ -89.194683, 13.52018 ], [ -89.194711, 13.52009 ], [ -89.19473, 13.519756 ], [ -89.194754, 13.519614 ], [ -89.195019, 13.519089 ], [ -89.195182, 13.518618 ], [ -89.195089, 13.518422 ], [ -89.195067, 13.518372 ], [ -89.195067, 13.518287 ], [ -89.19508, 13.518141 ], [ -89.195239, 13.51784 ], [ -89.19543, 13.517296 ], [ -89.195481, 13.516646 ], [ -89.195466, 13.516519 ], [ -89.195506, 13.516465 ], [ -89.195772, 13.516268 ], [ -89.195936, 13.515976 ], [ -89.195963, 13.515777 ], [ -89.196047, 13.515655 ], [ -89.196135, 13.515518 ], [ -89.196187, 13.515295 ], [ -89.196201, 13.515249 ], [ -89.196107, 13.514784 ], [ -89.196098, 13.514665 ], [ -89.196126, 13.514529 ], [ -89.196152, 13.514437 ], [ -89.196153, 13.514372 ], [ -89.196057, 13.514068 ], [ -89.196059, 13.513963 ], [ -89.196086, 13.513862 ], [ -89.196121, 13.513826 ], [ -89.196519, 13.513476 ], [ -89.196551, 13.513435 ], [ -89.196598, 13.513337 ], [ -89.196618, 13.513144 ], [ -89.196646, 13.512805 ], [ -89.196684, 13.512717 ], [ -89.196785, 13.512604 ], [ -89.196916, 13.512482 ], [ -89.196976, 13.51236 ], [ -89.196997, 13.51232 ], [ -89.197023, 13.51217 ], [ -89.197024, 13.511782 ], [ -89.196986, 13.511644 ], [ -89.197037, 13.511321 ], [ -89.197111, 13.511079 ], [ -89.197152, 13.510885 ], [ -89.197302, 13.510203 ], [ -89.19731, 13.510119 ], [ -89.197314, 13.510002 ], [ -89.197282, 13.509764 ], [ -89.197294, 13.509637 ], [ -89.197419, 13.509229 ], [ -89.197493, 13.508901 ], [ -89.197483, 13.508329 ], [ -89.197631, 13.507849 ], [ -89.197777, 13.507396 ], [ -89.197839, 13.507171 ], [ -89.197863, 13.507025 ], [ -89.197888, 13.506689 ], [ -89.199087, 13.506059 ], [ -89.199788, 13.505679 ], [ -89.19981, 13.505664 ], [ -89.199988, 13.505537 ] ] ] } },
{ "type": "Feature", "properties": { "fid": 323, "CANTON": "AZACUALPA", "DISTRITO": "PANCHIMALCO" }, "geometry": { "type": "Polygon", "coordinates": [ [ [ -89.17254, 13.558359 ], [ -89.172237, 13.558338 ], [ -89.171494, 13.558281 ], [ -89.171351, 13.558254 ], [ -89.171264, 13.558232 ], [ -89.171172, 13.55821 ], [ -89.171096, 13.558196 ], [ -89.171052, 13.558196 ], [ -89.171015, 13.558209 ], [ -89.170982, 13.558235 ], [ -89.170888, 13.558357 ], [ -89.17081, 13.55847 ], [ -89.170692, 13.558668 ], [ -89.170289, 13.558615 ], [ -89.170313, 13.558403 ], [ -89.170251, 13.558291 ], [ -89.169939, 13.55805 ], [ -89.169714, 13.55785 ], [ -89.169724, 13.557826 ], [ -89.169841, 13.557711 ], [ -89.169773, 13.5574 ], [ -89.169815, 13.55719 ], [ -89.170042, 13.556799 ], [ -89.170172, 13.556504 ], [ -89.17023, 13.556325 ], [ -89.170213, 13.555973 ], [ -89.170103, 13.555522 ], [ -89.169768, 13.555217 ], [ -89.169735, 13.555029 ], [ -89.169641, 13.554915 ], [ -89.169559, 13.554719 ], [ -89.169511, 13.55451 ], [ -89.169347, 13.553754 ], [ -89.169295, 13.553591 ], [ -89.169269, 13.553537 ], [ -89.169169, 13.553423 ], [ -89.168925, 13.553139 ], [ -89.168905, 13.553056 ], [ -89.168866, 13.552862 ], [ -89.168858, 13.552656 ], [ -89.16876, 13.552507 ], [ -89.168698, 13.552475 ], [ -89.168625, 13.552423 ], [ -89.168551, 13.552376 ], [ -89.168531, 13.552264 ], [ -89.168514, 13.551808 ], [ -89.168543, 13.551728 ], [ -89.168605, 13.551625 ], [ -89.168666, 13.551388 ], [ -89.168691, 13.551184 ], [ -89.168683, 13.551096 ], [ -89.168659, 13.551046 ], [ -89.16841, 13.550838 ], [ -89.168321, 13.550662 ], [ -89.168345, 13.550527 ], [ -89.168507, 13.550159 ], [ -89.168522, 13.550033 ], [ -89.168476, 13.549932 ], [ -89.168406, 13.549823 ], [ -89.168266, 13.549627 ], [ -89.16819, 13.549505 ], [ -89.16816, 13.54938 ], [ -89.168181, 13.549263 ], [ -89.168284, 13.548746 ], [ -89.168304, 13.548543 ], [ -89.168322, 13.548289 ], [ -89.168361, 13.548235 ], [ -89.168635, 13.548104 ], [ -89.16886, 13.547804 ], [ -89.169224, 13.547073 ], [ -89.169147, 13.546675 ], [ -89.169101, 13.546567 ], [ -89.168922, 13.54624 ], [ -89.168752, 13.545901 ], [ -89.168686, 13.545417 ], [ -89.168646, 13.545169 ], [ -89.168729, 13.544943 ], [ -89.168738, 13.544634 ], [ -89.168814, 13.544145 ], [ -89.168801, 13.54394 ], [ -89.168903, 13.543826 ], [ -89.169249, 13.543449 ], [ -89.169415, 13.543184 ], [ -89.169442, 13.543079 ], [ -89.169447, 13.543015 ], [ -89.169453, 13.542944 ], [ -89.169232, 13.54262 ], [ -89.169173, 13.542539 ], [ -89.169128, 13.542233 ], [ -89.169495, 13.541603 ], [ -89.169557, 13.541035 ], [ -89.169802, 13.540885 ], [ -89.170003, 13.540638 ], [ -89.169975, 13.540277 ], [ -89.169911, 13.540215 ], [ -89.169748, 13.539961 ], [ -89.169688, 13.539779 ], [ -89.16967, 13.539664 ], [ -89.169665, 13.53933 ], [ -89.169614, 13.538356 ], [ -89.169533, 13.538097 ], [ -89.169382, 13.537871 ], [ -89.169382, 13.537781 ], [ -89.169409, 13.537549 ], [ -89.169543, 13.537164 ], [ -89.169602, 13.536816 ], [ -89.169742, 13.536326 ], [ -89.16979, 13.536115 ], [ -89.169841, 13.535808 ], [ -89.169859, 13.535512 ], [ -89.16983, 13.535269 ], [ -89.169651, 13.534685 ], [ -89.169662, 13.53466 ], [ -89.169893, 13.534088 ], [ -89.169955, 13.533997 ], [ -89.170354, 13.533558 ], [ -89.170483, 13.533297 ], [ -89.17053, 13.533022 ], [ -89.17053, 13.532841 ], [ -89.170382, 13.532367 ], [ -89.170311, 13.532092 ], [ -89.170253, 13.531396 ], [ -89.170153, 13.530972 ], [ -89.170075, 13.530816 ], [ -89.169816, 13.530366 ], [ -89.169844, 13.530125 ], [ -89.170062, 13.529955 ], [ -89.170315, 13.529714 ], [ -89.170495, 13.529344 ], [ -89.170592, 13.529134 ], [ -89.170649, 13.528959 ], [ -89.170625, 13.528484 ], [ -89.170565, 13.528172 ], [ -89.170557, 13.527812 ], [ -89.170595, 13.527716 ], [ -89.170746, 13.527463 ], [ -89.171027, 13.527136 ], [ -89.171155, 13.526847 ], [ -89.17117, 13.526386 ], [ -89.171481, 13.525581 ], [ -89.171594, 13.525128 ], [ -89.1717, 13.524898 ], [ -89.171905, 13.52443 ], [ -89.172102, 13.524051 ], [ -89.172306, 13.523836 ], [ -89.172432, 13.523554 ], [ -89.172692, 13.522774 ], [ -89.172858, 13.52233 ], [ -89.172885, 13.522216 ], [ -89.172893, 13.521912 ], [ -89.17271, 13.52103 ], [ -89.173, 13.520317 ], [ -89.173121, 13.520058 ], [ -89.173233, 13.519629 ], [ -89.173205, 13.519199 ], [ -89.173133, 13.519063 ], [ -89.173027, 13.518963 ], [ -89.17281, 13.518714 ], [ -89.172748, 13.518584 ], [ -89.172729, 13.518012 ], [ -89.172663, 13.517555 ], [ -89.172144, 13.517121 ], [ -89.172038, 13.517009 ], [ -89.171984, 13.516887 ], [ -89.1719, 13.516475 ], [ -89.171904, 13.516306 ], [ -89.171939, 13.516119 ], [ -89.172086, 13.516015 ], [ -89.17228, 13.515915 ], [ -89.172422, 13.515781 ], [ -89.172639, 13.515491 ], [ -89.172674, 13.515404 ], [ -89.172661, 13.515227 ], [ -89.172559, 13.515053 ], [ -89.171996, 13.514421 ], [ -89.171787, 13.514146 ], [ -89.171716, 13.513981 ], [ -89.171654, 13.513604 ], [ -89.171579, 13.513246 ], [ -89.171578, 13.513112 ], [ -89.171623, 13.512964 ], [ -89.171662, 13.512717 ], [ -89.171667, 13.51244 ], [ -89.171622, 13.512258 ], [ -89.171604, 13.512078 ], [ -89.171564, 13.511896 ], [ -89.171524, 13.511453 ], [ -89.171539, 13.51126 ], [ -89.171601, 13.511288 ], [ -89.171666, 13.511453 ], [ -89.171717, 13.511859 ], [ -89.171784, 13.511989 ], [ -89.171865, 13.512091 ], [ -89.172089, 13.512258 ], [ -89.172462, 13.512517 ], [ -89.17274, 13.513083 ], [ -89.172994, 13.513472 ], [ -89.173233, 13.513666 ], [ -89.173635, 13.51384 ], [ -89.173989, 13.514044 ], [ -89.174314, 13.514401 ], [ -89.174345, 13.514523 ], [ -89.17434, 13.514959 ], [ -89.174297, 13.515314 ], [ -89.174168, 13.515869 ], [ -89.17417, 13.515959 ], [ -89.174224, 13.516029 ], [ -89.174547, 13.516347 ], [ -89.174636, 13.516507 ], [ -89.174697, 13.516729 ], [ -89.174712, 13.516884 ], [ -89.174718, 13.517078 ], [ -89.174703, 13.517265 ], [ -89.174499, 13.517751 ], [ -89.174484, 13.517829 ], [ -89.174482, 13.517876 ], [ -89.174543, 13.51803 ], [ -89.174635, 13.518192 ], [ -89.174723, 13.518408 ], [ -89.17481, 13.518522 ], [ -89.174927, 13.518811 ], [ -89.174942, 13.51903 ], [ -89.174978, 13.519288 ], [ -89.175165, 13.520311 ], [ -89.175223, 13.520568 ], [ -89.175289, 13.52078 ], [ -89.175333, 13.521325 ], [ -89.175483, 13.521951 ], [ -89.175616, 13.52288 ], [ -89.175667, 13.523039 ], [ -89.175708, 13.523253 ], [ -89.175804, 13.523385 ], [ -89.175893, 13.523415 ], [ -89.176033, 13.522755 ], [ -89.176091, 13.522543 ], [ -89.176233, 13.522246 ], [ -89.176289, 13.522204 ], [ -89.176363, 13.522216 ], [ -89.176434, 13.522508 ], [ -89.176554, 13.522769 ], [ -89.176717, 13.523105 ], [ -89.176776, 13.523292 ], [ -89.176982, 13.52387 ], [ -89.177534, 13.52451 ], [ -89.177829, 13.524904 ], [ -89.178084, 13.5253 ], [ -89.178104, 13.525494 ], [ -89.178171, 13.526081 ], [ -89.178412, 13.526179 ], [ -89.178628, 13.526502 ], [ -89.178785, 13.526676 ], [ -89.178931, 13.526991 ], [ -89.179112, 13.527435 ], [ -89.180354, 13.527564 ], [ -89.180362, 13.527554 ], [ -89.180371, 13.527544 ], [ -89.180581, 13.527597 ], [ -89.181151, 13.527749 ], [ -89.181609, 13.527817 ], [ -89.181791, 13.527851 ], [ -89.182224, 13.527898 ], [ -89.182496, 13.527916 ], [ -89.182771, 13.527974 ], [ -89.183102, 13.528027 ], [ -89.183181, 13.528039 ], [ -89.183713, 13.528139 ], [ -89.183999, 13.527839 ], [ -89.184094, 13.52761 ], [ -89.184189, 13.527381 ], [ -89.184296, 13.527156 ], [ -89.185359, 13.526823 ], [ -89.185374, 13.52684 ], [ -89.185658, 13.527249 ], [ -89.186042, 13.527705 ], [ -89.186068, 13.527733 ], [ -89.186524, 13.528208 ], [ -89.187078, 13.528787 ], [ -89.187388, 13.529111 ], [ -89.187827, 13.529608 ], [ -89.188157, 13.529954 ], [ -89.188421, 13.530168 ], [ -89.188676, 13.530622 ], [ -89.188719, 13.530938 ], [ -89.188672, 13.531203 ], [ -89.188341, 13.531537 ], [ -89.187654, 13.531933 ], [ -89.187246, 13.532435 ], [ -89.187192, 13.532658 ], [ -89.187296, 13.53287 ], [ -89.187373, 13.532984 ], [ -89.187767, 13.533432 ], [ -89.188056, 13.533621 ], [ -89.188282, 13.533837 ], [ -89.188356, 13.534219 ], [ -89.188082, 13.53476 ], [ -89.188021, 13.535027 ], [ -89.188227, 13.535599 ], [ -89.188468, 13.536026 ], [ -89.188473, 13.536439 ], [ -89.188428, 13.536629 ], [ -89.188174, 13.537019 ], [ -89.187791, 13.537461 ], [ -89.187118, 13.537891 ], [ -89.186515, 13.538385 ], [ -89.186398, 13.538688 ], [ -89.186085, 13.539567 ], [ -89.185982, 13.539976 ], [ -89.185994, 13.540705 ], [ -89.185854, 13.541545 ], [ -89.185366, 13.542531 ], [ -89.185252, 13.54294 ], [ -89.185421, 13.543706 ], [ -89.185471, 13.544134 ], [ -89.185426, 13.544278 ], [ -89.185391, 13.54464 ], [ -89.18533, 13.545181 ], [ -89.185318, 13.545525 ], [ -89.185309, 13.545754 ], [ -89.185306, 13.545857 ], [ -89.184916, 13.546238 ], [ -89.184524, 13.546733 ], [ -89.184515, 13.546834 ], [ -89.184601, 13.546972 ], [ -89.184402, 13.547074 ], [ -89.184373, 13.547086 ], [ -89.184031, 13.547309 ], [ -89.183728, 13.54761 ], [ -89.183505, 13.547977 ], [ -89.183361, 13.548274 ], [ -89.183327, 13.548377 ], [ -89.183315, 13.548701 ], [ -89.18318, 13.548951 ], [ -89.182937, 13.549084 ], [ -89.182578, 13.549327 ], [ -89.182283, 13.549585 ], [ -89.181746, 13.550227 ], [ -89.181586, 13.550758 ], [ -89.181455, 13.551268 ], [ -89.181208, 13.551745 ], [ -89.180619, 13.552306 ], [ -89.180404, 13.552557 ], [ -89.180328, 13.552775 ], [ -89.180153, 13.553053 ], [ -89.180034, 13.553237 ], [ -89.179895, 13.553764 ], [ -89.179787, 13.554049 ], [ -89.179572, 13.554401 ], [ -89.179429, 13.554762 ], [ -89.179187, 13.555323 ], [ -89.179046, 13.555522 ], [ -89.178933, 13.555671 ], [ -89.17882, 13.555851 ], [ -89.178847, 13.555951 ], [ -89.178873, 13.556003 ], [ -89.178817, 13.556078 ], [ -89.178497, 13.556555 ], [ -89.17819, 13.556753 ], [ -89.17773, 13.556823 ], [ -89.177567, 13.557085 ], [ -89.177478, 13.557288 ], [ -89.17736, 13.557652 ], [ -89.176996, 13.557929 ], [ -89.176596, 13.558293 ], [ -89.176099, 13.55889 ], [ -89.175711, 13.559115 ], [ -89.173068, 13.558423 ], [ -89.17254, 13.558359 ] ] ] } },
{ "type": "Feature", "properties": { "fid": 324, "CANTON": "AREA URBANA", "DISTRITO": "ROSARIO DE MORA" }, "geometry": { "type": "Polygon", "coordinates": [ [ [ -89.206423, 13.567396 ], [ -89.206182, 13.56712 ], [ -89.205961, 13.566938 ], [ -89.205899, 13.566849 ], [ -89.20598, 13.566711 ], [ -89.206049, 13.566631 ], [ -89.206055, 13.566536 ], [ -89.206049, 13.566497 ], [ -89.205983, 13.566211 ], [ -89.205996, 13.566071 ], [ -89.206064, 13.565998 ], [ -89.206107, 13.565979 ], [ -89.206199, 13.565951 ], [ -89.206717, 13.565798 ], [ -89.206518, 13.565299 ], [ -89.206457, 13.565056 ], [ -89.206335, 13.564829 ], [ -89.206518, 13.564597 ], [ -89.206632, 13.564541 ], [ -89.206777, 13.5645 ], [ -89.206914, 13.564448 ], [ -89.20704, 13.564168 ], [ -89.207078, 13.564019 ], [ -89.207176, 13.563388 ], [ -89.206544, 13.563076 ], [ -89.206083, 13.562638 ], [ -89.206524, 13.56227 ], [ -89.206949, 13.562062 ], [ -89.207171, 13.561975 ], [ -89.207479, 13.561949 ], [ -89.207715, 13.561787 ], [ -89.207862, 13.561494 ], [ -89.208034, 13.56111 ], [ -89.208167, 13.560974 ], [ -89.20841, 13.560856 ], [ -89.208596, 13.56082 ], [ -89.208624, 13.560852 ], [ -89.209217, 13.560919 ], [ -89.20933, 13.560557 ], [ -89.209556, 13.560113 ], [ -89.209582, 13.560013 ], [ -89.209726, 13.559446 ], [ -89.209737, 13.559435 ], [ -89.210018, 13.559138 ], [ -89.210094, 13.559057 ], [ -89.210462, 13.558391 ], [ -89.210575, 13.557613 ], [ -89.210574, 13.557002 ], [ -89.211254, 13.556335 ], [ -89.211482, 13.556946 ], [ -89.211823, 13.557334 ], [ -89.21239, 13.557084 ], [ -89.212454, 13.557004 ], [ -89.212559, 13.556899 ], [ -89.212724, 13.556816 ], [ -89.212762, 13.556855 ], [ -89.213098, 13.557082 ], [ -89.213124, 13.557214 ], [ -89.213096, 13.557304 ], [ -89.212948, 13.557391 ], [ -89.21277, 13.557516 ], [ -89.2127, 13.557686 ], [ -89.212661, 13.557808 ], [ -89.212551, 13.558271 ], [ -89.213269, 13.557728 ], [ -89.213548, 13.557482 ], [ -89.21428, 13.556431 ], [ -89.21445, 13.556085 ], [ -89.214675, 13.55537 ], [ -89.214724, 13.554954 ], [ -89.214638, 13.554251 ], [ -89.214506, 13.553506 ], [ -89.214359, 13.552934 ], [ -89.214378, 13.552736 ], [ -89.214466, 13.552141 ], [ -89.214509, 13.55162 ], [ -89.214465, 13.551141 ], [ -89.214545, 13.551125 ], [ -89.214839, 13.551073 ], [ -89.215126, 13.55114 ], [ -89.215486, 13.551219 ], [ -89.215743, 13.55126 ], [ -89.215891, 13.551271 ], [ -89.216408, 13.551254 ], [ -89.216826, 13.551242 ], [ -89.217697, 13.551392 ], [ -89.217902, 13.551431 ], [ -89.218585, 13.551487 ], [ -89.218824, 13.551515 ], [ -89.219056, 13.551642 ], [ -89.219401, 13.551912 ], [ -89.219517, 13.552081 ], [ -89.219593, 13.552272 ], [ -89.219634, 13.552336 ], [ -89.219706, 13.552352 ], [ -89.22032, 13.552434 ], [ -89.220784, 13.552459 ], [ -89.220968, 13.552538 ], [ -89.221171, 13.552696 ], [ -89.221442, 13.553013 ], [ -89.221578, 13.553088 ], [ -89.221569, 13.553099 ], [ -89.221862, 13.553259 ], [ -89.222145, 13.553523 ], [ -89.223176, 13.553858 ], [ -89.224535, 13.554301 ], [ -89.224666, 13.554343 ], [ -89.224669, 13.554625 ], [ -89.224669, 13.554845 ], [ -89.224635, 13.555058 ], [ -89.224565, 13.55521 ], [ -89.224416, 13.555477 ], [ -89.224277, 13.55586 ], [ -89.224143, 13.556258 ], [ -89.224047, 13.55661 ], [ -89.223935, 13.557006 ], [ -89.22386, 13.557161 ], [ -89.22378, 13.557261 ], [ -89.223702, 13.557305 ], [ -89.223533, 13.557355 ], [ -89.222862, 13.557539 ], [ -89.222486, 13.557655 ], [ -89.222363, 13.557694 ], [ -89.222163, 13.55789 ], [ -89.222029, 13.558066 ], [ -89.222026, 13.558182 ], [ -89.222096, 13.558507 ], [ -89.222142, 13.558761 ], [ -89.222145, 13.558968 ], [ -89.222097, 13.559191 ], [ -89.221971, 13.559576 ], [ -89.22191, 13.559789 ], [ -89.221822, 13.559915 ], [ -89.221672, 13.560047 ], [ -89.221402, 13.560303 ], [ -89.221241, 13.560505 ], [ -89.221182, 13.560671 ], [ -89.221163, 13.560871 ], [ -89.221177, 13.56122 ], [ -89.221172, 13.561412 ], [ -89.221145, 13.561613 ], [ -89.221154, 13.561792 ], [ -89.221178, 13.561865 ], [ -89.220969, 13.56178 ], [ -89.220968, 13.56178 ], [ -89.220798, 13.56176 ], [ -89.220021, 13.561877 ], [ -89.219738, 13.561988 ], [ -89.219475, 13.562154 ], [ -89.219268, 13.562486 ], [ -89.219279, 13.562536 ], [ -89.219315, 13.562708 ], [ -89.219137, 13.56315 ], [ -89.219099, 13.563183 ], [ -89.218986, 13.56328 ], [ -89.218509, 13.563491 ], [ -89.218403, 13.563538 ], [ -89.218196, 13.56364 ], [ -89.218051, 13.563935 ], [ -89.217968, 13.564055 ], [ -89.217915, 13.564202 ], [ -89.217906, 13.56445 ], [ -89.217896, 13.564812 ], [ -89.217741, 13.565155 ], [ -89.217655, 13.565277 ], [ -89.217542, 13.565416 ], [ -89.217347, 13.565645 ], [ -89.216943, 13.566058 ], [ -89.216697, 13.566661 ], [ -89.216481, 13.567003 ], [ -89.216061, 13.567426 ], [ -89.215938, 13.567687 ], [ -89.215784, 13.567938 ], [ -89.215548, 13.568089 ], [ -89.215199, 13.56822 ], [ -89.21485, 13.568351 ], [ -89.214768, 13.568426 ], [ -89.214511, 13.568788 ], [ -89.214275, 13.56908 ], [ -89.214091, 13.569261 ], [ -89.213875, 13.569412 ], [ -89.213546, 13.569483 ], [ -89.213372, 13.569553 ], [ -89.213286, 13.569615 ], [ -89.212974, 13.569843 ], [ -89.212728, 13.569948 ], [ -89.212661, 13.569975 ], [ -89.212379, 13.570245 ], [ -89.212231, 13.57038 ], [ -89.212184, 13.570472 ], [ -89.21207, 13.570694 ], [ -89.21205, 13.570773 ], [ -89.21199, 13.571211 ], [ -89.211802, 13.57159 ], [ -89.211751, 13.57159 ], [ -89.211711, 13.571553 ], [ -89.211482, 13.571488 ], [ -89.211357, 13.571495 ], [ -89.211223, 13.571556 ], [ -89.211075, 13.571668 ], [ -89.210971, 13.571865 ], [ -89.210921, 13.572043 ], [ -89.210897, 13.572184 ], [ -89.210911, 13.572276 ], [ -89.210968, 13.572369 ], [ -89.211146, 13.572466 ], [ -89.211231, 13.572552 ], [ -89.211244, 13.572693 ], [ -89.2111, 13.573134 ], [ -89.210972, 13.573434 ], [ -89.210929, 13.573729 ], [ -89.210704, 13.573982 ], [ -89.210492, 13.5742 ], [ -89.210391, 13.574236 ], [ -89.210257, 13.574213 ], [ -89.210156, 13.574144 ], [ -89.210041, 13.574029 ], [ -89.209873, 13.573999 ], [ -89.209735, 13.574049 ], [ -89.209722, 13.574203 ], [ -89.209756, 13.57439 ], [ -89.209857, 13.574555 ], [ -89.209928, 13.574736 ], [ -89.209928, 13.574747 ], [ -89.209928, 13.574838 ], [ -89.209851, 13.575085 ], [ -89.209747, 13.575367 ], [ -89.209767, 13.575492 ], [ -89.209858, 13.575591 ], [ -89.209864, 13.575592 ], [ -89.209802, 13.575682 ], [ -89.209123, 13.576682 ], [ -89.208442, 13.57685 ], [ -89.208216, 13.577294 ], [ -89.207875, 13.577239 ], [ -89.207054, 13.578545 ], [ -89.206664, 13.579294 ], [ -89.206403, 13.579795 ], [ -89.20387, 13.582138 ], [ -89.203846, 13.582161 ], [ -89.203587, 13.58219 ], [ -89.203358, 13.582243 ], [ -89.202957, 13.582653 ], [ -89.202782, 13.582645 ], [ -89.202699, 13.582664 ], [ -89.202563, 13.582659 ], [ -89.202464, 13.582578 ], [ -89.202452, 13.582548 ], [ -89.202392, 13.582328 ], [ -89.202335, 13.582196 ], [ -89.202228, 13.582094 ], [ -89.201834, 13.581911 ], [ -89.20174, 13.581885 ], [ -89.201657, 13.581905 ], [ -89.201111, 13.582109 ], [ -89.200986, 13.582125 ], [ -89.200787, 13.582155 ], [ -89.200589, 13.582185 ], [ -89.200348, 13.582275 ], [ -89.200187, 13.582316 ], [ -89.200093, 13.582294 ], [ -89.199988, 13.582358 ], [ -89.199818, 13.58234 ], [ -89.199457, 13.58227 ], [ -89.199214, 13.582174 ], [ -89.198969, 13.582142 ], [ -89.198778, 13.582145 ], [ -89.198346, 13.582232 ], [ -89.198179, 13.582279 ], [ -89.197997, 13.582355 ], [ -89.197866, 13.582421 ], [ -89.197793, 13.582401 ], [ -89.197774, 13.582396 ], [ -89.197675, 13.582061 ], [ -89.197661, 13.581978 ], [ -89.197621, 13.581738 ], [ -89.197482, 13.581427 ], [ -89.197326, 13.580914 ], [ -89.197011, 13.580403 ], [ -89.196852, 13.580247 ], [ -89.19684, 13.580203 ], [ -89.196848, 13.58 ], [ -89.196862, 13.579754 ], [ -89.196885, 13.579676 ], [ -89.197009, 13.579349 ], [ -89.197069, 13.579234 ], [ -89.197208, 13.579074 ], [ -89.197438, 13.578937 ], [ -89.197495, 13.578884 ], [ -89.197495, 13.578783 ], [ -89.197448, 13.578665 ], [ -89.197299, 13.578463 ], [ -89.197208, 13.57833 ], [ -89.19712, 13.578171 ], [ -89.197072, 13.577922 ], [ -89.197054, 13.577688 ], [ -89.197015, 13.5775 ], [ -89.196967, 13.577429 ], [ -89.196852, 13.577329 ], [ -89.196633, 13.577232 ], [ -89.196501, 13.577162 ], [ -89.196404, 13.577101 ], [ -89.196373, 13.577037 ], [ -89.196331, 13.576877 ], [ -89.196319, 13.576731 ], [ -89.196327, 13.576671 ], [ -89.19641, 13.576135 ], [ -89.19643, 13.576003 ], [ -89.196641, 13.575477 ], [ -89.196725, 13.575243 ], [ -89.196737, 13.574912 ], [ -89.196787, 13.574692 ], [ -89.196893, 13.574376 ], [ -89.196907, 13.574327 ], [ -89.196929, 13.574332 ], [ -89.197315, 13.574423 ], [ -89.197503, 13.574532 ], [ -89.197834, 13.57478 ], [ -89.197952, 13.574908 ], [ -89.198092, 13.574847 ], [ -89.198109, 13.574839 ], [ -89.198324, 13.575002 ], [ -89.198524, 13.575111 ], [ -89.198714, 13.57526 ], [ -89.198902, 13.575315 ], [ -89.199012, 13.575442 ], [ -89.199075, 13.575533 ], [ -89.199243, 13.575522 ], [ -89.199344, 13.575494 ], [ -89.199495, 13.575387 ], [ -89.199524, 13.575513 ], [ -89.199616, 13.575627 ], [ -89.199731, 13.575699 ], [ -89.199857, 13.575694 ], [ -89.199887, 13.575696 ], [ -89.199909, 13.575697 ], [ -89.200021, 13.575617 ], [ -89.200215, 13.575594 ], [ -89.200339, 13.575573 ], [ -89.200436, 13.575553 ], [ -89.200508, 13.575515 ], [ -89.200542, 13.575523 ], [ -89.20058, 13.575541 ], [ -89.200701, 13.575635 ], [ -89.200724, 13.575631 ], [ -89.200785, 13.575592 ], [ -89.20085, 13.575491 ], [ -89.200913, 13.575436 ], [ -89.200968, 13.575397 ], [ -89.201004, 13.575351 ], [ -89.201071, 13.575319 ], [ -89.201154, 13.5753 ], [ -89.201281, 13.575307 ], [ -89.201363, 13.575305 ], [ -89.201417, 13.575257 ], [ -89.201486, 13.575233 ], [ -89.201609, 13.575168 ], [ -89.201697, 13.575211 ], [ -89.201739, 13.575317 ], [ -89.201973, 13.57546 ], [ -89.202089, 13.575529 ], [ -89.202143, 13.575573 ], [ -89.202179, 13.575605 ], [ -89.202288, 13.575763 ], [ -89.202461, 13.5758 ], [ -89.202626, 13.575868 ], [ -89.202724, 13.575747 ], [ -89.203034, 13.575741 ], [ -89.203373, 13.575821 ], [ -89.203417, 13.575853 ], [ -89.203438, 13.575843 ], [ -89.203482, 13.575823 ], [ -89.203499, 13.575799 ], [ -89.203491, 13.575769 ], [ -89.203359, 13.575601 ], [ -89.203349, 13.575571 ], [ -89.20336, 13.57554 ], [ -89.203418, 13.57548 ], [ -89.203555, 13.575388 ], [ -89.203599, 13.575336 ], [ -89.203618, 13.575278 ], [ -89.203596, 13.575209 ], [ -89.203557, 13.575154 ], [ -89.2034, 13.575013 ], [ -89.20338, 13.574979 ], [ -89.203393, 13.574909 ], [ -89.203423, 13.57484 ], [ -89.203458, 13.574764 ], [ -89.203468, 13.574723 ], [ -89.203461, 13.574645 ], [ -89.203452, 13.574571 ], [ -89.203442, 13.574451 ], [ -89.203422, 13.574267 ], [ -89.203407, 13.574217 ], [ -89.203538, 13.573894 ], [ -89.203676, 13.573561 ], [ -89.20358, 13.573178 ], [ -89.203565, 13.573158 ], [ -89.203793, 13.57304 ], [ -89.203803, 13.572818 ], [ -89.203738, 13.572639 ], [ -89.203793, 13.57248 ], [ -89.203825, 13.572321 ], [ -89.203841, 13.572089 ], [ -89.203994, 13.571854 ], [ -89.204088, 13.571755 ], [ -89.204179, 13.571739 ], [ -89.204365, 13.571751 ], [ -89.204267, 13.571518 ], [ -89.204293, 13.57148 ], [ -89.204348, 13.571277 ], [ -89.204257, 13.571089 ], [ -89.204266, 13.570974 ], [ -89.204289, 13.570861 ], [ -89.204322, 13.570785 ], [ -89.204455, 13.570638 ], [ -89.20453, 13.570501 ], [ -89.204588, 13.570278 ], [ -89.204705, 13.570141 ], [ -89.204916, 13.570116 ], [ -89.205095, 13.570078 ], [ -89.205264, 13.570087 ], [ -89.205489, 13.570147 ], [ -89.205658, 13.570169 ], [ -89.205827, 13.570113 ], [ -89.205882, 13.570037 ], [ -89.205951, 13.569973 ], [ -89.206022, 13.569954 ], [ -89.206143, 13.569976 ], [ -89.206191, 13.569884 ], [ -89.206295, 13.569823 ], [ -89.206387, 13.569772 ], [ -89.206435, 13.569709 ], [ -89.206464, 13.569616 ], [ -89.206516, 13.569444 ], [ -89.206575, 13.569234 ], [ -89.20661, 13.56918 ], [ -89.206705, 13.569075 ], [ -89.20676, 13.569009 ], [ -89.206773, 13.568923 ], [ -89.206766, 13.56864 ], [ -89.206766, 13.568595 ], [ -89.206711, 13.568551 ], [ -89.206594, 13.568557 ], [ -89.206486, 13.568481 ], [ -89.206314, 13.568353 ], [ -89.206226, 13.568273 ], [ -89.206226, 13.568066 ], [ -89.206206, 13.567758 ], [ -89.206355, 13.567559 ], [ -89.206423, 13.567396 ] ] ] } },
{ "type": "Feature", "properties": { "fid": 325, "CANTON": "LOS PALONES", "DISTRITO": "PANCHIMALCO" }, "geometry": { "type": "Polygon", "coordinates": [ [ [ -89.182979, 13.616796 ], [ -89.18281, 13.616566 ], [ -89.182614, 13.61643 ], [ -89.182405, 13.616319 ], [ -89.182288, 13.616287 ], [ -89.181987, 13.616014 ], [ -89.181844, 13.615835 ], [ -89.181738, 13.615628 ], [ -89.181644, 13.615301 ], [ -89.181596, 13.615042 ], [ -89.181549, 13.614766 ], [ -89.181514, 13.61472 ], [ -89.181496, 13.614563 ], [ -89.181546, 13.61449 ], [ -89.181605, 13.614405 ], [ -89.181602, 13.614254 ], [ -89.181644, 13.614047 ], [ -89.18148, 13.613502 ], [ -89.181404, 13.612742 ], [ -89.181373, 13.612087 ], [ -89.181214, 13.611798 ], [ -89.181179, 13.611768 ], [ -89.181183, 13.611514 ], [ -89.181211, 13.611437 ], [ -89.181261, 13.611317 ], [ -89.181279, 13.611183 ], [ -89.181239, 13.61103 ], [ -89.181225, 13.610834 ], [ -89.181193, 13.610677 ], [ -89.181181, 13.610547 ], [ -89.181062, 13.610133 ], [ -89.181059, 13.609955 ], [ -89.181117, 13.609693 ], [ -89.181099, 13.609646 ], [ -89.181164, 13.609466 ], [ -89.181191, 13.609264 ], [ -89.181147, 13.609034 ], [ -89.181124, 13.608718 ], [ -89.181136, 13.608674 ], [ -89.181168, 13.608633 ], [ -89.181594, 13.608626 ], [ -89.181615, 13.608577 ], [ -89.181912, 13.608583 ], [ -89.182241, 13.608567 ], [ -89.182752, 13.608218 ], [ -89.182914, 13.608171 ], [ -89.183071, 13.60816 ], [ -89.183236, 13.608127 ], [ -89.183474, 13.608269 ], [ -89.183696, 13.608427 ], [ -89.183851, 13.608501 ], [ -89.184099, 13.608462 ], [ -89.184422, 13.608578 ], [ -89.184616, 13.608702 ], [ -89.184871, 13.609127 ], [ -89.184961, 13.609283 ], [ -89.185011, 13.609316 ], [ -89.185158, 13.609305 ], [ -89.185553, 13.609275 ], [ -89.185577, 13.609271 ], [ -89.185649, 13.609314 ], [ -89.185712, 13.609368 ], [ -89.185755, 13.609421 ], [ -89.185838, 13.609517 ], [ -89.185919, 13.609482 ], [ -89.186034, 13.609468 ], [ -89.186148, 13.609488 ], [ -89.186264, 13.609561 ], [ -89.186558, 13.609731 ], [ -89.186662, 13.609653 ], [ -89.186823, 13.609674 ], [ -89.186918, 13.609658 ], [ -89.187179, 13.609589 ], [ -89.187433, 13.609534 ], [ -89.187642, 13.609506 ], [ -89.18792, 13.609522 ], [ -89.188266, 13.609669 ], [ -89.18842, 13.609907 ], [ -89.18849, 13.610023 ], [ -89.188565, 13.610128 ], [ -89.188591, 13.610151 ], [ -89.188696, 13.61019 ], [ -89.189007, 13.610135 ], [ -89.189183, 13.610104 ], [ -89.18924, 13.610104 ], [ -89.189325, 13.610129 ], [ -89.189405, 13.610174 ], [ -89.189505, 13.610228 ], [ -89.189612, 13.61029 ], [ -89.189837, 13.610537 ], [ -89.190055, 13.610667 ], [ -89.190156, 13.610619 ], [ -89.190179, 13.610595 ], [ -89.190211, 13.610458 ], [ -89.190306, 13.610282 ], [ -89.190447, 13.610299 ], [ -89.190631, 13.610448 ], [ -89.190807, 13.61042 ], [ -89.190979, 13.610405 ], [ -89.191188, 13.610753 ], [ -89.191226, 13.611052 ], [ -89.191335, 13.61134 ], [ -89.191512, 13.611457 ], [ -89.191637, 13.611443 ], [ -89.191767, 13.611048 ], [ -89.191893, 13.611163 ], [ -89.191951, 13.611346 ], [ -89.192042, 13.611356 ], [ -89.192097, 13.611319 ], [ -89.19212, 13.61121 ], [ -89.192244, 13.61104 ], [ -89.192308, 13.61093 ], [ -89.192394, 13.610821 ], [ -89.192962, 13.610591 ], [ -89.193032, 13.61055 ], [ -89.193753, 13.610651 ], [ -89.193755, 13.610798 ], [ -89.193732, 13.610899 ], [ -89.193595, 13.611051 ], [ -89.193468, 13.611247 ], [ -89.193225, 13.611589 ], [ -89.193252, 13.611618 ], [ -89.193351, 13.611632 ], [ -89.193407, 13.611553 ], [ -89.193562, 13.61134 ], [ -89.193703, 13.611153 ], [ -89.193802, 13.611053 ], [ -89.193882, 13.611001 ], [ -89.193966, 13.610941 ], [ -89.194011, 13.610922 ], [ -89.194056, 13.610926 ], [ -89.194091, 13.610956 ], [ -89.194192, 13.611083 ], [ -89.194258, 13.611144 ], [ -89.194337, 13.611207 ], [ -89.194453, 13.611269 ], [ -89.194732, 13.611388 ], [ -89.19477, 13.611468 ], [ -89.194807, 13.611615 ], [ -89.194852, 13.611669 ], [ -89.194969, 13.611683 ], [ -89.195036, 13.611608 ], [ -89.195091, 13.611518 ], [ -89.195171, 13.611405 ], [ -89.195266, 13.611329 ], [ -89.195426, 13.611226 ], [ -89.195486, 13.611199 ], [ -89.195533, 13.611199 ], [ -89.195556, 13.611229 ], [ -89.195558, 13.611273 ], [ -89.195526, 13.61131 ], [ -89.195411, 13.611369 ], [ -89.195311, 13.611428 ], [ -89.195215, 13.611593 ], [ -89.195175, 13.611753 ], [ -89.195139, 13.611931 ], [ -89.195078, 13.611982 ], [ -89.194893, 13.611962 ], [ -89.194762, 13.611922 ], [ -89.194621, 13.611851 ], [ -89.194495, 13.611799 ], [ -89.194316, 13.611799 ], [ -89.194179, 13.61185 ], [ -89.194135, 13.611892 ], [ -89.194027, 13.612034 ], [ -89.194008, 13.612142 ], [ -89.194005, 13.612283 ], [ -89.194029, 13.612367 ], [ -89.194106, 13.612448 ], [ -89.194246, 13.61255 ], [ -89.19433, 13.612622 ], [ -89.194398, 13.612805 ], [ -89.194461, 13.613163 ], [ -89.194577, 13.613458 ], [ -89.194623, 13.61357 ], [ -89.19478, 13.613752 ], [ -89.194924, 13.614042 ], [ -89.195156, 13.614236 ], [ -89.195197, 13.614291 ], [ -89.195315, 13.614583 ], [ -89.195437, 13.61479 ], [ -89.195603, 13.615033 ], [ -89.19575, 13.61522 ], [ -89.195818, 13.615329 ], [ -89.195931, 13.615504 ], [ -89.19606, 13.615769 ], [ -89.196163, 13.615927 ], [ -89.196189, 13.616073 ], [ -89.196076, 13.616254 ], [ -89.19601, 13.616372 ], [ -89.19598, 13.616434 ], [ -89.195951, 13.616523 ], [ -89.195864, 13.616714 ], [ -89.195758, 13.616808 ], [ -89.195658, 13.616885 ], [ -89.19558, 13.616898 ], [ -89.195418, 13.616889 ], [ -89.195289, 13.616898 ], [ -89.195178, 13.616906 ], [ -89.194875, 13.61705 ], [ -89.19482, 13.617084 ], [ -89.194518, 13.617262 ], [ -89.194443, 13.617305 ], [ -89.194061, 13.617461 ], [ -89.193974, 13.617545 ], [ -89.193942, 13.617587 ], [ -89.193935, 13.617633 ], [ -89.193938, 13.617771 ], [ -89.193954, 13.617874 ], [ -89.194025, 13.618137 ], [ -89.194059, 13.618176 ], [ -89.193848, 13.618486 ], [ -89.193722, 13.618629 ], [ -89.193616, 13.61874 ], [ -89.193391, 13.618942 ], [ -89.193268, 13.619033 ], [ -89.193024, 13.619198 ], [ -89.19283, 13.619329 ], [ -89.192698, 13.619457 ], [ -89.192626, 13.619534 ], [ -89.192574, 13.619635 ], [ -89.192538, 13.619717 ], [ -89.192467, 13.619963 ], [ -89.192454, 13.620021 ], [ -89.19247, 13.620073 ], [ -89.192504, 13.620132 ], [ -89.192663, 13.620321 ], [ -89.19273, 13.620415 ], [ -89.192742, 13.620468 ], [ -89.192737, 13.620516 ], [ -89.192705, 13.620558 ], [ -89.192652, 13.620606 ], [ -89.192551, 13.620668 ], [ -89.192386, 13.620829 ], [ -89.192302, 13.620977 ], [ -89.192229, 13.621168 ], [ -89.192226, 13.621225 ], [ -89.192264, 13.621317 ], [ -89.192366, 13.621466 ], [ -89.192436, 13.621592 ], [ -89.192464, 13.621691 ], [ -89.192506, 13.621838 ], [ -89.19252, 13.62191 ], [ -89.19251, 13.621964 ], [ -89.192459, 13.622038 ], [ -89.192391, 13.622106 ], [ -89.19228, 13.622208 ], [ -89.192149, 13.622335 ], [ -89.192081, 13.622447 ], [ -89.192053, 13.622529 ], [ -89.192, 13.622759 ], [ -89.191972, 13.622844 ], [ -89.191897, 13.622919 ], [ -89.191833, 13.622951 ], [ -89.191734, 13.62297 ], [ -89.191646, 13.622953 ], [ -89.191155, 13.622646 ], [ -89.191041, 13.622585 ], [ -89.190942, 13.622545 ], [ -89.190839, 13.622552 ], [ -89.190759, 13.622596 ], [ -89.190631, 13.622697 ], [ -89.190495, 13.622836 ], [ -89.190271, 13.623118 ], [ -89.190202, 13.623227 ], [ -89.190096, 13.623476 ], [ -89.190071, 13.623621 ], [ -89.190064, 13.623884 ], [ -89.190083, 13.624129 ], [ -89.190116, 13.624392 ], [ -89.190138, 13.62457 ], [ -89.190171, 13.624731 ], [ -89.190244, 13.624912 ], [ -89.190318, 13.625029 ], [ -89.190445, 13.625207 ], [ -89.190559, 13.625345 ], [ -89.190643, 13.625503 ], [ -89.19067, 13.62559 ], [ -89.190662, 13.625662 ], [ -89.190562, 13.625756 ], [ -89.190439, 13.625798 ], [ -89.190157, 13.625877 ], [ -89.189907, 13.625954 ], [ -89.189713, 13.626059 ], [ -89.189448, 13.62621 ], [ -89.18933, 13.626296 ], [ -89.189265, 13.626361 ], [ -89.189226, 13.626439 ], [ -89.189206, 13.626547 ], [ -89.189217, 13.626636 ], [ -89.189286, 13.626774 ], [ -89.189374, 13.626845 ], [ -89.189578, 13.626942 ], [ -89.189675, 13.626995 ], [ -89.189825, 13.627102 ], [ -89.189916, 13.627168 ], [ -89.18998, 13.627223 ], [ -89.190087, 13.627331 ], [ -89.190302, 13.627549 ], [ -89.190477, 13.627723 ], [ -89.190536, 13.627824 ], [ -89.190541, 13.627974 ], [ -89.19048, 13.62814 ], [ -89.190382, 13.62824 ], [ -89.190229, 13.628356 ], [ -89.190062, 13.628452 ], [ -89.189978, 13.628514 ], [ -89.18987, 13.628618 ], [ -89.18979, 13.628765 ], [ -89.18977, 13.628816 ], [ -89.189766, 13.628906 ], [ -89.189802, 13.629161 ], [ -89.189813, 13.629343 ], [ -89.189811, 13.629499 ], [ -89.1898, 13.629647 ], [ -89.189783, 13.629786 ], [ -89.189774, 13.629851 ], [ -89.189759, 13.629955 ], [ -89.18974, 13.630009 ], [ -89.189711, 13.630087 ], [ -89.189665, 13.630175 ], [ -89.189627, 13.630216 ], [ -89.189596, 13.630248 ], [ -89.189556, 13.630274 ], [ -89.189509, 13.630295 ], [ -89.189463, 13.630311 ], [ -89.189402, 13.630322 ], [ -89.189264, 13.63036 ], [ -89.189175, 13.630387 ], [ -89.189103, 13.630422 ], [ -89.189059, 13.630456 ], [ -89.189007, 13.630522 ], [ -89.188973, 13.630605 ], [ -89.188955, 13.630677 ], [ -89.188955, 13.630745 ], [ -89.188968, 13.63083 ], [ -89.189018, 13.630942 ], [ -89.189204, 13.631314 ], [ -89.189269, 13.631402 ], [ -89.189344, 13.631505 ], [ -89.189329, 13.63156 ], [ -89.18931, 13.631601 ], [ -89.189239, 13.631579 ], [ -89.189031, 13.631511 ], [ -89.188379, 13.631318 ], [ -89.18838, 13.631423 ], [ -89.188317, 13.631417 ], [ -89.188313, 13.631412 ], [ -89.187183, 13.629811 ], [ -89.185631, 13.629205 ], [ -89.184958, 13.629458 ], [ -89.183914, 13.62968 ], [ -89.182587, 13.62935 ], [ -89.181062, 13.627914 ], [ -89.180102, 13.627584 ], [ -89.179312, 13.627584 ], [ -89.179249, 13.627349 ], [ -89.179249, 13.627355 ], [ -89.179234, 13.627451 ], [ -89.179214, 13.627533 ], [ -89.179191, 13.627595 ], [ -89.179142, 13.627566 ], [ -89.179069, 13.627507 ], [ -89.179011, 13.627443 ], [ -89.178916, 13.627339 ], [ -89.178871, 13.627299 ], [ -89.178751, 13.627213 ], [ -89.178561, 13.6271 ], [ -89.178408, 13.627023 ], [ -89.17829, 13.626968 ], [ -89.178186, 13.626953 ], [ -89.178209, 13.627065 ], [ -89.178296, 13.627263 ], [ -89.178327, 13.627345 ], [ -89.17839, 13.62748 ], [ -89.178514, 13.627645 ], [ -89.178547, 13.627706 ], [ -89.178608, 13.627806 ], [ -89.178641, 13.627865 ], [ -89.178638, 13.627899 ], [ -89.178577, 13.627966 ], [ -89.178498, 13.628036 ], [ -89.178524, 13.628084 ], [ -89.178519, 13.628116 ], [ -89.178511, 13.628131 ], [ -89.178495, 13.628159 ], [ -89.178375, 13.628273 ], [ -89.178206, 13.628459 ], [ -89.178139, 13.628543 ], [ -89.178087, 13.628657 ], [ -89.17808, 13.628762 ], [ -89.178125, 13.629139 ], [ -89.178132, 13.62923 ], [ -89.178122, 13.629298 ], [ -89.178104, 13.629346 ], [ -89.178086, 13.629392 ], [ -89.178036, 13.629447 ], [ -89.177872, 13.629538 ], [ -89.177785, 13.629623 ], [ -89.177634, 13.629979 ], [ -89.177469, 13.630348 ], [ -89.177288, 13.6307 ], [ -89.177211, 13.630751 ], [ -89.177184, 13.630854 ], [ -89.177157, 13.631211 ], [ -89.177138, 13.631293 ], [ -89.177111, 13.631395 ], [ -89.177069, 13.6315 ], [ -89.176999, 13.631716 ], [ -89.176987, 13.631834 ], [ -89.17702, 13.631986 ], [ -89.177052, 13.632222 ], [ -89.17712, 13.632689 ], [ -89.17716, 13.632895 ], [ -89.177191, 13.633061 ], [ -89.177231, 13.633438 ], [ -89.177264, 13.633589 ], [ -89.177151, 13.633615 ], [ -89.177094, 13.633641 ], [ -89.177076, 13.633664 ], [ -89.177024, 13.63395 ], [ -89.17705, 13.634117 ], [ -89.177107, 13.634383 ], [ -89.177114, 13.634465 ], [ -89.177093, 13.634533 ], [ -89.177084, 13.634562 ], [ -89.177053, 13.634608 ], [ -89.177022, 13.634638 ], [ -89.176981, 13.634651 ], [ -89.176623, 13.6345 ], [ -89.176566, 13.634437 ], [ -89.17643, 13.634165 ], [ -89.176382, 13.634111 ], [ -89.17635, 13.634109 ], [ -89.17627, 13.634119 ], [ -89.176191, 13.634152 ], [ -89.176169, 13.634181 ], [ -89.176023, 13.634527 ], [ -89.175902, 13.634866 ], [ -89.175699, 13.635364 ], [ -89.175718, 13.635478 ], [ -89.17574, 13.635534 ], [ -89.175755, 13.635614 ], [ -89.175696, 13.635828 ], [ -89.175666, 13.635913 ], [ -89.175438, 13.635715 ], [ -89.175255, 13.635601 ], [ -89.174666, 13.63524 ], [ -89.174271, 13.635052 ], [ -89.17375, 13.634818 ], [ -89.173465, 13.63469 ], [ -89.173037, 13.634482 ], [ -89.172832, 13.634401 ], [ -89.172691, 13.634449 ], [ -89.172412, 13.634469 ], [ -89.17235, 13.63449 ], [ -89.172012, 13.634608 ], [ -89.171947, 13.634577 ], [ -89.17187, 13.634527 ], [ -89.171772, 13.63442 ], [ -89.171675, 13.634303 ], [ -89.1716, 13.634199 ], [ -89.171555, 13.634138 ], [ -89.171451, 13.63395 ], [ -89.171364, 13.633843 ], [ -89.171333, 13.633793 ], [ -89.171278, 13.633761 ], [ -89.171221, 13.63374 ], [ -89.171107, 13.633704 ], [ -89.170851, 13.633659 ], [ -89.170481, 13.633587 ], [ -89.170165, 13.633534 ], [ -89.169965, 13.633473 ], [ -89.169829, 13.63343 ], [ -89.169635, 13.63338 ], [ -89.169465, 13.633335 ], [ -89.169325, 13.633297 ], [ -89.169224, 13.633251 ], [ -89.169108, 13.633184 ], [ -89.168979, 13.633083 ], [ -89.168893, 13.632987 ], [ -89.168789, 13.632936 ], [ -89.16869, 13.63289 ], [ -89.168587, 13.632851 ], [ -89.168451, 13.632783 ], [ -89.168348, 13.632733 ], [ -89.168188, 13.632659 ], [ -89.168042, 13.632568 ], [ -89.167865, 13.632453 ], [ -89.167722, 13.632354 ], [ -89.167695, 13.632367 ], [ -89.167663, 13.632373 ], [ -89.167632, 13.632371 ], [ -89.167435, 13.632346 ], [ -89.16735, 13.632339 ], [ -89.167302, 13.632345 ], [ -89.167251, 13.632362 ], [ -89.167152, 13.632419 ], [ -89.167063, 13.632485 ], [ -89.166944, 13.632595 ], [ -89.166901, 13.632639 ], [ -89.166913, 13.63258 ], [ -89.166839, 13.632308 ], [ -89.166777, 13.632077 ], [ -89.166677, 13.631708 ], [ -89.166638, 13.631566 ], [ -89.166597, 13.631415 ], [ -89.166533, 13.63118 ], [ -89.166508, 13.631134 ], [ -89.166473, 13.631072 ], [ -89.166421, 13.630977 ], [ -89.166437, 13.630903 ], [ -89.166467, 13.630767 ], [ -89.16651, 13.630567 ], [ -89.16651, 13.630565 ], [ -89.166512, 13.630558 ], [ -89.166514, 13.630549 ], [ -89.166513, 13.630548 ], [ -89.166512, 13.630543 ], [ -89.166511, 13.630536 ], [ -89.166507, 13.630529 ], [ -89.166473, 13.630473 ], [ -89.166426, 13.630396 ], [ -89.166426, 13.630395 ], [ -89.166444, 13.630319 ], [ -89.166467, 13.630222 ], [ -89.166469, 13.630215 ], [ -89.16648, 13.630116 ], [ -89.166494, 13.629992 ], [ -89.166496, 13.629972 ], [ -89.166486, 13.629875 ], [ -89.166474, 13.629752 ], [ -89.16647, 13.62972 ], [ -89.166463, 13.629693 ], [ -89.166453, 13.629658 ], [ -89.16645, 13.629646 ], [ -89.166445, 13.629629 ], [ -89.166439, 13.629608 ], [ -89.166436, 13.629597 ], [ -89.166432, 13.629581 ], [ -89.166426, 13.62956 ], [ -89.166422, 13.629546 ], [ -89.166418, 13.629541 ], [ -89.166415, 13.629537 ], [ -89.166413, 13.629533 ], [ -89.166409, 13.629527 ], [ -89.166377, 13.629482 ], [ -89.166335, 13.629421 ], [ -89.166296, 13.629365 ], [ -89.166262, 13.629376 ], [ -89.166215, 13.62939 ], [ -89.166164, 13.629406 ], [ -89.16602, 13.629419 ], [ -89.16582, 13.629436 ], [ -89.165556, 13.629459 ], [ -89.165478, 13.629472 ], [ -89.165368, 13.629491 ], [ -89.165195, 13.62952 ], [ -89.165174, 13.629524 ], [ -89.165143, 13.629529 ], [ -89.165085, 13.629539 ], [ -89.165069, 13.629547 ], [ -89.165044, 13.629559 ], [ -89.16499, 13.629585 ], [ -89.164955, 13.629588 ], [ -89.1649, 13.629594 ], [ -89.16476, 13.629607 ], [ -89.16473, 13.629606 ], [ -89.164682, 13.629605 ], [ -89.164535, 13.629601 ], [ -89.164555, 13.62962 ], [ -89.164589, 13.629653 ], [ -89.164713, 13.629775 ], [ -89.164722, 13.629792 ], [ -89.164739, 13.629825 ], [ -89.164814, 13.629967 ], [ -89.164811, 13.629973 ], [ -89.164805, 13.629986 ], [ -89.164774, 13.630057 ], [ -89.164759, 13.63006 ], [ -89.164721, 13.630066 ], [ -89.164464, 13.630106 ], [ -89.164465, 13.630108 ], [ -89.164472, 13.630118 ], [ -89.164527, 13.630195 ], [ -89.164524, 13.630197 ], [ -89.164477, 13.630228 ], [ -89.163938, 13.630584 ], [ -89.163928, 13.630591 ], [ -89.163915, 13.630576 ], [ -89.163614, 13.630228 ], [ -89.163603, 13.630216 ], [ -89.163602, 13.630214 ], [ -89.163478, 13.630093 ], [ -89.163476, 13.630091 ], [ -89.16347, 13.630085 ], [ -89.163603, 13.630004 ], [ -89.163605, 13.630003 ], [ -89.163617, 13.629996 ], [ -89.164088, 13.629703 ], [ -89.164107, 13.629691 ], [ -89.164162, 13.629657 ], [ -89.164283, 13.629514 ], [ -89.164292, 13.629504 ], [ -89.16431, 13.629483 ], [ -89.164535, 13.629081 ], [ -89.164558, 13.629039 ], [ -89.164599, 13.628965 ], [ -89.164509, 13.628899 ], [ -89.164496, 13.62889 ], [ -89.164476, 13.628875 ], [ -89.164154, 13.628697 ], [ -89.164095, 13.628665 ], [ -89.164009, 13.628617 ], [ -89.163761, 13.628475 ], [ -89.163704, 13.628442 ], [ -89.163624, 13.628397 ], [ -89.163514, 13.628334 ], [ -89.163483, 13.628316 ], [ -89.163441, 13.628293 ], [ -89.163228, 13.628181 ], [ -89.163154, 13.628142 ], [ -89.163058, 13.628092 ], [ -89.162982, 13.628077 ], [ -89.16295, 13.628071 ], [ -89.16291, 13.628063 ], [ -89.162824, 13.628056 ], [ -89.16278, 13.628052 ], [ -89.162726, 13.628047 ], [ -89.16249, 13.628072 ], [ -89.162343, 13.628087 ], [ -89.162169, 13.628105 ], [ -89.162087, 13.628136 ], [ -89.162027, 13.628159 ], [ -89.161955, 13.628186 ], [ -89.161879, 13.628247 ], [ -89.161809, 13.628303 ], [ -89.161729, 13.628368 ], [ -89.161658, 13.628284 ], [ -89.161579, 13.62819 ], [ -89.161488, 13.628083 ], [ -89.16147, 13.627986 ], [ -89.161443, 13.627848 ], [ -89.161414, 13.627694 ], [ -89.161426, 13.627636 ], [ -89.161448, 13.62753 ], [ -89.161472, 13.627413 ], [ -89.16147, 13.627382 ], [ -89.161464, 13.627306 ], [ -89.161457, 13.627223 ], [ -89.161473, 13.62719 ], [ -89.16153, 13.627071 ], [ -89.161592, 13.626941 ], [ -89.161619, 13.626945 ], [ -89.161782, 13.62697 ], [ -89.161959, 13.626996 ], [ -89.16196, 13.626998 ], [ -89.161977, 13.627023 ], [ -89.161996, 13.62705 ], [ -89.161996, 13.627051 ], [ -89.162077, 13.627031 ], [ -89.162156, 13.627012 ], [ -89.162166, 13.627009 ], [ -89.162235, 13.626998 ], [ -89.162303, 13.626987 ], [ -89.162318, 13.626984 ], [ -89.162327, 13.626986 ], [ -89.162336, 13.626988 ], [ -89.162339, 13.626988 ], [ -89.162381, 13.627011 ], [ -89.162422, 13.627032 ], [ -89.162441, 13.627042 ], [ -89.162495, 13.627054 ], [ -89.162548, 13.627066 ], [ -89.16258, 13.627073 ], [ -89.162626, 13.627084 ], [ -89.162669, 13.627095 ], [ -89.162703, 13.627103 ], [ -89.162744, 13.627131 ], [ -89.162783, 13.627157 ], [ -89.162821, 13.627182 ], [ -89.16284, 13.62719 ], [ -89.162858, 13.627198 ], [ -89.162879, 13.627207 ], [ -89.162915, 13.627218 ], [ -89.162949, 13.627229 ], [ -89.162998, 13.627244 ], [ -89.163014, 13.62725 ], [ -89.163029, 13.627254 ], [ -89.163055, 13.627262 ], [ -89.163069, 13.62727 ], [ -89.163082, 13.627276 ], [ -89.16311, 13.62729 ], [ -89.163123, 13.627295 ], [ -89.163136, 13.627301 ], [ -89.163167, 13.627314 ], [ -89.163182, 13.627308 ], [ -89.163195, 13.627302 ], [ -89.163234, 13.627285 ], [ -89.163244, 13.627277 ], [ -89.163254, 13.62727 ], [ -89.163287, 13.627244 ], [ -89.16329, 13.627239 ], [ -89.163293, 13.627234 ], [ -89.163307, 13.627213 ], [ -89.163331, 13.627198 ], [ -89.163385, 13.627165 ], [ -89.163448, 13.627125 ], [ -89.163804, 13.626903 ], [ -89.163818, 13.626889 ], [ -89.163828, 13.626878 ], [ -89.163905, 13.6268 ], [ -89.163927, 13.626782 ], [ -89.163943, 13.62677 ], [ -89.164098, 13.626648 ], [ -89.164113, 13.626635 ], [ -89.164122, 13.626627 ], [ -89.164255, 13.626509 ], [ -89.164264, 13.62649 ], [ -89.164269, 13.626481 ], [ -89.164388, 13.62625 ], [ -89.164388, 13.626228 ], [ -89.164388, 13.626223 ], [ -89.164391, 13.625824 ], [ -89.164391, 13.62582 ], [ -89.164391, 13.625819 ], [ -89.164396, 13.625666 ], [ -89.164397, 13.625663 ], [ -89.164397, 13.625662 ], [ -89.164399, 13.625562 ], [ -89.1644, 13.625556 ], [ -89.1644, 13.625555 ], [ -89.164297, 13.625393 ], [ -89.164288, 13.625379 ], [ -89.164285, 13.625373 ], [ -89.164237, 13.625298 ], [ -89.164232, 13.625289 ], [ -89.164228, 13.625284 ], [ -89.164185, 13.625201 ], [ -89.164178, 13.625188 ], [ -89.164174, 13.625181 ], [ -89.164166, 13.625162 ], [ -89.164165, 13.625158 ], [ -89.164164, 13.625155 ], [ -89.164089, 13.624971 ], [ -89.164071, 13.624927 ], [ -89.164059, 13.624896 ], [ -89.163832, 13.624401 ], [ -89.163767, 13.624259 ], [ -89.16372, 13.624156 ], [ -89.163684, 13.624094 ], [ -89.163672, 13.624073 ], [ -89.163663, 13.624058 ], [ -89.163622, 13.623987 ], [ -89.163606, 13.623958 ], [ -89.163593, 13.623936 ], [ -89.163564, 13.62388 ], [ -89.16355, 13.623854 ], [ -89.163539, 13.623833 ], [ -89.163511, 13.62378 ], [ -89.163495, 13.623751 ], [ -89.163483, 13.623727 ], [ -89.16347, 13.623702 ], [ -89.163461, 13.623686 ], [ -89.163454, 13.623672 ], [ -89.16345, 13.623665 ], [ -89.163446, 13.623658 ], [ -89.163444, 13.623653 ], [ -89.163412, 13.623589 ], [ -89.163381, 13.623526 ], [ -89.163356, 13.623475 ], [ -89.16332, 13.623573 ], [ -89.163277, 13.623688 ], [ -89.163241, 13.623784 ], [ -89.163238, 13.623791 ], [ -89.163235, 13.623801 ], [ -89.163232, 13.623809 ], [ -89.163189, 13.623827 ], [ -89.163112, 13.623859 ], [ -89.163047, 13.623886 ], [ -89.163029, 13.623895 ], [ -89.162986, 13.623918 ], [ -89.16295, 13.623937 ], [ -89.162932, 13.623939 ], [ -89.162874, 13.623948 ], [ -89.162825, 13.623955 ], [ -89.162631, 13.623955 ], [ -89.162623, 13.623951 ], [ -89.162555, 13.623917 ], [ -89.162496, 13.623888 ], [ -89.162492, 13.623885 ], [ -89.162298, 13.623757 ], [ -89.162144, 13.623655 ], [ -89.162132, 13.623648 ], [ -89.162119, 13.623638 ], [ -89.162109, 13.623631 ], [ -89.162107, 13.623629 ], [ -89.162014, 13.62361 ], [ -89.161945, 13.623595 ], [ -89.161922, 13.62359 ], [ -89.161841, 13.62361 ], [ -89.161781, 13.623624 ], [ -89.161753, 13.623631 ], [ -89.161651, 13.623626 ], [ -89.161577, 13.623622 ], [ -89.161531, 13.623619 ], [ -89.1615, 13.623628 ], [ -89.161478, 13.623634 ], [ -89.16146, 13.623638 ], [ -89.161431, 13.623646 ], [ -89.161411, 13.623652 ], [ -89.16139, 13.623657 ], [ -89.161356, 13.623672 ], [ -89.161333, 13.623681 ], [ -89.161304, 13.623694 ], [ -89.161304, 13.623443 ], [ -89.161305, 13.623281 ], [ -89.161305, 13.623024 ], [ -89.161349, 13.622965 ], [ -89.161377, 13.622928 ], [ -89.16143, 13.622856 ], [ -89.161452, 13.62281 ], [ -89.161466, 13.622782 ], [ -89.161497, 13.622716 ], [ -89.161499, 13.622701 ], [ -89.161725, 13.622733 ], [ -89.161981, 13.622775 ], [ -89.162268, 13.622814 ], [ -89.162383, 13.622822 ], [ -89.162631, 13.62284 ], [ -89.163001, 13.622863 ], [ -89.163038, 13.622851 ], [ -89.163192, 13.622775 ], [ -89.1633, 13.622737 ], [ -89.163357, 13.622702 ], [ -89.163478, 13.622661 ], [ -89.163525, 13.622654 ], [ -89.163563, 13.622656 ], [ -89.16375, 13.622664 ], [ -89.163814, 13.622687 ], [ -89.163706, 13.622539 ], [ -89.163679, 13.622454 ], [ -89.163706, 13.62233 ], [ -89.163751, 13.622096 ], [ -89.163796, 13.621892 ], [ -89.163809, 13.621837 ], [ -89.163821, 13.621786 ], [ -89.163812, 13.621613 ], [ -89.163787, 13.621426 ], [ -89.163749, 13.621282 ], [ -89.163716, 13.621152 ], [ -89.163709, 13.621078 ], [ -89.163716, 13.620994 ], [ -89.163746, 13.620894 ], [ -89.163826, 13.620703 ], [ -89.163851, 13.6206 ], [ -89.163869, 13.620506 ], [ -89.163878, 13.620313 ], [ -89.163903, 13.620191 ], [ -89.164051, 13.619821 ], [ -89.164133, 13.619571 ], [ -89.164161, 13.619456 ], [ -89.164158, 13.619376 ], [ -89.164147, 13.619336 ], [ -89.164109, 13.61927 ], [ -89.16406, 13.619183 ], [ -89.163977, 13.618973 ], [ -89.163949, 13.618852 ], [ -89.163919, 13.61873 ], [ -89.163797, 13.618555 ], [ -89.163748, 13.618481 ], [ -89.163699, 13.618413 ], [ -89.163603, 13.618293 ], [ -89.163545, 13.618208 ], [ -89.163576, 13.618204 ], [ -89.165318, 13.617804 ], [ -89.165324, 13.617684 ], [ -89.165426, 13.617216 ], [ -89.1656, 13.616562 ], [ -89.165827, 13.616166 ], [ -89.166273, 13.615805 ], [ -89.166735, 13.615308 ], [ -89.167087, 13.615236 ], [ -89.167838, 13.615233 ], [ -89.167899, 13.615395 ], [ -89.168844, 13.614971 ], [ -89.1691, 13.614745 ], [ -89.169303, 13.614511 ], [ -89.169677, 13.614059 ], [ -89.169986, 13.613889 ], [ -89.170361, 13.613634 ], [ -89.170534, 13.613538 ], [ -89.170724, 13.613538 ], [ -89.170919, 13.613512 ], [ -89.171272, 13.613198 ], [ -89.171548, 13.612874 ], [ -89.171846, 13.612423 ], [ -89.171955, 13.612025 ], [ -89.172019, 13.611637 ], [ -89.172036, 13.611489 ], [ -89.172198, 13.611361 ], [ -89.17235, 13.611069 ], [ -89.172518, 13.610581 ], [ -89.17274, 13.610087 ], [ -89.172859, 13.60979 ], [ -89.172864, 13.609731 ], [ -89.172886, 13.609699 ], [ -89.172951, 13.609641 ], [ -89.173033, 13.609609 ], [ -89.173109, 13.609646 ], [ -89.17319, 13.609678 ], [ -89.173228, 13.609667 ], [ -89.173271, 13.609603 ], [ -89.173347, 13.609396 ], [ -89.173385, 13.609237 ], [ -89.173428, 13.608993 ], [ -89.17347, 13.608877 ], [ -89.173544, 13.608753 ], [ -89.17356, 13.6087 ], [ -89.173668, 13.608574 ], [ -89.174053, 13.608512 ], [ -89.174213, 13.608567 ], [ -89.174352, 13.608534 ], [ -89.174437, 13.608531 ], [ -89.174624, 13.608531 ], [ -89.174938, 13.608433 ], [ -89.174946, 13.608959 ], [ -89.175013, 13.609252 ], [ -89.175157, 13.609349 ], [ -89.175335, 13.609425 ], [ -89.175412, 13.609566 ], [ -89.175446, 13.609903 ], [ -89.175513, 13.610315 ], [ -89.175491, 13.610467 ], [ -89.175435, 13.61063 ], [ -89.175191, 13.610869 ], [ -89.175014, 13.611032 ], [ -89.175014, 13.611173 ], [ -89.175136, 13.611412 ], [ -89.175159, 13.611575 ], [ -89.175103, 13.611781 ], [ -89.174993, 13.612055 ], [ -89.174926, 13.612348 ], [ -89.174926, 13.612352 ], [ -89.174882, 13.612608 ], [ -89.174782, 13.612815 ], [ -89.17466, 13.61301 ], [ -89.174594, 13.613216 ], [ -89.17465, 13.613347 ], [ -89.174849, 13.613444 ], [ -89.174916, 13.613971 ], [ -89.174906, 13.614361 ], [ -89.174939, 13.61472 ], [ -89.175039, 13.614937 ], [ -89.175161, 13.615154 ], [ -89.175295, 13.615349 ], [ -89.175417, 13.615533 ], [ -89.175317, 13.615924 ], [ -89.175362, 13.616237 ], [ -89.175229, 13.616389 ], [ -89.174929, 13.616671 ], [ -89.17483, 13.616856 ], [ -89.174686, 13.617106 ], [ -89.174597, 13.617421 ], [ -89.174597, 13.617703 ], [ -89.17472, 13.61792 ], [ -89.174897, 13.618148 ], [ -89.175053, 13.618408 ], [ -89.175075, 13.618647 ], [ -89.175075, 13.618853 ], [ -89.175342, 13.619287 ], [ -89.175675, 13.619656 ], [ -89.175942, 13.61983 ], [ -89.176042, 13.619993 ], [ -89.176075, 13.62021 ], [ -89.176031, 13.620362 ], [ -89.175898, 13.620677 ], [ -89.17592, 13.620942 ], [ -89.175988, 13.620911 ], [ -89.176098, 13.620868 ], [ -89.176235, 13.620752 ], [ -89.176314, 13.620677 ], [ -89.176396, 13.62056 ], [ -89.176472, 13.620379 ], [ -89.176492, 13.620279 ], [ -89.176497, 13.620206 ], [ -89.176504, 13.620136 ], [ -89.176499, 13.620049 ], [ -89.176437, 13.619814 ], [ -89.176353, 13.619502 ], [ -89.176308, 13.619334 ], [ -89.176303, 13.619236 ], [ -89.176319, 13.619137 ], [ -89.17635, 13.619058 ], [ -89.176431, 13.618886 ], [ -89.176465, 13.618809 ], [ -89.176602, 13.618806 ], [ -89.176787, 13.618781 ], [ -89.176911, 13.618783 ], [ -89.177923, 13.618969 ], [ -89.178246, 13.619023 ], [ -89.179784, 13.619316 ], [ -89.17981, 13.619308 ], [ -89.180014, 13.619267 ], [ -89.180107, 13.619214 ], [ -89.18026, 13.619043 ], [ -89.180308, 13.618985 ], [ -89.180337, 13.618883 ], [ -89.180331, 13.618644 ], [ -89.180327, 13.618567 ], [ -89.180254, 13.618327 ], [ -89.180019, 13.617736 ], [ -89.17996, 13.617502 ], [ -89.179963, 13.617413 ], [ -89.179964, 13.617306 ], [ -89.180078, 13.617006 ], [ -89.180214, 13.616856 ], [ -89.180347, 13.616766 ], [ -89.180462, 13.616717 ], [ -89.180609, 13.616697 ], [ -89.181051, 13.616757 ], [ -89.181824, 13.616919 ], [ -89.182688, 13.617112 ], [ -89.182916, 13.617112 ], [ -89.183051, 13.617075 ], [ -89.183108, 13.617043 ], [ -89.182979, 13.616796 ] ] ] } }
]
}
