{
"type": "FeatureCollection",
"name": "COLONIAS SAN MARCOS",
"crs": { "type": "name", "properties": { "name": "urn:ogc:def:crs:OGC:1.3:CRS84" } },
"features": [
{ "type": "Feature", "properties": { "qc_id": 0, "name": null, "descriptio": null, "timestamp": null, "begin": null, "end": null, "altitudemo": null, "tessellate": -1, "extrude": 0, "visibility": -1, "draworder": null, "icon": null, "objectid_1": 19, "fid_1": 18, "text_1": "BARRIO EL CALVARIO", "shape_leng": 1293.3017355, "shape_area": 35982.938221099997, "fid_2": 0, "zona": 1, "viviendas": null }, "geometry": { "type": "MultiPolygon", "coordinates": [ [ [ [ -89.182423717777795, 13.660265475035001 ], [ -89.182378119338395, 13.660270664665999 ], [ -89.182372960895407, 13.660270936947899 ], [ -89.182229532961003, 13.6602786052476 ], [ -89.182219250369997, 13.6602124704423 ], [ -89.182114758309893, 13.6602279953904 ], [ -89.1820198333224, 13.6602535012389 ], [ -89.181770736625396, 13.6602228907298 ], [ -89.181701571020398, 13.660229708392601 ], [ -89.181562035082095, 13.6602153907314 ], [ -89.181504172034394, 13.660211333383099 ], [ -89.181407632245794, 13.660204554910401 ], [ -89.181300851326498, 13.6601970626431 ], [ -89.1812999121464, 13.660157410420799 ], [ -89.181247011122295, 13.6601572550786 ], [ -89.181247495568201, 13.6600482487513 ], [ -89.181248005117695, 13.659935835629501 ], [ -89.181089625109607, 13.6599345919489 ], [ -89.181036232638405, 13.659934751478399 ], [ -89.181038107787202, 13.6599115453376 ], [ -89.181023791284005, 13.659843535159901 ], [ -89.181018918432699, 13.6598329586704 ], [ -89.181007731147901, 13.659808670240899 ], [ -89.180972062766301, 13.659779031602801 ], [ -89.180939953046405, 13.659749408419099 ], [ -89.1809303126537, 13.6597305611922 ], [ -89.180939663283098, 13.659729601608401 ], [ -89.181034281425397, 13.659723468653199 ], [ -89.181135599746895, 13.659705040483001 ], [ -89.181142072789399, 13.6597038597492 ], [ -89.181150618782198, 13.659800679457501 ], [ -89.181198225443595, 13.6597975431248 ], [ -89.181238837745596, 13.659794393859899 ], [ -89.181303062186998, 13.659786868605501 ], [ -89.181302816899404, 13.6597636450441 ], [ -89.181302601208699, 13.659741644428999 ], [ -89.181301039098003, 13.6597416365417 ], [ -89.181300225999095, 13.659718052745101 ], [ -89.181297814269797, 13.659683058468399 ], [ -89.181288273423306, 13.659683065502 ], [ -89.181282779952497, 13.6596300146033 ], [ -89.181264752323699, 13.6594745662991 ], [ -89.181262757112805, 13.659452298538801 ], [ -89.181249193799005, 13.6594033536492 ], [ -89.181223830837695, 13.6593331108703 ], [ -89.181205540720399, 13.6592795704497 ], [ -89.181189595031796, 13.6592096813813 ], [ -89.181178934482702, 13.659120426109 ], [ -89.181175982060495, 13.659096242798199 ], [ -89.181178639786395, 13.6590942414271 ], [ -89.181155911283199, 13.6590781155321 ], [ -89.181027496714293, 13.659098832432701 ], [ -89.181035568363001, 13.6591703091228 ], [ -89.181052317388804, 13.659312430473401 ], [ -89.181072052910295, 13.659412527601599 ], [ -89.181081218381706, 13.6595264422002 ], [ -89.181083681903402, 13.6595423136647 ], [ -89.181025987147606, 13.659572937579901 ], [ -89.180929443534893, 13.6596221018113 ], [ -89.180900656289495, 13.6596290929142 ], [ -89.180821605289495, 13.659667266444901 ], [ -89.180827131383296, 13.659689550594001 ], [ -89.180849599609203, 13.659810693798899 ], [ -89.180806940428397, 13.6598108914836 ], [ -89.180756188730598, 13.6598109938731 ], [ -89.180698066626704, 13.6598269189048 ], [ -89.180649906560802, 13.6598364325177 ], [ -89.180623635754799, 13.659841625702599 ], [ -89.180587216744598, 13.6598455310574 ], [ -89.180579965790102, 13.6598074761276 ], [ -89.180565844726402, 13.659721758500901 ], [ -89.180539816437602, 13.659637086381 ], [ -89.180524608978601, 13.6595545349848 ], [ -89.180494265603798, 13.6594693571351 ], [ -89.180465014723396, 13.659415398970401 ], [ -89.180409775871397, 13.659315938874499 ], [ -89.180359236667698, 13.6592350232194 ], [ -89.1803149428452, 13.6591513271166 ], [ -89.180269224674404, 13.659074861392099 ], [ -89.180210187568207, 13.6589833366062 ], [ -89.180176814766398, 13.658910618399499 ], [ -89.180064060965606, 13.658778055475601 ], [ -89.179996956673506, 13.658695125343099 ], [ -89.179987923629099, 13.658690708298399 ], [ -89.179931376749806, 13.658663092336599 ], [ -89.179957452915303, 13.6586259485297 ], [ -89.179960025187398, 13.658622188256899 ], [ -89.180031878658099, 13.6585168501143 ], [ -89.180101842558798, 13.6585898741791 ], [ -89.180151687384196, 13.6586418468146 ], [ -89.180182095663895, 13.658687779400999 ], [ -89.180243050556101, 13.6587610974642 ], [ -89.180296264495396, 13.6587140849027 ], [ -89.1803687129607, 13.6588049978394 ], [ -89.180377358499697, 13.6588223742796 ], [ -89.180416633251596, 13.658766338401501 ], [ -89.180424751922303, 13.6587632221466 ], [ -89.180433201087396, 13.6587595696398 ], [ -89.180441385470701, 13.6587553614324 ], [ -89.180449483778503, 13.6587510050493 ], [ -89.180457080487699, 13.6587458436645 ], [ -89.180464601331707, 13.6587405901382 ], [ -89.180471733578301, 13.658734837043401 ], [ -89.180478515216905, 13.6587287045704 ], [ -89.180485022112805, 13.658722285764499 ], [ -89.180491263536993, 13.6587156167747 ], [ -89.180497032329299, 13.6587085504184 ], [ -89.180502458924593, 13.6587012248955 ], [ -89.180507252056699, 13.658693502124301 ], [ -89.180511893521995, 13.6586856773243 ], [ -89.180516004222696, 13.658677584457299 ], [ -89.180519708081803, 13.658669307494501 ], [ -89.180522692607994, 13.6586607526606 ], [ -89.180525554164305, 13.658652151818201 ], [ -89.180527942370801, 13.658643422066501 ], [ -89.180529496700501, 13.6586345076286 ], [ -89.180531108344695, 13.658625602187699 ], [ -89.180532190298095, 13.6586166230163 ], [ -89.180532457885505, 13.6586075893052 ], [ -89.180532308598202, 13.6585985459573 ], [ -89.180531611220005, 13.6585895409752 ], [ -89.180530667055393, 13.658580544309499 ], [ -89.180529032505106, 13.6585716511944 ], [ -89.180527208490702, 13.658562785335199 ], [ -89.180480925700493, 13.658465966182 ], [ -89.180377431076394, 13.658213226632601 ], [ -89.180363815211194, 13.658182201425101 ], [ -89.180341331516303, 13.658103034104199 ], [ -89.180331092546695, 13.6580314938972 ], [ -89.180326477635901, 13.6579992038666 ], [ -89.180511401716302, 13.6580208746332 ], [ -89.180531081084595, 13.658022979818 ], [ -89.180567080312301, 13.6578916492508 ], [ -89.180672130794505, 13.6577054739113 ], [ -89.180884597420899, 13.6578125005489 ], [ -89.181040511315402, 13.657869577890301 ], [ -89.181145716392294, 13.6578594021149 ], [ -89.181214049060799, 13.658050022750199 ], [ -89.181252336410694, 13.658200384387699 ], [ -89.181366809897298, 13.6582910816599 ], [ -89.181488191023604, 13.658513697082601 ], [ -89.181616952621496, 13.6586854747171 ], [ -89.181730778263599, 13.658745914451799 ], [ -89.181800019531707, 13.658714384267499 ], [ -89.1818717043585, 13.6586489752207 ], [ -89.181928481961293, 13.6585109565452 ], [ -89.182010663618598, 13.659020486653001 ], [ -89.182041520023404, 13.659290152274799 ], [ -89.182070991119502, 13.6594573752107 ], [ -89.182237998119305, 13.659855420325799 ], [ -89.182390090884894, 13.660195192410299 ], [ -89.182423717777795, 13.660265475035001 ] ] ] ] } },
{ "type": "Feature", "properties": { "qc_id": 1, "name": null, "descriptio": null, "timestamp": null, "begin": null, "end": null, "altitudemo": null, "tessellate": -1, "extrude": 0, "visibility": -1, "draworder": null, "icon": null, "objectid_1": 39, "fid_1": 40, "text_1": "COLONIA SAN RAFAEL", "shape_leng": 1980.6728987700001, "shape_area": 114546.900864, "fid_2": 0, "zona": 1, "viviendas": null }, "geometry": { "type": "MultiPolygon", "coordinates": [ [ [ [ -89.180343630076194, 13.6674559696924 ], [ -89.180337134847093, 13.6675406005757 ], [ -89.1804918418498, 13.6677187185972 ], [ -89.180258758490297, 13.6678691862421 ], [ -89.179809033366695, 13.6680106213699 ], [ -89.179590820231596, 13.667938279528199 ], [ -89.179591122213495, 13.6678761818292 ], [ -89.179390382686194, 13.6678661007863 ], [ -89.179365828386196, 13.6679148964012 ], [ -89.179215431498093, 13.668272949649401 ], [ -89.179173835683002, 13.6685898452151 ], [ -89.179305269702994, 13.668647635658701 ], [ -89.179508588603497, 13.6689601223654 ], [ -89.179579396543204, 13.6691674111576 ], [ -89.179104514355103, 13.6692280968671 ], [ -89.179062142142499, 13.6692335149269 ], [ -89.178748049797406, 13.669033399972999 ], [ -89.178481039522396, 13.6690467925514 ], [ -89.178449237244706, 13.669048389308101 ], [ -89.1782759265636, 13.669001004560799 ], [ -89.178227586453204, 13.668987784905999 ], [ -89.1780928943747, 13.668852182777 ], [ -89.178006646130399, 13.6687653602763 ], [ -89.177990855296102, 13.668749442392301 ], [ -89.177858948862706, 13.668616660073001 ], [ -89.177844521607497, 13.6686021395165 ], [ -89.177419246308204, 13.668346243530699 ], [ -89.1770921039179, 13.668271580909099 ], [ -89.1768921309815, 13.668237626353999 ], [ -89.176744354510603, 13.6682711829871 ], [ -89.176466068003606, 13.668065523818701 ], [ -89.175889395190794, 13.667593285645101 ], [ -89.175914577671605, 13.667523293626701 ], [ -89.175928616666397, 13.6674873610511 ], [ -89.176194204885903, 13.6674608007255 ], [ -89.176519037907795, 13.6674236093879 ], [ -89.176512604058502, 13.6673393946384 ], [ -89.176560688344097, 13.667099874455801 ], [ -89.176532603644901, 13.667098459234699 ], [ -89.1762495250981, 13.667125986069699 ], [ -89.176436354870305, 13.666498757932199 ], [ -89.176449429758406, 13.666364445346399 ], [ -89.176465437845906, 13.666178742501501 ], [ -89.176516983203697, 13.665985462118901 ], [ -89.176779514318596, 13.665923971484199 ], [ -89.176804691176102, 13.665923315235901 ], [ -89.176805509216507, 13.6659036359823 ], [ -89.176840828494704, 13.6659085530769 ], [ -89.177017458301705, 13.665968904611301 ], [ -89.177094080412104, 13.665994997277499 ], [ -89.177096677492798, 13.665973687925799 ], [ -89.177082423329495, 13.6658990591842 ], [ -89.177068083800705, 13.665823985787499 ], [ -89.177042625868296, 13.6656907006131 ], [ -89.177018013394402, 13.6655618674062 ], [ -89.177229635973504, 13.665520480268601 ], [ -89.177278484202304, 13.6655049324396 ], [ -89.177520372626802, 13.6654845242942 ], [ -89.177992249820306, 13.665339319815599 ], [ -89.178012927226504, 13.665334205081701 ], [ -89.178010000152497, 13.665318758756101 ], [ -89.177881675358194, 13.664850810111901 ], [ -89.177861319603707, 13.664679859696699 ], [ -89.177879203582194, 13.6646735068522 ], [ -89.178209262713196, 13.664556208254799 ], [ -89.178182966429901, 13.664254060209 ], [ -89.178388779449804, 13.664354513451601 ], [ -89.178463059268097, 13.6645491663679 ], [ -89.1783392332093, 13.6646217755764 ], [ -89.178326181370707, 13.6648105306699 ], [ -89.178690609557293, 13.664930721707499 ], [ -89.178565245544306, 13.665297076756501 ], [ -89.178480067633004, 13.665546048269601 ], [ -89.1784979033051, 13.665837668432699 ], [ -89.178501449926799, 13.6658704229592 ], [ -89.178525378282004, 13.666095415415599 ], [ -89.178528280824494, 13.6661527626393 ], [ -89.178592421026195, 13.6661694507526 ], [ -89.178665703328903, 13.6662096424774 ], [ -89.178740306077898, 13.6663051551179 ], [ -89.178816905546697, 13.666412911328701 ], [ -89.178939810376207, 13.666559583500799 ], [ -89.179042924337296, 13.666656778236501 ], [ -89.179159864979198, 13.666763903876401 ], [ -89.179266593158701, 13.666883911963399 ], [ -89.179284670740998, 13.6669324920981 ], [ -89.179295780519197, 13.666953114463 ], [ -89.179355764015497, 13.6670301728363 ], [ -89.179385739608307, 13.667052957108901 ], [ -89.179406816138098, 13.667037734630499 ], [ -89.179420125061597, 13.6670257754494 ], [ -89.179441209843802, 13.6670322762336 ], [ -89.179440120708193, 13.667056175971499 ], [ -89.179431267082904, 13.6670898452318 ], [ -89.179425761572901, 13.6671430524177 ], [ -89.179436238355905, 13.6672038650528 ], [ -89.179738954564797, 13.6672719982242 ], [ -89.179957851583296, 13.667321959033799 ], [ -89.180307186774399, 13.667453848763699 ], [ -89.180343630076194, 13.6674559696924 ] ] ] ] } },
{ "type": "Feature", "properties": { "qc_id": 2, "name": null, "descriptio": null, "timestamp": null, "begin": null, "end": null, "altitudemo": null, "tessellate": -1, "extrude": 0, "visibility": -1, "draworder": null, "icon": null, "objectid_1": 68, "fid_1": 69, "text_1": "COLONIA LAS DELICIAS II", "shape_leng": 537.50691024599996, "shape_area": 13002.0624761, "fid_2": 0, "zona": 1, "viviendas": null }, "geometry": { "type": "MultiPolygon", "coordinates": [ [ [ [ -89.1857060928305, 13.6693246724204 ], [ -89.185682758354503, 13.669430114740999 ], [ -89.185654565006899, 13.669543232973799 ], [ -89.185619307917307, 13.6695934356127 ], [ -89.185637656542198, 13.6696590832894 ], [ -89.185643056748702, 13.669665049428801 ], [ -89.185594204906494, 13.669676414796299 ], [ -89.185381205015403, 13.6697382571324 ], [ -89.185284298504499, 13.669763885035101 ], [ -89.1851361505678, 13.669794957666101 ], [ -89.185036103486695, 13.6698223468116 ], [ -89.185002515306394, 13.669828675833401 ], [ -89.184996968886296, 13.669793109994 ], [ -89.184957536285395, 13.6695401118783 ], [ -89.184948904682699, 13.669541386532201 ], [ -89.184884906549698, 13.6695507736798 ], [ -89.184818296475001, 13.669560551447899 ], [ -89.184754269494704, 13.669569707186501 ], [ -89.184690271164499, 13.669578862886899 ], [ -89.184623073967202, 13.6695884656876 ], [ -89.184559037728107, 13.6695976213823 ], [ -89.184495020895497, 13.6696067770458 ], [ -89.184428713747195, 13.6696162589078 ], [ -89.184369267352196, 13.6696247539806 ], [ -89.184305240344003, 13.6696339186411 ], [ -89.184242823379407, 13.6696428425471 ], [ -89.184176182603196, 13.6696500748003 ], [ -89.184110479044506, 13.669657204193999 ], [ -89.184047291594197, 13.6696619725254 ], [ -89.183991893619805, 13.6695945292989 ], [ -89.183995878367099, 13.6695210623837 ], [ -89.183981842426803, 13.6693905280836 ], [ -89.183971989865498, 13.6693907758899 ], [ -89.183972742586207, 13.669385240787699 ], [ -89.183954663740593, 13.6693128922228 ], [ -89.183955892048502, 13.669225238050799 ], [ -89.183952464411803, 13.6692120971009 ], [ -89.183909979236802, 13.669049290673801 ], [ -89.183948302487806, 13.6690342582854 ], [ -89.183958881303795, 13.6690301123484 ], [ -89.184002816778104, 13.669013289660001 ], [ -89.184003006213501, 13.669013215399 ], [ -89.183993557566694, 13.6689992274869 ], [ -89.184087624246402, 13.668973565157801 ], [ -89.184134355576504, 13.6689504456393 ], [ -89.184204684132794, 13.6689382211432 ], [ -89.184216259207105, 13.6689373709481 ], [ -89.184238988427396, 13.6689411294841 ], [ -89.184282307884502, 13.668935645645799 ], [ -89.184334822916497, 13.6689243419692 ], [ -89.184363045678396, 13.6689211273578 ], [ -89.1844064386773, 13.668925741739701 ], [ -89.184471785669899, 13.668934503883801 ], [ -89.184528004649195, 13.6689515389651 ], [ -89.184565480101796, 13.668954037225101 ], [ -89.184611154251598, 13.668958427501099 ], [ -89.184629249465104, 13.668966633019499 ], [ -89.184664145317001, 13.668974196811799 ], [ -89.184726156876707, 13.668967190261 ], [ -89.184809489828098, 13.668954483991 ], [ -89.184842442968403, 13.668958883783301 ], [ -89.184928190516999, 13.6689828475174 ], [ -89.184996050538302, 13.6690099801699 ], [ -89.185066481432202, 13.6690326881185 ], [ -89.185148556058905, 13.669056024526 ], [ -89.185230936822293, 13.6690607847622 ], [ -89.185347761353299, 13.669087038908099 ], [ -89.185373240759603, 13.669096895642999 ], [ -89.185396796945994, 13.6691048755346 ], [ -89.185479965596102, 13.669124092868399 ], [ -89.185510165987495, 13.669130780593701 ], [ -89.185511084211896, 13.669154640878901 ], [ -89.185515373290897, 13.669264847557001 ], [ -89.185515662991307, 13.669272354173099 ], [ -89.185516261432298, 13.669310330802301 ], [ -89.1857060928305, 13.6693246724204 ] ] ] ] } },
{ "type": "Feature", "properties": { "qc_id": 3, "name": null, "descriptio": null, "timestamp": null, "begin": null, "end": null, "altitudemo": null, "tessellate": -1, "extrude": 0, "visibility": -1, "draworder": null, "icon": null, "objectid_1": 70, "fid_1": 71, "text_1": "COLONIA LOS ANDES II", "shape_leng": 1359.69572535, "shape_area": 56335.535973500002, "fid_2": 0, "zona": 1, "viviendas": null }, "geometry": { "type": "MultiPolygon", "coordinates": [ [ [ [ -89.183567167404505, 13.670076595641399 ], [ -89.183564415420093, 13.6701533662615 ], [ -89.183556316511698, 13.670182250795101 ], [ -89.183507747245699, 13.6703486983253 ], [ -89.183502915157405, 13.6704038114038 ], [ -89.183443527475006, 13.6704511347543 ], [ -89.183436398311002, 13.6705939208705 ], [ -89.183439295557804, 13.6706440576723 ], [ -89.183400130171407, 13.6707198647797 ], [ -89.1833819370394, 13.670792462788 ], [ -89.183367081618101, 13.670823360803301 ], [ -89.183337759883798, 13.670850724533199 ], [ -89.183301540263002, 13.6709429766707 ], [ -89.183294089129703, 13.6709645581576 ], [ -89.183220669607095, 13.6711770811243 ], [ -89.1832062395099, 13.671218863495699 ], [ -89.183031811551004, 13.6712475753848 ], [ -89.182834479644697, 13.6712906507735 ], [ -89.1826627424648, 13.6713336979558 ], [ -89.182505601895102, 13.671365997741701 ], [ -89.182341230018693, 13.6713983850431 ], [ -89.1822093455811, 13.6714219559966 ], [ -89.182132604336104, 13.671440793033099 ], [ -89.182003117612894, 13.6714678791491 ], [ -89.181810967018095, 13.6715033598893 ], [ -89.181732783226195, 13.6715179956676 ], [ -89.181635985028194, 13.671538115531799 ], [ -89.181513126654394, 13.6715673531834 ], [ -89.181379114451204, 13.6716057057247 ], [ -89.181222766726293, 13.671647722766 ], [ -89.180989733020397, 13.6717194330088 ], [ -89.180938994292703, 13.6715427113021 ], [ -89.180833782228007, 13.671502488605899 ], [ -89.180758895424106, 13.671545758797 ], [ -89.180661731972805, 13.671767971004799 ], [ -89.180607514586896, 13.671855386574 ], [ -89.180460112407005, 13.6719850678793 ], [ -89.180254325770804, 13.672014522112301 ], [ -89.180222041630998, 13.6720066321873 ], [ -89.1801510893645, 13.672032702739701 ], [ -89.179900230751798, 13.672066327711899 ], [ -89.179901694873394, 13.6720625962735 ], [ -89.1799028377892, 13.672059486044599 ], [ -89.179903971474403, 13.672056392996399 ], [ -89.179904575768902, 13.6720548658787 ], [ -89.179905161582099, 13.672053346909401 ], [ -89.179905803782702, 13.6720518288029 ], [ -89.179906465401899, 13.6720503197211 ], [ -89.179907845033796, 13.672047310555 ], [ -89.179909253307201, 13.6720442832902 ], [ -89.179910604240703, 13.6720412181038 ], [ -89.179911237162202, 13.6720396539055 ], [ -89.179911860832405, 13.672038079770999 ], [ -89.179912437352797, 13.672036496632201 ], [ -89.179913003690501, 13.672034894519101 ], [ -89.179914052235304, 13.6720316731802 ], [ -89.179914533531004, 13.672030071129299 ], [ -89.179915014819798, 13.6720284600394 ], [ -89.179915940430107, 13.672025247829501 ], [ -89.179916827216999, 13.672022035648 ], [ -89.179917733415493, 13.672018823452399 ], [ -89.179918668275704, 13.672015619370701 ], [ -89.179919631778304, 13.6720123980941 ], [ -89.179920632254905, 13.6720091758866 ], [ -89.179921652143904, 13.6720059545688 ], [ -89.179922709924497, 13.6720027232804 ], [ -89.179924353461999, 13.671997899807501 ], [ -89.179924929036403, 13.6719962886486 ], [ -89.179926837939206, 13.6719915580824 ], [ -89.179929625857199, 13.671985539729301 ], [ -89.179933340110196, 13.6719784649509 ], [ -89.179936601588693, 13.671972816847299 ], [ -89.179940391398901, 13.6719654274587 ], [ -89.1799432815709, 13.6719577431552 ], [ -89.179946011855094, 13.671950096028301 ], [ -89.179948723910201, 13.6719439945721 ], [ -89.179951322926101, 13.671938753705 ], [ -89.179953987246407, 13.6719330870564 ], [ -89.179957351647502, 13.671925439465401 ], [ -89.179960261286993, 13.671917829266601 ], [ -89.179962526554903, 13.6719101074567 ], [ -89.179964358843094, 13.6719043121601 ], [ -89.179966512840096, 13.671898553687599 ], [ -89.179968024010407, 13.671894701996401 ], [ -89.179969535187695, 13.671890859344201 ], [ -89.179970942821598, 13.671886998689899 ], [ -89.179972490927994, 13.6718818887522 ], [ -89.179972708512594, 13.671881148304401 ], [ -89.179973491187596, 13.6718771769286 ], [ -89.179974093567694, 13.671873149643201 ], [ -89.179974791165293, 13.671869132231 ], [ -89.179975687509398, 13.671865123712299 ], [ -89.179976706802094, 13.671861125046499 ], [ -89.179977791724298, 13.6718571254287 ], [ -89.179978311545199, 13.671855134675299 ], [ -89.179979311418506, 13.671851126080901 ], [ -89.179980575056106, 13.671845118785299 ], [ -89.179981997974593, 13.6718370739978 ], [ -89.1799832717725, 13.671831056752 ], [ -89.179983743512295, 13.671829047955899 ], [ -89.179985366721695, 13.6718230304544 ], [ -89.179986404458603, 13.671818975733601 ], [ -89.179986876183804, 13.671816947955801 ], [ -89.179987658745603, 13.671812829245299 ], [ -89.179989694055607, 13.671800553789 ], [ -89.179990872544195, 13.671794407356201 ], [ -89.179992070422998, 13.671788232888501 ], [ -89.179994463619096, 13.671773745343501 ], [ -89.1799967902611, 13.671759258751001 ], [ -89.179999327530894, 13.6717470199868 ], [ -89.180002657338704, 13.6717328282331 ], [ -89.180005176812401, 13.6717227009766 ], [ -89.1800073761638, 13.671714609522001 ], [ -89.180009820780597, 13.671705712519 ], [ -89.180010142478807, 13.6717045281833 ], [ -89.180012548289199, 13.671694446204601 ], [ -89.180014168266197, 13.6716842084275 ], [ -89.1800154036859, 13.671665492413 ], [ -89.180015979507203, 13.671650923039699 ], [ -89.180015988418006, 13.6716504882605 ], [ -89.1800163572874, 13.671638473441099 ], [ -89.180016808708103, 13.6716219978479 ], [ -89.180017359175807, 13.671611741871899 ], [ -89.180018545300896, 13.6716022907995 ], [ -89.180018657343894, 13.671601337109999 ], [ -89.180019096519203, 13.671593015547 ], [ -89.180019495298296, 13.671582639464299 ], [ -89.180020473401697, 13.6715743455274 ], [ -89.180020978228498, 13.6715660519371 ], [ -89.180021477099899, 13.671562053652 ], [ -89.180022986672796, 13.671556119391401 ], [ -89.180023515743301, 13.6715541376701 ], [ -89.180023797958398, 13.671552091953 ], [ -89.180024209155604, 13.6715458629234 ], [ -89.180024876685806, 13.671540003398601 ], [ -89.180026081566893, 13.671530903926801 ], [ -89.180026298725494, 13.671529607585001 ], [ -89.180027626501797, 13.6715216559676 ], [ -89.180028956612702, 13.671515546483199 ], [ -89.180030022620201, 13.6715109918885 ], [ -89.180031747884698, 13.6715018459372 ], [ -89.180033283617803, 13.671492653122201 ], [ -89.180034604484703, 13.6714865436444 ], [ -89.180036379286705, 13.6714805260315 ], [ -89.180039325774999, 13.6714715545414 ], [ -89.180041827607496, 13.671462538182199 ], [ -89.180044045910293, 13.671455057745099 ], [ -89.180045642603304, 13.671450632018599 ], [ -89.180050063152294, 13.671438846533301 ], [ -89.180050526029106, 13.6714373366927 ], [ -89.180051318661398, 13.671434300838699 ], [ -89.180052705156896, 13.671428190408999 ], [ -89.180054215546704, 13.6714221178519 ], [ -89.180055574634494, 13.671417637161801 ], [ -89.180056585466502, 13.6714146653245 ], [ -89.180057652684894, 13.671411693445901 ], [ -89.180058767045907, 13.671408721532799 ], [ -89.180059334397598, 13.6714072396363 ], [ -89.180059853675999, 13.6714057496399 ], [ -89.1800608071825, 13.6714027588629 ], [ -89.180061543427399, 13.671399722146299 ], [ -89.180062268427207, 13.671395278979899 ], [ -89.180062888763402, 13.6713893544092 ], [ -89.180063537727307, 13.671383393661699 ], [ -89.180064903917696, 13.6713761172243 ], [ -89.180066547079704, 13.671370812879299 ], [ -89.180068086957206, 13.6713670352857 ], [ -89.180070288967798, 13.6713624238176 ], [ -89.180072368583694, 13.6713585256109 ], [ -89.180074410456797, 13.671354831711801 ], [ -89.180077188740896, 13.6713495256316 ], [ -89.180079476462694, 13.671344581468 ], [ -89.180081649598094, 13.6713396834867 ], [ -89.180083813773507, 13.6713351561084 ], [ -89.180085476839096, 13.6713317020182 ], [ -89.180087451823695, 13.6713275724914 ], [ -89.180089983899506, 13.671321840857599 ], [ -89.1800913825751, 13.6713183598442 ], [ -89.180093129803794, 13.671313758651699 ], [ -89.180095435388495, 13.6713080000671 ], [ -89.180097532838005, 13.671303249475701 ], [ -89.180099026032806, 13.671300073909 ], [ -89.180100434468997, 13.6712972680967 ], [ -89.180101143327207, 13.6712958891403 ], [ -89.180101861406996, 13.6712944812526 ], [ -89.180103543891406, 13.671291037090899 ], [ -89.180104620656905, 13.671288462918101 ], [ -89.180105801528995, 13.6712854358186 ], [ -89.180107436352699, 13.6712813155796 ], [ -89.180108834358194, 13.671278167199301 ], [ -89.180110073015896, 13.6712757601282 ], [ -89.180110422819297, 13.671275065682 ], [ -89.180112822933594, 13.6712708337036 ], [ -89.180115593315406, 13.671266074484301 ], [ -89.1801178611598, 13.671261731423799 ], [ -89.180120006726099, 13.671257046781299 ], [ -89.180120610165503, 13.6712544078748 ], [ -89.180121478587296, 13.671251362926199 ], [ -89.180122536524493, 13.6712483440516 ], [ -89.180124360736897, 13.671244085378101 ], [ -89.180127318766694, 13.671238122035399 ], [ -89.1801288867278, 13.6712348072141 ], [ -89.180130635376003, 13.6712308541118 ], [ -89.180131570925397, 13.671228557537599 ], [ -89.180132638347601, 13.6712258541148 ], [ -89.180133790499895, 13.6712227438779 ], [ -89.180134300568298, 13.6712212990829 ], [ -89.1801349047456, 13.671219623726101 ], [ -89.180136029088601, 13.6712164113697 ], [ -89.180138031258807, 13.671210365568699 ], [ -89.180139522523504, 13.671204671756399 ], [ -89.180141200863204, 13.6711970253976 ], [ -89.180143021465199, 13.6711880547308 ], [ -89.180144028711794, 13.671181611945499 ], [ -89.180144660192497, 13.6711769654714 ], [ -89.180145338196297, 13.671172716676301 ], [ -89.180146186538295, 13.671168800389101 ], [ -89.180147376711702, 13.671164643415899 ], [ -89.180148633188907, 13.6711613658823 ], [ -89.180149993408406, 13.6711583666719 ], [ -89.180151656450306, 13.6711548845606 ], [ -89.180153036010097, 13.6711517922349 ], [ -89.180153574833298, 13.671150477579401 ], [ -89.180154226651496, 13.671148246293299 ], [ -89.180154433719196, 13.671147052098499 ], [ -89.180155046184694, 13.671142923569199 ], [ -89.180155800539595, 13.671139396928799 ], [ -89.180155960819107, 13.671138665561701 ], [ -89.180156913650194, 13.6711347962004 ], [ -89.180157555129895, 13.671132342564 ], [ -89.180158537027694, 13.6711290100941 ], [ -89.180159850559704, 13.671125398981999 ], [ -89.180160370063206, 13.671124204558399 ], [ -89.180161021517094, 13.671122704522199 ], [ -89.180161947971698, 13.6711206031954 ], [ -89.180162930557003, 13.671118168291001 ], [ -89.180163808744993, 13.6711158066783 ], [ -89.180164971263196, 13.6711129558511 ], [ -89.1801661617028, 13.6711103535742 ], [ -89.180166946166295, 13.6711087241837 ], [ -89.180168250147105, 13.6711059184475 ], [ -89.180169506751099, 13.671102807230101 ], [ -89.180170535911799, 13.6710996320029 ], [ -89.180171187446405, 13.6710970310245 ], [ -89.180172082469795, 13.671092513613999 ], [ -89.180172884316406, 13.6710882367074 ], [ -89.180173732636206, 13.6710842923993 ], [ -89.180174535333904, 13.671081126377 ], [ -89.1801754508258, 13.6710779882926 ], [ -89.180176216248498, 13.6710756367053 ], [ -89.1801768674258, 13.6710737760159 ], [ -89.180178133088901, 13.6710704243562 ], [ -89.180179569809695, 13.6710671376514 ], [ -89.180180769599204, 13.671064674567001 ], [ -89.180181903964396, 13.671062479986899 ], [ -89.180183321670199, 13.671059711226899 ], [ -89.180185032820901, 13.6710562851215 ], [ -89.180185958457301, 13.671054322994801 ], [ -89.180187262437499, 13.671051517258601 ], [ -89.180188717680707, 13.6710482766387 ], [ -89.180189908055993, 13.6710455912035 ], [ -89.180191126945303, 13.6710427213531 ], [ -89.180192355810703, 13.671039601116799 ], [ -89.180192978466806, 13.6710379158036 ], [ -89.180193602083307, 13.671036277491901 ], [ -89.180195019178598, 13.6710327124024 ], [ -89.180196360739004, 13.6710294908476 ], [ -89.180196917949303, 13.671028046017801 ], [ -89.180197570107495, 13.6710262594468 ], [ -89.180198703642503, 13.671022982003 ], [ -89.180200091997804, 13.671019306659399 ], [ -89.180200942745699, 13.671017325605799 ], [ -89.180201660696596, 13.6710157514015 ], [ -89.180203020949193, 13.6710127973854 ], [ -89.180203711233503, 13.671011307263401 ], [ -89.180205592140595, 13.6710074552997 ], [ -89.180207425236304, 13.671003936907599 ], [ -89.180209212184195, 13.6710005107466 ], [ -89.180210639019407, 13.6709975937412 ], [ -89.180211800767296, 13.670994945386299 ], [ -89.180212396687807, 13.6709933531936 ], [ -89.180213680546402, 13.6709896218851 ], [ -89.180215154214807, 13.670985095011501 ], [ -89.180216438243704, 13.6709815860607 ], [ -89.180217487304006, 13.6709790489673 ], [ -89.180218262424006, 13.6709772903268 ], [ -89.180219745248294, 13.670973855349599 ], [ -89.180220426110694, 13.6709721329338 ], [ -89.180222031081001, 13.6709676611014 ], [ -89.180222814876501, 13.670965161262 ], [ -89.180223825349699, 13.6709617266309 ], [ -89.180224713159404, 13.670958653646901 ], [ -89.180225137232199, 13.670957171854999 ], [ -89.180227204874299, 13.6709497195473 ], [ -89.180228177285599, 13.6709460725291 ], [ -89.180229224059204, 13.670941758383099 ], [ -89.180230091846099, 13.6709378881799 ], [ -89.180230940813004, 13.6709335841217 ], [ -89.180231854607598, 13.670928233307601 ], [ -89.180232655899005, 13.670923234190299 ], [ -89.180233852303701, 13.670916356493199 ], [ -89.180234512534099, 13.670913042336601 ], [ -89.180235522297494, 13.6709086821191 ], [ -89.180236390375796, 13.6709051924547 ], [ -89.180237343147098, 13.670901248070001 ], [ -89.180237965599702, 13.670898092122201 ], [ -89.180238275530797, 13.670894824320801 ], [ -89.180238774089304, 13.6708916305004 ], [ -89.180240173206997, 13.6708887324969 ], [ -89.180241865398401, 13.670885899359 ], [ -89.180242478944507, 13.670884389407499 ], [ -89.180243074928299, 13.6708828803727 ], [ -89.180243867215296, 13.6708793998028 ], [ -89.180244555247796, 13.670876178726701 ], [ -89.180245443410897, 13.670873567631901 ], [ -89.180248127073796, 13.6708678358853 ], [ -89.1802498461536, 13.6708626977997 ], [ -89.180250912728198, 13.670858892530999 ], [ -89.180252064110903, 13.670854782588201 ], [ -89.180253083748596, 13.6708512458102 ], [ -89.180254150458197, 13.6708476168006 ], [ -89.180255453358399, 13.6708434046067 ], [ -89.180256397687899, 13.6708405069365 ], [ -89.180258542289295, 13.6708345722088 ], [ -89.180260856539306, 13.670829276409499 ], [ -89.180263597859806, 13.6708239983749 ], [ -89.180266291517896, 13.6708192482489 ], [ -89.180268854192406, 13.6708148588723 ], [ -89.180271632707502, 13.6708098682484 ], [ -89.180271991774205, 13.670809200911901 ], [ -89.180272058229406, 13.6708090716065 ], [ -89.180272162533697, 13.670808877193 ], [ -89.180272218849296, 13.6708087849546 ], [ -89.180272275150401, 13.670808673734401 ], [ -89.1802723416194, 13.670808562506799 ], [ -89.180272417289203, 13.6708083952311 ], [ -89.180272464361096, 13.6708083029995 ], [ -89.180272549275202, 13.6708081366209 ], [ -89.180272615722799, 13.6708079973726 ], [ -89.180272747715804, 13.6708077478012 ], [ -89.180272814163402, 13.670807608553 ], [ -89.180272880611, 13.6708074693047 ], [ -89.180272983977005, 13.670807256813999 ], [ -89.180273069822405, 13.670807099473601 ], [ -89.180273192571093, 13.670806849005199 ], [ -89.180273248858299, 13.670806719707199 ], [ -89.180273333779297, 13.670806562367501 ], [ -89.180273418678794, 13.670806377007199 ], [ -89.180273494377701, 13.670806247694999 ], [ -89.180273570047504, 13.6708060804193 ], [ -89.180273617112505, 13.6708059791487 ], [ -89.180273665115706, 13.670805895955301 ], [ -89.180273730631995, 13.6708057476687 ], [ -89.180273787857402, 13.6708056364479 ], [ -89.180273881993699, 13.6708054420419 ], [ -89.180274156061699, 13.6708048308091 ], [ -89.1802747890696, 13.670803386827499 ], [ -89.180275337155805, 13.6708020992816 ], [ -89.180275932200999, 13.6708005721697 ], [ -89.180276310431196, 13.6707995812253 ], [ -89.180276442296005, 13.6707991644338 ], [ -89.180276923721905, 13.6707977386412 ], [ -89.180277301831495, 13.670796590419499 ], [ -89.180277622680507, 13.670795507320101 ], [ -89.180278038504795, 13.6707941186352 ], [ -89.180278481947099, 13.670792582595301 ], [ -89.180278822086393, 13.6707913413005 ], [ -89.180279161323497, 13.6707901289308 ], [ -89.180279510763995, 13.6707889626524 ], [ -89.180279813174806, 13.6707879437429 ], [ -89.180280077801001, 13.670787074003499 ], [ -89.180280757518304, 13.6707850650543 ], [ -89.180281078451799, 13.6707840922299 ], [ -89.180281796181703, 13.6707822314913 ], [ -89.180282089526898, 13.670781444889 ], [ -89.180282466875695, 13.6707805099868 ], [ -89.1802828257795, 13.670779630235501 ], [ -89.180283185565401, 13.670778695346 ], [ -89.180283932056597, 13.6707769728821 ], [ -89.180284819734595, 13.670774935759701 ], [ -89.1802853014444, 13.6707738805631 ], [ -89.180285811759703, 13.6707727602651 ], [ -89.180286341493598, 13.6707716489919 ], [ -89.180287314227598, 13.670769630789 ], [ -89.180287796911102, 13.670768639767999 ], [ -89.180288345139104, 13.670767537520099 ], [ -89.180288968099404, 13.6707662508233 ], [ -89.180289526481701, 13.6707651304901 ], [ -89.180290046075896, 13.670764056284 ], [ -89.180290471533894, 13.6707631764839 ], [ -89.180290848960993, 13.6707623437214 ], [ -89.180291293766899, 13.670761380748999 ], [ -89.1802917754476, 13.6707602875889 ], [ -89.180292247856897, 13.670759158279701 ], [ -89.180292644610404, 13.6707582143243 ], [ -89.180292947233795, 13.6707574729099 ], [ -89.1802931455898, 13.670756973815401 ], [ -89.180293456461797, 13.670756140197801 ], [ -89.180293759029098, 13.6707553255682 ], [ -89.180294070832502, 13.670754500988901 ], [ -89.180294344744496, 13.6707536863802 ], [ -89.180294854768604, 13.670752186447301 ], [ -89.1802951000967, 13.670751464960601 ], [ -89.180295345410201, 13.670750724492001 ], [ -89.180295581515395, 13.670750030129 ], [ -89.180295761311896, 13.670749437043099 ], [ -89.180295997431699, 13.6707487616617 ], [ -89.1802962049169, 13.670748113418099 ], [ -89.180296413354895, 13.6707475022334 ], [ -89.180296630090695, 13.6707468630219 ], [ -89.180297140107896, 13.6707453540501 ], [ -89.180297338427806, 13.670744807953101 ], [ -89.180297603209794, 13.6707441415896 ], [ -89.180298056122098, 13.670742901116 ], [ -89.180298349516406, 13.6707421786901 ], [ -89.180298566337498, 13.670741650657501 ], [ -89.1802989732589, 13.670740706694501 ], [ -89.180299285119006, 13.670739956234399 ], [ -89.1802995490266, 13.6707393549519 ], [ -89.180299804670895, 13.670738826890799 ], [ -89.180300560498395, 13.6707372255416 ], [ -89.180301202869501, 13.670735937926599 ], [ -89.180301817588699, 13.6707347533756 ], [ -89.180302422153005, 13.670733586006101 ], [ -89.1803032640033, 13.670732058713201 ], [ -89.180304010785306, 13.670730715884 ], [ -89.180304908203496, 13.670729326846001 ], [ -89.180305286746105, 13.6707287435573 ], [ -89.180305532321498, 13.670728344760301 ], [ -89.180305740077003, 13.6707280490348 ], [ -89.180307045815596, 13.6707263351996 ], [ -89.180307565715296, 13.6707256596102 ], [ -89.180308104116193, 13.670725002085 ], [ -89.1803087099604, 13.6707242984118 ], [ -89.180309437699407, 13.670723436467901 ], [ -89.180310147015604, 13.670722658599701 ], [ -89.180310677175498, 13.6707221032205 ], [ -89.180311329230193, 13.670721389570501 ], [ -89.180312067194805, 13.6707206026423 ], [ -89.180313097728401, 13.6707192225455 ], [ -89.180314147688094, 13.6707178614162 ], [ -89.180316132908004, 13.6707150371018 ], [ -89.180317087600699, 13.670713601019299 ], [ -89.180319621944903, 13.6707096383006 ], [ -89.180322363083505, 13.6707053319507 ], [ -89.180577930748598, 13.670617537279901 ], [ -89.180620935437901, 13.670584434954201 ], [ -89.180770436744794, 13.670404169225799 ], [ -89.180848066234006, 13.670296595847701 ], [ -89.180721944931506, 13.6702313976339 ], [ -89.180993297954899, 13.670079624204501 ], [ -89.181094953162997, 13.669963517484399 ], [ -89.181268486143097, 13.669769997135701 ], [ -89.181363306546203, 13.669616983951199 ], [ -89.181401345642897, 13.669687410767599 ], [ -89.181416455570897, 13.6697153805447 ], [ -89.1816503857941, 13.669594807463501 ], [ -89.181665208877902, 13.6696187786129 ], [ -89.181720257166802, 13.6696520310472 ], [ -89.181791520233801, 13.6697589207145 ], [ -89.181864267595003, 13.669741123501799 ], [ -89.181910359979497, 13.669699326827001 ], [ -89.182001864842903, 13.669616344986499 ], [ -89.182025392994603, 13.669600129804 ], [ -89.182077615301296, 13.6696879667546 ], [ -89.182051228998901, 13.669704156037101 ], [ -89.181839084661803, 13.6697965941731 ], [ -89.181871816513805, 13.6698458574659 ], [ -89.181820520254604, 13.669878503348601 ], [ -89.181781631451003, 13.669774514761199 ], [ -89.181760996077003, 13.6697865725846 ], [ -89.181710772437995, 13.669835239161401 ], [ -89.181788223762098, 13.669976287809501 ], [ -89.181853734619594, 13.670001860232601 ], [ -89.182089620790094, 13.6702417181843 ], [ -89.182094759880499, 13.6702293021158 ], [ -89.182111010033196, 13.6702135822246 ], [ -89.182133048069403, 13.6701924717454 ], [ -89.182137058670904, 13.6701886190934 ], [ -89.182140557561794, 13.670185265769399 ], [ -89.182140652699104, 13.670185172598 ], [ -89.182158254952398, 13.6701691470901 ], [ -89.182172367413401, 13.6701562896006 ], [ -89.182177655646697, 13.6701514543733 ], [ -89.182193598532294, 13.6701316807425 ], [ -89.182210487976306, 13.670110731348 ], [ -89.182210610802301, 13.6701105839224 ], [ -89.182234891006203, 13.670087870073701 ], [ -89.182244737579396, 13.670078662950599 ], [ -89.182260163532206, 13.6700633974146 ], [ -89.1822753063486, 13.670047771434101 ], [ -89.182286882110503, 13.670035804345099 ], [ -89.182299016672403, 13.6700232719081 ], [ -89.182320674257198, 13.669987204970701 ], [ -89.182316759568906, 13.6699800345752 ], [ -89.182393940129202, 13.6699788294013 ], [ -89.182395378421703, 13.6699788093529 ], [ -89.182407585678405, 13.669962287975199 ], [ -89.182418271193697, 13.669947841257001 ], [ -89.182435082482002, 13.6699250868297 ], [ -89.182451913171604, 13.669902323348101 ], [ -89.182527821937796, 13.670029932917201 ], [ -89.182576919919498, 13.670006710703399 ], [ -89.1825820676506, 13.6700042726969 ], [ -89.182591805315795, 13.6700500639356 ], [ -89.182626993066904, 13.670215550621799 ], [ -89.182652842755502, 13.6702022866753 ], [ -89.182696225241799, 13.6701800213864 ], [ -89.182751538336305, 13.6701516296742 ], [ -89.182772278321593, 13.670140988995 ], [ -89.182840501578795, 13.6701608293593 ], [ -89.182886537225698, 13.670130583397601 ], [ -89.182935347152707, 13.6701137663149 ], [ -89.182937978114396, 13.670112866791699 ], [ -89.182990288582005, 13.6700948431081 ], [ -89.183041859715402, 13.6700746551391 ], [ -89.183093526034398, 13.670054448106599 ], [ -89.183097792613196, 13.6700517142683 ], [ -89.183117111390999, 13.6700393246805 ], [ -89.183136836691901, 13.6700266853139 ], [ -89.183157016545906, 13.670013749130099 ], [ -89.1831784264715, 13.670000488434701 ], [ -89.183196062192707, 13.669989562593701 ], [ -89.183251814996297, 13.669955005888401 ], [ -89.183284973951203, 13.670016967472399 ], [ -89.183307477062201, 13.670059018800799 ], [ -89.183334796666898, 13.6701100810648 ], [ -89.183358713353996, 13.6701547688953 ], [ -89.183436214935597, 13.6701171046168 ], [ -89.183533540430304, 13.6700700313566 ], [ -89.183555726080897, 13.6700558435587 ], [ -89.183567167404505, 13.670076595641399 ] ] ] ] } },
{ "type": "Feature", "properties": { "qc_id": 4, "name": null, "descriptio": null, "timestamp": null, "begin": null, "end": null, "altitudemo": null, "tessellate": -1, "extrude": 0, "visibility": -1, "draworder": null, "icon": null, "objectid_1": 96, "fid_1": 98, "text_1": "LOTIFICACION SAN MARCOS", "shape_leng": 730.68706373700002, "shape_area": 18178.168235699999, "fid_2": 0, "zona": 1, "viviendas": null }, "geometry": { "type": "MultiPolygon", "coordinates": [ [ [ [ -89.178686287059904, 13.660325948072501 ], [ -89.178298017422605, 13.660447009974201 ], [ -89.178022875530104, 13.660546024776201 ], [ -89.177694442225103, 13.660665700117701 ], [ -89.176997525503197, 13.660915037412 ], [ -89.176791187501394, 13.660991806192699 ], [ -89.176635194086899, 13.6610566723277 ], [ -89.176640609534203, 13.6610711903941 ], [ -89.176624846387099, 13.661129476646501 ], [ -89.176620086934705, 13.661231507968999 ], [ -89.176464431116599, 13.6612550558682 ], [ -89.176431507690793, 13.6614130493746 ], [ -89.176324539343, 13.661422381965799 ], [ -89.176223821624802, 13.6614481853015 ], [ -89.176203754186005, 13.6614466079241 ], [ -89.176227269734696, 13.661300653823201 ], [ -89.176278061945396, 13.661164268672501 ], [ -89.176309331271995, 13.6610967805349 ], [ -89.176366982002406, 13.660995044827899 ], [ -89.176404847987499, 13.6609013941667 ], [ -89.176447488347307, 13.660635618825999 ], [ -89.176466847644804, 13.660350135413101 ], [ -89.176505419620099, 13.660352476836801 ], [ -89.176562164282799, 13.660341893989701 ], [ -89.176694060801097, 13.6603173172947 ], [ -89.176754000768199, 13.6603017245362 ], [ -89.176778179137798, 13.6602954314226 ], [ -89.176835791188296, 13.6602804603887 ], [ -89.176868467978693, 13.660271958366 ], [ -89.176927455287299, 13.660248221263901 ], [ -89.176930663563994, 13.6602469227721 ], [ -89.176993302839406, 13.6602219239028 ], [ -89.177010913452307, 13.6602163016628 ], [ -89.177050865167104, 13.660203565060501 ], [ -89.177090003667502, 13.6601910875508 ], [ -89.177118534399597, 13.660181996430101 ], [ -89.177195902064398, 13.6601573294764 ], [ -89.1772519540757, 13.660145182329 ], [ -89.177305140965501, 13.6601358691338 ], [ -89.177380719409499, 13.660122634956 ], [ -89.177449026589599, 13.6601074798042 ], [ -89.177572203720104, 13.660080428644999 ], [ -89.177640927794499, 13.660065338219299 ], [ -89.177677429231807, 13.660045634082801 ], [ -89.177700792874901, 13.660051114682901 ], [ -89.1777143496261, 13.660042154530601 ], [ -89.177761187286904, 13.6600108170305 ], [ -89.177856841021296, 13.659947447285999 ], [ -89.177946603013098, 13.6599035462154 ], [ -89.178122808594694, 13.659784036882501 ], [ -89.178154245658803, 13.6597510075258 ], [ -89.178217870354501, 13.6597520903881 ], [ -89.178295853589603, 13.659777709866599 ], [ -89.178320471089805, 13.659826498664 ], [ -89.178344186316394, 13.6598458446783 ], [ -89.178387395022099, 13.659884039909 ], [ -89.178443620751196, 13.659925585460201 ], [ -89.178466780647597, 13.6599743843393 ], [ -89.178501440425805, 13.6600346244911 ], [ -89.178542430173593, 13.6601048462602 ], [ -89.178551678471294, 13.6601188164544 ], [ -89.178570177125394, 13.660136073720199 ], [ -89.178586999977796, 13.660153324066499 ], [ -89.178608867924396, 13.6601829179359 ], [ -89.178658294558105, 13.660257474959099 ], [ -89.178686287059904, 13.660325948072501 ] ] ] ] } },
{ "type": "Feature", "properties": { "qc_id": 26, "name": null, "descriptio": null, "timestamp": null, "begin": null, "end": null, "altitudemo": null, "tessellate": -1, "extrude": 0, "visibility": -1, "draworder": null, "icon": null, "objectid_1": 52, "fid_1": 53, "text_1": "COMUNIDAD EL PARAISO", "shape_leng": 221.79498901900001, "shape_area": 1869.1851246399999, "fid_2": 1, "zona": 3, "viviendas": null }, "geometry": { "type": "MultiPolygon", "coordinates": [ [ [ [ -89.184020379033001, 13.6586402034399 ], [ -89.183991614940894, 13.658676517203 ], [ -89.183981686472904, 13.658700858356299 ], [ -89.183897929792906, 13.6587368435522 ], [ -89.183829217787803, 13.6587663654797 ], [ -89.183806253020805, 13.6587745466143 ], [ -89.1837691787468, 13.6587877359198 ], [ -89.183792524812503, 13.6588913381464 ], [ -89.1838008265714, 13.6588919149532 ], [ -89.183799917427294, 13.658904234801399 ], [ -89.1837986160116, 13.65892200723 ], [ -89.183809835951394, 13.658951099704799 ], [ -89.183748825457499, 13.659000932673701 ], [ -89.183702317026999, 13.659089193782 ], [ -89.183661798956194, 13.6591524423779 ], [ -89.183597600321093, 13.659094436833399 ], [ -89.183602374982698, 13.6590761990192 ], [ -89.183656398658997, 13.6590359146156 ], [ -89.183598995354302, 13.6589538486704 ], [ -89.183571201565798, 13.6588751384618 ], [ -89.183562893643398, 13.6588417964055 ], [ -89.183554308447995, 13.6588049275621 ], [ -89.183527448793299, 13.6587837603383 ], [ -89.183531597802499, 13.658776325427 ], [ -89.183561859089906, 13.658680439478999 ], [ -89.183609180586203, 13.658627303102101 ], [ -89.183620821235195, 13.658590336000399 ], [ -89.183625809767506, 13.6584565568948 ], [ -89.183626745859698, 13.658431389080301 ], [ -89.183635861492604, 13.658432595299001 ], [ -89.183695533986196, 13.658450895256699 ], [ -89.183767151696898, 13.658482534073899 ], [ -89.183878011231698, 13.658562523543599 ], [ -89.184011029503395, 13.6586424972873 ], [ -89.184020379033001, 13.6586402034399 ] ] ] ] } },
{ "type": "Feature", "properties": { "qc_id": 5, "name": null, "descriptio": null, "timestamp": null, "begin": null, "end": null, "altitudemo": null, "tessellate": -1, "extrude": 0, "visibility": -1, "draworder": null, "icon": null, "objectid_1": 110, "fid_1": 112, "text_1": "COMUNIDAD EL TRANSITO 3", "shape_leng": 625.18959076900001, "shape_area": 9010.9034227899992, "fid_2": 0, "zona": 1, "viviendas": null }, "geometry": { "type": "MultiPolygon", "coordinates": [ [ [ [ -89.179397963604202, 13.6611150850408 ], [ -89.179332066093593, 13.6611134211298 ], [ -89.179302359716999, 13.6611202554377 ], [ -89.179279696540405, 13.6610904859514 ], [ -89.179279628082796, 13.661062524049701 ], [ -89.179250845408006, 13.6610879335975 ], [ -89.179221571619195, 13.661053532853501 ], [ -89.179199991550902, 13.661004066726701 ], [ -89.179206849139305, 13.660998008353401 ], [ -89.179157600918998, 13.660946960684001 ], [ -89.179137402593994, 13.660959184290499 ], [ -89.179099910659403, 13.660884747930799 ], [ -89.179060324424199, 13.660817856987 ], [ -89.179052630140703, 13.6608066814241 ], [ -89.179118538023801, 13.660760187753199 ], [ -89.179200547490098, 13.6607147091551 ], [ -89.179267898330707, 13.660686586936301 ], [ -89.179179866510196, 13.6606781725704 ], [ -89.179118255858, 13.6606506441753 ], [ -89.179091107850098, 13.660635345660699 ], [ -89.179090151280107, 13.6606342725315 ], [ -89.179081245997807, 13.660636269390601 ], [ -89.179078865720996, 13.660642157279799 ], [ -89.1790575280544, 13.660687591668699 ], [ -89.179037784144796, 13.6606884023742 ], [ -89.179010968441901, 13.6606615798677 ], [ -89.179006522143297, 13.6606781975747 ], [ -89.179025640948794, 13.6606891885632 ], [ -89.179033886005499, 13.6607281313409 ], [ -89.178969659851703, 13.660758130416699 ], [ -89.178941048372195, 13.6606975433559 ], [ -89.178930100309103, 13.660701947861099 ], [ -89.178871030837897, 13.6607050450898 ], [ -89.178868901635994, 13.6606558052205 ], [ -89.178876232331206, 13.660636187202501 ], [ -89.178854359695407, 13.660538544625799 ], [ -89.178825924925604, 13.660462296559899 ], [ -89.178797618330407, 13.6604038569116 ], [ -89.178774018829799, 13.660412843406201 ], [ -89.178754505100002, 13.6603552858881 ], [ -89.178740351724599, 13.6603259458422 ], [ -89.178693246123004, 13.6603415297594 ], [ -89.178686287059904, 13.660325948072501 ], [ -89.178658294551198, 13.6602574659202 ], [ -89.178608867924396, 13.6601829179359 ], [ -89.178586999977796, 13.660153324066499 ], [ -89.178570177118502, 13.6601360646813 ], [ -89.178551687714503, 13.660118816447801 ], [ -89.178542430166701, 13.660104837221301 ], [ -89.178501431182596, 13.660034624497801 ], [ -89.178466780647597, 13.6599743843393 ], [ -89.178443629994405, 13.6599255854535 ], [ -89.178387395022099, 13.659884039909 ], [ -89.178344186316394, 13.6598458446783 ], [ -89.178320480325496, 13.659826488714399 ], [ -89.178295862832897, 13.659777709859901 ], [ -89.178217870362104, 13.6597521003309 ], [ -89.178203482076597, 13.6597248890935 ], [ -89.178203126782904, 13.6596817293282 ], [ -89.178204774445604, 13.6596568014561 ], [ -89.178211380310998, 13.6596564540933 ], [ -89.178227947069402, 13.6595980930335 ], [ -89.178243015737607, 13.6595973698437 ], [ -89.178294676012598, 13.6596106973675 ], [ -89.178295067757503, 13.6596153530402 ], [ -89.178337130612206, 13.6596150170241 ], [ -89.178349769144205, 13.659619043744 ], [ -89.178413633758097, 13.6596366947542 ], [ -89.178436902058607, 13.6596663888596 ], [ -89.178445311975196, 13.659659654172099 ], [ -89.178481963322398, 13.659651306328 ], [ -89.178519681711606, 13.6596507610187 ], [ -89.178528777335799, 13.6596511521289 ], [ -89.178529526070605, 13.6596268458823 ], [ -89.178527564839499, 13.6595747269842 ], [ -89.178597634705696, 13.659550148044699 ], [ -89.1786427775655, 13.6595670813414 ], [ -89.178667921025394, 13.6595610838177 ], [ -89.178678379826195, 13.659560002393 ], [ -89.178678379882498, 13.6595600765123 ], [ -89.178686795011899, 13.6596490198709 ], [ -89.178689732494504, 13.6596903636447 ], [ -89.178712504075307, 13.6596891250329 ], [ -89.178784462631199, 13.6596831585519 ], [ -89.178932157612607, 13.6596738874567 ], [ -89.178978107753494, 13.6596705683647 ], [ -89.179009266715099, 13.6596694438388 ], [ -89.1790300488383, 13.6596653657076 ], [ -89.1791233317267, 13.659671851008699 ], [ -89.179130174844701, 13.6596723268957 ], [ -89.179129141936897, 13.659794310822001 ], [ -89.179126199992297, 13.659858854594299 ], [ -89.179130402997203, 13.6598723466665 ], [ -89.179142907615798, 13.659886193344899 ], [ -89.179140849254296, 13.660079262932699 ], [ -89.179128223243595, 13.6601912311202 ], [ -89.179135508819101, 13.6602131434285 ], [ -89.179198297287996, 13.660233840236501 ], [ -89.179246124333005, 13.6602468377205 ], [ -89.1792645257202, 13.6602479722523 ], [ -89.179265440602606, 13.660281663320401 ], [ -89.179271560437698, 13.6603506241432 ], [ -89.179231429064302, 13.660350662434199 ], [ -89.179233129553197, 13.6604339920617 ], [ -89.179272759674504, 13.660433583539399 ], [ -89.179272711440404, 13.660519449862999 ], [ -89.1793383043711, 13.6605194951384 ], [ -89.179362876416107, 13.6606816032112 ], [ -89.179390333796803, 13.660704991318999 ], [ -89.179386482411402, 13.660756253037199 ], [ -89.179390532519506, 13.660816459347 ], [ -89.179397963604202, 13.6611150850408 ] ] ] ] } },
{ "type": "Feature", "properties": { "qc_id": 6, "name": null, "descriptio": null, "timestamp": null, "begin": null, "end": null, "altitudemo": null, "tessellate": -1, "extrude": 0, "visibility": -1, "draworder": null, "icon": null, "objectid_1": 111, "fid_1": 113, "text_1": "LOTIFICACION SANCHEZ SOLANO", "shape_leng": 808.36555997100004, "shape_area": 21571.507839599999, "fid_2": 0, "zona": 1, "viviendas": null }, "geometry": { "type": "MultiPolygon", "coordinates": [ [ [ [ -89.180587216744598, 13.6598455310574 ], [ -89.1805419254285, 13.659831726603 ], [ -89.180471320065607, 13.6598003364841 ], [ -89.180426214139302, 13.6597811726863 ], [ -89.180395879926095, 13.659770587746999 ], [ -89.180300200841501, 13.659737216557801 ], [ -89.180215751056494, 13.659721524495399 ], [ -89.1801359679325, 13.659706709378201 ], [ -89.180095754194596, 13.6596992319942 ], [ -89.180043708381504, 13.6596895604773 ], [ -89.179972086574296, 13.6596898352614 ], [ -89.1799423373498, 13.6596899401895 ], [ -89.179886257049205, 13.659690157477399 ], [ -89.179811190295396, 13.6596904347346 ], [ -89.179714777028806, 13.659688005945499 ], [ -89.179637025058597, 13.659679732469099 ], [ -89.179551955564094, 13.659670677019401 ], [ -89.179471382350798, 13.6596621099772 ], [ -89.179380595476005, 13.659652448512601 ], [ -89.179303209462404, 13.6596525320652 ], [ -89.179219232213796, 13.659647901168 ], [ -89.179137575633405, 13.659646507202901 ], [ -89.179137037374204, 13.659672803672199 ], [ -89.179130174844701, 13.6596723268957 ], [ -89.1791233317267, 13.659671851008699 ], [ -89.1790300488383, 13.6596653657076 ], [ -89.179009266715099, 13.6596694438388 ], [ -89.178978107753494, 13.6596705683647 ], [ -89.178932157612607, 13.6596738874567 ], [ -89.178784462631199, 13.6596831585519 ], [ -89.178712504075307, 13.6596891250329 ], [ -89.178689732494504, 13.6596903636447 ], [ -89.178686795011899, 13.6596490198709 ], [ -89.178678379882498, 13.6595600765123 ], [ -89.178678379826195, 13.659560002393 ], [ -89.178667921025394, 13.6595610838177 ], [ -89.1786427775655, 13.6595670813414 ], [ -89.178597634705696, 13.659550148044699 ], [ -89.178527564839499, 13.6595747269842 ], [ -89.178529526070605, 13.6596268458823 ], [ -89.178528777335799, 13.6596511521289 ], [ -89.178519681711606, 13.6596507610187 ], [ -89.178481963322398, 13.659651306328 ], [ -89.178445311975196, 13.659659654172099 ], [ -89.178436902058607, 13.6596663888596 ], [ -89.178413633758097, 13.6596366947542 ], [ -89.178349769144205, 13.659619043744 ], [ -89.178337130612206, 13.6596150170241 ], [ -89.178295067757503, 13.6596153530402 ], [ -89.178294676012598, 13.6596106973675 ], [ -89.178243015737607, 13.6595973698437 ], [ -89.178227947069402, 13.6595980930335 ], [ -89.178211380310998, 13.6596564540933 ], [ -89.178204774445604, 13.6596568014561 ], [ -89.178203126782904, 13.6596817293282 ], [ -89.178203482076597, 13.6597248890935 ], [ -89.178217870362104, 13.6597521003309 ], [ -89.178154245658803, 13.6597510075258 ], [ -89.178142896682104, 13.6597508123712 ], [ -89.178017407646294, 13.659711380489499 ], [ -89.177889005467804, 13.659638101637601 ], [ -89.177802428743504, 13.6595633679449 ], [ -89.177785079286295, 13.6594998665856 ], [ -89.177789142329999, 13.6594285934328 ], [ -89.1777951726514, 13.6594042092505 ], [ -89.177822338406799, 13.6593687117782 ], [ -89.177861544226204, 13.659282937350801 ], [ -89.1779441734937, 13.6593068958398 ], [ -89.177982773130097, 13.659297140201501 ], [ -89.178182942649897, 13.6592380541419 ], [ -89.178224822864294, 13.6592968446804 ], [ -89.178256160227704, 13.6592701833137 ], [ -89.178325154119705, 13.6592114696831 ], [ -89.178343446949697, 13.6591951104025 ], [ -89.178405987458007, 13.6591391781908 ], [ -89.1784840975008, 13.659070276442 ], [ -89.178547100465295, 13.6589880387415 ], [ -89.178591845643695, 13.658956138571099 ], [ -89.178596196829304, 13.6589530341515 ], [ -89.178607126380399, 13.658948694754701 ], [ -89.178688002599102, 13.6589209054442 ], [ -89.1786859261952, 13.658891205003201 ], [ -89.178782095311703, 13.658885396284999 ], [ -89.178783358697203, 13.658903425335801 ], [ -89.178842067389994, 13.658899319644499 ], [ -89.178877114775403, 13.6588968690067 ], [ -89.178976902205704, 13.658882043047701 ], [ -89.179077096425203, 13.6588539982091 ], [ -89.179125358310799, 13.658878833697401 ], [ -89.179177029515699, 13.658905434708499 ], [ -89.179263858055606, 13.6589379983791 ], [ -89.1792862967785, 13.658946423485199 ], [ -89.179308271417199, 13.658954746787501 ], [ -89.179385244150595, 13.6589839026907 ], [ -89.1794508992338, 13.6589787450778 ], [ -89.179484261450298, 13.658976110285099 ], [ -89.179556991671703, 13.6589278995384 ], [ -89.179584986923999, 13.6589126900647 ], [ -89.179612632914996, 13.6588976571022 ], [ -89.179619907972196, 13.658893690021999 ], [ -89.179684622100694, 13.6588583312308 ], [ -89.179734864934701, 13.6588252047707 ], [ -89.179777190340502, 13.658797304978799 ], [ -89.179813504216298, 13.658792696591201 ], [ -89.179842076753204, 13.658789074584501 ], [ -89.179843798406097, 13.6588127869791 ], [ -89.179910429248807, 13.658760165066701 ], [ -89.179958160793205, 13.6587223844411 ], [ -89.179987923629099, 13.658690708298399 ], [ -89.179996956673506, 13.658695125343099 ], [ -89.180064060965606, 13.658778055475601 ], [ -89.180176814766398, 13.658910618399499 ], [ -89.180210187568207, 13.6589833366062 ], [ -89.180269224674404, 13.659074861392099 ], [ -89.1803149428452, 13.6591513271166 ], [ -89.180359236667698, 13.6592350232194 ], [ -89.180409775871397, 13.659315938874499 ], [ -89.180465014723396, 13.659415398970401 ], [ -89.180494265603798, 13.6594693571351 ], [ -89.180524608978601, 13.6595545349848 ], [ -89.180539816437602, 13.659637086381 ], [ -89.180565844726402, 13.659721758500901 ], [ -89.180579965790102, 13.6598074761276 ], [ -89.180587216744598, 13.6598455310574 ] ] ] ] } },
{ "type": "Feature", "properties": { "qc_id": 7, "name": null, "descriptio": null, "timestamp": null, "begin": null, "end": null, "altitudemo": null, "tessellate": -1, "extrude": 0, "visibility": -1, "draworder": null, "icon": null, "objectid_1": 113, "fid_1": 115, "text_1": "QUINTA GLORIA", "shape_leng": 279.34393002600001, "shape_area": 1959.7963991199999, "fid_2": 0, "zona": 1, "viviendas": null }, "geometry": { "type": "MultiPolygon", "coordinates": [ [ [ [ -89.181303062186998, 13.659786868605501 ], [ -89.181238837745596, 13.659794393859899 ], [ -89.181198225443595, 13.6597975431248 ], [ -89.181150618782198, 13.659800679457501 ], [ -89.181142072789399, 13.6597038597492 ], [ -89.181135599746895, 13.659705040483001 ], [ -89.181034281425397, 13.659723468653199 ], [ -89.180939663283098, 13.659729601608401 ], [ -89.1809303126537, 13.6597305611922 ], [ -89.180939963213902, 13.659749408411701 ], [ -89.180972062773293, 13.6597790406418 ], [ -89.181007731140895, 13.659808661202 ], [ -89.181018918425707, 13.6598329496315 ], [ -89.180988422366795, 13.659833101334501 ], [ -89.180978598668204, 13.6598102834391 ], [ -89.180849599609203, 13.659810693798899 ], [ -89.180827131383296, 13.659689550594001 ], [ -89.180821605289495, 13.659667266444901 ], [ -89.180900656289495, 13.6596290929142 ], [ -89.180929443528001, 13.6596220927724 ], [ -89.1810259871406, 13.6595729285409 ], [ -89.181083681903402, 13.6595423136647 ], [ -89.181081218381706, 13.6595264422002 ], [ -89.181072052910295, 13.659412527601599 ], [ -89.181052317388804, 13.659312430473401 ], [ -89.181035568363001, 13.6591703091228 ], [ -89.181027496714293, 13.659098832432701 ], [ -89.181155911283199, 13.6590781155321 ], [ -89.181178639778807, 13.6590942314842 ], [ -89.1811759728173, 13.659096242804999 ], [ -89.181178934482702, 13.659120426109 ], [ -89.181189604275005, 13.659209681374399 ], [ -89.181205540720399, 13.6592795704497 ], [ -89.181223830837695, 13.6593331108703 ], [ -89.181249184555796, 13.6594033536559 ], [ -89.181262757112805, 13.659452298538801 ], [ -89.181264752330705, 13.659474575338001 ], [ -89.181282779959503, 13.659630023642199 ], [ -89.181288273423306, 13.659683065502 ], [ -89.181297814269797, 13.659683058468399 ], [ -89.181300225999095, 13.659718052745101 ], [ -89.181301029854794, 13.6597416365485 ], [ -89.181302601208699, 13.659741644428999 ], [ -89.181302816899404, 13.6597636450441 ], [ -89.181303062186998, 13.659786868605501 ] ] ] ] } },
{ "type": "Feature", "properties": { "qc_id": 8, "name": null, "descriptio": null, "timestamp": null, "begin": null, "end": null, "altitudemo": null, "tessellate": -1, "extrude": 0, "visibility": -1, "draworder": null, "icon": null, "objectid_1": 115, "fid_1": 117, "text_1": "COLONIA LOMAS DE SAN CARLOS", "shape_leng": 449.08786386600002, "shape_area": 8217.6634637099996, "fid_2": 0, "zona": 1, "viviendas": null }, "geometry": { "type": "MultiPolygon", "coordinates": [ [ [ [ -89.180481582271597, 13.6622939158891 ], [ -89.180232410339201, 13.6623293080008 ], [ -89.180308861315595, 13.6624780681059 ], [ -89.180283751546, 13.6624921926794 ], [ -89.180114528417207, 13.6625719352466 ], [ -89.180064282866596, 13.662579552997901 ], [ -89.179965544994403, 13.6625944988445 ], [ -89.179947657565705, 13.6625972706174 ], [ -89.179892879740393, 13.6626057611956 ], [ -89.179885668019907, 13.6626068773563 ], [ -89.179838871721799, 13.6626067913645 ], [ -89.179837301301504, 13.6626068205337 ], [ -89.179788527637797, 13.6626076606615 ], [ -89.179781844880296, 13.662607887904899 ], [ -89.179733034837597, 13.6626095063009 ], [ -89.179724061632598, 13.662609800297 ], [ -89.179683570706302, 13.662611569880699 ], [ -89.179638149557107, 13.662613565416899 ], [ -89.179630378781297, 13.662613691311 ], [ -89.179573597639802, 13.6626145652658 ], [ -89.179524890455895, 13.6626153139996 ], [ -89.179468629706307, 13.662616178511399 ], [ -89.179467343049197, 13.662616198432101 ], [ -89.179418845216006, 13.6626187511638 ], [ -89.179352638783897, 13.6626222333499 ], [ -89.179309867897302, 13.662624495349 ], [ -89.179290211679699, 13.662628998416199 ], [ -89.179230956869105, 13.6626381682233 ], [ -89.179181640244195, 13.662645803195099 ], [ -89.179131343486802, 13.6624357867046 ], [ -89.179107354062694, 13.662367542129299 ], [ -89.179079107666695, 13.662265952398799 ], [ -89.179042386026197, 13.6621327036325 ], [ -89.179007382466907, 13.6619820708303 ], [ -89.179103197494697, 13.6619563160244 ], [ -89.179120472524005, 13.661957803002 ], [ -89.179188832222707, 13.661973414063 ], [ -89.179246456727995, 13.6619865716274 ], [ -89.179310670100406, 13.6620012411078 ], [ -89.179366050873, 13.662013881445301 ], [ -89.179419377435707, 13.6620260604754 ], [ -89.179421826162795, 13.6620347686082 ], [ -89.179469464762406, 13.662023201067401 ], [ -89.179488893778796, 13.6620940955377 ], [ -89.179539548699594, 13.6620779719656 ], [ -89.179525862608003, 13.662028962899701 ], [ -89.179583918132806, 13.662012185823899 ], [ -89.179595518196194, 13.662055374430899 ], [ -89.179651531650293, 13.6620298337736 ], [ -89.179701631085294, 13.6620053242483 ], [ -89.179753907559999, 13.661993235332201 ], [ -89.179800446473195, 13.6619796320585 ], [ -89.179793271628597, 13.6619539983603 ], [ -89.179847446564807, 13.6619369465639 ], [ -89.179923167656199, 13.661974276217601 ], [ -89.179944429639505, 13.662052268491999 ], [ -89.180075195949399, 13.662133449083401 ], [ -89.180132592449297, 13.662171022582701 ], [ -89.180173443468902, 13.6621326458718 ], [ -89.180229290829701, 13.662148543305699 ], [ -89.180306101926803, 13.662187195342799 ], [ -89.180424812079593, 13.6622463087922 ], [ -89.180481582271597, 13.6622939158891 ] ] ] ] } },
{ "type": "Feature", "properties": { "qc_id": 9, "name": null, "descriptio": null, "timestamp": null, "begin": null, "end": null, "altitudemo": null, "tessellate": -1, "extrude": 0, "visibility": -1, "draworder": null, "icon": null, "objectid_1": 136, "fid_1": 138, "text_1": "CONDOMINIO MIRADOR DE SAN MARCOS", "shape_leng": 521.93828501099995, "shape_area": 8136.3755703999996, "fid_2": 0, "zona": 1, "viviendas": null }, "geometry": { "type": "MultiPolygon", "coordinates": [ [ [ [ -89.182885697474404, 13.6652533801664 ], [ -89.1828141807935, 13.665269779351799 ], [ -89.182582250619504, 13.6655587528716 ], [ -89.182478307919098, 13.6655419570398 ], [ -89.182473698929002, 13.6655416920033 ], [ -89.182427743207896, 13.665685793168301 ], [ -89.182175769748497, 13.665713729486299 ], [ -89.182178503428901, 13.665735710151701 ], [ -89.182183246388107, 13.665774072398699 ], [ -89.181944460618396, 13.665792667816699 ], [ -89.181803406923507, 13.6657898380953 ], [ -89.181769608254896, 13.6656081244393 ], [ -89.1818210375219, 13.665601653410601 ], [ -89.182039983646604, 13.665570807867599 ], [ -89.182003365419902, 13.665281403740799 ], [ -89.181994385046394, 13.6652104556476 ], [ -89.181985052181105, 13.665136702129001 ], [ -89.181953223103903, 13.665141177356499 ], [ -89.1818710181103, 13.6645538799942 ], [ -89.181870084918202, 13.664547216277001 ], [ -89.181864548872099, 13.6644991910822 ], [ -89.182180080321103, 13.6644482355496 ], [ -89.182174876944103, 13.6645003967752 ], [ -89.182175734061701, 13.664506689951301 ], [ -89.182257048440704, 13.665103151546401 ], [ -89.182773874861397, 13.665022520305699 ], [ -89.182780329577596, 13.665070127197399 ], [ -89.182855409479401, 13.665096441573899 ], [ -89.182873135735804, 13.6651905047298 ], [ -89.182885697474404, 13.6652533801664 ] ] ] ] } },
{ "type": "Feature", "properties": { "qc_id": 10, "name": null, "descriptio": null, "timestamp": null, "begin": null, "end": null, "altitudemo": null, "tessellate": -1, "extrude": 0, "visibility": -1, "draworder": null, "icon": null, "objectid_1": 138, "fid_1": 140, "text_1": "LOTIF DELGADO", "shape_leng": 263.51742012, "shape_area": 3859.9305716499998, "fid_2": 0, "zona": 1, "viviendas": null }, "geometry": { "type": "MultiPolygon", "coordinates": [ [ [ [ -89.183245352134605, 13.667977929199401 ], [ -89.183241649552897, 13.6680234981302 ], [ -89.183233276186797, 13.668089211998399 ], [ -89.183196225823906, 13.6681706171264 ], [ -89.183171701399999, 13.668208140644101 ], [ -89.183110274302095, 13.6682853336926 ], [ -89.183070882702296, 13.6683254778095 ], [ -89.183022038174599, 13.668357919648299 ], [ -89.182988945763796, 13.6683810839455 ], [ -89.182945895048306, 13.6684027931468 ], [ -89.182832643451505, 13.6683571159572 ], [ -89.182699572592597, 13.668287398124299 ], [ -89.182592948457, 13.6682556557447 ], [ -89.182307425144103, 13.668171000114199 ], [ -89.182379388173999, 13.6681187062362 ], [ -89.182449725492802, 13.668046495347401 ], [ -89.182503263280594, 13.6679382089604 ], [ -89.182588281582895, 13.6677797132187 ], [ -89.182623731329201, 13.6677949961396 ], [ -89.182739152798106, 13.6678439845835 ], [ -89.182739863383901, 13.6678567569738 ], [ -89.182786631523996, 13.667869217640201 ], [ -89.182831317593099, 13.6678811248551 ], [ -89.182920415146299, 13.667904855402799 ], [ -89.183020835634906, 13.667931603726901 ], [ -89.183065227725393, 13.6679434369989 ], [ -89.183118811508393, 13.6679563372441 ], [ -89.183158479302506, 13.667965887166501 ], [ -89.183245352134605, 13.667977929199401 ] ] ] ] } },
{ "type": "Feature", "properties": { "qc_id": 11, "name": null, "descriptio": null, "timestamp": null, "begin": null, "end": null, "altitudemo": null, "tessellate": -1, "extrude": 0, "visibility": -1, "draworder": null, "icon": null, "objectid_1": 139, "fid_1": 141, "text_1": "LOTIF FLORENCIA", "shape_leng": 647.75142136399995, "shape_area": 12428.613991099999, "fid_2": 0, "zona": 1, "viviendas": null }, "geometry": { "type": "MultiPolygon", "coordinates": [ [ [ [ -89.182945895048306, 13.6684027931468 ], [ -89.182933784262303, 13.6684089016287 ], [ -89.182869152535503, 13.668430543710601 ], [ -89.182782458822899, 13.6684552934893 ], [ -89.182681821414604, 13.668489873493799 ], [ -89.182642497511196, 13.6684971130595 ], [ -89.182543161269706, 13.6685372744864 ], [ -89.182483037226206, 13.6685620595737 ], [ -89.182404607215005, 13.668586859128601 ], [ -89.182287412732194, 13.668619212307201 ], [ -89.182182579388396, 13.668651231775399 ], [ -89.182089073451905, 13.668692072946699 ], [ -89.182043950238494, 13.6687138486047 ], [ -89.181995354464107, 13.6687383475433 ], [ -89.1819040225446, 13.6687744018235 ], [ -89.181897019555393, 13.668776720970399 ], [ -89.181859156132504, 13.668762532537301 ], [ -89.181746486028601, 13.6686236105826 ], [ -89.181704523688893, 13.6685718828461 ], [ -89.181666658539896, 13.668518309941 ], [ -89.181631191024294, 13.6684681140127 ], [ -89.181589876150994, 13.6684096752734 ], [ -89.181552987307299, 13.668357471932 ], [ -89.181517245020601, 13.6683069055935 ], [ -89.181469519868799, 13.668221009474999 ], [ -89.181472623263105, 13.6682190448324 ], [ -89.181426512928397, 13.668089931465101 ], [ -89.181442137873503, 13.668087078096701 ], [ -89.181526653069199, 13.6681835081584 ], [ -89.181555703886104, 13.6681609860943 ], [ -89.181622954294795, 13.668098570502501 ], [ -89.181596838817697, 13.6680367508232 ], [ -89.181618574425201, 13.6680276000252 ], [ -89.181644628750107, 13.6680593092496 ], [ -89.181661684550093, 13.668046829249301 ], [ -89.181716308445004, 13.6681186881922 ], [ -89.181777825076693, 13.668070688471399 ], [ -89.181700606796795, 13.6680473925451 ], [ -89.181662875108799, 13.667970236056 ], [ -89.181674008497197, 13.6679241708457 ], [ -89.1816998415688, 13.667926743222999 ], [ -89.181838133140005, 13.667867949400099 ], [ -89.181970837321202, 13.667806087300001 ], [ -89.182038709829499, 13.667752315969899 ], [ -89.182107403425306, 13.667695341518501 ], [ -89.182183126574301, 13.667610769589 ], [ -89.182221835224098, 13.667531408893799 ], [ -89.182232333111997, 13.667434806541101 ], [ -89.182225224443201, 13.6672875702758 ], [ -89.182222846584807, 13.6672237987384 ], [ -89.182222400715503, 13.667210248801799 ], [ -89.182253414006198, 13.6672286164364 ], [ -89.182284719159398, 13.6672454851954 ], [ -89.182518043591202, 13.6673711648421 ], [ -89.182622130264505, 13.6674151912437 ], [ -89.182731873910697, 13.667466221283799 ], [ -89.182737233576603, 13.6674689470596 ], [ -89.182772436163901, 13.667482629347599 ], [ -89.182592713909102, 13.6677714438223 ], [ -89.182588281582895, 13.6677797132187 ], [ -89.182503263280594, 13.6679382089604 ], [ -89.182449725492802, 13.668046495347401 ], [ -89.182379388173999, 13.6681187062362 ], [ -89.182307425144103, 13.668171000114199 ], [ -89.182592948457, 13.6682556557447 ], [ -89.182699572592597, 13.668287398124299 ], [ -89.182832643451505, 13.6683571159572 ], [ -89.182945895048306, 13.6684027931468 ] ] ] ] } },
{ "type": "Feature", "properties": { "qc_id": 12, "name": null, "descriptio": null, "timestamp": null, "begin": null, "end": null, "altitudemo": null, "tessellate": -1, "extrude": 0, "visibility": -1, "draworder": null, "icon": null, "objectid_1": 140, "fid_1": 142, "text_1": "COLONIA GALDAMEZ", "shape_leng": 719.19858830199996, "shape_area": 11182.7834325, "fid_2": 0, "zona": 1, "viviendas": null }, "geometry": { "type": "MultiPolygon", "coordinates": [ [ [ [ -89.182232333111997, 13.667434806541101 ], [ -89.182221835224098, 13.667531408893799 ], [ -89.182183126574301, 13.667610769589 ], [ -89.182107403425306, 13.667695341518501 ], [ -89.182038709829499, 13.667752315969899 ], [ -89.181970837321202, 13.667806087300001 ], [ -89.181838133140005, 13.667867949400099 ], [ -89.1816998415688, 13.667926743222999 ], [ -89.181674008497197, 13.6679241708457 ], [ -89.181518224313194, 13.6679086521388 ], [ -89.181387810538496, 13.667872289821201 ], [ -89.181108308639907, 13.667726678821801 ], [ -89.180898683283303, 13.6676083489478 ], [ -89.180724923387501, 13.6675169547782 ], [ -89.180682376705803, 13.6674319983634 ], [ -89.180938784317405, 13.667370249278299 ], [ -89.181052346096806, 13.667488538682001 ], [ -89.181175741489895, 13.667543539208101 ], [ -89.181253871909306, 13.667547673893999 ], [ -89.181370736153497, 13.6675538634662 ], [ -89.181487524715294, 13.6676703831767 ], [ -89.181611621799803, 13.667715691420501 ], [ -89.181684801817099, 13.667695181354899 ], [ -89.181741290775605, 13.667657931745801 ], [ -89.181816322965901, 13.667608467661299 ], [ -89.181888127994696, 13.6675611174356 ], [ -89.181815488616195, 13.667447509259601 ], [ -89.181758399995104, 13.667358223284699 ], [ -89.181660163165802, 13.6672045743247 ], [ -89.181628473240195, 13.667155013751501 ], [ -89.181591134258895, 13.667096609132299 ], [ -89.181556335717602, 13.667042191513699 ], [ -89.181776570551605, 13.666900959977999 ], [ -89.181797381697194, 13.666884635644401 ], [ -89.181741801713102, 13.666823995644201 ], [ -89.181462265354696, 13.6665221922717 ], [ -89.181465056461406, 13.666520441178299 ], [ -89.181411270924798, 13.6664671393935 ], [ -89.181646750101706, 13.666382727220199 ], [ -89.181747944681703, 13.6663464533273 ], [ -89.181825349858897, 13.666307336159701 ], [ -89.181882637092698, 13.666286810666801 ], [ -89.181959982723001, 13.6664025440157 ], [ -89.181930598260195, 13.6664212076551 ], [ -89.182029640083698, 13.6665522151924 ], [ -89.182135409695803, 13.6667038499791 ], [ -89.182203862986299, 13.6667523184666 ], [ -89.1822156935892, 13.667007411038 ], [ -89.182222400715503, 13.667210248801799 ], [ -89.182222846584807, 13.6672237987384 ], [ -89.182225224443201, 13.6672875702758 ], [ -89.182232333111997, 13.667434806541101 ] ] ] ] } },
{ "type": "Feature", "properties": { "qc_id": 13, "name": null, "descriptio": null, "timestamp": null, "begin": null, "end": null, "altitudemo": null, "tessellate": -1, "extrude": 0, "visibility": -1, "draworder": null, "icon": null, "objectid_1": 141, "fid_1": 143, "text_1": "REPARTO DANILO", "shape_leng": 287.340240671, "shape_area": 4599.2205303199999, "fid_2": 0, "zona": 1, "viviendas": null }, "geometry": { "type": "MultiPolygon", "coordinates": [ [ [ [ -89.183360752977094, 13.6649416495554 ], [ -89.183304516233306, 13.6649491052143 ], [ -89.183225357232303, 13.6650082444955 ], [ -89.183143303351898, 13.665021356031399 ], [ -89.183088028002501, 13.6650360682862 ], [ -89.183020581615693, 13.6650517052309 ], [ -89.182989673639597, 13.665070980260101 ], [ -89.182855409479401, 13.665096441573899 ], [ -89.182780329577596, 13.665070127197399 ], [ -89.182773874861397, 13.665022520305699 ], [ -89.182765945036806, 13.664964389573401 ], [ -89.182750323434306, 13.664849933909901 ], [ -89.182735130377495, 13.664738578281501 ], [ -89.182719851806993, 13.664626593605099 ], [ -89.182712207407505, 13.664570555171601 ], [ -89.182662946681404, 13.664577941324399 ], [ -89.182646490485098, 13.664473019637899 ], [ -89.182641724954195, 13.664442552924699 ], [ -89.182636228616701, 13.6643982490474 ], [ -89.182659018756794, 13.66439535322 ], [ -89.182798406850097, 13.6643993225941 ], [ -89.183044252488799, 13.664344316776001 ], [ -89.183189065542706, 13.6643257803639 ], [ -89.183197034883406, 13.6643740161318 ], [ -89.183232263334006, 13.6645780447656 ], [ -89.183282848594303, 13.6645706213558 ], [ -89.183289187918405, 13.664615933335501 ], [ -89.183292233951093, 13.6646377004379 ], [ -89.183300838531494, 13.664699218444399 ], [ -89.183301628629195, 13.664704872613701 ], [ -89.183311003829701, 13.6647719526062 ], [ -89.183312536647307, 13.6647829563678 ], [ -89.183319675390393, 13.664834006570601 ], [ -89.183345361123102, 13.664830590590199 ], [ -89.183360752977094, 13.6649416495554 ] ] ] ] } },
{ "type": "Feature", "properties": { "qc_id": 14, "name": null, "descriptio": null, "timestamp": null, "begin": null, "end": null, "altitudemo": null, "tessellate": -1, "extrude": 0, "visibility": -1, "draworder": null, "icon": null, "objectid_1": 6, "fid_1": 5, "text_1": "COLONIA SAN ANTONIO 6", "shape_leng": 335.44520015000001, "shape_area": 4950.2418907600004, "fid_2": 1, "zona": 3, "viviendas": null }, "geometry": { "type": "MultiPolygon", "coordinates": [ [ [ [ -89.185833821103401, 13.658929807680799 ], [ -89.185794105979895, 13.658966195010001 ], [ -89.185704851828902, 13.6588713336917 ], [ -89.185598381264995, 13.658765767866001 ], [ -89.185459040875699, 13.6586387900392 ], [ -89.185344257670295, 13.6585044811247 ], [ -89.185205410788498, 13.6583312604768 ], [ -89.185098572629002, 13.658153822495301 ], [ -89.185036145948004, 13.658051332662801 ], [ -89.185005891579394, 13.6580094545227 ], [ -89.185036863687401, 13.657989669389 ], [ -89.185042114885505, 13.657986351762901 ], [ -89.185143982897301, 13.657921956715899 ], [ -89.185148467275596, 13.6579191024585 ], [ -89.185204272628297, 13.657883674800299 ], [ -89.185209570918303, 13.6578803019977 ], [ -89.185263182100002, 13.6578462643596 ], [ -89.185331436601501, 13.6579451956329 ], [ -89.185336600185494, 13.657952688636801 ], [ -89.185356423120297, 13.6579809230905 ], [ -89.185491171905198, 13.657902720540401 ], [ -89.185515030169299, 13.6578872911532 ], [ -89.185532591942703, 13.657916313686201 ], [ -89.185606315904096, 13.6580259772074 ], [ -89.185628900043099, 13.658062706157001 ], [ -89.185670979577097, 13.6581927374815 ], [ -89.1856994034884, 13.658277352118199 ], [ -89.185732087287093, 13.6583744490194 ], [ -89.185763385865002, 13.6585152258234 ], [ -89.185771926613398, 13.6585679498254 ], [ -89.185790436135505, 13.658658115520399 ], [ -89.1858132523911, 13.6588329140565 ], [ -89.185833821103401, 13.658929807680799 ] ] ] ] } },
{ "type": "Feature", "properties": { "qc_id": 15, "name": null, "descriptio": null, "timestamp": null, "begin": null, "end": null, "altitudemo": null, "tessellate": -1, "extrude": 0, "visibility": -1, "draworder": null, "icon": null, "objectid_1": 7, "fid_1": 6, "text_1": "COLONIA BOLIVAR", "shape_leng": 360.63414918400002, "shape_area": 6463.5746905899996, "fid_2": 1, "zona": 3, "viviendas": null }, "geometry": { "type": "MultiPolygon", "coordinates": [ [ [ [ -89.185515030169299, 13.6578872911532 ], [ -89.185491171905198, 13.657902720540401 ], [ -89.185356423120297, 13.6579809230905 ], [ -89.185336600185494, 13.657952688636801 ], [ -89.185331436601501, 13.6579451956329 ], [ -89.185263182100002, 13.6578462643596 ], [ -89.185209570918303, 13.6578803019977 ], [ -89.185204272628297, 13.657883674800299 ], [ -89.185148467275596, 13.6579191024585 ], [ -89.185143982897301, 13.657921956715899 ], [ -89.185042114885505, 13.657986351762901 ], [ -89.185036863687401, 13.657989669389 ], [ -89.185005891579394, 13.6580094545227 ], [ -89.184918491156594, 13.657888471700799 ], [ -89.184787787609906, 13.6577416049458 ], [ -89.184647289930396, 13.6575979298928 ], [ -89.184500298975607, 13.6574894129666 ], [ -89.184359856732598, 13.6574160362438 ], [ -89.184461127173094, 13.6573016321903 ], [ -89.184644049637299, 13.657160444081301 ], [ -89.184740388417097, 13.6570575393366 ], [ -89.184787852843499, 13.657017666360099 ], [ -89.184795458310006, 13.657012079100401 ], [ -89.184835865925805, 13.6570749335329 ], [ -89.184864994851694, 13.6571057145325 ], [ -89.184899455746304, 13.6571289394863 ], [ -89.184971964265401, 13.657185271665 ], [ -89.185031641898505, 13.6572232960675 ], [ -89.185066458975101, 13.657241014208299 ], [ -89.185104201276005, 13.657284275086999 ], [ -89.185174598768697, 13.6573523548954 ], [ -89.185278563538603, 13.6574507865562 ], [ -89.185338402591697, 13.6575128669935 ], [ -89.185356884324705, 13.6575446375872 ], [ -89.185411616834202, 13.6576844061087 ], [ -89.185479641952995, 13.657828829588 ], [ -89.185515030169299, 13.6578872911532 ] ] ] ] } },
{ "type": "Feature", "properties": { "qc_id": 16, "name": null, "descriptio": null, "timestamp": null, "begin": null, "end": null, "altitudemo": null, "tessellate": -1, "extrude": 0, "visibility": -1, "draworder": null, "icon": null, "objectid_1": 8, "fid_1": 7, "text_1": "COLONIA SANTA JULIA 2", "shape_leng": 385.33410440599999, "shape_area": 5930.9651258000004, "fid_2": 1, "zona": 3, "viviendas": null }, "geometry": { "type": "MultiPolygon", "coordinates": [ [ [ [ -89.185791494608097, 13.6567395295155 ], [ -89.185778099631193, 13.6567490549262 ], [ -89.185694914761498, 13.6567880665425 ], [ -89.185568326656707, 13.6568430402089 ], [ -89.185458004417896, 13.656880304205 ], [ -89.185320922104196, 13.6568902003348 ], [ -89.184976067069499, 13.6569029644438 ], [ -89.184891263975103, 13.656929592755199 ], [ -89.184842111855602, 13.6569777792284 ], [ -89.184795458310006, 13.657012079100401 ], [ -89.184802958039, 13.6569813257065 ], [ -89.184790994055106, 13.6569323065892 ], [ -89.184730233493397, 13.656816940357601 ], [ -89.184750007893996, 13.656808317720801 ], [ -89.184799878699096, 13.656796071354201 ], [ -89.184830153811305, 13.656768151724201 ], [ -89.184826518823897, 13.6566827129827 ], [ -89.184787303894794, 13.6565237267281 ], [ -89.185028282652496, 13.6564663534524 ], [ -89.185148647711799, 13.656441244883601 ], [ -89.185186003872303, 13.6564391522616 ], [ -89.185178019834495, 13.6564088172673 ], [ -89.185166950930906, 13.656379086589 ], [ -89.185191684050096, 13.656259944690699 ], [ -89.185161125800306, 13.6562169098114 ], [ -89.185226109102004, 13.656237778786201 ], [ -89.185363244609903, 13.6560800761286 ], [ -89.185379805214197, 13.6560880052571 ], [ -89.185438963008806, 13.6561140985545 ], [ -89.185462637309399, 13.6561293348147 ], [ -89.185539853464505, 13.6561790268886 ], [ -89.185440988521094, 13.656341949699399 ], [ -89.185537863796995, 13.656392718851899 ], [ -89.185582653428995, 13.656430689273799 ], [ -89.185620295709896, 13.656466721710601 ], [ -89.185698502266504, 13.656536720770699 ], [ -89.185718544377195, 13.6565546623915 ], [ -89.185739439302907, 13.6565733617335 ], [ -89.185768675718293, 13.656584520816899 ], [ -89.1857802073458, 13.656648794327401 ], [ -89.185766049731896, 13.656699165470799 ], [ -89.185791494608097, 13.6567395295155 ] ] ] ] } },
{ "type": "Feature", "properties": { "qc_id": 17, "name": null, "descriptio": null, "timestamp": null, "begin": null, "end": null, "altitudemo": null, "tessellate": -1, "extrude": 0, "visibility": -1, "draworder": null, "icon": null, "objectid_1": 11, "fid_1": 10, "text_1": "COMUNIDAD GUADALUPE", "shape_leng": 149.76427699800001, "shape_area": 1212.9310478299999, "fid_2": 1, "zona": 3, "viviendas": null }, "geometry": { "type": "MultiPolygon", "coordinates": [ [ [ [ -89.183760034954005, 13.657562876226001 ], [ -89.183744309688606, 13.6575582510008 ], [ -89.183691653295298, 13.6575427496924 ], [ -89.183680018104297, 13.657539287430801 ], [ -89.183610605438204, 13.6575186337707 ], [ -89.183581171228795, 13.657509871705299 ], [ -89.183546767684206, 13.6574996327673 ], [ -89.183544267731193, 13.6575095105775 ], [ -89.183501061696603, 13.657500129671 ], [ -89.183424817872506, 13.6574835630403 ], [ -89.183416156519897, 13.6574816903052 ], [ -89.183398179041404, 13.6574774834327 ], [ -89.1833420798894, 13.657464696298501 ], [ -89.183296327685994, 13.657454511884801 ], [ -89.1833045794979, 13.657440881342 ], [ -89.183306542131703, 13.657419942985699 ], [ -89.183306598067404, 13.6574193689714 ], [ -89.183303430918201, 13.6573879565012 ], [ -89.183301628471696, 13.6573701222111 ], [ -89.183300018004303, 13.6573566743748 ], [ -89.183342480859906, 13.6573233776184 ], [ -89.183359246110797, 13.6573151640894 ], [ -89.183426307654997, 13.6573055346106 ], [ -89.183471024244497, 13.6572986705267 ], [ -89.183637289341902, 13.6572793956248 ], [ -89.183756087729293, 13.657308028110499 ], [ -89.183818983067496, 13.6573216515956 ], [ -89.183760034954005, 13.657562876226001 ] ] ] ] } },
{ "type": "Feature", "properties": { "qc_id": 18, "name": null, "descriptio": null, "timestamp": null, "begin": null, "end": null, "altitudemo": null, "tessellate": -1, "extrude": 0, "visibility": -1, "draworder": null, "icon": null, "objectid_1": 13, "fid_1": 12, "text_1": "COLONIA SANTA JULIA 1", "shape_leng": 646.64919993700005, "shape_area": 16828.815363500002, "fid_2": 1, "zona": 3, "viviendas": null }, "geometry": { "type": "MultiPolygon", "coordinates": [ [ [ [ -89.184795458310006, 13.657012079100401 ], [ -89.184787852843499, 13.657017666360099 ], [ -89.184740388417097, 13.6570575393366 ], [ -89.184644049637299, 13.657160444081301 ], [ -89.184461127173094, 13.6573016321903 ], [ -89.184359856732598, 13.6574160362438 ], [ -89.184235737111507, 13.657336880369501 ], [ -89.184075668310896, 13.657218784479801 ], [ -89.183899311112398, 13.657126264593201 ], [ -89.183634787904097, 13.657021029373601 ], [ -89.183478061560805, 13.6570019774807 ], [ -89.183418449424806, 13.657035684766001 ], [ -89.183340646085796, 13.657143147973301 ], [ -89.183252221906997, 13.657248888113401 ], [ -89.183169097455107, 13.6573424994417 ], [ -89.183112474333001, 13.657373725045 ], [ -89.183102990619204, 13.6573745745356 ], [ -89.183105156704599, 13.657335938691601 ], [ -89.183099614672798, 13.657244716426201 ], [ -89.183104195077902, 13.657134873641199 ], [ -89.183131870632906, 13.6570491620864 ], [ -89.183160660060807, 13.6569600158056 ], [ -89.183177575023606, 13.6568889002027 ], [ -89.183015785361803, 13.656857883327801 ], [ -89.183017379897706, 13.6568508850987 ], [ -89.183045193655005, 13.656797855540701 ], [ -89.183081093796204, 13.6567371938067 ], [ -89.183092210646095, 13.656718414365701 ], [ -89.183142449668694, 13.6566448027053 ], [ -89.183174507431801, 13.6566446956703 ], [ -89.183202844633101, 13.6566561793224 ], [ -89.183242512628098, 13.6566565664621 ], [ -89.183249552084206, 13.6566778027228 ], [ -89.183309914024804, 13.656670511217699 ], [ -89.183386090342495, 13.656661308824001 ], [ -89.183423348636296, 13.6566557374552 ], [ -89.183440137694703, 13.6566532256653 ], [ -89.183440497337898, 13.656653336575999 ], [ -89.183447499728103, 13.6566388826087 ], [ -89.183497130171006, 13.6565365130415 ], [ -89.183561293211099, 13.656439713257299 ], [ -89.183587204879302, 13.656338536436699 ], [ -89.183649589980206, 13.656280279991799 ], [ -89.183669876700307, 13.656261336398501 ], [ -89.183704589997802, 13.6562317097516 ], [ -89.183763791902095, 13.6561937905565 ], [ -89.183819497844198, 13.6561638806527 ], [ -89.183875136025307, 13.6561312582011 ], [ -89.183975798245399, 13.6560621245146 ], [ -89.183994346628197, 13.656035333684001 ], [ -89.184025350153902, 13.656042928502799 ], [ -89.1840544978282, 13.655988129813901 ], [ -89.184061505234894, 13.6559813399414 ], [ -89.184126033365004, 13.6559405016142 ], [ -89.184157967935604, 13.655988580223701 ], [ -89.184192012991403, 13.6561090013011 ], [ -89.184257897716705, 13.6562293985185 ], [ -89.184347074830697, 13.6562999357403 ], [ -89.184415020328899, 13.656355956950501 ], [ -89.184519039724805, 13.6564036388682 ], [ -89.184614544549504, 13.656432640031801 ], [ -89.184648771989202, 13.656435335958401 ], [ -89.184693070397998, 13.656438819743199 ], [ -89.1847333960296, 13.6564574765559 ], [ -89.184787303894794, 13.6565237267281 ], [ -89.184826518823897, 13.6566827129827 ], [ -89.184830153811305, 13.656768151724201 ], [ -89.184799878699096, 13.656796071354201 ], [ -89.184750007893996, 13.656808317720801 ], [ -89.184730233493397, 13.656816940357601 ], [ -89.184790994055106, 13.6569323065892 ], [ -89.184802958039, 13.6569813257065 ], [ -89.184795458310006, 13.657012079100401 ] ] ] ] } },
{ "type": "Feature", "properties": { "qc_id": 19, "name": null, "descriptio": null, "timestamp": null, "begin": null, "end": null, "altitudemo": null, "tessellate": -1, "extrude": 0, "visibility": -1, "draworder": null, "icon": null, "objectid_1": 14, "fid_1": 13, "text_1": "COLONIA SANTA JULIA 3", "shape_leng": 581.96843051099995, "shape_area": 14509.731423699999, "fid_2": 1, "zona": 3, "viviendas": null }, "geometry": { "type": "MultiPolygon", "coordinates": [ [ [ [ -89.185683464929596, 13.655244649209701 ], [ -89.1856504631006, 13.6553670089405 ], [ -89.185600611866604, 13.6554153253535 ], [ -89.185570523323406, 13.655511840546399 ], [ -89.185513224532897, 13.655550304694 ], [ -89.185463453212506, 13.6556156512841 ], [ -89.185438517170596, 13.6556694282768 ], [ -89.185363972919006, 13.6558032689139 ], [ -89.185338134608102, 13.6558522243021 ], [ -89.185270507467607, 13.6560079872591 ], [ -89.185226230223506, 13.656054753736599 ], [ -89.185197430573695, 13.6560933997182 ], [ -89.185176168835696, 13.656088852872999 ], [ -89.185169840925298, 13.656142727003299 ], [ -89.185169239533494, 13.656147845303501 ], [ -89.185151536156695, 13.6561430182814 ], [ -89.185150755610593, 13.6561495160585 ], [ -89.185150192686507, 13.656180014766701 ], [ -89.185158572554897, 13.6562083039522 ], [ -89.185161125800306, 13.6562169098114 ], [ -89.185191684050096, 13.656259944690699 ], [ -89.185166950930906, 13.656379086589 ], [ -89.185178019834495, 13.6564088172673 ], [ -89.185186003872303, 13.6564391522616 ], [ -89.185148647711799, 13.656441244883601 ], [ -89.185028282652496, 13.6564663534524 ], [ -89.184787303894794, 13.6565237267281 ], [ -89.1847333960296, 13.6564574765559 ], [ -89.184693070397998, 13.656438819743199 ], [ -89.184648771989202, 13.656435335958401 ], [ -89.184706326481404, 13.6563854032159 ], [ -89.184664714640704, 13.6561036021556 ], [ -89.184673780188007, 13.656028187998199 ], [ -89.1846174313864, 13.6559749068944 ], [ -89.184597229260802, 13.655884825530199 ], [ -89.184577018458199, 13.6557966233659 ], [ -89.184582440497906, 13.655795517449601 ], [ -89.184585481602397, 13.6556779285103 ], [ -89.184569026096398, 13.655562408755101 ], [ -89.184585862157306, 13.6554750492321 ], [ -89.184583308269396, 13.655380798512899 ], [ -89.184572162266093, 13.6552891827659 ], [ -89.184580207262201, 13.6552041980424 ], [ -89.184588635798306, 13.6551380031779 ], [ -89.184594354395898, 13.655093163937799 ], [ -89.184602651282702, 13.6550029219765 ], [ -89.1846121348092, 13.654894815467699 ], [ -89.184803229317893, 13.654941154680699 ], [ -89.184970767257497, 13.654809068335901 ], [ -89.185099950673006, 13.654805638475301 ], [ -89.185109877624697, 13.6547914696964 ], [ -89.185233071432407, 13.654862998777199 ], [ -89.185173999777106, 13.6549458743002 ], [ -89.185154808050797, 13.654985263275501 ], [ -89.185156179149899, 13.6550080222929 ], [ -89.185219310063502, 13.6549963497711 ], [ -89.185217180983997, 13.654972359317499 ], [ -89.185423512426695, 13.6550897073274 ], [ -89.185536403539899, 13.6551299503114 ], [ -89.185584153701498, 13.655106126503 ], [ -89.185541785124798, 13.6552088064785 ], [ -89.185529370207604, 13.6552361848501 ], [ -89.185581995324199, 13.655225436709699 ], [ -89.185679484454099, 13.655201973054799 ], [ -89.185683464929596, 13.655244649209701 ] ] ] ] } },
{ "type": "Feature", "properties": { "qc_id": 20, "name": null, "descriptio": null, "timestamp": null, "begin": null, "end": null, "altitudemo": null, "tessellate": -1, "extrude": 0, "visibility": -1, "draworder": null, "icon": null, "objectid_1": 16, "fid_1": 15, "text_1": "COL VILLAS DE SAN MARCOS", "shape_leng": 319.42195740199998, "shape_area": 5230.5908658999997, "fid_2": 1, "zona": 3, "viviendas": null }, "geometry": { "type": "MultiPolygon", "coordinates": [ [ [ [ -89.183587204879302, 13.656338536436699 ], [ -89.183561293211099, 13.656439713257299 ], [ -89.183497130171006, 13.6565365130415 ], [ -89.183447499728103, 13.6566388826087 ], [ -89.183440497337898, 13.656653336575999 ], [ -89.183440137694703, 13.6566532256653 ], [ -89.183423348636296, 13.6566557374552 ], [ -89.183386090342495, 13.656661308824001 ], [ -89.183309914024804, 13.656670511217699 ], [ -89.183249552084206, 13.6566778027228 ], [ -89.183242512628098, 13.6566565664621 ], [ -89.183202844633101, 13.6566561793224 ], [ -89.183174507431801, 13.6566446956703 ], [ -89.183142449668694, 13.6566448027053 ], [ -89.183078092319903, 13.656529106110399 ], [ -89.183063948846296, 13.656536631613401 ], [ -89.1830636265083, 13.6565488217663 ], [ -89.183027303820694, 13.656565334019801 ], [ -89.182983710935105, 13.6565930879826 ], [ -89.182951215335507, 13.656613752577201 ], [ -89.182925312334305, 13.656630210061 ], [ -89.182900782191098, 13.656645815052901 ], [ -89.182814788361298, 13.656627154834799 ], [ -89.182695559749504, 13.6566045294923 ], [ -89.182680404378104, 13.656601652810201 ], [ -89.182649479821706, 13.656598185846599 ], [ -89.182661577251096, 13.656356691665501 ], [ -89.182669369378104, 13.6562010669847 ], [ -89.182672687446001, 13.656110375036899 ], [ -89.182657678797696, 13.655967910812301 ], [ -89.1828738891695, 13.656021499269301 ], [ -89.182946357988897, 13.656039743795301 ], [ -89.1829849395575, 13.656068306157801 ], [ -89.1830036505457, 13.656091163461699 ], [ -89.183050149328494, 13.6561120567094 ], [ -89.1831124314362, 13.656127985761501 ], [ -89.183179747022706, 13.656154194649501 ], [ -89.183198918823194, 13.6561610580964 ], [ -89.183315671105504, 13.6562122300107 ], [ -89.183360056048897, 13.656229569760701 ], [ -89.183440201489006, 13.6562740583999 ], [ -89.183440185067894, 13.6562767059173 ], [ -89.183453979420904, 13.656269559384601 ], [ -89.183587204879302, 13.656338536436699 ] ] ] ] } },
{ "type": "Feature", "properties": { "qc_id": 21, "name": null, "descriptio": null, "timestamp": null, "begin": null, "end": null, "altitudemo": null, "tessellate": -1, "extrude": 0, "visibility": -1, "draworder": null, "icon": null, "objectid_1": 23, "fid_1": 22, "text_1": "COLONIA TEPEYAC", "shape_leng": 805.56389369199997, "shape_area": 27578.60787, "fid_2": 1, "zona": 3, "viviendas": null }, "geometry": { "type": "MultiPolygon", "coordinates": [ [ [ [ -89.187714853068599, 13.6587516479032 ], [ -89.187669816800806, 13.658808679108899 ], [ -89.187498737426196, 13.6590602276711 ], [ -89.187317400103893, 13.6593252040363 ], [ -89.187195056127095, 13.659505221774999 ], [ -89.187084173688802, 13.65958896966 ], [ -89.187020545303298, 13.6596192759021 ], [ -89.186905997680299, 13.6596656423508 ], [ -89.186804173132998, 13.659701317768899 ], [ -89.1866714493909, 13.6597672744458 ], [ -89.186571462518003, 13.659817183795299 ], [ -89.186483940981802, 13.6597959426924 ], [ -89.186426560595194, 13.6597920714345 ], [ -89.186361161425907, 13.6597738406563 ], [ -89.186277257755904, 13.659754975786401 ], [ -89.186138208432695, 13.6596979812005 ], [ -89.186118255379796, 13.659649292698001 ], [ -89.185990237378604, 13.659549518329399 ], [ -89.185940461902902, 13.65952634217 ], [ -89.185968231542901, 13.659358345166 ], [ -89.1860837220473, 13.6593552496436 ], [ -89.186263253250104, 13.659353401752901 ], [ -89.186265001199104, 13.659337137571899 ], [ -89.186274192520898, 13.6593381492983 ], [ -89.186291530279803, 13.659263820729 ], [ -89.186305179576706, 13.659205304055 ], [ -89.186295516906199, 13.6591343466732 ], [ -89.186295278887002, 13.659132587876201 ], [ -89.186287261835304, 13.659073707980101 ], [ -89.186285056899195, 13.6590614917178 ], [ -89.186245543864501, 13.6590658811261 ], [ -89.1862355356281, 13.6590137322255 ], [ -89.186231809997395, 13.658994269693901 ], [ -89.186228430484604, 13.6589695037552 ], [ -89.186222137168798, 13.658923285199499 ], [ -89.186218434125706, 13.658896158534899 ], [ -89.186212813767199, 13.658851169668701 ], [ -89.186203747100194, 13.6588523064013 ], [ -89.186193055178293, 13.6588203726974 ], [ -89.186180607543406, 13.6587832194315 ], [ -89.186157609757899, 13.658714558086 ], [ -89.186153387656006, 13.6587019456361 ], [ -89.186138254935898, 13.658643830391201 ], [ -89.186119077098795, 13.6585701405007 ], [ -89.186117586291601, 13.6585644489057 ], [ -89.186097794119206, 13.658502847250301 ], [ -89.1860886467272, 13.6584743742859 ], [ -89.186083016156999, 13.6584281172606 ], [ -89.186076814411905, 13.6583772517127 ], [ -89.186087842450704, 13.658378437411599 ], [ -89.186083428918593, 13.658351672839601 ], [ -89.186070418715801, 13.658272841448699 ], [ -89.186065996824496, 13.658246020841 ], [ -89.186054498755098, 13.658177629182401 ], [ -89.186049316660799, 13.6581467741675 ], [ -89.186038865246005, 13.658084628526399 ], [ -89.186032987592597, 13.6580496640319 ], [ -89.186019592806403, 13.6579987487856 ], [ -89.186013478595498, 13.6579755486478 ], [ -89.186022885918206, 13.6579143325524 ], [ -89.186035231292607, 13.6578339914556 ], [ -89.186041530392401, 13.657792964371801 ], [ -89.186049786961803, 13.6577609982466 ], [ -89.186059992973597, 13.657727946877401 ], [ -89.186152018668494, 13.657785207604601 ], [ -89.186313758732695, 13.6578724609207 ], [ -89.186526224575005, 13.6579983740672 ], [ -89.186594224808402, 13.6579194071237 ], [ -89.186658844225093, 13.657850225570501 ], [ -89.186707533939, 13.6577693669397 ], [ -89.186726417562895, 13.657734290559199 ], [ -89.186726393597496, 13.6577041077538 ], [ -89.186752065462301, 13.657707550173001 ], [ -89.186788910307499, 13.6577282828236 ], [ -89.186791286764603, 13.657729503083001 ], [ -89.186978959284602, 13.657825658599201 ], [ -89.186975277221293, 13.6578494211525 ], [ -89.187054536771797, 13.657884884808899 ], [ -89.186976120117095, 13.6580167294549 ], [ -89.186944622201906, 13.6580667070948 ], [ -89.186918494990607, 13.6581091005947 ], [ -89.187096511336705, 13.6581550502487 ], [ -89.187206131409198, 13.658199033455899 ], [ -89.187275966285995, 13.6582605688976 ], [ -89.187360639205593, 13.6583069600243 ], [ -89.187555176927802, 13.6584176878679 ], [ -89.187595041164499, 13.658438908908799 ], [ -89.187530071648496, 13.6585082202302 ], [ -89.187484782571005, 13.6585565425785 ], [ -89.187472276116907, 13.658600054714899 ], [ -89.187558678842905, 13.6586432781141 ], [ -89.187588845594405, 13.658658074443499 ], [ -89.187692868934604, 13.658708614932401 ], [ -89.187714853068599, 13.6587516479032 ] ] ] ] } },
{ "type": "Feature", "properties": { "qc_id": 22, "name": null, "descriptio": null, "timestamp": null, "begin": null, "end": null, "altitudemo": null, "tessellate": -1, "extrude": 0, "visibility": -1, "draworder": null, "icon": null, "objectid_1": 169, "fid_1": 164, "text_1": "CONDOMINIO CRUZ ROJA", "shape_leng": 423.61761809699999, "shape_area": 9855.5850587200002, "fid_2": 1, "zona": 3, "viviendas": null }, "geometry": { "type": "MultiPolygon", "coordinates": [ [ [ [ -89.188468348588302, 13.668207348258999 ], [ -89.188516472548599, 13.6682859582383 ], [ -89.188538843834095, 13.6683689998564 ], [ -89.188524250186603, 13.668371415400699 ], [ -89.188540513881705, 13.668457444548601 ], [ -89.188644795673298, 13.6684407962117 ], [ -89.1886578880342, 13.668525779267799 ], [ -89.188670836589793, 13.6685236813404 ], [ -89.188678516549004, 13.668556441585199 ], [ -89.188663007829305, 13.6685589211123 ], [ -89.188678112713305, 13.668640677531201 ], [ -89.188732097544502, 13.6686321105846 ], [ -89.188747792954402, 13.668715961770801 ], [ -89.188827726364806, 13.6688789175873 ], [ -89.188830670623105, 13.6688964056641 ], [ -89.1888209106543, 13.668897967854701 ], [ -89.188851235314601, 13.669077728969199 ], [ -89.188857621832597, 13.6690767297821 ], [ -89.188862953820106, 13.6691093110447 ], [ -89.188680498294204, 13.669183064175 ], [ -89.188685653398394, 13.669214108958201 ], [ -89.188593709835601, 13.6692287231288 ], [ -89.188604224391298, 13.6692920689537 ], [ -89.188558839632805, 13.6693052282876 ], [ -89.188511744874702, 13.6693069456336 ], [ -89.188365042805401, 13.6693338765592 ], [ -89.188318839775505, 13.669341025584499 ], [ -89.188274013864699, 13.6693479566124 ], [ -89.188227938080502, 13.6693547177531 ], [ -89.188182822912196, 13.669360584199399 ], [ -89.188145014972406, 13.6693655004786 ], [ -89.188058450800398, 13.6693843721907 ], [ -89.188028791671798, 13.669326434513 ], [ -89.187885213219005, 13.6690459612733 ], [ -89.187649471315396, 13.668742594875001 ], [ -89.187847589343306, 13.668644804154001 ], [ -89.188097804033006, 13.668462744122801 ], [ -89.188242269327304, 13.668361605416401 ], [ -89.188435740779894, 13.668230117013 ], [ -89.188468348588302, 13.668207348258999 ] ] ] ] } },
{ "type": "Feature", "properties": { "qc_id": 23, "name": null, "descriptio": null, "timestamp": null, "begin": null, "end": null, "altitudemo": null, "tessellate": -1, "extrude": 0, "visibility": -1, "draworder": null, "icon": null, "objectid_1": 46, "fid_1": 47, "text_1": "COLONIA FLORENCIA", "shape_leng": 1270.43836345, "shape_area": 65301.215811499998, "fid_2": 1, "zona": 3, "viviendas": null }, "geometry": { "type": "MultiPolygon", "coordinates": [ [ [ [ -89.187770924873604, 13.6666951880044 ], [ -89.187743403897301, 13.6667723653651 ], [ -89.187737285979907, 13.6668040713884 ], [ -89.187722260341005, 13.6668696612355 ], [ -89.187670200709505, 13.6670593351115 ], [ -89.187634506869998, 13.667118386592101 ], [ -89.187592107976201, 13.6671730656261 ], [ -89.187556401890305, 13.6672168087646 ], [ -89.187482710218504, 13.667247473499801 ], [ -89.187440287692993, 13.66727373773 ], [ -89.187350954431295, 13.667297852080299 ], [ -89.187237051669996, 13.667326354526701 ], [ -89.187127587624701, 13.667317690866501 ], [ -89.186984597286596, 13.667274084628 ], [ -89.186866164569096, 13.6672238964769 ], [ -89.186761131520896, 13.667169329575801 ], [ -89.186636826214098, 13.6670535592626 ], [ -89.186511647068002, 13.666946544661201 ], [ -89.186386459364996, 13.6668285901792 ], [ -89.1862769263263, 13.666732495286601 ], [ -89.186107069230601, 13.666623321469901 ], [ -89.185881685053403, 13.666353082244701 ], [ -89.185861452638207, 13.666191332233799 ], [ -89.185879147481401, 13.6659692150478 ], [ -89.185798600752804, 13.665805326802801 ], [ -89.185704718453593, 13.6657266948004 ], [ -89.185646608007701, 13.665687392189 ], [ -89.185479027309299, 13.6656175717404 ], [ -89.185285557537, 13.6656074348892 ], [ -89.185176115026394, 13.665625010373599 ], [ -89.184678924733902, 13.6657489781294 ], [ -89.184594162086597, 13.665664026965899 ], [ -89.184538877826, 13.6656062093278 ], [ -89.184829536777798, 13.6655091289122 ], [ -89.185085263404005, 13.6654165161785 ], [ -89.185225112266494, 13.6653674198561 ], [ -89.185193337972393, 13.665307614168 ], [ -89.185186674219906, 13.6652956787522 ], [ -89.185169594131295, 13.665265083066 ], [ -89.185125281488894, 13.665185756381399 ], [ -89.185097761997199, 13.6651576578712 ], [ -89.185051188515601, 13.6650795820554 ], [ -89.185004114866501, 13.665003692221401 ], [ -89.184988008357905, 13.6649721783378 ], [ -89.184946307891707, 13.664891508277 ], [ -89.184904388078706, 13.6648104487955 ], [ -89.184903307712503, 13.6648083390163 ], [ -89.184888965071195, 13.664780601171101 ], [ -89.184843550924995, 13.664696730485201 ], [ -89.184799701216704, 13.6646157465551 ], [ -89.184788022778903, 13.6645941802949 ], [ -89.184782167375104, 13.6645745620689 ], [ -89.1847653408079, 13.6645182711804 ], [ -89.184780425436202, 13.6645139564093 ], [ -89.184767205096506, 13.6644451945031 ], [ -89.184737238434593, 13.6642892926603 ], [ -89.184732708248006, 13.664269294705999 ], [ -89.1851094155911, 13.6641494534349 ], [ -89.185102190813694, 13.6641340104275 ], [ -89.185197823806305, 13.6641045419995 ], [ -89.185241247266703, 13.6640890888697 ], [ -89.185286904235596, 13.6640728567009 ], [ -89.185193413546003, 13.6639375690555 ], [ -89.185231083750395, 13.663911374772599 ], [ -89.185267665666601, 13.663885930631499 ], [ -89.185297795535902, 13.6638649800823 ], [ -89.185471671743898, 13.6637440418189 ], [ -89.185498587458298, 13.6637287023288 ], [ -89.185529245011196, 13.663800217862001 ], [ -89.185612242801398, 13.663880533971801 ], [ -89.185675903312401, 13.6639372242206 ], [ -89.185753010153604, 13.663977456144901 ], [ -89.185874637958307, 13.6640365837386 ], [ -89.186113228541402, 13.664132562202401 ], [ -89.186199169674694, 13.6642361357795 ], [ -89.186229888532793, 13.6642773282591 ], [ -89.186270827877607, 13.6643640900202 ], [ -89.186332583931801, 13.6644410151986 ], [ -89.186404489385794, 13.6644982359234 ], [ -89.186473004530001, 13.664528820549799 ], [ -89.186545412489096, 13.6645517480334 ], [ -89.186598245224701, 13.6645612783764 ], [ -89.186637395218099, 13.664574651601599 ], [ -89.186692222527398, 13.664628219913901 ], [ -89.186829372003501, 13.6648636315576 ], [ -89.1869508448506, 13.6650722491728 ], [ -89.186990512566695, 13.6651541895059 ], [ -89.187081679033199, 13.66536488555 ], [ -89.187287178032804, 13.6655884897904 ], [ -89.187310288336505, 13.6656312064683 ], [ -89.187407802389899, 13.665728929842 ], [ -89.187470330363396, 13.665812008753401 ], [ -89.187535395884296, 13.6659439854499 ], [ -89.187600475137799, 13.666093084572999 ], [ -89.187630525831693, 13.6661859719588 ], [ -89.187648070067297, 13.6662509900959 ], [ -89.187668120490798, 13.6663267716908 ], [ -89.187780756168394, 13.666585108866199 ], [ -89.187778325991303, 13.666670691358799 ], [ -89.187770924873604, 13.6666951880044 ] ] ] ] } },
{ "type": "Feature", "properties": { "qc_id": 24, "name": null, "descriptio": null, "timestamp": null, "begin": null, "end": null, "altitudemo": null, "tessellate": -1, "extrude": 0, "visibility": -1, "draworder": null, "icon": null, "objectid_1": 50, "fid_1": 51, "text_1": "COLONIA JARDINES DE SAN MARCOS NO 2", "shape_leng": 327.96086685900002, "shape_area": 6135.6403572899999, "fid_2": 1, "zona": 3, "viviendas": null }, "geometry": { "type": "MultiPolygon", "coordinates": [ [ [ [ -89.189944922944093, 13.664233502560601 ], [ -89.189734702274393, 13.664235931805999 ], [ -89.189570044647397, 13.664212586479101 ], [ -89.189569060947605, 13.6642008691607 ], [ -89.189393533677205, 13.664173616427 ], [ -89.189155250034304, 13.6641426353789 ], [ -89.189007135492204, 13.6641044115157 ], [ -89.189005367646601, 13.6640830773697 ], [ -89.189017635510794, 13.6640486178435 ], [ -89.1890223557442, 13.663986062969601 ], [ -89.189014129897899, 13.663927220394299 ], [ -89.188995480400493, 13.6637937558526 ], [ -89.188984020808405, 13.6637619891829 ], [ -89.188961063631695, 13.6636983266139 ], [ -89.188932187693496, 13.6636182574973 ], [ -89.189603210005103, 13.6636130489482 ], [ -89.189844086522697, 13.6636081149631 ], [ -89.189920609695207, 13.6640842975422 ], [ -89.189944922944093, 13.664233502560601 ] ] ] ] } },
{ "type": "Feature", "properties": { "qc_id": 25, "name": null, "descriptio": null, "timestamp": null, "begin": null, "end": null, "altitudemo": null, "tessellate": -1, "extrude": 0, "visibility": -1, "draworder": null, "icon": null, "objectid_1": 51, "fid_1": 52, "text_1": "COMUNIDAD NUEVA ESPERANZA", "shape_leng": 308.263071518, "shape_area": 5394.9416801500001, "fid_2": 1, "zona": 3, "viviendas": null }, "geometry": { "type": "MultiPolygon", "coordinates": [ [ [ [ -89.185539611786993, 13.6629746794698 ], [ -89.185278384396696, 13.6631105671251 ], [ -89.185244824379197, 13.6631267811422 ], [ -89.185189019134896, 13.662960855645199 ], [ -89.185136553750596, 13.662852666538599 ], [ -89.185089925565904, 13.662764419248401 ], [ -89.184979241827904, 13.662647739354099 ], [ -89.184736818197507, 13.6624529752226 ], [ -89.184797169853695, 13.6624060666076 ], [ -89.184890136915001, 13.662334920858999 ], [ -89.185022749611406, 13.6622334331755 ], [ -89.185066234511197, 13.662200162476701 ], [ -89.185077983608707, 13.6621918323895 ], [ -89.185091899060595, 13.6621819739948 ], [ -89.185120531487001, 13.6621459838018 ], [ -89.185142358567603, 13.6621587863903 ], [ -89.185199581469405, 13.6621662040413 ], [ -89.185268222185698, 13.6621530919794 ], [ -89.185331156740602, 13.6621549047715 ], [ -89.185405556049105, 13.6621828477017 ], [ -89.185462136917096, 13.662239951003301 ], [ -89.185496345976901, 13.662314351807 ], [ -89.185498219838493, 13.662326373987099 ], [ -89.1855072666159, 13.6623842163578 ], [ -89.185511976118605, 13.6624510403757 ], [ -89.185516749478396, 13.6626105242922 ], [ -89.185514880589196, 13.6627723642458 ], [ -89.185517038588898, 13.662892642842101 ], [ -89.185539611786993, 13.6629746794698 ] ] ] ] } },
{ "type": "Feature", "properties": { "qc_id": 27, "name": null, "descriptio": null, "timestamp": null, "begin": null, "end": null, "altitudemo": null, "tessellate": -1, "extrude": 0, "visibility": -1, "draworder": null, "icon": null, "objectid_1": 54, "fid_1": 55, "text_1": "COLONIA SAN ANTONIO 3", "shape_leng": 969.75508897300006, "shape_area": 43771.584191800001, "fid_2": 1, "zona": 3, "viviendas": null }, "geometry": { "type": "MultiPolygon", "coordinates": [ [ [ [ -89.1866019853816, 13.6599346912318 ], [ -89.186646685170203, 13.659988832182499 ], [ -89.186587367001806, 13.6601907202894 ], [ -89.186587365383502, 13.660297023619799 ], [ -89.186478075054794, 13.660455484069701 ], [ -89.186307623230306, 13.6605933955945 ], [ -89.186236327342101, 13.660647235795 ], [ -89.186226985274402, 13.6606590260284 ], [ -89.186175367515702, 13.660724781801999 ], [ -89.186110340830197, 13.6608061064357 ], [ -89.186121788804996, 13.660812188207601 ], [ -89.186105555706106, 13.6608237703327 ], [ -89.185988226892505, 13.660956560638899 ], [ -89.185940212853296, 13.6610315414877 ], [ -89.185934522336098, 13.661040441008399 ], [ -89.185835346078505, 13.661195310485001 ], [ -89.185741643391694, 13.6613534722867 ], [ -89.185707777257804, 13.661425304987301 ], [ -89.185647579662202, 13.661582514956599 ], [ -89.185645808376606, 13.6616290080662 ], [ -89.185630440309595, 13.6616206062246 ], [ -89.185566013674304, 13.661804597215299 ], [ -89.185563813060995, 13.6618224435451 ], [ -89.185576564457904, 13.661823942521499 ], [ -89.185568419649798, 13.661890035950901 ], [ -89.185556503571704, 13.661986593442601 ], [ -89.185555905346504, 13.6619969046092 ], [ -89.185541826510601, 13.662243658320699 ], [ -89.185537670434201, 13.6623135984215 ], [ -89.185498219838493, 13.662326373987099 ], [ -89.185496345976901, 13.662314351807 ], [ -89.185462136917096, 13.662239951003301 ], [ -89.185405556049105, 13.6621828477017 ], [ -89.185331156740602, 13.6621549047715 ], [ -89.185268222185698, 13.6621530919794 ], [ -89.185199581469405, 13.6621662040413 ], [ -89.185142358567603, 13.6621587863903 ], [ -89.185120531487001, 13.6621459838018 ], [ -89.185091899060595, 13.6621819739948 ], [ -89.185077983608707, 13.6621918323895 ], [ -89.185066234511197, 13.662200162476701 ], [ -89.185022749611406, 13.6622334331755 ], [ -89.184890136915001, 13.662334920858999 ], [ -89.184797169853695, 13.6624060666076 ], [ -89.184736818197507, 13.6624529752226 ], [ -89.184646271345997, 13.6623162597086 ], [ -89.184538400542806, 13.662188674736401 ], [ -89.184453235890004, 13.662083267795699 ], [ -89.184379424597694, 13.661983405836001 ], [ -89.184430413235305, 13.661911208865099 ], [ -89.184419025667495, 13.661850156674999 ], [ -89.184311234435299, 13.6618224879496 ], [ -89.184260113832096, 13.661739260475301 ], [ -89.184231686750195, 13.661650471506301 ], [ -89.1842372565674, 13.6615228013878 ], [ -89.184327860148898, 13.6613339968721 ], [ -89.184452504449496, 13.6611507293531 ], [ -89.184509104419504, 13.6609924584903 ], [ -89.184571354017393, 13.660820335721301 ], [ -89.184571284314302, 13.660731525503 ], [ -89.1845769198044, 13.6606760140631 ], [ -89.184635602559595, 13.660614890295699 ], [ -89.184703612206405, 13.660606157325301 ], [ -89.184742039040501, 13.660580072819901 ], [ -89.184762705193606, 13.660536647797 ], [ -89.184750830635096, 13.660481667438701 ], [ -89.184836516897093, 13.660371624490599 ], [ -89.184910372943193, 13.6602760581311 ], [ -89.184972466808901, 13.6602673286302 ], [ -89.185034522088301, 13.660197816807401 ], [ -89.185111343659599, 13.6601051451348 ], [ -89.185164531207704, 13.660050115812099 ], [ -89.185205924793905, 13.6600414027416 ], [ -89.185247284303799, 13.6599777004089 ], [ -89.1851791972434, 13.6598996046495 ], [ -89.185195651272196, 13.659856376194 ], [ -89.185310563503094, 13.6597196823556 ], [ -89.185392750765502, 13.6596390753393 ], [ -89.1854578390722, 13.6596113698238 ], [ -89.185525408043105, 13.659619732300699 ], [ -89.185611413538695, 13.659628090787299 ], [ -89.185635981219306, 13.6596352826038 ], [ -89.185663019637801, 13.659643675634999 ], [ -89.185680219434602, 13.659644865731501 ], [ -89.185691265774395, 13.6596340377821 ], [ -89.185723205818306, 13.659640020036401 ], [ -89.185761295329499, 13.6596436014189 ], [ -89.185820262381995, 13.6596423537866 ], [ -89.185873413302801, 13.659624356865001 ], [ -89.185940461902902, 13.65952634217 ], [ -89.185990237378604, 13.659549518329399 ], [ -89.186118255379796, 13.659649292698001 ], [ -89.186138208432695, 13.6596979812005 ], [ -89.186277257755904, 13.659754975786401 ], [ -89.186361161425907, 13.6597738406563 ], [ -89.186426560595194, 13.6597920714345 ], [ -89.186483940981802, 13.6597959426924 ], [ -89.186571462518003, 13.659817183795299 ], [ -89.186566438716596, 13.6598916142198 ], [ -89.186577115668797, 13.6599045543977 ], [ -89.1866019853816, 13.6599346912318 ] ] ] ] } },
{ "type": "Feature", "properties": { "qc_id": 28, "name": null, "descriptio": null, "timestamp": null, "begin": null, "end": null, "altitudemo": null, "tessellate": -1, "extrude": 0, "visibility": -1, "draworder": null, "icon": null, "objectid_1": 142, "fid_1": 144, "text_1": "COMUNIDAD LAS PISCINAS", "shape_leng": 226.09615859900001, "shape_area": 2784.42402008, "fid_2": 1, "zona": 3, "viviendas": null }, "geometry": { "type": "MultiPolygon", "coordinates": [ [ [ [ -89.1860837220473, 13.6593552496436 ], [ -89.185968231542901, 13.659358345166 ], [ -89.185940461902902, 13.65952634217 ], [ -89.185873413302801, 13.659624356865001 ], [ -89.185823776885996, 13.659574801341 ], [ -89.185775990461195, 13.6595304372792 ], [ -89.185732476619904, 13.6594900308435 ], [ -89.185697790733698, 13.659458671134299 ], [ -89.185683355481501, 13.659445630712 ], [ -89.185665271678204, 13.6594264104099 ], [ -89.185637724152997, 13.6593971549907 ], [ -89.185606320590907, 13.659363496900401 ], [ -89.185574863597196, 13.659333568312199 ], [ -89.185541673143604, 13.6593020031723 ], [ -89.185530127552298, 13.6592915809487 ], [ -89.185511885168594, 13.6592751836152 ], [ -89.185584334230001, 13.6591965841962 ], [ -89.185723740983207, 13.6590360739581 ], [ -89.185794105979895, 13.658966195010001 ], [ -89.185833821103401, 13.658929807680799 ], [ -89.185925805660403, 13.658838641927099 ], [ -89.185965031637195, 13.6589259781229 ], [ -89.1860189665625, 13.659038137668601 ], [ -89.186062449821407, 13.6591111981447 ], [ -89.186072900191107, 13.659148593363099 ], [ -89.186079902100701, 13.659216581668 ], [ -89.1860837220473, 13.6593552496436 ] ] ] ] } },
{ "type": "Feature", "properties": { "qc_id": 29, "name": null, "descriptio": null, "timestamp": null, "begin": null, "end": null, "altitudemo": null, "tessellate": -1, "extrude": 0, "visibility": -1, "draworder": null, "icon": null, "objectid_1": 58, "fid_1": 59, "text_1": "RES SARA", "shape_leng": 87.647199178799994, "shape_area": 475.66175614000002, "fid_2": 2, "zona": 4, "viviendas": null }, "geometry": { "type": "MultiPolygon", "coordinates": [ [ [ [ -89.182854681605903, 13.654154566711799 ], [ -89.182811525309702, 13.654255903619401 ], [ -89.182796047364704, 13.654325381184901 ], [ -89.182739392324194, 13.6543146588191 ], [ -89.182589239089793, 13.6542746645782 ], [ -89.182603164432606, 13.654229207353101 ], [ -89.182617071349298, 13.654183834203 ], [ -89.182631005925103, 13.654138377873201 ], [ -89.182644562488093, 13.654094152022999 ], [ -89.182797868133306, 13.654134986316199 ], [ -89.182854681605903, 13.654154566711799 ] ] ] ] } },
{ "type": "Feature", "properties": { "qc_id": 30, "name": null, "descriptio": null, "timestamp": null, "begin": null, "end": null, "altitudemo": null, "tessellate": -1, "extrude": 0, "visibility": -1, "draworder": null, "icon": null, "objectid_1": 85, "fid_1": 86, "text_1": "COLONIA ENCARNACION", "shape_leng": 454.20707635700001, "shape_area": 9648.5583694899997, "fid_2": 2, "zona": 4, "viviendas": null }, "geometry": { "type": "MultiPolygon", "coordinates": [ [ [ [ -89.171094488109404, 13.6538504220491 ], [ -89.171012519536205, 13.653884901155401 ], [ -89.170984287364305, 13.6539250636215 ], [ -89.170953397788793, 13.653968995361801 ], [ -89.170931603157001, 13.6539999987084 ], [ -89.170899730212298, 13.6540453475271 ], [ -89.170878929083401, 13.6540749337767 ], [ -89.170838726603705, 13.6541321167314 ], [ -89.170826312229593, 13.6541497955783 ], [ -89.170811496202504, 13.654170853040601 ], [ -89.170785419053601, 13.6542079506899 ], [ -89.170772474337895, 13.6542259254756 ], [ -89.170729907008607, 13.654285053426401 ], [ -89.170681127224995, 13.6543528124453 ], [ -89.170669060969203, 13.654394249894599 ], [ -89.170649568426597, 13.654375205722401 ], [ -89.170620412884901, 13.654344200697601 ], [ -89.1705973557563, 13.654369077393101 ], [ -89.170576509756899, 13.6543891402213 ], [ -89.170494009858899, 13.6543311168248 ], [ -89.170476977104698, 13.654336580921401 ], [ -89.170479321332294, 13.654331757022099 ], [ -89.170450940179904, 13.6543119497824 ], [ -89.170426619993407, 13.654291567560101 ], [ -89.170411562022693, 13.6542785546915 ], [ -89.170371601358596, 13.654252526733501 ], [ -89.170314927899497, 13.654216838679501 ], [ -89.170284020771007, 13.6541971823123 ], [ -89.170250966171295, 13.6541796280776 ], [ -89.170195131677303, 13.6541511398341 ], [ -89.170130215706195, 13.6541172064767 ], [ -89.170038533460996, 13.6540699166927 ], [ -89.170000953985095, 13.6540504411628 ], [ -89.1699698957744, 13.654031413970699 ], [ -89.169941024271793, 13.654013403047999 ], [ -89.169913374649298, 13.6539966043034 ], [ -89.169890032692294, 13.653980394630301 ], [ -89.169852560558994, 13.653953375104599 ], [ -89.169796651150406, 13.6539131597021 ], [ -89.169768034531302, 13.653893520670101 ], [ -89.169706270990503, 13.6538473851675 ], [ -89.169704134100797, 13.6538500712072 ], [ -89.169667218705996, 13.653819580316201 ], [ -89.169628026088006, 13.6537958286159 ], [ -89.169548202952001, 13.6537474385641 ], [ -89.169526718489806, 13.653735809414099 ], [ -89.169634556002904, 13.6535981370795 ], [ -89.169694923227198, 13.653519263221099 ], [ -89.1698044979548, 13.6533761011676 ], [ -89.169873440380996, 13.6534298759187 ], [ -89.169986744715004, 13.653287016723 ], [ -89.169999113473693, 13.653271421425 ], [ -89.170003449413002, 13.6532740659329 ], [ -89.170123440849295, 13.653347104357801 ], [ -89.170225894382696, 13.653422200376699 ], [ -89.170337259369106, 13.653502723486801 ], [ -89.170422251317106, 13.6535652249091 ], [ -89.170655562827804, 13.6537400361893 ], [ -89.170748638272201, 13.6538169987112 ], [ -89.170804141620906, 13.653792987090499 ], [ -89.170955830485795, 13.6537489443025 ], [ -89.170972081701393, 13.6537619282877 ], [ -89.171005370262705, 13.653788543800101 ], [ -89.171010251233, 13.653784384301501 ], [ -89.171058829806199, 13.6538176996819 ], [ -89.171094488109404, 13.6538504220491 ] ] ] ] } },
{ "type": "Feature", "properties": { "qc_id": 33, "name": null, "descriptio": null, "timestamp": null, "begin": null, "end": null, "altitudemo": null, "tessellate": -1, "extrude": 0, "visibility": -1, "draworder": null, "icon": null, "objectid_1": 103, "fid_1": 105, "text_1": "COLONIA EL CARMEN", "shape_leng": 679.54716281100002, "shape_area": 18026.099399899998, "fid_2": 2, "zona": 4, "viviendas": null }, "geometry": { "type": "MultiPolygon", "coordinates": [ [ [ [ -89.173881786467604, 13.654249986605199 ], [ -89.173884655254696, 13.6542521593455 ], [ -89.173878971332599, 13.6542828749692 ], [ -89.173824874088893, 13.654429498599301 ], [ -89.173792106970197, 13.6544811693549 ], [ -89.173794771123795, 13.654564145839499 ], [ -89.1737929606237, 13.654573181539 ], [ -89.173762246205101, 13.6547259803004 ], [ -89.173750581886097, 13.654784041129901 ], [ -89.173745224893906, 13.6548106745339 ], [ -89.173741952909793, 13.654827003881699 ], [ -89.173738061442606, 13.654838058542101 ], [ -89.173697910745702, 13.6549520724488 ], [ -89.173662837858302, 13.6550344193586 ], [ -89.173651409737502, 13.655066925127 ], [ -89.1735772166885, 13.6550317211251 ], [ -89.173292371589795, 13.6549418815293 ], [ -89.173006392143705, 13.654814999924501 ], [ -89.172497806420594, 13.6545174843826 ], [ -89.1725065782596, 13.6544761964894 ], [ -89.172545628317806, 13.6542924960362 ], [ -89.172552674887996, 13.6542479978163 ], [ -89.172578291691593, 13.6541507561031 ], [ -89.172605091474907, 13.654054633481101 ], [ -89.172614316251597, 13.6539466948366 ], [ -89.172597574240001, 13.6539099325661 ], [ -89.172605217388593, 13.653826975948901 ], [ -89.172609926441893, 13.6536780362272 ], [ -89.172611506105696, 13.653664235369201 ], [ -89.172636010547706, 13.653548898471 ], [ -89.172718350011294, 13.6534132981356 ], [ -89.172740382989303, 13.653347288456199 ], [ -89.1727567130945, 13.653262474555101 ], [ -89.172764858389698, 13.6531925499213 ], [ -89.172819782683803, 13.653012447510299 ], [ -89.172839862095998, 13.6529533530789 ], [ -89.172914741470393, 13.652777827495999 ], [ -89.172953739895704, 13.652718284977899 ], [ -89.173127606008904, 13.652805936163499 ], [ -89.173092772875293, 13.6529564237833 ], [ -89.173039040743205, 13.6531359794651 ], [ -89.173014351794095, 13.653220058977499 ], [ -89.172991097264799, 13.6532713713211 ], [ -89.172963483431701, 13.6533298039898 ], [ -89.172969363858101, 13.653410298843699 ], [ -89.172985463117797, 13.653525698509901 ], [ -89.173023405338199, 13.653651051853201 ], [ -89.173047518282104, 13.653750082683199 ], [ -89.173104502366897, 13.6537578169689 ], [ -89.173168116915505, 13.6537850119288 ], [ -89.173264875208901, 13.653822541242899 ], [ -89.173365608341001, 13.6538730449223 ], [ -89.173431895544297, 13.653918389024399 ], [ -89.173482172975, 13.6539574596287 ], [ -89.173574927120399, 13.654007236696801 ], [ -89.173677680076395, 13.6540616074886 ], [ -89.173743336032601, 13.6541243808355 ], [ -89.173806157629897, 13.6541927458481 ], [ -89.173881786467604, 13.654249986605199 ] ] ] ] } },
{ "type": "Feature", "properties": { "qc_id": 34, "name": null, "descriptio": null, "timestamp": null, "begin": null, "end": null, "altitudemo": null, "tessellate": -1, "extrude": 0, "visibility": -1, "draworder": null, "icon": null, "objectid_1": 104, "fid_1": 106, "text_1": "URB LOS ALPES NO 2", "shape_leng": 450.96328772800001, "shape_area": 8724.7467295799997, "fid_2": 2, "zona": 4, "viviendas": null }, "geometry": { "type": "MultiPolygon", "coordinates": [ [ [ [ -89.172764858389698, 13.6531925499213 ], [ -89.1727567130945, 13.653262474555101 ], [ -89.172740382989303, 13.653347288456199 ], [ -89.172718350011294, 13.6534132981356 ], [ -89.172636010547706, 13.653548898471 ], [ -89.172611506105696, 13.653664235369201 ], [ -89.172609926441893, 13.6536780362272 ], [ -89.172605217388593, 13.653826975948901 ], [ -89.172597574240001, 13.6539099325661 ], [ -89.172614316251597, 13.6539466948366 ], [ -89.172605091474907, 13.654054633481101 ], [ -89.172578291691593, 13.6541507561031 ], [ -89.172552674887996, 13.6542479978163 ], [ -89.172545628317806, 13.6542924960362 ], [ -89.1725065782596, 13.6544761964894 ], [ -89.1724606214201, 13.654469120501799 ], [ -89.172189604962, 13.654404510263101 ], [ -89.172187159307299, 13.6544121480716 ], [ -89.172173309846599, 13.654435241411999 ], [ -89.172135788857005, 13.654406334034199 ], [ -89.172060038120193, 13.6543626259263 ], [ -89.171941718066506, 13.654297778367001 ], [ -89.171824007575495, 13.6542246000381 ], [ -89.171857279578703, 13.654203038803001 ], [ -89.171878976649097, 13.6541955077608 ], [ -89.172070562895001, 13.654194281873499 ], [ -89.172073149650302, 13.6541205196056 ], [ -89.172074828525396, 13.6540729898792 ], [ -89.172070000759902, 13.654072788977301 ], [ -89.172070457687596, 13.6540239639218 ], [ -89.172070903601295, 13.6539739818898 ], [ -89.172071096900297, 13.653953934290399 ], [ -89.172076112805399, 13.6539144080174 ], [ -89.172072376094903, 13.653878090365099 ], [ -89.172067409732804, 13.653829945216801 ], [ -89.172066530693399, 13.653779371157 ], [ -89.172066432551702, 13.653775354320899 ], [ -89.172064493155105, 13.6536979950092 ], [ -89.172063274433199, 13.6536493103251 ], [ -89.172062469973596, 13.653610973129201 ], [ -89.172061621713695, 13.6535898325467 ], [ -89.172060565710794, 13.6534919343373 ], [ -89.172060517494998, 13.6534904628317 ], [ -89.172056322912397, 13.653385439614 ], [ -89.172055522660003, 13.6533654840027 ], [ -89.172054221194998, 13.653332561479001 ], [ -89.1720530640806, 13.653303647624099 ], [ -89.172054790749698, 13.6532696491556 ], [ -89.172058344963901, 13.6531993020236 ], [ -89.172058652886307, 13.653193165271899 ], [ -89.172075724586406, 13.653137506901199 ], [ -89.172113868012602, 13.6531508090281 ], [ -89.172304157297503, 13.653175740749999 ], [ -89.172452356082701, 13.653188169355699 ], [ -89.172631652192905, 13.6531934208185 ], [ -89.172764858389698, 13.6531925499213 ] ] ] ] } },
{ "type": "Feature", "properties": { "qc_id": 35, "name": null, "descriptio": null, "timestamp": null, "begin": null, "end": null, "altitudemo": null, "tessellate": -1, "extrude": 0, "visibility": -1, "draworder": null, "icon": null, "objectid_1": 105, "fid_1": 107, "text_1": "COLONIA ABREGO", "shape_leng": 520.18679055600001, "shape_area": 16112.6428555, "fid_2": 2, "zona": 4, "viviendas": null }, "geometry": { "type": "MultiPolygon", "coordinates": [ [ [ [ -89.173251271130894, 13.652174847889301 ], [ -89.173215724922798, 13.6522567322847 ], [ -89.173151731131099, 13.6523428380063 ], [ -89.173035498544294, 13.652528824607399 ], [ -89.172992768753005, 13.652610926438999 ], [ -89.172967161786502, 13.652694691135199 ], [ -89.172953739895704, 13.652718284977899 ], [ -89.172914741470393, 13.652777827495999 ], [ -89.172839862095998, 13.6529533530789 ], [ -89.172819782683803, 13.653012447510299 ], [ -89.172764858389698, 13.6531925499213 ], [ -89.172631652192905, 13.6531934208185 ], [ -89.172452356082701, 13.653188169355699 ], [ -89.172304157297503, 13.653175740749999 ], [ -89.172113868012602, 13.6531508090281 ], [ -89.172075724586406, 13.653137506901199 ], [ -89.172062631364398, 13.653132944167 ], [ -89.172007718640202, 13.6530971712073 ], [ -89.171950963817196, 13.653039916674899 ], [ -89.171934456377997, 13.6529862170285 ], [ -89.171930750277895, 13.652914597771399 ], [ -89.171947519392802, 13.6528470823391 ], [ -89.171912121001995, 13.652638812850901 ], [ -89.171891990275398, 13.6525622255218 ], [ -89.171834772801503, 13.652454731048101 ], [ -89.171867810115003, 13.652423506442901 ], [ -89.171888463814796, 13.652387329015401 ], [ -89.171926553175794, 13.652312949874499 ], [ -89.171933770552499, 13.6523073081453 ], [ -89.1719729511059, 13.652276662242199 ], [ -89.171997463228806, 13.6522613268068 ], [ -89.172022551856401, 13.652245648389799 ], [ -89.172065199695496, 13.652219183268 ], [ -89.172065956352199, 13.6522187199448 ], [ -89.172083118168104, 13.6522079995034 ], [ -89.172099872565497, 13.652197546898501 ], [ -89.172133985459595, 13.6521748551679 ], [ -89.172160532195207, 13.652158620725301 ], [ -89.172207474464798, 13.652129903683701 ], [ -89.172238883548005, 13.652110675745901 ], [ -89.172275373041501, 13.652088352927599 ], [ -89.172319421587005, 13.652062516794199 ], [ -89.1723467633296, 13.6520464752076 ], [ -89.1723987028669, 13.652016042651599 ], [ -89.172417538306505, 13.652004996515499 ], [ -89.172457433937296, 13.651981625476299 ], [ -89.172475192115897, 13.6519712182404 ], [ -89.172478882058499, 13.651968929704401 ], [ -89.172484822542103, 13.651965232226701 ], [ -89.172558588313194, 13.6519222699136 ], [ -89.172633364559402, 13.6518783912244 ], [ -89.172706105237395, 13.6518316531173 ], [ -89.172715055381104, 13.6518269357355 ], [ -89.172729232520993, 13.651774574946799 ], [ -89.172765586712202, 13.651774549408501 ], [ -89.1729198562509, 13.651688852153701 ], [ -89.173075166040704, 13.651603884416 ], [ -89.173080432399601, 13.6516600640515 ], [ -89.173105680634905, 13.651835038357801 ], [ -89.173126724108698, 13.6519419469767 ], [ -89.173136767911203, 13.6519701793626 ], [ -89.1731552397614, 13.6520302744057 ], [ -89.173210577691606, 13.652116389189001 ], [ -89.173251271130894, 13.652174847889301 ] ] ] ] } },
{ "type": "Feature", "properties": { "qc_id": 31, "name": null, "descriptio": null, "timestamp": null, "begin": null, "end": null, "altitudemo": null, "tessellate": -1, "extrude": 0, "visibility": -1, "draworder": null, "icon": null, "objectid_1": 86, "fid_1": 87, "text_1": "COMUNIDAD ENCARNACION", "shape_leng": 620.71780416599995, "shape_area": 19372.060831700001, "fid_2": 2, "zona": 4, "viviendas": null }, "geometry": { "type": "MultiPolygon", "coordinates": [ [ [ [ -89.171479853466593, 13.6535843898192 ], [ -89.171469675515297, 13.6535925699256 ], [ -89.171324730777698, 13.6537092759838 ], [ -89.171312544795597, 13.6537155782871 ], [ -89.171283776462602, 13.6536832127099 ], [ -89.171215657933402, 13.6537345651683 ], [ -89.171156555237403, 13.6537672142862 ], [ -89.171145499328901, 13.653766704049699 ], [ -89.171141441524199, 13.6537957336205 ], [ -89.171112323989206, 13.6538296580415 ], [ -89.171094488109404, 13.6538504220491 ], [ -89.171058829806199, 13.6538176996819 ], [ -89.171010251233, 13.653784384301501 ], [ -89.171005370262705, 13.653788543800101 ], [ -89.170972081701393, 13.6537619282877 ], [ -89.170955830485795, 13.6537489443025 ], [ -89.170804141620906, 13.653792987090499 ], [ -89.170748638272201, 13.6538169987112 ], [ -89.170655562827804, 13.6537400361893 ], [ -89.170422251317106, 13.6535652249091 ], [ -89.170337268612101, 13.653502723480401 ], [ -89.170225904542804, 13.6534221904268 ], [ -89.170123440849295, 13.653347104357801 ], [ -89.170003459580201, 13.653274065925901 ], [ -89.170010171786998, 13.6532637867227 ], [ -89.170013707539397, 13.6532578330403 ], [ -89.170011058721698, 13.653246625682399 ], [ -89.170003491653404, 13.6532135872617 ], [ -89.169994832756601, 13.653176385356 ], [ -89.169978111147003, 13.653101988362399 ], [ -89.169966811925306, 13.653052524246901 ], [ -89.169956036137293, 13.653006001944 ], [ -89.169946322372994, 13.652962043253901 ], [ -89.169936077425106, 13.6529171964025 ], [ -89.169926619904103, 13.6528748021748 ], [ -89.169916365438496, 13.652830843856799 ], [ -89.169905855417795, 13.6527849784986 ], [ -89.169896929547207, 13.6527453787425 ], [ -89.169886333581999, 13.6526995233855 ], [ -89.169876231064805, 13.652654768630001 ], [ -89.169866374862096, 13.652610634679 ], [ -89.169843824532705, 13.6525116395139 ], [ -89.16983214679, 13.652461425420499 ], [ -89.169871818430906, 13.6524550761842 ], [ -89.169964841499905, 13.652433770398099 ], [ -89.169991510989306, 13.6524438963659 ], [ -89.170075714671498, 13.652425473728799 ], [ -89.170098483807905, 13.652420488371 ], [ -89.170169467552896, 13.6524049627872 ], [ -89.170207169051693, 13.6523967085477 ], [ -89.170242164646893, 13.652389048226301 ], [ -89.170309845467003, 13.652374238060901 ], [ -89.170358553565805, 13.652363606165 ], [ -89.170456252025602, 13.6523683516986 ], [ -89.1704687194065, 13.6523716106332 ], [ -89.170633531763897, 13.6524146193024 ], [ -89.170637074169505, 13.652417874478401 ], [ -89.170642811721706, 13.652446536591601 ], [ -89.170672554807993, 13.652426495601899 ], [ -89.170747122713294, 13.6523813955673 ], [ -89.170789943302097, 13.6523316616033 ], [ -89.170791477595799, 13.6522679803006 ], [ -89.170792960001606, 13.6521328525389 ], [ -89.170839230601402, 13.652128488033799 ], [ -89.170842282433995, 13.652174043980001 ], [ -89.170862573316299, 13.6522502236284 ], [ -89.170823998163897, 13.652267050202299 ], [ -89.170850600724904, 13.652316069779101 ], [ -89.170884037447493, 13.6523777083877 ], [ -89.170931835762005, 13.6524315815986 ], [ -89.170933986505901, 13.6524340052512 ], [ -89.170937252757298, 13.652436270850901 ], [ -89.170940226830993, 13.652438397453899 ], [ -89.170943096547006, 13.652440644347401 ], [ -89.170945795410702, 13.6524430866006 ], [ -89.170948230108095, 13.652445778512201 ], [ -89.170950465298702, 13.6524486639959 ], [ -89.170952569341694, 13.6524516896742 ], [ -89.170954596701904, 13.6524547615044 ], [ -89.170956586185795, 13.652457860477799 ], [ -89.170958538725003, 13.652460996536499 ], [ -89.170959855569194, 13.6524631622549 ], [ -89.170960452464399, 13.6524641606429 ], [ -89.170962319078598, 13.6524673437637 ], [ -89.170964110831704, 13.6524705359755 ], [ -89.170965845285195, 13.652473737266201 ], [ -89.170967494717004, 13.6524769566938 ], [ -89.170969058210503, 13.6524802051057 ], [ -89.170970565342003, 13.652483480673601 ], [ -89.1709720161316, 13.652486811418299 ], [ -89.170973438295206, 13.6524901792425 ], [ -89.170974851209294, 13.6524935380342 ], [ -89.170976253963403, 13.652496906775699 ], [ -89.170977657634694, 13.6525002655737 ], [ -89.170979032666693, 13.6525036433735 ], [ -89.170980416941006, 13.652507020263 ], [ -89.170981781805807, 13.652510398069699 ], [ -89.170983147594299, 13.652513774972 ], [ -89.170984493993799, 13.6525171808123 ], [ -89.170985820975801, 13.652520576723299 ], [ -89.170987130396398, 13.652523972646501 ], [ -89.170988372337007, 13.6525273595777 ], [ -89.170989510749493, 13.652530736638001 ], [ -89.170990582607004, 13.6525341056096 ], [ -89.1709916452144, 13.6525374646448 ], [ -89.170992754954298, 13.6525408146081 ], [ -89.170993949735703, 13.6525441735513 ], [ -89.170994347921905, 13.652545191059099 ], [ -89.170995239692402, 13.652547495368699 ], [ -89.170996689524998, 13.6525507800153 ], [ -89.170998235464396, 13.6525540374782 ], [ -89.170999846097203, 13.6525572849532 ], [ -89.171001495530007, 13.652560504380601 ], [ -89.171003182866201, 13.652563733724399 ], [ -89.1710048979173, 13.6525669440672 ], [ -89.1710066416085, 13.6525701363122 ], [ -89.171008424120004, 13.652573328530099 ], [ -89.171010205707304, 13.652576520748701 ], [ -89.171012015947795, 13.652579712947301 ], [ -89.171013797541804, 13.6525829142048 ], [ -89.171015588391896, 13.652586133533701 ], [ -89.171017341353206, 13.6525893628317 ], [ -89.171019037959596, 13.6525926292286 ], [ -89.171020631058298, 13.6525959137755 ], [ -89.171022080911996, 13.652599226442501 ], [ -89.171023418021505, 13.6526025663048 ], [ -89.171024660880803, 13.652605944196299 ], [ -89.171025884349604, 13.652609349218 ], [ -89.171027154944298, 13.652612736129001 ], [ -89.171028548436595, 13.652616076856001 ], [ -89.171030046360301, 13.6526193985285 ], [ -89.171031600645605, 13.652622692141099 ], [ -89.171033155862503, 13.6526259956959 ], [ -89.171034729571801, 13.652629308276801 ], [ -89.171036321760596, 13.652632611805799 ], [ -89.171037933358804, 13.652635914417599 ], [ -89.171039592090196, 13.6526392088614 ], [ -89.171041828294307, 13.6526434836285 ], [ -89.171044036776195, 13.6526477674539 ], [ -89.171046169479197, 13.652652069409701 ], [ -89.171048236585094, 13.652656409374799 ], [ -89.1710502362169, 13.6526607484829 ], [ -89.171052208141006, 13.6526651165349 ], [ -89.171054227196905, 13.652669474611301 ], [ -89.171056341428297, 13.6526737955617 ], [ -89.171058512014696, 13.652678079413199 ], [ -89.171060738962694, 13.652682335204799 ], [ -89.171062985307898, 13.6526865729051 ], [ -89.171065212249502, 13.652690819657799 ], [ -89.171067382836895, 13.6526951044131 ], [ -89.171069468415595, 13.6526994253834 ], [ -89.171071487485307, 13.652703801537401 ], [ -89.171073468659699, 13.652708178621699 ], [ -89.171075450757797, 13.652712554801401 ], [ -89.171077479050894, 13.6527169038322 ], [ -89.171079573852595, 13.6527211967752 ], [ -89.171081725947303, 13.652725471600499 ], [ -89.171083943653997, 13.6527297283022 ], [ -89.171086199242893, 13.6527339659958 ], [ -89.171088492707597, 13.6527381756423 ], [ -89.171089080401899, 13.6527392300777 ], [ -89.171090804658306, 13.652742385275999 ], [ -89.171093126763196, 13.652746576824599 ], [ -89.171095477520495, 13.652750767449399 ], [ -89.171097808875103, 13.6527549680305 ], [ -89.171100130994006, 13.6527591785608 ], [ -89.171102442965406, 13.6527634162151 ], [ -89.171104736450502, 13.6527676529782 ], [ -89.171107020700504, 13.6527719005945 ], [ -89.171109295706998, 13.6527761473133 ], [ -89.171111542060501, 13.652780394052 ], [ -89.171113768990807, 13.652784622726299 ], [ -89.171115977427903, 13.652788841470599 ], [ -89.1711181479494, 13.6527930331245 ], [ -89.171120309220797, 13.652797214842 ], [ -89.171122441839699, 13.6528013974833 ], [ -89.171124564311299, 13.6528056072484 ], [ -89.171126669248295, 13.652809854085399 ], [ -89.171128659620194, 13.6528141660825 ], [ -89.171130479989003, 13.652818570395 ], [ -89.171132148827596, 13.6528230489322 ], [ -89.171133752075505, 13.652827574517699 ], [ -89.1711354209273, 13.652832071132799 ], [ -89.171137232087702, 13.6528365224542 ], [ -89.171138976442407, 13.6528406213033 ], [ -89.171139119019301, 13.6528409447982 ], [ -89.171141033653399, 13.6528453309672 ], [ -89.171143005580802, 13.652849699018301 ], [ -89.171145053285898, 13.6528540471311 ], [ -89.171147214646396, 13.652858349970099 ], [ -89.1711494887237, 13.6528625876501 ], [ -89.171151886595993, 13.6528667420859 ], [ -89.171154398088802, 13.652870803341401 ], [ -89.171156975173105, 13.652874818452601 ], [ -89.171159485728694, 13.6528788616308 ], [ -89.171161902997696, 13.652882997071201 ], [ -89.171164290709697, 13.6528871605527 ], [ -89.171166782833595, 13.652891277863 ], [ -89.171169455114196, 13.652895283868901 ], [ -89.171172391595107, 13.652899086314701 ], [ -89.171175612583298, 13.6529026472227 ], [ -89.171179059889596, 13.652906023578799 ], [ -89.171182630963401, 13.6529092787269 ], [ -89.171186248225695, 13.652912497687 ], [ -89.171189799922999, 13.652915798947101 ], [ -89.171193266646497, 13.652919184328301 ], [ -89.171195435715006, 13.652921376568999 ], [ -89.171200095722099, 13.6529260563996 ], [ -89.171203553203, 13.652929441787199 ], [ -89.171207066998804, 13.6529327349383 ], [ -89.171210627886296, 13.652935962976301 ], [ -89.171214188773305, 13.652939190110301 ], [ -89.171217693319306, 13.652942473324901 ], [ -89.1712210935016, 13.6529458686949 ], [ -89.171224399478902, 13.652949364462801 ], [ -89.171227676837404, 13.652952907253001 ], [ -89.171230954189397, 13.6529564410042 ], [ -89.171234335932894, 13.6529599005635 ], [ -89.171237858985705, 13.6529632117856 ], [ -89.171241571376996, 13.6529663276348 ], [ -89.171245444468596, 13.652969268920399 ], [ -89.171249412660799, 13.6529720700361 ], [ -89.171253399312604, 13.652974834983199 ], [ -89.171257348122396, 13.652977674075901 ], [ -89.171261259082897, 13.6529805773714 ], [ -89.171265132181603, 13.652983527695699 ], [ -89.171268968328405, 13.652986505162399 ], [ -89.171272784161104, 13.6529895106639 ], [ -89.171276591681902, 13.652992525210101 ], [ -89.171280379786097, 13.6529955307309 ], [ -89.171284158640702, 13.652998527219101 ], [ -89.171287898708698, 13.653001569832799 ], [ -89.171291563996405, 13.6530047327165 ], [ -89.171295125844097, 13.653008006851101 ], [ -89.171298639682504, 13.653011355138499 ], [ -89.171302096221297, 13.653014712504699 ], [ -89.171305506565801, 13.653018097923599 ], [ -89.171308669597593, 13.6530207613035 ], [ -89.171311879734802, 13.653023378552 ], [ -89.171315147137605, 13.6530259397191 ], [ -89.1713184801187, 13.653028436664 ], [ -89.171321832483102, 13.6530308965357 ], [ -89.171325213473807, 13.653033319327699 ], [ -89.171328603680394, 13.6530357050537 ], [ -89.171331965220105, 13.6530380718178 ], [ -89.1713353267467, 13.653040420503901 ], [ -89.171338745506006, 13.6530426679141 ], [ -89.1713422584684, 13.653044812214601 ], [ -89.171345847163096, 13.653046874208 ], [ -89.171349482962697, 13.653048889166 ], [ -89.171353109539794, 13.653050932151 ], [ -89.171356707511293, 13.653053040236401 ], [ -89.1713602205418, 13.6530552776376 ], [ -89.171363601526593, 13.6530576913903 ], [ -89.171366821852004, 13.6530603357477 ], [ -89.171369909167097, 13.653063101319599 ], [ -89.171372864381894, 13.6530659682197 ], [ -89.171375554499804, 13.653069076644201 ], [ -89.171375648879405, 13.6530692157781 ], [ -89.171378036900904, 13.653072527789201 ], [ -89.171378976031505, 13.653076395801 ], [ -89.171377995549093, 13.6530804694306 ], [ -89.171376407635194, 13.6530843111828 ], [ -89.171374526564705, 13.6530879407242 ], [ -89.171372485503497, 13.653091450159099 ], [ -89.171370396372197, 13.653094950588599 ], [ -89.171368307253999, 13.6530984690959 ], [ -89.171366245858096, 13.653101978544999 ], [ -89.171364279684894, 13.6531055159484 ], [ -89.171362540995801, 13.6531092005281 ], [ -89.171361076923901, 13.653113024115999 ], [ -89.171359839365707, 13.6531169316081 ], [ -89.171358801501995, 13.653120903137699 ], [ -89.171357962388896, 13.6531249115883 ], [ -89.171357283212501, 13.653128966026101 ], [ -89.171356738065597, 13.6531330294094 ], [ -89.171356277043401, 13.6531371117159 ], [ -89.171355863160301, 13.653141193989599 ], [ -89.171355515833, 13.6531452852557 ], [ -89.171355225818701, 13.6531493855209 ], [ -89.171354982936904, 13.6531534767143 ], [ -89.171354796437001, 13.653157567868501 ], [ -89.171354702853407, 13.6531597897051 ], [ -89.171354629361304, 13.6531616779908 ], [ -89.171354379313399, 13.6531698882341 ], [ -89.171353558199598, 13.6531986000948 ], [ -89.171353235340206, 13.6532109014129 ], [ -89.1713531348137, 13.6532150114889 ], [ -89.171352960550706, 13.6532232117364 ], [ -89.171352897002606, 13.6532273308257 ], [ -89.171352890747102, 13.653231430893101 ], [ -89.171353007416997, 13.6532355227399 ], [ -89.171353294163296, 13.6532396226032 ], [ -89.171353732473804, 13.6532436943401 ], [ -89.171354275230499, 13.6532477669082 ], [ -89.171354912251502, 13.6532518204288 ], [ -89.171355615815301, 13.6532558648641 ], [ -89.171356366504497, 13.653259890284801 ], [ -89.171357155096999, 13.6532639256219 ], [ -89.171357981571902, 13.6532679419508 ], [ -89.171358845018702, 13.653271958254001 ], [ -89.171359738029807, 13.6532759564586 ], [ -89.171360687429598, 13.653279963663 ], [ -89.171361674705096, 13.653283942820201 ], [ -89.171362006506897, 13.6532851827315 ], [ -89.171362728523505, 13.6532879128921 ], [ -89.171363810070801, 13.6532918829447 ], [ -89.171364958160893, 13.6532958439119 ], [ -89.171366153369704, 13.6532997768256 ], [ -89.171367434497299, 13.653303653638 ], [ -89.171368761806804, 13.6533074852235 ], [ -89.171371445975794, 13.653315110410301 ], [ -89.1713727455559, 13.6533189411112 ], [ -89.171374007266806, 13.653322808898199 ], [ -89.171375268991696, 13.6533266956669 ], [ -89.171376264755196, 13.6533296380517 ], [ -89.171376577849102, 13.6533305733637 ], [ -89.171377962477806, 13.653334422083301 ], [ -89.171379366524107, 13.653338280731999 ], [ -89.171380713277799, 13.6533421584025 ], [ -89.171382011981393, 13.653346054184301 ], [ -89.171383264483893, 13.6533499689802 ], [ -89.171384459686095, 13.6533538919509 ], [ -89.171385645659797, 13.6533578348138 ], [ -89.171386860279497, 13.6533617677138 ], [ -89.171388112781599, 13.653365681605701 ], [ -89.1713893930133, 13.653369596382101 ], [ -89.171390712051604, 13.6533734921498 ], [ -89.171392068041499, 13.6533773598709 ], [ -89.171393443441602, 13.6533812275785 ], [ -89.171394855806994, 13.6533850862214 ], [ -89.171396306986395, 13.653388935798301 ], [ -89.171397796055402, 13.653392776309801 ], [ -89.171399294353606, 13.653396597833099 ], [ -89.171400801894805, 13.6534004193499 ], [ -89.171402300199603, 13.653404249912199 ], [ -89.171403760615604, 13.6534080904436 ], [ -89.171405173899103, 13.653411940046899 ], [ -89.171406577028506, 13.653415807735 ], [ -89.171407876454893, 13.6534194260208 ], [ -89.171409337073399, 13.6534235440475 ], [ -89.171410721710402, 13.653427402709699 ], [ -89.171412144243703, 13.6534312613454 ], [ -89.171413623132096, 13.653435082882099 ], [ -89.171415225842793, 13.653438858233899 ], [ -89.171417007819699, 13.653442568380401 ], [ -89.171418912687997, 13.6534462233037 ], [ -89.171420950628004, 13.6534498410746 ], [ -89.171479853466593, 13.6535843898192 ] ] ] ] } },
{ "type": "Feature", "properties": { "qc_id": 32, "name": null, "descriptio": null, "timestamp": null, "begin": null, "end": null, "altitudemo": null, "tessellate": -1, "extrude": 0, "visibility": -1, "draworder": null, "icon": null, "objectid_1": 102, "fid_1": 104, "text_1": "LOTIFICACION EL CARMEN NO 1", "shape_leng": 960.402070342, "shape_area": 43859.272871499998, "fid_2": 2, "zona": 4, "viviendas": null }, "geometry": { "type": "MultiPolygon", "coordinates": [ [ [ [ -89.175677089101598, 13.653811027977699 ], [ -89.175622709448703, 13.6538934531398 ], [ -89.175647406023799, 13.654011318640199 ], [ -89.175620247436896, 13.6540696410057 ], [ -89.175619976278696, 13.6540741389757 ], [ -89.175582011972594, 13.6540721856536 ], [ -89.175579899898196, 13.6540708819388 ], [ -89.175577419221995, 13.6540698379047 ], [ -89.175574248225701, 13.654068970622699 ], [ -89.175571540599705, 13.654068499819299 ], [ -89.175568785986997, 13.6540682333295 ], [ -89.175566240397501, 13.6540681429498 ], [ -89.175563097828004, 13.654068210273699 ], [ -89.175486286571697, 13.654075530599201 ], [ -89.175406026408098, 13.6540774390359 ], [ -89.175331127589004, 13.6540848510499 ], [ -89.175269459140296, 13.6540909483888 ], [ -89.175209863747497, 13.654096849897901 ], [ -89.175144579694404, 13.6541033013962 ], [ -89.175080205093394, 13.6541096781104 ], [ -89.175073836133606, 13.654353556848999 ], [ -89.175072833608596, 13.654392505449 ], [ -89.175072524504102, 13.654421782794 ], [ -89.174993142251694, 13.6544335564733 ], [ -89.174835986626306, 13.6544318270247 ], [ -89.174693977535, 13.654421394871999 ], [ -89.174624793451997, 13.654413751872699 ], [ -89.174546163020295, 13.654406116463001 ], [ -89.174447094726006, 13.6543938757255 ], [ -89.174371614810994, 13.6543831557467 ], [ -89.174289841775504, 13.6543755224834 ], [ -89.174165614535994, 13.6543602180882 ], [ -89.174026555136905, 13.654345025363099 ], [ -89.174060906487099, 13.6541585503265 ], [ -89.1740390741261, 13.654149282788 ], [ -89.174056280840105, 13.6541104881357 ], [ -89.174089764631205, 13.654030706638499 ], [ -89.174016748155395, 13.653997566428799 ], [ -89.1739506489143, 13.6541565367337 ], [ -89.173935055294606, 13.6542006153055 ], [ -89.173925743016497, 13.6542269270138 ], [ -89.173881786467604, 13.654249986605199 ], [ -89.173806157629897, 13.6541927458481 ], [ -89.173743336032601, 13.6541243808355 ], [ -89.173677680076395, 13.6540616074886 ], [ -89.173574927120399, 13.654007236696801 ], [ -89.173482172975, 13.6539574596287 ], [ -89.173431895544297, 13.653918389024399 ], [ -89.173365608341001, 13.6538730449223 ], [ -89.173264875208901, 13.653822541242899 ], [ -89.173168116915505, 13.6537850119288 ], [ -89.173104502366897, 13.6537578169689 ], [ -89.173047518282104, 13.653750082683199 ], [ -89.173023405338199, 13.653651051853201 ], [ -89.172985463117797, 13.653525698509901 ], [ -89.172969363858101, 13.653410298843699 ], [ -89.172963483431701, 13.6533298039898 ], [ -89.172991097264799, 13.6532713713211 ], [ -89.173014351794095, 13.653220058977499 ], [ -89.173039040743205, 13.6531359794651 ], [ -89.173092772875293, 13.6529564237833 ], [ -89.173127606008904, 13.652805936163499 ], [ -89.172953739895704, 13.652718284977899 ], [ -89.172967161786502, 13.652694691135199 ], [ -89.172992768753005, 13.652610926438999 ], [ -89.173035498544294, 13.652528824607399 ], [ -89.173151731131099, 13.6523428380063 ], [ -89.173215724922798, 13.6522567322847 ], [ -89.173251271130894, 13.652174847889301 ], [ -89.173286849881194, 13.652213679416599 ], [ -89.173475457596297, 13.652270414024899 ], [ -89.173559201953296, 13.652308868954 ], [ -89.173626386631398, 13.652339717528299 ], [ -89.173693401202598, 13.652370492085099 ], [ -89.173760254903002, 13.652401183579 ], [ -89.173822393132298, 13.6524297216968 ], [ -89.1738843312055, 13.652470052141799 ], [ -89.173966657937399, 13.6525236409278 ], [ -89.174031826179203, 13.652566079642799 ], [ -89.1740435111968, 13.652573698430601 ], [ -89.174104682722202, 13.652613510527299 ], [ -89.174161460844203, 13.6526504847814 ], [ -89.174184537737901, 13.652665509232801 ], [ -89.174267630016601, 13.6527179774508 ], [ -89.174527200228994, 13.6528818817635 ], [ -89.174685915330599, 13.652818069850801 ], [ -89.174811234615305, 13.6528263291613 ], [ -89.174912046886007, 13.6528677886935 ], [ -89.175669131882302, 13.653801222796901 ], [ -89.175677089101598, 13.653811027977699 ] ] ] ] } },
{ "type": "Feature", "properties": { "qc_id": 63, "name": null, "descriptio": null, "timestamp": null, "begin": null, "end": null, "altitudemo": null, "tessellate": -1, "extrude": 0, "visibility": -1, "draworder": null, "icon": null, "objectid_1": 156, "fid_1": 158, "text_1": "LOT CUMBRES DE SAN BENITO", "shape_leng": 212.40061590900001, "shape_area": 1820.35440324, "fid_2": 3, "zona": 5, "viviendas": null }, "geometry": { "type": "MultiPolygon", "coordinates": [ [ [ [ -89.195404238703404, 13.6605664636434 ], [ -89.195212884386905, 13.660648326710101 ], [ -89.195205677266898, 13.660609170329799 ], [ -89.195185176844504, 13.6604390177528 ], [ -89.195179362497001, 13.6603907155725 ], [ -89.195174182577105, 13.660352844726599 ], [ -89.195161174245399, 13.660257797965 ], [ -89.195150966097103, 13.6601832773119 ], [ -89.195148537032793, 13.660165526765599 ], [ -89.195142164349406, 13.660116040022301 ], [ -89.1951345050513, 13.660056577119899 ], [ -89.195120472190098, 13.6599476654371 ], [ -89.195098425980305, 13.659945220721699 ], [ -89.195088362599293, 13.659873578852 ], [ -89.195259188917703, 13.6598862722393 ], [ -89.195325172519205, 13.6598894783763 ], [ -89.195328716751803, 13.6599400122633 ], [ -89.195329669516894, 13.6599709165392 ], [ -89.195331897342697, 13.6600434992489 ], [ -89.195332247874703, 13.6600548844167 ], [ -89.195344199203006, 13.6601080862469 ], [ -89.195361745792496, 13.6601861551729 ], [ -89.195372680338807, 13.6602348600337 ], [ -89.195376141748795, 13.660265790336799 ], [ -89.195384352355205, 13.660339016383601 ], [ -89.195391904617196, 13.6604064028955 ], [ -89.195393265818396, 13.6604271434644 ], [ -89.195398950748498, 13.660513200481301 ], [ -89.195404238703404, 13.6605664636434 ] ] ] ] } },
{ "type": "Feature", "properties": { "qc_id": 36, "name": null, "descriptio": null, "timestamp": null, "begin": null, "end": null, "altitudemo": null, "tessellate": -1, "extrude": 0, "visibility": -1, "draworder": null, "icon": null, "objectid_1": 106, "fid_1": 108, "text_1": "LOTIFICACION EL CARMEN NO 2", "shape_leng": 1346.5709997599999, "shape_area": 45776.9785137, "fid_2": 2, "zona": 4, "viviendas": null }, "geometry": { "type": "MultiPolygon", "coordinates": [ [ [ [ -89.175155114373496, 13.652820670140001 ], [ -89.174912046886007, 13.6528677886935 ], [ -89.174811234615305, 13.6528263291613 ], [ -89.174685915330599, 13.652818069850801 ], [ -89.174527200228994, 13.6528818817635 ], [ -89.174267630016601, 13.6527179774508 ], [ -89.174184537737901, 13.652665509232801 ], [ -89.174161460844203, 13.6526504847814 ], [ -89.174104682722202, 13.652613510527299 ], [ -89.1740435111968, 13.652573698430601 ], [ -89.174031826179203, 13.652566079642799 ], [ -89.173966657937399, 13.6525236409278 ], [ -89.1738843312055, 13.652470052141799 ], [ -89.173822393132298, 13.6524297216968 ], [ -89.173760254903002, 13.652401183579 ], [ -89.173693401202598, 13.652370492085099 ], [ -89.173626386631398, 13.652339717528299 ], [ -89.173559201953296, 13.652308868954 ], [ -89.173475457596297, 13.652270414024899 ], [ -89.173286849881194, 13.652213679416599 ], [ -89.173251271130894, 13.652174847889301 ], [ -89.173210577691606, 13.652116389189001 ], [ -89.1731552397614, 13.6520302744057 ], [ -89.173136767911203, 13.6519701793626 ], [ -89.173126724108698, 13.6519419469767 ], [ -89.173105680634905, 13.651835038357801 ], [ -89.173080432399601, 13.6516600640515 ], [ -89.173075166040704, 13.651603884416 ], [ -89.1729198562509, 13.651688852153701 ], [ -89.172765586712202, 13.651774549408501 ], [ -89.172729232520993, 13.651774574946799 ], [ -89.172715055381104, 13.6518269357355 ], [ -89.172706105237395, 13.6518316531173 ], [ -89.172633364559402, 13.6518783912244 ], [ -89.172558588313194, 13.6519222699136 ], [ -89.172484822542103, 13.651965232226701 ], [ -89.172478882058499, 13.651968929704401 ], [ -89.172475192115897, 13.6519712182404 ], [ -89.172457433937296, 13.651981625476299 ], [ -89.172417538306505, 13.652004996515499 ], [ -89.1723987028669, 13.652016042651599 ], [ -89.1723467633296, 13.6520464752076 ], [ -89.172319421587005, 13.652062516794199 ], [ -89.172275373041501, 13.652088352927599 ], [ -89.172238883548005, 13.652110675745901 ], [ -89.172207474464798, 13.652129903683701 ], [ -89.172160532195207, 13.652158620725301 ], [ -89.172133985459595, 13.6521748551679 ], [ -89.172099872565497, 13.652197546898501 ], [ -89.172083118168104, 13.6522079995034 ], [ -89.172065956352199, 13.6522187199448 ], [ -89.172065199695496, 13.652219183268 ], [ -89.172022551856401, 13.652245648389799 ], [ -89.171997463228806, 13.6522613268068 ], [ -89.1719729511059, 13.652276662242199 ], [ -89.171933770552499, 13.6523073081453 ], [ -89.171926553175794, 13.652312949874499 ], [ -89.171888463814796, 13.652387329015401 ], [ -89.171867810115003, 13.652423506442901 ], [ -89.171834772801503, 13.652454731048101 ], [ -89.171823184289707, 13.652410837917399 ], [ -89.171757339772398, 13.6523492311129 ], [ -89.171664879949105, 13.652273249263599 ], [ -89.171518397300503, 13.6521746842137 ], [ -89.171443192094102, 13.6521250324286 ], [ -89.171357826655495, 13.652068426812701 ], [ -89.171273473357601, 13.652011821366001 ], [ -89.171235859217404, 13.6519710846522 ], [ -89.171142472050093, 13.6515958058586 ], [ -89.171209800729798, 13.651578867019399 ], [ -89.171973048810401, 13.651426898739 ], [ -89.172145424021394, 13.6513925774908 ], [ -89.172438749735804, 13.651334180181101 ], [ -89.172508008672395, 13.6513166756027 ], [ -89.172982377516803, 13.6511968114186 ], [ -89.173131456949307, 13.651159137051801 ], [ -89.173277394341994, 13.651122261139101 ], [ -89.174586671476703, 13.6508216390577 ], [ -89.174972806912294, 13.6507503998863 ], [ -89.1750142355571, 13.651032683641599 ], [ -89.175073052013701, 13.651163473209801 ], [ -89.175056881371006, 13.6512078858061 ], [ -89.175001400527506, 13.6512483176096 ], [ -89.174897539963197, 13.651292958901101 ], [ -89.1746841247341, 13.6513892234592 ], [ -89.174447518983001, 13.6515329496828 ], [ -89.174537479116196, 13.651542798854599 ], [ -89.174537640856002, 13.651568937547999 ], [ -89.174544360693005, 13.6517859640662 ], [ -89.174550624733897, 13.651987867854601 ], [ -89.174639812546502, 13.652015423917501 ], [ -89.174706791017201, 13.652036118901799 ], [ -89.174613498266297, 13.6524714607555 ], [ -89.174606980563198, 13.652501898591201 ], [ -89.174719225873901, 13.652530512077799 ], [ -89.174815527467899, 13.652565783180799 ], [ -89.174880112876906, 13.6526010758993 ], [ -89.1749622100333, 13.6526513418008 ], [ -89.175043221115999, 13.652717667028901 ], [ -89.175116561805197, 13.6527657543998 ], [ -89.175155114373496, 13.652820670140001 ] ] ] ] } },
{ "type": "Feature", "properties": { "qc_id": 37, "name": null, "descriptio": null, "timestamp": null, "begin": null, "end": null, "altitudemo": null, "tessellate": -1, "extrude": 0, "visibility": -1, "draworder": null, "icon": null, "objectid_1": 145, "fid_1": 147, "text_1": "RES BRISAS DE SAN MARCOS", "shape_leng": 663.956804648, "shape_area": 13309.9810149, "fid_2": 2, "zona": 4, "viviendas": null }, "geometry": { "type": "MultiPolygon", "coordinates": [ [ [ [ -89.179790923106395, 13.655217623061199 ], [ -89.179774104502599, 13.6552551587057 ], [ -89.179763002201696, 13.655279926284299 ], [ -89.179783089817505, 13.6552843723158 ], [ -89.179776517257196, 13.655316032389999 ], [ -89.179756665540907, 13.655311853738199 ], [ -89.1797385155825, 13.655403361859401 ], [ -89.179728577880596, 13.6554535081184 ], [ -89.179519881121806, 13.655433324753499 ], [ -89.179489362751298, 13.655403496837501 ], [ -89.179449702260797, 13.6554005456439 ], [ -89.179414652013705, 13.6554349011098 ], [ -89.179347938980001, 13.6554295634699 ], [ -89.179350213939699, 13.6553838283939 ], [ -89.179368094606403, 13.6552492906273 ], [ -89.179309550420101, 13.655244889779899 ], [ -89.179254159221699, 13.655240728863699 ], [ -89.179198862317307, 13.6552365850404 ], [ -89.179143479440896, 13.6552324231894 ], [ -89.179088182533505, 13.655228270302301 ], [ -89.179032885635706, 13.6552241273455 ], [ -89.1790313243947, 13.6552240082642 ], [ -89.178977588732195, 13.6552199744335 ], [ -89.178922301073797, 13.655215821502299 ], [ -89.178849796340501, 13.655210376762099 ], [ -89.178747759660197, 13.655203157431201 ], [ -89.178669837253906, 13.6551936246482 ], [ -89.178614803677903, 13.655186889038299 ], [ -89.178559779355595, 13.655180163352201 ], [ -89.178394506721702, 13.655159938458601 ], [ -89.178284353644699, 13.6551464680694 ], [ -89.178176304802605, 13.6551361055015 ], [ -89.178121017052106, 13.655131786073801 ], [ -89.178063836225107, 13.6551273297086 ], [ -89.178009048875793, 13.655121028557801 ], [ -89.177954357601706, 13.6551170973352 ], [ -89.177784926297704, 13.655103780790901 ], [ -89.177731106292995, 13.6550993770561 ], [ -89.177676499652094, 13.6550948997587 ], [ -89.177621240412705, 13.655090366879 ], [ -89.177566501600595, 13.6550858896526 ], [ -89.177508023745801, 13.655081100557901 ], [ -89.1774902551618, 13.655076512563101 ], [ -89.177561760440994, 13.6548992760387 ], [ -89.177604397682799, 13.654783084030999 ], [ -89.177644394703407, 13.654681083249599 ], [ -89.177700413689493, 13.6546893730621 ], [ -89.177729938702299, 13.654694294217199 ], [ -89.177759850425602, 13.6546984567221 ], [ -89.177781214325606, 13.6547003385514 ], [ -89.177810348488805, 13.654702983070401 ], [ -89.177855069507203, 13.6547024138171 ], [ -89.177854280371903, 13.654696592406999 ], [ -89.177991818624804, 13.6546785460805 ], [ -89.178102234321997, 13.654688822953201 ], [ -89.178267453645205, 13.6547025960871 ], [ -89.178299193322303, 13.654657561869399 ], [ -89.178403304845602, 13.6545308011044 ], [ -89.178462284326102, 13.6544854515286 ], [ -89.178543070007393, 13.6545023309565 ], [ -89.178618195303997, 13.6545180294644 ], [ -89.178625161948702, 13.654519486904499 ], [ -89.178713335501399, 13.6544802896564 ], [ -89.178736648675894, 13.6544699240309 ], [ -89.178796908902797, 13.654466788906999 ], [ -89.178811503045793, 13.6544660289674 ], [ -89.178873280347602, 13.6544778684367 ], [ -89.178935340608206, 13.6545020087775 ], [ -89.179086820666797, 13.654545650590601 ], [ -89.179156527699803, 13.654568555107 ], [ -89.179234035137, 13.6545929426316 ], [ -89.179300106228496, 13.654613730125901 ], [ -89.1793623239097, 13.6546332974445 ], [ -89.179348653026295, 13.6546654254791 ], [ -89.179320828670797, 13.654730773801599 ], [ -89.1793048428231, 13.6547683088074 ], [ -89.179290633090602, 13.6548016954519 ], [ -89.179261789338, 13.654870867077999 ], [ -89.179243142932904, 13.6549685211009 ], [ -89.1792719091397, 13.6549843282186 ], [ -89.179270131768106, 13.6550123005121 ], [ -89.179264725729695, 13.6550477452304 ], [ -89.179265455033303, 13.6550477817584 ], [ -89.179449062496104, 13.655095102274901 ], [ -89.179552978608299, 13.655122145951999 ], [ -89.179551286758098, 13.6551628178948 ], [ -89.179565138563603, 13.6551678985112 ], [ -89.1796101804415, 13.6551915883138 ], [ -89.1796361604043, 13.655189875439801 ], [ -89.179667317570605, 13.655176293365001 ], [ -89.179790923106395, 13.655217623061199 ] ] ] ] } },
{ "type": "Feature", "properties": { "qc_id": 38, "name": null, "descriptio": null, "timestamp": null, "begin": null, "end": null, "altitudemo": null, "tessellate": -1, "extrude": 0, "visibility": -1, "draworder": null, "icon": null, "objectid_1": 146, "fid_1": 148, "text_1": "COLONIA VALENCIA 2", "shape_leng": 548.89216161000002, "shape_area": 12363.669344399999, "fid_2": 2, "zona": 4, "viviendas": null }, "geometry": { "type": "MultiPolygon", "coordinates": [ [ [ [ -89.177950050950898, 13.6533283657095 ], [ -89.177944730670106, 13.653363755201401 ], [ -89.177919771384694, 13.653413199992499 ], [ -89.177896229398101, 13.6534838943032 ], [ -89.177895085867206, 13.653487329023701 ], [ -89.177867119183404, 13.653564043754599 ], [ -89.177831697348495, 13.6536582108349 ], [ -89.177863324957201, 13.6536911665331 ], [ -89.177695919175207, 13.653725922967601 ], [ -89.177670265454694, 13.653721276507 ], [ -89.177665121961397, 13.6537533892488 ], [ -89.1776139134939, 13.653848224833 ], [ -89.177550686813703, 13.6539718734728 ], [ -89.177500092350897, 13.654102704358399 ], [ -89.177468832678201, 13.654207021820801 ], [ -89.177456898384804, 13.654271081263101 ], [ -89.1774403759362, 13.654362199369199 ], [ -89.177440401545198, 13.6543961405687 ], [ -89.177426612550406, 13.6544484642844 ], [ -89.177420194661295, 13.654498080942099 ], [ -89.177415606950206, 13.6545269528169 ], [ -89.177420226649502, 13.6545404816803 ], [ -89.177424697829494, 13.6545445974991 ], [ -89.177410209880094, 13.654548911390799 ], [ -89.177390591355902, 13.6545510731956 ], [ -89.177293911070095, 13.6545557618158 ], [ -89.177188239420602, 13.6545607804709 ], [ -89.177203811142405, 13.6544368978159 ], [ -89.1772192234302, 13.6543664028666 ], [ -89.177066588370394, 13.654347196603901 ], [ -89.176966846764103, 13.654333310471401 ], [ -89.176954673369707, 13.6543316162954 ], [ -89.176956603475006, 13.6543183231458 ], [ -89.176964259659997, 13.654265771568999 ], [ -89.176958631858994, 13.654158028747201 ], [ -89.176943321485496, 13.654099940171999 ], [ -89.176941012637499, 13.6540889550021 ], [ -89.176900593936196, 13.654007874964201 ], [ -89.176885702736001, 13.653978637474999 ], [ -89.176850252235496, 13.653934503232501 ], [ -89.176837031859407, 13.653899923429201 ], [ -89.176876205923094, 13.653847626682801 ], [ -89.176883646247802, 13.653836190687899 ], [ -89.1768930374365, 13.653802196615301 ], [ -89.176903717748999, 13.6537444969955 ], [ -89.176908987952402, 13.653716040429501 ], [ -89.176900678002696, 13.653678504979 ], [ -89.176901463304404, 13.653615370131201 ], [ -89.176885433707, 13.6535705738295 ], [ -89.176879089022904, 13.653554195314699 ], [ -89.176863062884905, 13.653512758782901 ], [ -89.176845198218501, 13.653456431014799 ], [ -89.176842891231502, 13.653446676946 ], [ -89.176824195198506, 13.653367645764799 ], [ -89.176808461698698, 13.653301106978599 ], [ -89.176801597317706, 13.653272095108999 ], [ -89.176809024586902, 13.6532433133998 ], [ -89.176825530641594, 13.653179342896101 ], [ -89.176831173632294, 13.6531574302557 ], [ -89.176817753897794, 13.653021138113401 ], [ -89.176809096217497, 13.652936573303601 ], [ -89.176809057484803, 13.6528850549886 ], [ -89.176854608475296, 13.6528430933019 ], [ -89.176895527087495, 13.6528579284074 ], [ -89.176949356221499, 13.652913249571901 ], [ -89.177006179972594, 13.6529843677323 ], [ -89.177058802668896, 13.653045446641899 ], [ -89.177104661481906, 13.653098051885801 ], [ -89.177147513871901, 13.653130185183899 ], [ -89.177185369225896, 13.653149650385 ], [ -89.177217257360397, 13.653164251507601 ], [ -89.177249131107601, 13.6531720219095 ], [ -89.177292954373598, 13.653173943633201 ], [ -89.177336773961798, 13.653170987035899 ], [ -89.177392135485306, 13.653161006079699 ], [ -89.177623268487196, 13.6532524633578 ], [ -89.177695006541697, 13.653282632322201 ], [ -89.177729878709798, 13.653300147184 ], [ -89.177758769976904, 13.653306947085399 ], [ -89.177817532667106, 13.653313736232001 ], [ -89.177950050950898, 13.6533283657095 ] ] ] ] } },
{ "type": "Feature", "properties": { "qc_id": 39, "name": null, "descriptio": null, "timestamp": null, "begin": null, "end": null, "altitudemo": null, "tessellate": -1, "extrude": 0, "visibility": -1, "draworder": null, "icon": null, "objectid_1": 147, "fid_1": 149, "text_1": "COLONIA LINDA VISTA", "shape_leng": 1877.08422931, "shape_area": 85046.32311290002, "fid_2": 2, "zona": 4, "viviendas": null }, "geometry": { "type": "MultiPolygon", "coordinates": [ [ [ [ -89.179695420831095, 13.652143400275399 ], [ -89.179683424375, 13.6521505733055 ], [ -89.179667549448894, 13.6521962803641 ], [ -89.179561979120393, 13.6522453864944 ], [ -89.179556119105001, 13.6525407734008 ], [ -89.179550933122002, 13.652542285786501 ], [ -89.179544582881604, 13.652543049694 ], [ -89.179488703729305, 13.652568432963299 ], [ -89.179469091527906, 13.652579849900601 ], [ -89.179453576752096, 13.652588885701 ], [ -89.179424381637901, 13.652606586267799 ], [ -89.179397639531103, 13.652625413101299 ], [ -89.179325764329406, 13.652676021222399 ], [ -89.179044143055293, 13.6524686263764 ], [ -89.179002537648302, 13.6524586794831 ], [ -89.179004788058506, 13.652579790605699 ], [ -89.179020740480397, 13.652721893730799 ], [ -89.179063179769003, 13.6529699293131 ], [ -89.179106430649995, 13.653190012276299 ], [ -89.178980028934006, 13.6531906041608 ], [ -89.178913272757299, 13.6531398566073 ], [ -89.178801998977406, 13.6530577175335 ], [ -89.178745130032794, 13.653014219206099 ], [ -89.178589353466194, 13.652920005623001 ], [ -89.178536668455493, 13.6528893422153 ], [ -89.178507077368494, 13.652959051213999 ], [ -89.178388787532299, 13.653235211590699 ], [ -89.1783495023776, 13.653326919342399 ], [ -89.178288770159995, 13.6534812870109 ], [ -89.178276622401697, 13.6535121457198 ], [ -89.178241344674305, 13.6534840240337 ], [ -89.178179087797204, 13.653425617942 ], [ -89.178115592370503, 13.653380606633 ], [ -89.178035935610495, 13.653353878321701 ], [ -89.177950050944006, 13.653328356670601 ], [ -89.177817532667106, 13.653313736232001 ], [ -89.177758760733894, 13.6533069470921 ], [ -89.177729878709798, 13.653300147184 ], [ -89.177695006541697, 13.653282632322201 ], [ -89.177623268487196, 13.6532524633578 ], [ -89.177392135485306, 13.653161006079699 ], [ -89.177336773961798, 13.653170987035899 ], [ -89.177292954373598, 13.653173943633201 ], [ -89.177249131107601, 13.6531720219095 ], [ -89.177217248110594, 13.653164242475301 ], [ -89.177185369225896, 13.653149650385 ], [ -89.177147513871901, 13.653130185183899 ], [ -89.177104661481906, 13.653098051885801 ], [ -89.177058802668896, 13.653045446641899 ], [ -89.177006179972594, 13.6529843677323 ], [ -89.176949356228306, 13.6529132586109 ], [ -89.176895527080703, 13.6528579193685 ], [ -89.176854608475296, 13.6528430933019 ], [ -89.176811973221206, 13.6527222236172 ], [ -89.176806104875297, 13.6526841124338 ], [ -89.176864524177702, 13.652674537053899 ], [ -89.176977468627896, 13.652651584565101 ], [ -89.1770105596121, 13.652628679574599 ], [ -89.177020141716099, 13.6524075774875 ], [ -89.176983047245002, 13.6523046696395 ], [ -89.176956304444104, 13.6520967652366 ], [ -89.176922503813302, 13.652106341909301 ], [ -89.176831122385394, 13.652132916138401 ], [ -89.176720133163499, 13.6521757022063 ], [ -89.176631168891902, 13.6522062092745 ], [ -89.176563125186405, 13.6522418372163 ], [ -89.176467643521605, 13.6522918413794 ], [ -89.176387237501501, 13.6523252111772 ], [ -89.176309414051602, 13.652357505270899 ], [ -89.176271122328004, 13.652373396966 ], [ -89.1762731125893, 13.6523774404651 ], [ -89.176208427723793, 13.652399580705801 ], [ -89.176131877919303, 13.652425728255 ], [ -89.176066871435495, 13.652447951847 ], [ -89.175994902866506, 13.6524747242798 ], [ -89.175968985560104, 13.652496809592 ], [ -89.175943068254796, 13.652518903036301 ], [ -89.175378107105502, 13.6527352649631 ], [ -89.175106884263997, 13.652530903413901 ], [ -89.175211839131194, 13.6523912131851 ], [ -89.175230237229897, 13.6523763807331 ], [ -89.175272687786901, 13.652315095389801 ], [ -89.175373125842498, 13.652172223891499 ], [ -89.175455677874893, 13.6520207763124 ], [ -89.175462286818998, 13.652011210205799 ], [ -89.175420668054599, 13.651970652344399 ], [ -89.175347817781102, 13.6519317193519 ], [ -89.175302471505503, 13.651906204925099 ], [ -89.175259866148906, 13.651887408988699 ], [ -89.175224146158001, 13.6518739953472 ], [ -89.175182900436297, 13.651839055784899 ], [ -89.175134778485699, 13.6517960782638 ], [ -89.175107286520998, 13.6517615175675 ], [ -89.175079782123504, 13.6517239026188 ], [ -89.175020656314402, 13.651660755282601 ], [ -89.174969813523305, 13.6516379292715 ], [ -89.174857120860096, 13.6515801972697 ], [ -89.174693128851402, 13.6515592747862 ], [ -89.174593524303802, 13.651548941704499 ], [ -89.174537479122904, 13.6515428078936 ], [ -89.174447518983001, 13.6515329496828 ], [ -89.1746841247341, 13.6513892234592 ], [ -89.174897539963197, 13.651292958901101 ], [ -89.175001400520699, 13.6512483085707 ], [ -89.175056881371006, 13.6512078858061 ], [ -89.175073052013701, 13.651163473209801 ], [ -89.175014226314204, 13.651032683648101 ], [ -89.174972806912294, 13.6507503998863 ], [ -89.175129179390595, 13.6507215483552 ], [ -89.175367126724197, 13.6506383262798 ], [ -89.175401588077193, 13.650626278102299 ], [ -89.175537556338497, 13.6505992839044 ], [ -89.175754038282093, 13.650556301870701 ], [ -89.175905686699593, 13.6505252323541 ], [ -89.175913434236904, 13.650697219779101 ], [ -89.175916518169203, 13.6508214686614 ], [ -89.175928906235498, 13.6510090666305 ], [ -89.175930980594799, 13.651036592336601 ], [ -89.175950435282303, 13.6510814323528 ], [ -89.175956372509404, 13.651084603484399 ], [ -89.175979016517502, 13.6510782555027 ], [ -89.176025380538704, 13.6510608033763 ], [ -89.176077165063603, 13.651064986583901 ], [ -89.176146222383593, 13.651093445042299 ], [ -89.176228637006005, 13.6511137959222 ], [ -89.176319145379097, 13.6511227085192 ], [ -89.176331019697898, 13.6511300866272 ], [ -89.176358016537506, 13.651172292678901 ], [ -89.176374309158405, 13.6512033523524 ], [ -89.176412919392106, 13.6512451433157 ], [ -89.176462732357606, 13.651283685773899 ], [ -89.176557211062402, 13.6512981037644 ], [ -89.176656993098007, 13.651318338986799 ], [ -89.176751584790395, 13.651319493080001 ], [ -89.176794054050106, 13.6513084576404 ], [ -89.176797154077903, 13.651314554888801 ], [ -89.176830751596398, 13.6513619761309 ], [ -89.176862479110596, 13.6514030127015 ], [ -89.1768979394447, 13.651434919964601 ], [ -89.176964174677096, 13.651499644452899 ], [ -89.177039390763895, 13.6515624651839 ], [ -89.177094349431002, 13.651596108319 ], [ -89.177209315833807, 13.651643267520299 ], [ -89.177275980708004, 13.651649967039599 ], [ -89.177338047081605, 13.651645423607301 ], [ -89.177400111756498, 13.6516386312721 ], [ -89.177480543269496, 13.651613822808001 ], [ -89.177537987367003, 13.651580044400101 ], [ -89.177632170164998, 13.651503485254199 ], [ -89.177655110734705, 13.651438233743599 ], [ -89.177684895043697, 13.6513122301811 ], [ -89.177726243847104, 13.651157867618799 ], [ -89.177826619696404, 13.651137043453099 ], [ -89.177949621469594, 13.6511092700066 ], [ -89.178050008489805, 13.651089825083901 ], [ -89.178165946753893, 13.651071748195699 ], [ -89.178224305770797, 13.6510710388325 ], [ -89.178226229403194, 13.6510871430231 ], [ -89.178264495497601, 13.6512244538558 ], [ -89.178313776169304, 13.651283452351899 ], [ -89.178391380694805, 13.651350861816301 ], [ -89.178434483766296, 13.651376135962201 ], [ -89.178473884251304, 13.6513869369243 ], [ -89.178534204254305, 13.651389309247 ], [ -89.178587131890097, 13.651378422278199 ], [ -89.178713902913003, 13.6513542468265 ], [ -89.178787434494893, 13.651329600226401 ], [ -89.178947683265903, 13.651330992264599 ], [ -89.179013945451501, 13.651342995656201 ], [ -89.179074040769507, 13.651361046956699 ], [ -89.179128023816006, 13.6513925056361 ], [ -89.179272675088598, 13.6516931791096 ], [ -89.179317344068906, 13.6517742186067 ], [ -89.179398132513995, 13.6518697726914 ], [ -89.179493765652296, 13.651946609826901 ], [ -89.179587277870198, 13.6520213758449 ], [ -89.179652908151496, 13.6520855170382 ], [ -89.179678680938196, 13.652110692446801 ], [ -89.179695420831095, 13.652143400275399 ] ] ] ] } },
{ "type": "Feature", "properties": { "qc_id": 40, "name": null, "descriptio": null, "timestamp": null, "begin": null, "end": null, "altitudemo": null, "tessellate": -1, "extrude": 0, "visibility": -1, "draworder": null, "icon": null, "objectid_1": 148, "fid_1": 150, "text_1": "LOTIFICACION   EL CARMEN 1", "shape_leng": 439.71676060200002, "shape_area": 8155.9265225700001, "fid_2": 2, "zona": 4, "viviendas": null }, "geometry": { "type": "MultiPolygon", "coordinates": [ [ [ [ -89.175462286818998, 13.652011210205799 ], [ -89.175455677874893, 13.6520207763124 ], [ -89.175373125842498, 13.652172223891499 ], [ -89.175272687786901, 13.652315095389801 ], [ -89.175230237229897, 13.6523763807331 ], [ -89.175211839131194, 13.6523912131851 ], [ -89.175106884263997, 13.652530903413901 ], [ -89.175378107105502, 13.6527352649631 ], [ -89.175155114373496, 13.652820670140001 ], [ -89.175116561805197, 13.6527657543998 ], [ -89.175043221115999, 13.652717667028901 ], [ -89.1749622100333, 13.6526513418008 ], [ -89.174880112876906, 13.6526010758993 ], [ -89.174815527467899, 13.652565783180799 ], [ -89.174719225873901, 13.652530512077799 ], [ -89.174606980563198, 13.652501898591201 ], [ -89.174613498266297, 13.6524714607555 ], [ -89.174706791017201, 13.652036118901799 ], [ -89.174639812546502, 13.652015423917501 ], [ -89.174550624733897, 13.651987867854601 ], [ -89.174544360693005, 13.6517859640662 ], [ -89.174537640856002, 13.651568937547999 ], [ -89.174537479116196, 13.651542798854599 ], [ -89.174593533540005, 13.651548932659001 ], [ -89.174693119608506, 13.651559274792801 ], [ -89.174857120860096, 13.6515801972697 ], [ -89.174969813523305, 13.6516379292715 ], [ -89.175020656314402, 13.651660755282601 ], [ -89.175079782123504, 13.6517239026188 ], [ -89.175107286527805, 13.6517615266064 ], [ -89.175134787721205, 13.6517960683144 ], [ -89.175182900443005, 13.6518390648239 ], [ -89.175224135983399, 13.6518739854116 ], [ -89.175259866148906, 13.651887408988699 ], [ -89.175302471505503, 13.651906204925099 ], [ -89.175347827016594, 13.651931709402501 ], [ -89.175420668054599, 13.651970652344399 ], [ -89.175462286818998, 13.652011210205799 ] ] ] ] } },
{ "type": "Feature", "properties": { "qc_id": 41, "name": null, "descriptio": null, "timestamp": null, "begin": null, "end": null, "altitudemo": null, "tessellate": -1, "extrude": 0, "visibility": -1, "draworder": null, "icon": null, "objectid_1": 149, "fid_1": 151, "text_1": "LOT LAS MERCEDES", "shape_leng": 373.37980769199999, "shape_area": 5440.9868410299996, "fid_2": 2, "zona": 4, "viviendas": null }, "geometry": { "type": "MultiPolygon", "coordinates": [ [ [ [ -89.180141762485903, 13.653037459677901 ], [ -89.180079957470696, 13.6530373006654 ], [ -89.179943440912197, 13.6530048107001 ], [ -89.179960953763697, 13.6529217544298 ], [ -89.179726076989397, 13.652874110210901 ], [ -89.1796959041869, 13.6528751780666 ], [ -89.179710618190498, 13.6529697164358 ], [ -89.179734561456698, 13.6530777612737 ], [ -89.179699602229505, 13.6530819429275 ], [ -89.179556324072493, 13.6530828249356 ], [ -89.179550826557502, 13.6531460373537 ], [ -89.179486392590505, 13.6531371060124 ], [ -89.179418125171907, 13.653127650481 ], [ -89.179306685490204, 13.653001499349299 ], [ -89.179296573605001, 13.6528971196183 ], [ -89.179286508281905, 13.6527931836645 ], [ -89.179325764329406, 13.652676021222399 ], [ -89.179397639531103, 13.652625413101299 ], [ -89.179424381637901, 13.652606586267799 ], [ -89.179453576752096, 13.652588885701 ], [ -89.179469091527906, 13.652579849900601 ], [ -89.179488703729305, 13.652568432963299 ], [ -89.179544582881604, 13.652543049694 ], [ -89.179550933122002, 13.652542285786501 ], [ -89.179556119105001, 13.6525407734008 ], [ -89.179561979120393, 13.6522453864944 ], [ -89.179667549448894, 13.6521962803641 ], [ -89.179683424375, 13.6521505733055 ], [ -89.179695420831095, 13.652143400275399 ], [ -89.179733980735094, 13.652218742396 ], [ -89.179840514009996, 13.6523773747428 ], [ -89.180019366093205, 13.6526073264882 ], [ -89.180081461400306, 13.652701867205799 ], [ -89.180100066044105, 13.652772447703899 ], [ -89.180106144446, 13.652836725483199 ], [ -89.180118758767506, 13.652970083998399 ], [ -89.180141762485903, 13.653037459677901 ] ] ] ] } },
{ "type": "Feature", "properties": { "qc_id": 42, "name": null, "descriptio": null, "timestamp": null, "begin": null, "end": null, "altitudemo": null, "tessellate": -1, "extrude": 0, "visibility": -1, "draworder": null, "icon": null, "objectid_1": 33, "fid_1": 33, "text_1": "COLONIA DELICIAS DEL SUR", "shape_leng": 629.63161865400002, "shape_area": 16802.492352199999, "fid_2": 3, "zona": 5, "viviendas": null }, "geometry": { "type": "MultiPolygon", "coordinates": [ [ [ [ -89.1830167138951, 13.644296178774599 ], [ -89.182894729649007, 13.6446762323603 ], [ -89.182870383021907, 13.6447693461588 ], [ -89.182831226960104, 13.6449005863815 ], [ -89.182754667404097, 13.644923181897299 ], [ -89.182745015514399, 13.6450471437125 ], [ -89.182685215220602, 13.6452013355694 ], [ -89.182649807884104, 13.645296974906699 ], [ -89.182429673316506, 13.6452487853972 ], [ -89.181816072135703, 13.645125719982801 ], [ -89.181798664539102, 13.645122141681 ], [ -89.181756884071206, 13.6450802806811 ], [ -89.181771066518607, 13.645036721474201 ], [ -89.181806982996093, 13.644950069307299 ], [ -89.181853746347301, 13.644900136147101 ], [ -89.182022222235005, 13.644752232006001 ], [ -89.182022174918501, 13.6447520006441 ], [ -89.1820055654931, 13.6447526610305 ], [ -89.181968333613995, 13.6447541411433 ], [ -89.181911523559506, 13.6447490924437 ], [ -89.181826455697205, 13.6447842915398 ], [ -89.181363754107693, 13.644608641400801 ], [ -89.181410339289201, 13.644548166336101 ], [ -89.181433332919795, 13.6443826083578 ], [ -89.181436340013903, 13.644157983878699 ], [ -89.181393420911704, 13.643768371097901 ], [ -89.181449042218006, 13.6437915158553 ], [ -89.181549227172397, 13.643833213578 ], [ -89.181740971988503, 13.643913015064699 ], [ -89.181752758158794, 13.6439536861183 ], [ -89.181784502493798, 13.6439795971894 ], [ -89.181798241592602, 13.6439879272654 ], [ -89.181982821536295, 13.6440793959049 ], [ -89.182082308569306, 13.644124259364601 ], [ -89.182160935678098, 13.6441436574565 ], [ -89.182182725936599, 13.6441482782915 ], [ -89.182199295717695, 13.6441573456333 ], [ -89.182289179837397, 13.644182048433899 ], [ -89.1823880466888, 13.6442089003273 ], [ -89.182477287253107, 13.6442212924957 ], [ -89.182560801406197, 13.6442328835133 ], [ -89.182643604739397, 13.6442443828333 ], [ -89.182737606708997, 13.644257428501801 ], [ -89.182834239422903, 13.644270841871201 ], [ -89.1830167138951, 13.644296178774599 ] ] ] ] } },
{ "type": "Feature", "properties": { "qc_id": 43, "name": null, "descriptio": null, "timestamp": null, "begin": null, "end": null, "altitudemo": null, "tessellate": -1, "extrude": 0, "visibility": -1, "draworder": null, "icon": null, "objectid_1": 41, "fid_1": 42, "text_1": "LOTIFICACION EL CARMEN 3", "shape_leng": 1003.0605369, "shape_area": 26863.885552899999, "fid_2": 3, "zona": 5, "viviendas": null }, "geometry": { "type": "MultiPolygon", "coordinates": [ [ [ [ -89.173131456949307, 13.651159137051801 ], [ -89.172982377516803, 13.6511968114186 ], [ -89.172508008672395, 13.6513166756027 ], [ -89.172438749735804, 13.651334180181101 ], [ -89.172145424021394, 13.6513925774908 ], [ -89.171973048810401, 13.651426898739 ], [ -89.171865027234801, 13.651244967056501 ], [ -89.171875843660601, 13.651035572437999 ], [ -89.171882666829802, 13.651034410684399 ], [ -89.171875917611402, 13.650941995849299 ], [ -89.171871969262995, 13.6508878978374 ], [ -89.171862188490095, 13.650818384372601 ], [ -89.171852503417398, 13.6507495451454 ], [ -89.171852407722497, 13.650748870003399 ], [ -89.171845451983899, 13.6506457550127 ], [ -89.171845079142301, 13.6506402107869 ], [ -89.171841085270202, 13.650523793828301 ], [ -89.171838173064998, 13.6504760259651 ], [ -89.171828638591194, 13.6504070763556 ], [ -89.171826297941706, 13.650390139919899 ], [ -89.171818883608196, 13.650269078430201 ], [ -89.171819294854501, 13.650261404985899 ], [ -89.171819929520694, 13.6502495843194 ], [ -89.171824972058999, 13.650155476382 ], [ -89.171823865394003, 13.650143684952999 ], [ -89.171811189548393, 13.6500105574404 ], [ -89.1717930551238, 13.649932145546099 ], [ -89.1717749994624, 13.649884360239099 ], [ -89.171774240090002, 13.649882361355701 ], [ -89.171751205860105, 13.6498213908057 ], [ -89.171732452009095, 13.6498022070005 ], [ -89.171709835690706, 13.649781905966 ], [ -89.171684189603099, 13.6496692155083 ], [ -89.1716276618275, 13.6495456799879 ], [ -89.1716069554505, 13.6494713789762 ], [ -89.171584946363694, 13.649426920032001 ], [ -89.171580917962601, 13.649418795930799 ], [ -89.171564170069004, 13.649385977277699 ], [ -89.171529978563697, 13.649339693730401 ], [ -89.171510885476906, 13.6492849120822 ], [ -89.171478646429193, 13.6492416452681 ], [ -89.171426209624798, 13.649057101224001 ], [ -89.1713746251841, 13.6488980563308 ], [ -89.171635742750496, 13.648804695384699 ], [ -89.171763529802007, 13.6487590019881 ], [ -89.171829090008103, 13.6487314018768 ], [ -89.171843943139194, 13.648684556222401 ], [ -89.171954641439598, 13.648645650258199 ], [ -89.172114006538607, 13.648593947200601 ], [ -89.172279655731202, 13.648542238733199 ], [ -89.172420205835394, 13.648504061875499 ], [ -89.1725671874878, 13.6484602247582 ], [ -89.172571970424997, 13.6484775852085 ], [ -89.172583206008298, 13.6485305672142 ], [ -89.172609487245495, 13.648644330963901 ], [ -89.172556281558897, 13.648676384235801 ], [ -89.172498934387505, 13.6487125223875 ], [ -89.172439671933205, 13.648745922165499 ], [ -89.172356852527997, 13.6487795517607 ], [ -89.172292821125097, 13.649084707003199 ], [ -89.172389945849005, 13.6493021610565 ], [ -89.172420742424194, 13.649391023893701 ], [ -89.172422592752696, 13.6497199487619 ], [ -89.172428775049397, 13.6497738409211 ], [ -89.172456313445906, 13.650013743126101 ], [ -89.172485348036702, 13.650229320486099 ], [ -89.172494373677196, 13.6502759451476 ], [ -89.172609766554501, 13.650469321013 ], [ -89.172477113454804, 13.650500106717899 ], [ -89.172368297298405, 13.6505253591785 ], [ -89.172262178647003, 13.6505499796869 ], [ -89.172294628420204, 13.6506861484818 ], [ -89.172313598038201, 13.650766281669901 ], [ -89.172324924205796, 13.650814153906 ], [ -89.172540550803205, 13.650778404646299 ], [ -89.172977956032994, 13.650705892486201 ], [ -89.173041635317205, 13.6509892808447 ], [ -89.173131456949307, 13.651159137051801 ] ] ] ] } },
{ "type": "Feature", "properties": { "qc_id": 44, "name": null, "descriptio": null, "timestamp": null, "begin": null, "end": null, "altitudemo": null, "tessellate": -1, "extrude": 0, "visibility": -1, "draworder": null, "icon": null, "objectid_1": 43, "fid_1": 44, "text_1": "LOTIFICACION MALENA", "shape_leng": 695.58721054700004, "shape_area": 22327.357911, "fid_2": 3, "zona": 5, "viviendas": null }, "geometry": { "type": "MultiPolygon", "coordinates": [ [ [ [ -89.170430166096907, 13.649154841067199 ], [ -89.170375244497293, 13.6492876358634 ], [ -89.170258315052806, 13.6495703916569 ], [ -89.170066187700897, 13.650034947202901 ], [ -89.170065782040894, 13.6500632059244 ], [ -89.170062081442893, 13.6500635320778 ], [ -89.170023132508604, 13.6500743144464 ], [ -89.169844417438398, 13.65009593978 ], [ -89.169753460099102, 13.6501069523592 ], [ -89.169746011845305, 13.650080827730299 ], [ -89.169141730022304, 13.647960945310899 ], [ -89.1700736710863, 13.647492066358 ], [ -89.1702043835095, 13.6488875857916 ], [ -89.170430166096907, 13.649154841067199 ] ] ] ] } },
{ "type": "Feature", "properties": { "qc_id": 45, "name": null, "descriptio": null, "timestamp": null, "begin": null, "end": null, "altitudemo": null, "tessellate": -1, "extrude": 0, "visibility": -1, "draworder": null, "icon": null, "objectid_1": 44, "fid_1": 45, "text_1": "COLONIA SAN LUIS 2", "shape_leng": 446.79288798499999, "shape_area": 7052.9202685700002, "fid_2": 3, "zona": 5, "viviendas": null }, "geometry": { "type": "MultiPolygon", "coordinates": [ [ [ [ -89.169219180718301, 13.6502796552391 ], [ -89.169182183221807, 13.650463086227999 ], [ -89.169167015456694, 13.650561698851799 ], [ -89.169162160811396, 13.6506011237236 ], [ -89.169040954317296, 13.6505866842069 ], [ -89.168836625583097, 13.650539674754601 ], [ -89.168839265761903, 13.6505132204818 ], [ -89.168849684043806, 13.6504034200268 ], [ -89.168857020039496, 13.6503261004094 ], [ -89.168862392902, 13.650269450581799 ], [ -89.168844091691, 13.6501942681996 ], [ -89.168823178131404, 13.6501340732693 ], [ -89.168799259063306, 13.6500652165755 ], [ -89.168750146491206, 13.6499328081053 ], [ -89.168726932567395, 13.6498702176177 ], [ -89.168702350390603, 13.649802018499701 ], [ -89.168677466301403, 13.649732968117901 ], [ -89.168648778633596, 13.649653369186201 ], [ -89.168628520150193, 13.649582390332201 ], [ -89.168568076365702, 13.649380745880899 ], [ -89.168547319168596, 13.6492999384167 ], [ -89.168532010140794, 13.6492403868063 ], [ -89.168505621377705, 13.649172550462801 ], [ -89.168477446912405, 13.649108574063799 ], [ -89.168447281102303, 13.6490400831704 ], [ -89.168638966133699, 13.648983953741 ], [ -89.168665528060302, 13.648976179208301 ], [ -89.168787506969096, 13.649331400926499 ], [ -89.168813483094496, 13.6493251353793 ], [ -89.168990010989603, 13.649289591423701 ], [ -89.169047048487698, 13.649451761442499 ], [ -89.169072683161204, 13.649524652821601 ], [ -89.169102790004402, 13.649629056294399 ], [ -89.169122847991602, 13.649698646865801 ], [ -89.169146673516906, 13.6497812952099 ], [ -89.169167765599298, 13.649854457255399 ], [ -89.169178525395793, 13.649930561351599 ], [ -89.169188332940806, 13.649999899551201 ], [ -89.169212338022305, 13.6501483286566 ], [ -89.1692158891573, 13.6502164581337 ], [ -89.169219180718301, 13.6502796552391 ] ] ] ] } },
{ "type": "Feature", "properties": { "qc_id": 46, "name": null, "descriptio": null, "timestamp": null, "begin": null, "end": null, "altitudemo": null, "tessellate": -1, "extrude": 0, "visibility": -1, "draworder": null, "icon": null, "objectid_1": 48, "fid_1": 49, "text_1": "COLONIA BELLO SAN JUAN ETAPA I", "shape_leng": 598.094332904, "shape_area": 19584.1364612, "fid_2": 3, "zona": 5, "viviendas": null }, "geometry": { "type": "MultiPolygon", "coordinates": [ [ [ [ -89.192478239494406, 13.6671373391064 ], [ -89.192274222813793, 13.6674150545625 ], [ -89.192196869819597, 13.6674711030944 ], [ -89.192119524614299, 13.6675469134188 ], [ -89.192008597620799, 13.6676951960983 ], [ -89.1918203465506, 13.6679456311064 ], [ -89.191673441044102, 13.6681285951595 ], [ -89.191632115086705, 13.6681287385441 ], [ -89.191612938469902, 13.6681288086238 ], [ -89.191610638683599, 13.668128820358501 ], [ -89.191608328721301, 13.6681288221582 ], [ -89.191573695536306, 13.6681295062701 ], [ -89.191439825314802, 13.668128925365901 ], [ -89.191266483759094, 13.6681380295765 ], [ -89.191240939717602, 13.6681648073997 ], [ -89.191036415602497, 13.668088179707199 ], [ -89.191010083798503, 13.6680783061428 ], [ -89.1908302491684, 13.6679479190195 ], [ -89.190818767522401, 13.667912311814501 ], [ -89.190889379007302, 13.6677028520162 ], [ -89.190945742480096, 13.667535619603701 ], [ -89.190975693990794, 13.6674578560838 ], [ -89.191006061477395, 13.667379000333501 ], [ -89.191036144860206, 13.667300904070499 ], [ -89.1910670786541, 13.6672205663908 ], [ -89.191020234323503, 13.667185245179599 ], [ -89.191181769844306, 13.666951603289601 ], [ -89.191227031420496, 13.666845672455599 ], [ -89.191245251611306, 13.666832431613599 ], [ -89.191265743216604, 13.6668434115418 ], [ -89.191297190478707, 13.6668012999924 ], [ -89.191333448023201, 13.6667955148883 ], [ -89.191362656767595, 13.6667594222912 ], [ -89.191389325902307, 13.6667773393043 ], [ -89.1914418538517, 13.666736360178099 ], [ -89.191551374725194, 13.666721872257099 ], [ -89.191601243521504, 13.666717492912399 ], [ -89.191652429541094, 13.6666904627674 ], [ -89.191794660151601, 13.6664876112794 ], [ -89.191793987628799, 13.6664745053479 ], [ -89.191790476554004, 13.6664060146504 ], [ -89.191832368044601, 13.666403770149101 ], [ -89.191872310091298, 13.666401535296799 ], [ -89.191955970054195, 13.666396953254299 ], [ -89.192036403259493, 13.6663925499623 ], [ -89.192068337690898, 13.666761546784 ], [ -89.192058386910801, 13.6668394520982 ], [ -89.192457440528898, 13.6671213609888 ], [ -89.192478239494406, 13.6671373391064 ] ] ] ] } },
{ "type": "Feature", "properties": { "qc_id": 64, "name": null, "descriptio": null, "timestamp": null, "begin": null, "end": null, "altitudemo": null, "tessellate": -1, "extrude": 0, "visibility": -1, "draworder": null, "icon": null, "objectid_1": 168, "fid_1": 170, "text_1": "ALTOS DE CALI FORNIA", "shape_leng": 250.97921942400001, "shape_area": 3737.7242883600002, "fid_2": 3, "zona": 5, "viviendas": null }, "geometry": { "type": "MultiPolygon", "coordinates": [ [ [ [ -89.193109890654199, 13.6709985956861 ], [ -89.193096926782999, 13.671003548354101 ], [ -89.193069442715299, 13.671192843389001 ], [ -89.193017533096395, 13.6713415890506 ], [ -89.192898397762704, 13.6712581663972 ], [ -89.192749239783595, 13.6711541918944 ], [ -89.192420395907703, 13.6709663428786 ], [ -89.1924444980027, 13.6708999032251 ], [ -89.192538764137097, 13.670575004520099 ], [ -89.192576247301702, 13.6705864989079 ], [ -89.1927429718247, 13.6706085633977 ], [ -89.192890435045598, 13.670597535076899 ], [ -89.193069715778904, 13.670948988118599 ], [ -89.193109890654199, 13.6709985956861 ] ] ] ] } },
{ "type": "Feature", "properties": { "qc_id": 65, "name": null, "descriptio": null, "timestamp": null, "begin": null, "end": null, "altitudemo": null, "tessellate": -1, "extrude": 0, "visibility": -1, "draworder": null, "icon": null, "objectid_1": 4, "fid_1": 3, "text_1": "LOTIFICACION SANTA ROSA", "shape_leng": 1240.6382846199999, "shape_area": 79857.081168799996, "fid_2": 4, "zona": 2, "viviendas": null }, "geometry": { "type": "MultiPolygon", "coordinates": [ [ [ [ -89.166615235169303, 13.662149295710099 ], [ -89.166469712014802, 13.662235371719399 ], [ -89.166248498936895, 13.6623921399162 ], [ -89.166002642367502, 13.662540381850601 ], [ -89.1658405501923, 13.662646294671999 ], [ -89.165664937184104, 13.6627594367969 ], [ -89.165233194685797, 13.6630463347469 ], [ -89.164956808537596, 13.663217985291601 ], [ -89.164751751124896, 13.6633473253008 ], [ -89.164685613096594, 13.6632471377455 ], [ -89.164606892291999, 13.663194700445899 ], [ -89.164353960001606, 13.663352340531301 ], [ -89.164325693746093, 13.6632662888667 ], [ -89.164259286186095, 13.663036657488499 ], [ -89.164256292404303, 13.662950839311501 ], [ -89.164213605173998, 13.6628706662454 ], [ -89.164183841833903, 13.6627822925558 ], [ -89.164167275538205, 13.6627526197497 ], [ -89.164131494432198, 13.6627762641807 ], [ -89.163906954258707, 13.6624526717927 ], [ -89.163851703619301, 13.6624081873316 ], [ -89.163761205313804, 13.6622838953526 ], [ -89.163662721971804, 13.6621093765739 ], [ -89.163550688232405, 13.661953674985201 ], [ -89.163421773280305, 13.661790866400899 ], [ -89.163326557733598, 13.6616733339986 ], [ -89.163288944984501, 13.6615802633548 ], [ -89.163263846605005, 13.6614896375643 ], [ -89.163266266822603, 13.6613769366899 ], [ -89.163251372069993, 13.6612582581108 ], [ -89.163261910238106, 13.661099679243 ], [ -89.163269923179399, 13.6609438327131 ], [ -89.163268097457504, 13.6609049692092 ], [ -89.163261430206006, 13.660763719460199 ], [ -89.163281119370893, 13.6607385582583 ], [ -89.163318619296703, 13.6606148011593 ], [ -89.163421029303905, 13.660460900363899 ], [ -89.163492734876598, 13.660390628298201 ], [ -89.163677203282504, 13.6603135896599 ], [ -89.163895847032293, 13.6602331864134 ], [ -89.164035909979901, 13.660189617547299 ], [ -89.164050164957999, 13.660177769742599 ], [ -89.164077420546505, 13.6602533541316 ], [ -89.164131934838906, 13.660355936804301 ], [ -89.164141196007407, 13.660402802934099 ], [ -89.164166952103002, 13.660512393697701 ], [ -89.164160127091705, 13.660593461247 ], [ -89.164076965600003, 13.6606730611981 ], [ -89.164173221164901, 13.660761724064599 ], [ -89.164468475113296, 13.660638988623599 ], [ -89.164561840252802, 13.660574153142599 ], [ -89.164611442257794, 13.6605397159439 ], [ -89.164665622047707, 13.6605020912524 ], [ -89.164806924204797, 13.660403977461 ], [ -89.164923303657304, 13.660319004839801 ], [ -89.164944267693201, 13.6603036996099 ], [ -89.165005869955706, 13.6602545840872 ], [ -89.164959764468605, 13.6601726074553 ], [ -89.165205834059293, 13.660180189543199 ], [ -89.165225275700095, 13.660180667296 ], [ -89.165247262979307, 13.660181216551999 ], [ -89.165243501542804, 13.6602030634785 ], [ -89.165355855981204, 13.660221582857799 ], [ -89.165417587796099, 13.6601820276284 ], [ -89.165477449931302, 13.660255793890601 ], [ -89.165539742396604, 13.660354854871001 ], [ -89.165563888780994, 13.660436613878 ], [ -89.165666730342295, 13.660561610061 ], [ -89.1657456220087, 13.660723617807999 ], [ -89.165737251776505, 13.660813461441901 ], [ -89.165830940712794, 13.660952597004 ], [ -89.165917268108004, 13.661080815749299 ], [ -89.165951664405497, 13.6611479346656 ], [ -89.166050476241097, 13.6612897051508 ], [ -89.166145252181806, 13.6614256843639 ], [ -89.166168452404307, 13.6614813241323 ], [ -89.166364297568506, 13.661792540598899 ], [ -89.166390366110207, 13.661835164144501 ], [ -89.166493002316898, 13.661976737523201 ], [ -89.166592237487905, 13.6621136291855 ], [ -89.166615235169303, 13.662149295710099 ] ] ] ] } },
{ "type": "Feature", "properties": { "qc_id": 47, "name": null, "descriptio": null, "timestamp": null, "begin": null, "end": null, "altitudemo": null, "tessellate": -1, "extrude": 0, "visibility": -1, "draworder": null, "icon": null, "objectid_1": 49, "fid_1": 50, "text_1": "COLONIA BELLO SAN JUAN ETAPA II", "shape_leng": 2126.6791301500002, "shape_area": 110528.22027799999, "fid_2": 3, "zona": 5, "viviendas": null }, "geometry": { "type": "MultiPolygon", "coordinates": [ [ [ [ -89.193577571256895, 13.665569484597 ], [ -89.193524224736393, 13.6655809762025 ], [ -89.193329528244902, 13.6656216888498 ], [ -89.193355905293899, 13.665778989882501 ], [ -89.193285837511496, 13.6657839973957 ], [ -89.193309332836193, 13.6660519824619 ], [ -89.193237512902101, 13.666032842014699 ], [ -89.193182365382299, 13.666018150068799 ], [ -89.193136657512596, 13.6660059680407 ], [ -89.193071167187, 13.665995412274199 ], [ -89.193013052747204, 13.665997873999601 ], [ -89.193024436851601, 13.6660753920139 ], [ -89.193034869140803, 13.6661813725743 ], [ -89.1930007865856, 13.666183612055899 ], [ -89.192965511456606, 13.666186777151699 ], [ -89.192724283827999, 13.6662040526135 ], [ -89.192710521800507, 13.6662047666272 ], [ -89.192708115636194, 13.6661561571183 ], [ -89.192472548485895, 13.666175399289299 ], [ -89.192422195350304, 13.666178511931101 ], [ -89.192414302814996, 13.6660875791853 ], [ -89.192361319672401, 13.666091507376599 ], [ -89.1923544003091, 13.6660918743463 ], [ -89.192138988745398, 13.666103390220099 ], [ -89.192101044098195, 13.666105419275601 ], [ -89.192023516927307, 13.6661095618062 ], [ -89.191832326550994, 13.666120613782001 ], [ -89.191832368044601, 13.666403770149101 ], [ -89.191790476554004, 13.6664060146504 ], [ -89.191765944022094, 13.666407884955399 ], [ -89.191671817116799, 13.6662519038293 ], [ -89.191586011377694, 13.6662026560676 ], [ -89.191589810325198, 13.666264907871099 ], [ -89.1915158674488, 13.6662539696012 ], [ -89.191382801268404, 13.666238273133001 ], [ -89.191366797967603, 13.6661723094937 ], [ -89.191263522170104, 13.666056025294401 ], [ -89.191203153327606, 13.6659995101958 ], [ -89.191182265152605, 13.6659429264295 ], [ -89.191112385321105, 13.665946155218601 ], [ -89.191086500161106, 13.665937355139899 ], [ -89.191058554920502, 13.6659562121859 ], [ -89.190983383202607, 13.666028874016201 ], [ -89.1909408706953, 13.6661052209513 ], [ -89.190851228734104, 13.6662741730985 ], [ -89.190832844173897, 13.666304676597999 ], [ -89.190770105793803, 13.6663489871321 ], [ -89.190752270101697, 13.666356479782101 ], [ -89.190663979783594, 13.666383510489 ], [ -89.190523413087803, 13.666456389185299 ], [ -89.190309989272393, 13.666480341299099 ], [ -89.190305142611805, 13.666444561713201 ], [ -89.190207619401207, 13.6658459676852 ], [ -89.190420190985904, 13.6657759313065 ], [ -89.190554774477704, 13.6656192076174 ], [ -89.190574764638001, 13.6656183967008 ], [ -89.190584830304701, 13.665565371023799 ], [ -89.190595556336405, 13.665509401757101 ], [ -89.190641157487306, 13.6655179280909 ], [ -89.190631938954795, 13.6654597253956 ], [ -89.190628650273098, 13.6654074413179 ], [ -89.190625025491897, 13.665349900455499 ], [ -89.1906215252409, 13.6652943218494 ], [ -89.190619894905794, 13.6652683506353 ], [ -89.190622042008599, 13.6652430806264 ], [ -89.190611660357206, 13.6651867761038 ], [ -89.190608565987702, 13.665164379115501 ], [ -89.190588292603394, 13.6651658202682 ], [ -89.190600859994404, 13.665068901386499 ], [ -89.190610172739497, 13.664997040956299 ], [ -89.190633221650103, 13.6649986989092 ], [ -89.190635738806506, 13.664974964328 ], [ -89.190664385773005, 13.6648173057904 ], [ -89.190673542374995, 13.664763808980201 ], [ -89.190662153859293, 13.664761901555501 ], [ -89.1906713297506, 13.6647082564917 ], [ -89.190682718256497, 13.664710154877 ], [ -89.190691874857393, 13.6646566671049 ], [ -89.190666158605396, 13.664599485946001 ], [ -89.190624326235195, 13.6645921787595 ], [ -89.1906327972832, 13.664545901879899 ], [ -89.190459275863702, 13.6644586695885 ], [ -89.190465309103402, 13.6643925595612 ], [ -89.190471463205995, 13.6643250339425 ], [ -89.1904769714818, 13.6643012319653 ], [ -89.190520968902604, 13.664199383307301 ], [ -89.190551303037495, 13.6641504248126 ], [ -89.190602685839394, 13.6641568821808 ], [ -89.190645297529102, 13.6640971397463 ], [ -89.190666515220002, 13.6640463362262 ], [ -89.190677342675698, 13.6640106836903 ], [ -89.190683849259798, 13.6639459056285 ], [ -89.190690424966505, 13.663907099992 ], [ -89.190710956480302, 13.6638627761092 ], [ -89.190746269821901, 13.663790877427299 ], [ -89.190763665475004, 13.663765326227299 ], [ -89.190793012155595, 13.6637241518957 ], [ -89.190816037897406, 13.6636734861587 ], [ -89.190843027787693, 13.663621280724 ], [ -89.1908689421726, 13.6635730279438 ], [ -89.190911126862702, 13.663523800787701 ], [ -89.190941279597894, 13.663473628455 ], [ -89.190970374474801, 13.663425234898501 ], [ -89.190992033746596, 13.6633708678571 ], [ -89.190690994155105, 13.6630336788759 ], [ -89.1906811655372, 13.662993580735399 ], [ -89.190678628539402, 13.662958613768399 ], [ -89.190370011118404, 13.662765053545501 ], [ -89.1903925636487, 13.6627384254567 ], [ -89.190313957612602, 13.662694197319199 ], [ -89.190328666414402, 13.6626712035353 ], [ -89.190353169980298, 13.6626328739403 ], [ -89.190377672629296, 13.6625945633252 ], [ -89.190402165095307, 13.662556243676599 ], [ -89.190426668645301, 13.6625179240168 ], [ -89.190451171263007, 13.662479604355299 ], [ -89.190475673872697, 13.6624412846912 ], [ -89.190485786987395, 13.662424153496 ], [ -89.190603294067003, 13.6624895847979 ], [ -89.190611965251094, 13.6624793405771 ], [ -89.190645675889101, 13.662497845170201 ], [ -89.190670620131101, 13.662455896915001 ], [ -89.1907370041002, 13.6624960623778 ], [ -89.190865923253199, 13.662570786672299 ], [ -89.190942012070195, 13.6626146188748 ], [ -89.191018771635697, 13.662658024798899 ], [ -89.191094877417001, 13.6626999135694 ], [ -89.191111884839103, 13.662687006309801 ], [ -89.191200133739699, 13.6626346791003 ], [ -89.191274775150106, 13.6625864814867 ], [ -89.191351026924494, 13.662540808980101 ], [ -89.191506307884197, 13.662465206656901 ], [ -89.191564815419994, 13.662434607673701 ], [ -89.191689074754294, 13.6623533827738 ], [ -89.191807951162502, 13.6622421364685 ], [ -89.191843599898803, 13.6622104353224 ], [ -89.191871970752302, 13.6622153737571 ], [ -89.191870216330699, 13.6620601178249 ], [ -89.191870195205198, 13.662058016288601 ], [ -89.191870229747295, 13.661983663773499 ], [ -89.191870258849406, 13.6619264346247 ], [ -89.191870169272207, 13.661909542728999 ], [ -89.191869776962704, 13.6618354219433 ], [ -89.191869376334495, 13.6617613011638 ], [ -89.191868996149694, 13.6616895783981 ], [ -89.191868956296403, 13.661687181303099 ], [ -89.191867655386901, 13.6616130793034 ], [ -89.191866355395206, 13.661538968263701 ], [ -89.191864529162999, 13.6614350354688 ], [ -89.191804946822302, 13.6613782514371 ], [ -89.191830719977702, 13.6613432443195 ], [ -89.192034277749997, 13.661540550071701 ], [ -89.192040385464594, 13.661556085947 ], [ -89.192039139922201, 13.661572488071201 ], [ -89.192044154518598, 13.6615929953115 ], [ -89.192085203949304, 13.6616382058439 ], [ -89.192161801789993, 13.6617157190647 ], [ -89.192234563559794, 13.661788525070101 ], [ -89.192278684743698, 13.661828244725999 ], [ -89.192322908111805, 13.6618663065529 ], [ -89.192340941864998, 13.661881074726599 ], [ -89.192345172372796, 13.661903488885599 ], [ -89.192493733611997, 13.6620717734646 ], [ -89.192567353709407, 13.662152890001201 ], [ -89.192600146214801, 13.662240906278701 ], [ -89.192612430852506, 13.6622852416819 ], [ -89.192646879098106, 13.6623712762247 ], [ -89.192694529728897, 13.6625025701253 ], [ -89.192742437068105, 13.6626346140465 ], [ -89.192790344452803, 13.6627666480148 ], [ -89.1928390835253, 13.6628972287637 ], [ -89.192888827154704, 13.6630286321616 ], [ -89.192927334834806, 13.6631603037809 ], [ -89.192972299961397, 13.6632930902509 ], [ -89.193218101376402, 13.663269554195701 ], [ -89.193276308010496, 13.663275496751799 ], [ -89.1933023426961, 13.663432724860099 ], [ -89.193237475857401, 13.663442142889 ], [ -89.192666659142603, 13.6634896474608 ], [ -89.192611238316005, 13.6634406898955 ], [ -89.192613941910807, 13.6634597644533 ], [ -89.192625957967294, 13.6639051106685 ], [ -89.192673121648099, 13.6643769658482 ], [ -89.192676623998295, 13.664411968192001 ], [ -89.192693057366697, 13.664806200260999 ], [ -89.192698110221698, 13.664861962920799 ], [ -89.192728437267306, 13.665197297233799 ], [ -89.192788224501598, 13.6651913642166 ], [ -89.192802023911895, 13.6651900942745 ], [ -89.192895855261597, 13.6651814409356 ], [ -89.193048643914693, 13.6651467688084 ], [ -89.193073097081694, 13.665140724256901 ], [ -89.193071842392001, 13.665134661923799 ], [ -89.193054595613205, 13.6650407473619 ], [ -89.193082426637105, 13.6650328390408 ], [ -89.193184835645297, 13.665003722841 ], [ -89.193242485254004, 13.664988201985301 ], [ -89.193380714165102, 13.6649509866886 ], [ -89.193434921511596, 13.664938856287799 ], [ -89.193519751261206, 13.6653208156521 ], [ -89.193577571256895, 13.665569484597 ] ] ] ] } },
{ "type": "Feature", "properties": { "qc_id": 48, "name": null, "descriptio": null, "timestamp": null, "begin": null, "end": null, "altitudemo": null, "tessellate": -1, "extrude": 0, "visibility": -1, "draworder": null, "icon": null, "objectid_1": 71, "fid_1": 72, "text_1": "COLONIA FLORIDA", "shape_leng": 620.30117167499998, "shape_area": 15252.643148499999, "fid_2": 3, "zona": 5, "viviendas": null }, "geometry": { "type": "MultiPolygon", "coordinates": [ [ [ [ -89.195035720331404, 13.6557451314302 ], [ -89.195027945175994, 13.655831087064801 ], [ -89.195026588253, 13.6559870776391 ], [ -89.195020890313202, 13.6562718024216 ], [ -89.195000198855993, 13.656430232568701 ], [ -89.194987506836995, 13.656545774738699 ], [ -89.194932103018601, 13.656538247647299 ], [ -89.194681785830099, 13.6564955073656 ], [ -89.194614742110602, 13.6564565935657 ], [ -89.1945898645873, 13.6564401560556 ], [ -89.194549010028396, 13.6564132351672 ], [ -89.194523119296505, 13.6563965860369 ], [ -89.194512706522204, 13.6563949464748 ], [ -89.194505332348697, 13.656393786284299 ], [ -89.194506443306693, 13.656398181945701 ], [ -89.194309918349006, 13.6564270305183 ], [ -89.194217652816604, 13.6563105625531 ], [ -89.194150870269695, 13.65626652063 ], [ -89.194050906545598, 13.6561805750425 ], [ -89.193993355687596, 13.6561069530935 ], [ -89.193886308891507, 13.6559714019032 ], [ -89.193833652209904, 13.6558976187799 ], [ -89.193825305261598, 13.655899310217301 ], [ -89.193742749076307, 13.6558950157926 ], [ -89.193714052165703, 13.655838975281799 ], [ -89.193507543596098, 13.655777299772399 ], [ -89.193476348899907, 13.6557679843812 ], [ -89.193338233866996, 13.655740381426201 ], [ -89.1931242028638, 13.655589039805299 ], [ -89.193423281396406, 13.6554024010223 ], [ -89.193487831864005, 13.655356052792699 ], [ -89.193564859729904, 13.655301002880501 ], [ -89.193686633614504, 13.655151128152299 ], [ -89.193718620922795, 13.655111747412599 ], [ -89.193766724906993, 13.6549552111182 ], [ -89.1938586988325, 13.6549475856919 ], [ -89.1938457302155, 13.655243969191099 ], [ -89.194113188082497, 13.6554502103097 ], [ -89.194143138597497, 13.6554773803161 ], [ -89.194250912367096, 13.655519594732899 ], [ -89.1943862266412, 13.6555593893034 ], [ -89.194494039875394, 13.6555911075657 ], [ -89.1945707990523, 13.655613677637399 ], [ -89.194666231367293, 13.655644414952199 ], [ -89.194765032781405, 13.6556762414654 ], [ -89.194875640522199, 13.6557115756346 ], [ -89.194959266621396, 13.6557388141788 ], [ -89.195035720331404, 13.6557451314302 ] ] ] ] } },
{ "type": "Feature", "properties": { "qc_id": 49, "name": null, "descriptio": null, "timestamp": null, "begin": null, "end": null, "altitudemo": null, "tessellate": -1, "extrude": 0, "visibility": -1, "draworder": null, "icon": null, "objectid_1": 73, "fid_1": 74, "text_1": "COLONIA SANTA MONICA", "shape_leng": 532.351043269, "shape_area": 11384.3716793, "fid_2": 3, "zona": 5, "viviendas": null }, "geometry": { "type": "MultiPolygon", "coordinates": [ [ [ [ -89.196210815735398, 13.6551894922816 ], [ -89.196160248189898, 13.655216355677499 ], [ -89.196020798400795, 13.655234136194199 ], [ -89.195819978634802, 13.655195514618001 ], [ -89.195760110672296, 13.6551812708159 ], [ -89.195509603199895, 13.6551582472623 ], [ -89.195338242725299, 13.6551816062849 ], [ -89.195293032278599, 13.655208382992599 ], [ -89.195263615205604, 13.6551514176453 ], [ -89.195251987220999, 13.6551344327673 ], [ -89.195140317282195, 13.654981670223099 ], [ -89.195130197599994, 13.6549678125195 ], [ -89.195059698623794, 13.654871375959299 ], [ -89.195028656723196, 13.654828897677 ], [ -89.194953907250806, 13.654753993404 ], [ -89.194948736670298, 13.6547506106123 ], [ -89.194833884252901, 13.654675358456 ], [ -89.194740358806698, 13.6546140753094 ], [ -89.194622798698006, 13.6545370481427 ], [ -89.194538581505, 13.654481866971601 ], [ -89.194509072893297, 13.6544625270966 ], [ -89.194443658659907, 13.654423926513401 ], [ -89.194343111269006, 13.6543646011785 ], [ -89.1943320053348, 13.6543595752656 ], [ -89.194406611446595, 13.654193243186199 ], [ -89.194451723998696, 13.654185682600399 ], [ -89.194468537517693, 13.654167277773301 ], [ -89.194542495716902, 13.6541441817287 ], [ -89.194586839985504, 13.654157632742301 ], [ -89.194717941459999, 13.6541973843668 ], [ -89.194840957985406, 13.6542336252759 ], [ -89.195014992693302, 13.654284885447799 ], [ -89.195109301595807, 13.6542756288846 ], [ -89.195219152882004, 13.6542778366895 ], [ -89.195312676123194, 13.6542797157423 ], [ -89.195438049456499, 13.6542822356186 ], [ -89.195564322065394, 13.6543524708395 ], [ -89.195667914844293, 13.654410098450899 ], [ -89.195805247973098, 13.654509424710399 ], [ -89.195786683630899, 13.6545508134316 ], [ -89.195752942319899, 13.654620055976 ], [ -89.1957360756615, 13.654824401870499 ], [ -89.195857488658206, 13.6548446871062 ], [ -89.195945908775201, 13.6548662007524 ], [ -89.195998316044097, 13.654935208353701 ], [ -89.196038142163204, 13.6549781332658 ], [ -89.196058017434396, 13.6549991645922 ], [ -89.196070569459806, 13.6550124463456 ], [ -89.196089259662898, 13.655032229432701 ], [ -89.196173036217303, 13.655138013120199 ], [ -89.196210815735398, 13.6551894922816 ] ] ] ] } },
{ "type": "Feature", "properties": { "qc_id": 50, "name": null, "descriptio": null, "timestamp": null, "begin": null, "end": null, "altitudemo": null, "tessellate": -1, "extrude": 0, "visibility": -1, "draworder": null, "icon": null, "objectid_1": 74, "fid_1": 75, "text_1": "COLONIASAN LUIS", "shape_leng": 199.877368152, "shape_area": 2542.7181228899999, "fid_2": 3, "zona": 5, "viviendas": null }, "geometry": { "type": "MultiPolygon", "coordinates": [ [ [ [ -89.196593319813502, 13.654917628110301 ], [ -89.196502340392797, 13.6549936640774 ], [ -89.196409392344506, 13.655068831133001 ], [ -89.196371713812695, 13.6551040055258 ], [ -89.196210815735398, 13.6551894922816 ], [ -89.196173036217303, 13.655138013120199 ], [ -89.196089259662898, 13.655032229432701 ], [ -89.196070569459806, 13.6550124463456 ], [ -89.196058017434396, 13.6549991645922 ], [ -89.196038142163204, 13.6549781332658 ], [ -89.195998316044097, 13.654935208353701 ], [ -89.195945908775201, 13.6548662007524 ], [ -89.196125294853005, 13.654716696498401 ], [ -89.1961491573865, 13.654696526957 ], [ -89.196238748206895, 13.6546245651741 ], [ -89.196321775299594, 13.6545578936667 ], [ -89.196378845706704, 13.6546335329509 ], [ -89.196437023754697, 13.654710625702201 ], [ -89.196523552961494, 13.6548253013899 ], [ -89.196531909188707, 13.654834781983 ], [ -89.196558098373799, 13.654869044846601 ], [ -89.196593319813502, 13.654917628110301 ] ] ] ] } },
{ "type": "Feature", "properties": { "qc_id": 51, "name": null, "descriptio": null, "timestamp": null, "begin": null, "end": null, "altitudemo": null, "tessellate": -1, "extrude": 0, "visibility": -1, "draworder": null, "icon": null, "objectid_1": 77, "fid_1": 78, "text_1": "LOTIFICACION QUINTA SAN EMILIO", "shape_leng": 936.18197788600003, "shape_area": 25511.3983739, "fid_2": 3, "zona": 5, "viviendas": null }, "geometry": { "type": "MultiPolygon", "coordinates": [ [ [ [ -89.192991903845197, 13.650423338554299 ], [ -89.192970443224297, 13.6506028913699 ], [ -89.192927737679994, 13.650960275807901 ], [ -89.192651762216798, 13.650943628217799 ], [ -89.1926157868334, 13.651302182386001 ], [ -89.192351893966006, 13.6512818316835 ], [ -89.192173595692196, 13.651268078233199 ], [ -89.1921120431536, 13.6512403858175 ], [ -89.192071345583699, 13.6511722296444 ], [ -89.191866766830103, 13.650882828676201 ], [ -89.191845219015093, 13.650852357138801 ], [ -89.191845407769094, 13.6508514684636 ], [ -89.191845662162194, 13.6508505978152 ], [ -89.191846040447999, 13.6508497740724 ], [ -89.191846484380306, 13.6508489773954 ], [ -89.191846956980996, 13.6508481996777 ], [ -89.1918474480822, 13.650847440023499 ], [ -89.191848063106306, 13.650846764334799 ], [ -89.191848678137106, 13.6508460967811 ], [ -89.191849358823205, 13.6508454671397 ], [ -89.191850077465503, 13.6508449115881 ], [ -89.191850815532604, 13.650844374099099 ], [ -89.191851524916601, 13.650843799573 ], [ -89.191852290735099, 13.650843290083101 ], [ -89.191853095418693, 13.6508428357004 ], [ -89.191853918625597, 13.6508424274019 ], [ -89.191854751090901, 13.650842038078 ], [ -89.191855602072096, 13.6508416857993 ], [ -89.191856482690895, 13.650841407616699 ], [ -89.191857342960006, 13.6508411104682 ], [ -89.191858214305697, 13.650840795233201 ], [ -89.191859084741907, 13.6508404980768 ], [ -89.191859973717001, 13.6508402659863 ], [ -89.191860872897493, 13.650840080890299 ], [ -89.191861790608002, 13.6508399500136 ], [ -89.191862699031404, 13.650839764910501 ], [ -89.191864526127205, 13.6508394950284 ], [ -89.191865453118197, 13.6508394102429 ], [ -89.191866370874394, 13.6508393354075 ], [ -89.191867298843505, 13.6508393166056 ], [ -89.191868225797606, 13.6508391866255 ], [ -89.191548460956497, 13.6508150370984 ], [ -89.191497846435993, 13.6512956417696 ], [ -89.191464877130201, 13.651291205820501 ], [ -89.191465272389394, 13.6512885218511 ], [ -89.191314901295598, 13.6512699047755 ], [ -89.191257491614195, 13.6512627851685 ], [ -89.191167085214204, 13.6512516001769 ], [ -89.1911322896255, 13.6512472867248 ], [ -89.191049237611395, 13.6512370025793 ], [ -89.190927745187096, 13.651221954904299 ], [ -89.190923812061797, 13.6512500771998 ], [ -89.190920453024106, 13.6512749133945 ], [ -89.190906940506693, 13.651266528516601 ], [ -89.1908518058721, 13.651240488545 ], [ -89.190685647975997, 13.651222975240501 ], [ -89.190568061926697, 13.650700711405101 ], [ -89.1905129350843, 13.650567700904 ], [ -89.190397711346293, 13.649934762343699 ], [ -89.190371704632696, 13.649739335252301 ], [ -89.1904004332781, 13.649731445515201 ], [ -89.190574739986403, 13.649738150258401 ], [ -89.190858131924301, 13.6497522029584 ], [ -89.190860205262894, 13.6497524146682 ], [ -89.190861577957307, 13.6497525799193 ], [ -89.190862940574803, 13.649752856357299 ], [ -89.190864284722096, 13.649753151791201 ], [ -89.190865639036502, 13.6497534472174 ], [ -89.190866983198404, 13.649753760729199 ], [ -89.190868308040706, 13.6497541854351 ], [ -89.190869624564399, 13.649754610147401 ], [ -89.190870921708296, 13.649755071934299 ], [ -89.190873515124593, 13.649756060589301 ], [ -89.190874812283099, 13.649756540454099 ], [ -89.190876043923296, 13.649757150530601 ], [ -89.190877255274003, 13.649757815760299 ], [ -89.190878467534304, 13.6497584629114 ], [ -89.190879660414694, 13.649759147137299 ], [ -89.190880834846993, 13.6497598774761 ], [ -89.190881971421106, 13.6497606539427 ], [ -89.190883070145105, 13.649761486480299 ], [ -89.190884120843094, 13.649762364249799 ], [ -89.190886251794794, 13.649764093552999 ], [ -89.190887265559695, 13.649765018353699 ], [ -89.190888250687195, 13.6497659621584 ], [ -89.190889226593995, 13.649766933087101 ], [ -89.190890183098105, 13.6497679130697 ], [ -89.190891083259103, 13.6497689400986 ], [ -89.190891973260406, 13.6497699761743 ], [ -89.190892806917901, 13.6497710583924 ], [ -89.190893631339904, 13.649772149656499 ], [ -89.190894361538, 13.6497733060742 ], [ -89.190895128685298, 13.6497744353464 ], [ -89.190895858883394, 13.649775591764101 ], [ -89.190896531797904, 13.649776775343 ], [ -89.190897176067807, 13.649777968887101 ], [ -89.190897848983099, 13.6497791533699 ], [ -89.190898446137297, 13.6497803749713 ], [ -89.190898967529705, 13.6497816327871 ], [ -89.190899489847098, 13.6497828915062 ], [ -89.190899982587496, 13.649784150248299 ], [ -89.190900428211407, 13.6497854361438 ], [ -89.190900864592606, 13.6497867220464 ], [ -89.190901273246098, 13.649788008874401 ], [ -89.190901576560606, 13.649789331939999 ], [ -89.190901918680396, 13.649790636897601 ], [ -89.1909022035167, 13.649791969016499 ], [ -89.190902441215201, 13.6497933020758 ], [ -89.190902641025602, 13.649794644203601 ], [ -89.1909028223576, 13.649795995384499 ], [ -89.190902946376795, 13.649797337571099 ], [ -89.190903032515095, 13.649798697864901 ], [ -89.190903080750402, 13.649800049149199 ], [ -89.190903110500102, 13.649801400447901 ], [ -89.190903120847196, 13.649802760800601 ], [ -89.190903046152897, 13.6498041121804 ], [ -89.190902962223205, 13.6498054726062 ], [ -89.190902831140306, 13.6498068149908 ], [ -89.190902709307693, 13.649808166407199 ], [ -89.190902501501995, 13.649809499812401 ], [ -89.190873476560597, 13.6500581628363 ], [ -89.190853418496303, 13.6502299300434 ], [ -89.190849753338199, 13.650261366710801 ], [ -89.191305190156697, 13.650304542556301 ], [ -89.191745937092804, 13.6503449811752 ], [ -89.192346141452106, 13.650405193559299 ], [ -89.192571848757595, 13.650431720654399 ], [ -89.192621906479502, 13.6504072085148 ], [ -89.192991903845197, 13.650423338554299 ] ] ] ] } },
{ "type": "Feature", "properties": { "qc_id": 52, "name": null, "descriptio": null, "timestamp": null, "begin": null, "end": null, "altitudemo": null, "tessellate": -1, "extrude": 0, "visibility": -1, "draworder": null, "icon": null, "objectid_1": 79, "fid_1": 80, "text_1": "COLONIA MARABU SUR", "shape_leng": 1380.93480791, "shape_area": 54396.737142799997, "fid_2": 3, "zona": 5, "viviendas": null }, "geometry": { "type": "MultiPolygon", "coordinates": [ [ [ [ -89.181019762275895, 13.649444673871299 ], [ -89.180935136346903, 13.649453585276399 ], [ -89.180756960340403, 13.649472366359801 ], [ -89.180544666268105, 13.6494947364205 ], [ -89.180424952615894, 13.649525211398499 ], [ -89.1802462378119, 13.6495707242722 ], [ -89.180066803967804, 13.6496163948201 ], [ -89.180050886764903, 13.6496198403688 ], [ -89.180014216905604, 13.6493797052541 ], [ -89.180017092350596, 13.6492529247638 ], [ -89.1800716412843, 13.6491101129357 ], [ -89.1801515417839, 13.649024641838899 ], [ -89.180164041790405, 13.6489836754288 ], [ -89.180154396901202, 13.648884699757099 ], [ -89.180152823385995, 13.648868503126501 ], [ -89.180151472223798, 13.6488590258821 ], [ -89.180151319341604, 13.6488452623977 ], [ -89.180112456906002, 13.648683303991699 ], [ -89.180059508857099, 13.6486666451306 ], [ -89.180050864772994, 13.648663930738399 ], [ -89.1800286897316, 13.648664261528999 ], [ -89.179876368515494, 13.648666566748201 ], [ -89.179854346665394, 13.648533640812699 ], [ -89.179832001620099, 13.6483986596555 ], [ -89.179810117427607, 13.6483224077793 ], [ -89.179825370424297, 13.648317111556301 ], [ -89.179784442856104, 13.6482148080062 ], [ -89.179745104900505, 13.6481606437876 ], [ -89.179747713573207, 13.648156282399199 ], [ -89.179691272129006, 13.6481387094633 ], [ -89.179628008481004, 13.6480858769702 ], [ -89.179550671169494, 13.6480212815153 ], [ -89.179506088050204, 13.6479526072588 ], [ -89.179469814716299, 13.6478967278791 ], [ -89.179430680173198, 13.6478364359624 ], [ -89.179365864956097, 13.6478710544893 ], [ -89.179303404744203, 13.6479044211963 ], [ -89.179280706888093, 13.6479135734042 ], [ -89.179289500311299, 13.6479521912959 ], [ -89.1792647545943, 13.647958151537299 ], [ -89.179135179072404, 13.648037772382599 ], [ -89.178712498818598, 13.648297522870999 ], [ -89.178632437387805, 13.648346710403301 ], [ -89.178605049977605, 13.648363558094699 ], [ -89.178533852810801, 13.6484072977133 ], [ -89.178527977141002, 13.648410902189701 ], [ -89.178461462937307, 13.6484517784662 ], [ -89.178408485850099, 13.648484341731701 ], [ -89.178402185944506, 13.6485269513541 ], [ -89.178371125299506, 13.648541209315701 ], [ -89.178267218640798, 13.648586027425401 ], [ -89.1782574824704, 13.648565532355899 ], [ -89.178237395411998, 13.6485232202639 ], [ -89.178207572205906, 13.6484604221376 ], [ -89.178049998533297, 13.6484140255023 ], [ -89.178026135075996, 13.648459822307901 ], [ -89.1779994898898, 13.648407175298701 ], [ -89.177972352286105, 13.648353584977301 ], [ -89.177934922439704, 13.648381278457 ], [ -89.177902939587298, 13.6484043942858 ], [ -89.177843341072403, 13.6483662849267 ], [ -89.177708913782695, 13.648139511902601 ], [ -89.177694610463007, 13.6481234256912 ], [ -89.177730047600704, 13.648112913100899 ], [ -89.1778340187157, 13.648078915688 ], [ -89.177891443075495, 13.648058131589201 ], [ -89.177901738102605, 13.6480171668879 ], [ -89.177871465897596, 13.647898213714001 ], [ -89.177867492232494, 13.6478759464432 ], [ -89.177848273663798, 13.647768250503599 ], [ -89.178030434401407, 13.647699828579301 ], [ -89.178100745250305, 13.647673416495 ], [ -89.178296691170203, 13.647599820441 ], [ -89.178326741868304, 13.6475885343208 ], [ -89.178359916398193, 13.647576967531799 ], [ -89.178429556835098, 13.6475526763753 ], [ -89.178498857215502, 13.6475285047601 ], [ -89.178479490156803, 13.647475159230799 ], [ -89.178434012458496, 13.6473378717223 ], [ -89.1785019323504, 13.6473154971453 ], [ -89.178572019121901, 13.6472924267854 ], [ -89.1786427674908, 13.6472691344706 ], [ -89.178796935575207, 13.6472183835574 ], [ -89.178756197863095, 13.647079259563 ], [ -89.179018391644206, 13.6470256531959 ], [ -89.179650697296395, 13.646874284209501 ], [ -89.179682492225098, 13.6470158026804 ], [ -89.179808276929293, 13.646992274567401 ], [ -89.1799223886037, 13.6469513450244 ], [ -89.180112145152094, 13.646879898798201 ], [ -89.180217758016298, 13.646840141366299 ], [ -89.1802806099478, 13.6468251747132 ], [ -89.180346236804596, 13.646825024450999 ], [ -89.180410936618301, 13.6468248757552 ], [ -89.180503953292103, 13.6468246682948 ], [ -89.180633317375893, 13.6468274332232 ], [ -89.1806956993249, 13.646828757694999 ], [ -89.180760380910002, 13.6468301446371 ], [ -89.180766540809302, 13.6469511146018 ], [ -89.180783453888594, 13.647000186336699 ], [ -89.180783906373307, 13.647158368398101 ], [ -89.180763555875203, 13.6472920295429 ], [ -89.180718054285606, 13.647358686318199 ], [ -89.180735920808104, 13.647428851534301 ], [ -89.180754885236198, 13.647500033726701 ], [ -89.180757109543194, 13.6474994861396 ], [ -89.180778495579304, 13.6475682594797 ], [ -89.180800583061497, 13.647639319154401 ], [ -89.180827585960003, 13.6477261472624 ], [ -89.180836550133705, 13.6478134143675 ], [ -89.180854684253703, 13.6478997401014 ], [ -89.180870149479304, 13.6479733680832 ], [ -89.180932264059194, 13.6479595497524 ], [ -89.1809631560713, 13.6481180248679 ], [ -89.181007079338698, 13.648497243039801 ], [ -89.181013878045903, 13.648685409820899 ], [ -89.180987310237398, 13.648746221682799 ], [ -89.180907466399901, 13.648795493857 ], [ -89.1807859797985, 13.648833625396 ], [ -89.180830376831693, 13.648967312143 ], [ -89.180893280821905, 13.6492524580426 ], [ -89.180925888367099, 13.6492426322255 ], [ -89.181019762275895, 13.649444673871299 ] ] ] ] } },
{ "type": "Feature", "properties": { "qc_id": 53, "name": null, "descriptio": null, "timestamp": null, "begin": null, "end": null, "altitudemo": null, "tessellate": -1, "extrude": 0, "visibility": -1, "draworder": null, "icon": null, "objectid_1": 80, "fid_1": 81, "text_1": "LOT MALENA 2", "shape_leng": 601.89533807600003, "shape_area": 9740.5482196800003, "fid_2": 3, "zona": 5, "viviendas": null }, "geometry": { "type": "MultiPolygon", "coordinates": [ [ [ [ -89.179019086466795, 13.6489948313802 ], [ -89.178983525559303, 13.649054131932999 ], [ -89.1789598939217, 13.649106833506799 ], [ -89.178872036234395, 13.649084683327599 ], [ -89.178811996962807, 13.6490775627278 ], [ -89.178737332664596, 13.6490811991416 ], [ -89.178569793204602, 13.6491228710674 ], [ -89.178500836403799, 13.649026761256801 ], [ -89.178441705830394, 13.648919889763601 ], [ -89.178381129, 13.6488534767036 ], [ -89.178326469292898, 13.6488014981429 ], [ -89.178296466560894, 13.6487884785136 ], [ -89.178284369976794, 13.648813366970799 ], [ -89.178213379431, 13.6488921855744 ], [ -89.178121182923704, 13.6489903185626 ], [ -89.178012997799996, 13.6490965529433 ], [ -89.177892260752301, 13.649213662067901 ], [ -89.177887227835498, 13.649217053504 ], [ -89.177876714014801, 13.6492058889778 ], [ -89.177814494203304, 13.6491190959623 ], [ -89.177790632450794, 13.649080497049701 ], [ -89.177769310968102, 13.649046016247899 ], [ -89.177733473895898, 13.6489775857289 ], [ -89.177670907864197, 13.6488581189606 ], [ -89.177589085985502, 13.6488837709239 ], [ -89.177528661983601, 13.648905611961199 ], [ -89.177467234482805, 13.648927824304501 ], [ -89.177349562812395, 13.6489808340091 ], [ -89.177287154071493, 13.648681090763199 ], [ -89.177312249716493, 13.6486376902686 ], [ -89.177305567286297, 13.6486366022789 ], [ -89.177286341121004, 13.648606849098201 ], [ -89.177283097776396, 13.6485614144846 ], [ -89.177310297418799, 13.648533192471801 ], [ -89.177304540929995, 13.648518369142501 ], [ -89.177295057912403, 13.6484939491439 ], [ -89.177328971771999, 13.648484474476501 ], [ -89.177490529066802, 13.648455044632 ], [ -89.177512247533301, 13.648451086168601 ], [ -89.177559497740603, 13.6484415557433 ], [ -89.177583678849004, 13.6484282926166 ], [ -89.177619950959198, 13.648408385267199 ], [ -89.177650745295907, 13.6483914891258 ], [ -89.177710653190104, 13.6483620213717 ], [ -89.177729893665798, 13.648410665897501 ], [ -89.177789966892604, 13.6483871682257 ], [ -89.177843341072403, 13.6483662849267 ], [ -89.177902939587298, 13.6484043942858 ], [ -89.177934922439704, 13.648381278457 ], [ -89.177972352286105, 13.648353584977301 ], [ -89.1779994898898, 13.648407175298701 ], [ -89.178026135075996, 13.648459822307901 ], [ -89.178049998533297, 13.6484140255023 ], [ -89.178207572205906, 13.6484604221376 ], [ -89.178237395411998, 13.6485232202639 ], [ -89.1782574824704, 13.648565532355899 ], [ -89.178267218640798, 13.648586027425401 ], [ -89.178371134535396, 13.64854120027 ], [ -89.178402185951398, 13.648526960392999 ], [ -89.178408485850099, 13.648484341731701 ], [ -89.178461462937307, 13.6484517784662 ], [ -89.178527977141002, 13.648410902189701 ], [ -89.178533852810801, 13.6484072977133 ], [ -89.178605049977605, 13.648363558094699 ], [ -89.178632437387805, 13.648346710403301 ], [ -89.178708785959302, 13.6485054673285 ], [ -89.178717822384598, 13.648528258780001 ], [ -89.178691326634194, 13.648547205579099 ], [ -89.178697544206898, 13.648559307819299 ], [ -89.1787470488064, 13.6487019235134 ], [ -89.178754379351503, 13.648720281698701 ], [ -89.178731191108596, 13.648733747594999 ], [ -89.178672166820206, 13.648766815165599 ], [ -89.178680079983707, 13.648792902128701 ], [ -89.178708761539099, 13.6488479627888 ], [ -89.178731490138205, 13.648877898610801 ], [ -89.178756189362105, 13.6488981785047 ], [ -89.178783844291402, 13.6489097562658 ], [ -89.178844852212407, 13.6489327404144 ], [ -89.178891896181199, 13.6489521525741 ], [ -89.178910448561396, 13.648967041579899 ], [ -89.178936293330096, 13.648987764434199 ], [ -89.178969417666593, 13.648997468941401 ], [ -89.178985971512503, 13.648997456892999 ], [ -89.179019086466795, 13.6489948313802 ] ] ] ] } },
{ "type": "Feature", "properties": { "qc_id": 54, "name": null, "descriptio": null, "timestamp": null, "begin": null, "end": null, "altitudemo": null, "tessellate": -1, "extrude": 0, "visibility": -1, "draworder": null, "icon": null, "objectid_1": 81, "fid_1": 82, "text_1": "LOTIFICACION LAS COLINAS", "shape_leng": 456.35460855600002, "shape_area": 9744.3851514199996, "fid_2": 3, "zona": 5, "viviendas": null }, "geometry": { "type": "MultiPolygon", "coordinates": [ [ [ [ -89.177843341072403, 13.6483662849267 ], [ -89.177789966892604, 13.6483871682257 ], [ -89.177729893665798, 13.648410665897501 ], [ -89.177710653190104, 13.6483620213717 ], [ -89.177650745295907, 13.6483914891258 ], [ -89.177619950959198, 13.648408385267199 ], [ -89.177583678849004, 13.6484282926166 ], [ -89.177559497740603, 13.6484415557433 ], [ -89.177512247533301, 13.648451086168601 ], [ -89.177490529066802, 13.648455044632 ], [ -89.177328971771999, 13.648484474476501 ], [ -89.177295057912403, 13.6484939491439 ], [ -89.177304540929995, 13.648518369142501 ], [ -89.1772710261085, 13.648529972189699 ], [ -89.177215663275902, 13.648549041778001 ], [ -89.177144630603195, 13.6485735288335 ], [ -89.177086131206195, 13.6486005702869 ], [ -89.177074436690106, 13.648605983995401 ], [ -89.177065732263301, 13.648609007461999 ], [ -89.176910723264896, 13.6486629332713 ], [ -89.1769057906467, 13.648636243017499 ], [ -89.176891003896301, 13.6485561803824 ], [ -89.176866576564507, 13.6485579659698 ], [ -89.176842150149696, 13.6485597425153 ], [ -89.176647672322702, 13.648573932427499 ], [ -89.176467939603498, 13.648587047721501 ], [ -89.176440019669201, 13.648587937302199 ], [ -89.176426898971997, 13.648394980677701 ], [ -89.176416638551004, 13.648229853804599 ], [ -89.176385895629906, 13.648038112900201 ], [ -89.176410740413999, 13.648024877433301 ], [ -89.176443835901097, 13.6478831095218 ], [ -89.176584697217393, 13.6479087766247 ], [ -89.176684647285796, 13.6479269851861 ], [ -89.176735567280105, 13.647927938358499 ], [ -89.176837899910097, 13.6479298461252 ], [ -89.176990389169902, 13.6478615855077 ], [ -89.177024034455499, 13.647846594609099 ], [ -89.177168399108297, 13.6477732670755 ], [ -89.177223934197201, 13.647882446400599 ], [ -89.177257735117095, 13.647948879050301 ], [ -89.177423338645795, 13.647988208275001 ], [ -89.177471805273498, 13.6479997151259 ], [ -89.177638566767399, 13.6479433010897 ], [ -89.177678506973194, 13.6481053142489 ], [ -89.177694610469899, 13.648123434730101 ], [ -89.177708913782695, 13.648139511902601 ], [ -89.177843341072403, 13.6483662849267 ] ] ] ] } },
{ "type": "Feature", "properties": { "qc_id": 55, "name": null, "descriptio": null, "timestamp": null, "begin": null, "end": null, "altitudemo": null, "tessellate": -1, "extrude": 0, "visibility": -1, "draworder": null, "icon": null, "objectid_1": 83, "fid_1": 84, "text_1": "COLONIA GUADALUPE", "shape_leng": 647.73087098999997, "shape_area": 22124.446757900001, "fid_2": 3, "zona": 5, "viviendas": null }, "geometry": { "type": "MultiPolygon", "coordinates": [ [ [ [ -89.180154396901202, 13.648884699757099 ], [ -89.180164041790405, 13.6489836754288 ], [ -89.1801515417839, 13.649024641838899 ], [ -89.1800716412843, 13.6491101129357 ], [ -89.180017092350596, 13.6492529247638 ], [ -89.180014216905604, 13.6493797052541 ], [ -89.180050886764903, 13.6496198403688 ], [ -89.179873123018794, 13.649658253090299 ], [ -89.179196776888006, 13.649804396771501 ], [ -89.179144833341198, 13.649654258031999 ], [ -89.179073054249301, 13.649456096272001 ], [ -89.179040880339699, 13.649364273208 ], [ -89.179003708158703, 13.64920958794 ], [ -89.178979672139704, 13.6491268765235 ], [ -89.1789598939217, 13.649106833506799 ], [ -89.178983525559303, 13.649054131932999 ], [ -89.179019086466795, 13.6489948313802 ], [ -89.178985971512503, 13.648997456892999 ], [ -89.178969417666593, 13.648997468941401 ], [ -89.178936293330096, 13.648987764434199 ], [ -89.178910448561396, 13.648967041579899 ], [ -89.178891896181199, 13.6489521525741 ], [ -89.178844852212407, 13.6489327404144 ], [ -89.178783844291402, 13.6489097562658 ], [ -89.178756189362105, 13.6488981785047 ], [ -89.178731490138205, 13.648877898610801 ], [ -89.178708761539099, 13.6488479627888 ], [ -89.178680079983707, 13.648792902128701 ], [ -89.178672166820206, 13.648766815165599 ], [ -89.178731191108596, 13.648733747594999 ], [ -89.178754379351503, 13.648720281698701 ], [ -89.1787470488064, 13.6487019235134 ], [ -89.178697544206898, 13.648559307819299 ], [ -89.178691326634194, 13.648547205579099 ], [ -89.178717822384598, 13.648528258780001 ], [ -89.178708785959302, 13.6485054673285 ], [ -89.178632437387805, 13.648346710403301 ], [ -89.178712498818598, 13.648297522870999 ], [ -89.179135179072404, 13.648037772382599 ], [ -89.1792647545943, 13.647958151537299 ], [ -89.179289491068502, 13.6479521913027 ], [ -89.179280696721094, 13.647913573411699 ], [ -89.179303404744203, 13.6479044211963 ], [ -89.179365864956097, 13.6478710544893 ], [ -89.179430680173198, 13.6478364359624 ], [ -89.179469814716299, 13.6478967278791 ], [ -89.179506088050204, 13.6479526072588 ], [ -89.179550671169494, 13.6480212815153 ], [ -89.179628008481004, 13.6480858769702 ], [ -89.179691272129006, 13.6481387094633 ], [ -89.179747713573207, 13.648156282399199 ], [ -89.179745095650901, 13.648160634755399 ], [ -89.179784442856104, 13.6482148080062 ], [ -89.179825370424297, 13.648317111556301 ], [ -89.179810117427607, 13.6483224077793 ], [ -89.179832001620099, 13.6483986596555 ], [ -89.179854346665394, 13.648533640812699 ], [ -89.179876368515494, 13.648666566748201 ], [ -89.1800286897316, 13.648664261528999 ], [ -89.180050864772994, 13.648663930738399 ], [ -89.180059508857099, 13.6486666451306 ], [ -89.180112456906002, 13.648683303991699 ], [ -89.180151319341604, 13.6488452623977 ], [ -89.180151472223798, 13.6488590258821 ], [ -89.180152823385995, 13.648868503126501 ], [ -89.180154396901202, 13.648884699757099 ] ] ] ] } },
{ "type": "Feature", "properties": { "qc_id": 56, "name": null, "descriptio": null, "timestamp": null, "begin": null, "end": null, "altitudemo": null, "tessellate": -1, "extrude": 0, "visibility": -1, "draworder": null, "icon": null, "objectid_1": 116, "fid_1": 118, "text_1": "COMUNIDAD 10 DE OCTUBRE III ETAPA", "shape_leng": 776.28685554200001, "shape_area": 18767.697192600001, "fid_2": 3, "zona": 5, "viviendas": null }, "geometry": { "type": "MultiPolygon", "coordinates": [ [ [ [ -89.166605716343994, 13.649796329775899 ], [ -89.166614188994899, 13.6498781653181 ], [ -89.166609062499504, 13.6498971433363 ], [ -89.166585291968104, 13.649930035876199 ], [ -89.166557439362606, 13.649959710604101 ], [ -89.166549626221695, 13.650059965884999 ], [ -89.166542061786501, 13.6501498921994 ], [ -89.166040310769603, 13.650110051602001 ], [ -89.165570434810903, 13.6500531763308 ], [ -89.165404616259906, 13.6500424773483 ], [ -89.165338311717704, 13.6500765182981 ], [ -89.165204644339099, 13.6501328565592 ], [ -89.165176050142705, 13.6501176216512 ], [ -89.1651043276472, 13.650119114239599 ], [ -89.165041998302101, 13.650166203766901 ], [ -89.165020222416103, 13.6502245303955 ], [ -89.165022846614093, 13.6502550450023 ], [ -89.165043659547706, 13.6502957107871 ], [ -89.165073562137906, 13.6503274842858 ], [ -89.165129446664295, 13.6503477916128 ], [ -89.165187912207898, 13.650351565874599 ], [ -89.165208689897497, 13.6503420086028 ], [ -89.165344483350907, 13.6504540896847 ], [ -89.165290121277593, 13.650472202304501 ], [ -89.165261652748597, 13.6504740825563 ], [ -89.165147758288001, 13.650465800764101 ], [ -89.164953186411793, 13.650442708512401 ], [ -89.164730141218797, 13.650415922889501 ], [ -89.164471516820996, 13.650385441339401 ], [ -89.164265187558797, 13.6503601527131 ], [ -89.164269007567199, 13.6503415371747 ], [ -89.164271762741095, 13.650328132393 ], [ -89.164276877707493, 13.650267225497499 ], [ -89.164282002831399, 13.6502063086521 ], [ -89.164267528266507, 13.650119915087201 ], [ -89.164253052794294, 13.650033530560499 ], [ -89.164217761813305, 13.649955480279299 ], [ -89.164198772531904, 13.6498828533196 ], [ -89.164194975838399, 13.649773349989999 ], [ -89.164188958534893, 13.649599602062199 ], [ -89.164207984744294, 13.649345238077901 ], [ -89.164270466594203, 13.649353795091301 ], [ -89.164303388021693, 13.649358298894599 ], [ -89.164687053828999, 13.6495171140505 ], [ -89.164914195200097, 13.6495302807052 ], [ -89.165230838492505, 13.6495486540186 ], [ -89.165245519274606, 13.6495505513703 ], [ -89.165274088240295, 13.6495562800333 ], [ -89.165302656276694, 13.649561999654599 ], [ -89.165374933098207, 13.6495682909714 ], [ -89.165384682610906, 13.649543580084901 ], [ -89.165413298097803, 13.6495352865913 ], [ -89.165508887778699, 13.649530640433399 ], [ -89.165532756543897, 13.6495294764216 ], [ -89.165581616776507, 13.649534599338301 ], [ -89.165625668409106, 13.649539031293299 ], [ -89.165834362276499, 13.6496297735789 ], [ -89.166275195629396, 13.6496409815626 ], [ -89.166442148071496, 13.649662184247701 ], [ -89.166594383662101, 13.6496710044023 ], [ -89.166595002137697, 13.6497951429906 ], [ -89.166605716343994, 13.649796329775899 ] ] ] ] } },
{ "type": "Feature", "properties": { "qc_id": 57, "name": null, "descriptio": null, "timestamp": null, "begin": null, "end": null, "altitudemo": null, "tessellate": -1, "extrude": 0, "visibility": -1, "draworder": null, "icon": null, "objectid_1": 117, "fid_1": 119, "text_1": "COLONIA 10 DE OCTUBRE II ETAPA", "shape_leng": 1423.8580745300001, "shape_area": 90744.349112099997, "fid_2": 3, "zona": 5, "viviendas": null }, "geometry": { "type": "MultiPolygon", "coordinates": [ [ [ [ -89.167744269171806, 13.6500640412217 ], [ -89.167718213790593, 13.650184839129199 ], [ -89.167711065520706, 13.6502342978575 ], [ -89.167699443565894, 13.6503146655827 ], [ -89.167674191085695, 13.650353437261201 ], [ -89.167665397478302, 13.650431284807 ], [ -89.167653841048306, 13.650498583080299 ], [ -89.167632187713494, 13.6505412489877 ], [ -89.167612092946101, 13.6506322197376 ], [ -89.167589178313506, 13.650710429422899 ], [ -89.167577608513, 13.650757716390499 ], [ -89.167569386849195, 13.6507886640946 ], [ -89.167561259223504, 13.650819279101301 ], [ -89.167548006283297, 13.6508691586784 ], [ -89.167527465467998, 13.650945182028 ], [ -89.167518771420106, 13.6509773430778 ], [ -89.167506001362099, 13.6510148380709 ], [ -89.167503300711303, 13.6510227905626 ], [ -89.167479366437902, 13.6510931054165 ], [ -89.167474984308299, 13.651105973525 ], [ -89.167444488180607, 13.651170656160801 ], [ -89.167432778486699, 13.6511954877761 ], [ -89.167430244492493, 13.6512388999168 ], [ -89.167385618157695, 13.6513443360931 ], [ -89.167385353591897, 13.651345326941 ], [ -89.167373969046096, 13.6513880780313 ], [ -89.167356449720501, 13.6514538346877 ], [ -89.167344102774905, 13.651500196584299 ], [ -89.167319959942006, 13.6515828027142 ], [ -89.167294070760903, 13.6516714182131 ], [ -89.167283147301404, 13.651708827875201 ], [ -89.167240293668399, 13.6518598489042 ], [ -89.167225772175598, 13.651922307913599 ], [ -89.167217780235603, 13.6519566803026 ], [ -89.167223295206, 13.6522461630718 ], [ -89.167224484822995, 13.652308630377499 ], [ -89.167242467667705, 13.652440922016901 ], [ -89.167178866205205, 13.652456663191 ], [ -89.166759583343605, 13.6525593726266 ], [ -89.165138557449197, 13.652971307160801 ], [ -89.165053296350706, 13.6529944769712 ], [ -89.165048531638206, 13.6527732647729 ], [ -89.165003206922705, 13.652331845116001 ], [ -89.165019087245298, 13.652018402887199 ], [ -89.165039741322602, 13.6518864837733 ], [ -89.165039910592895, 13.6518853447533 ], [ -89.165042323275102, 13.6518699416839 ], [ -89.164973054661303, 13.651862814861 ], [ -89.164894254995005, 13.651854703742201 ], [ -89.1648173481003, 13.651846332815699 ], [ -89.164738065602407, 13.651837704039 ], [ -89.164660647546796, 13.6518292773645 ], [ -89.164582566728598, 13.651820776989901 ], [ -89.164590183976102, 13.6517496959935 ], [ -89.164515397695993, 13.651742998468899 ], [ -89.164432566823706, 13.651735594032401 ], [ -89.164396202591405, 13.6516524908281 ], [ -89.164320562914099, 13.651603013414601 ], [ -89.164323341061404, 13.651500771201199 ], [ -89.164281473017496, 13.6513717258197 ], [ -89.164269078430806, 13.6513229554583 ], [ -89.164261199519402, 13.651208761845201 ], [ -89.164243710377804, 13.6511297099155 ], [ -89.164208140122696, 13.6510993465607 ], [ -89.1641755563967, 13.651050654755201 ], [ -89.164156353073494, 13.6510104786382 ], [ -89.164146708812098, 13.6510114567622 ], [ -89.164145166297899, 13.650997065086999 ], [ -89.1641782932263, 13.6508626664678 ], [ -89.164183632871101, 13.650824325140601 ], [ -89.164167863292207, 13.6508225486703 ], [ -89.1641788896968, 13.650728057263599 ], [ -89.164195681678393, 13.6507300454656 ], [ -89.164208709615096, 13.6506004825352 ], [ -89.164239606183699, 13.6504846613218 ], [ -89.164261367544, 13.650378760116499 ], [ -89.164265187558797, 13.6503601527131 ], [ -89.164471526070102, 13.6503854503721 ], [ -89.164730141218797, 13.650415922889501 ], [ -89.164953195654704, 13.650442708506199 ], [ -89.165147758288001, 13.650465800764101 ], [ -89.165261652741606, 13.650474072613299 ], [ -89.165290121277593, 13.650472202304501 ], [ -89.165344474107997, 13.6504540896908 ], [ -89.165208680654601, 13.650342008609 ], [ -89.165187902958095, 13.650351555938 ], [ -89.165129437415104, 13.650347782580001 ], [ -89.165073562137906, 13.6503274842858 ], [ -89.165043659547706, 13.6502957107871 ], [ -89.165022846614093, 13.6502550450023 ], [ -89.165020222416103, 13.6502245303955 ], [ -89.165041998302101, 13.650166203766901 ], [ -89.1651043276472, 13.650119114239599 ], [ -89.165176050142705, 13.6501176216512 ], [ -89.165204644339099, 13.6501328565592 ], [ -89.165338311717704, 13.6500765182981 ], [ -89.165404616253596, 13.6500424683093 ], [ -89.165570434810903, 13.6500531763308 ], [ -89.166040310769603, 13.650110051602001 ], [ -89.166542061786501, 13.6501498921994 ], [ -89.166549635464605, 13.6500599658788 ], [ -89.166557439362606, 13.649959710604101 ], [ -89.166585291968104, 13.649930035876199 ], [ -89.1666090717423, 13.649897143330101 ], [ -89.166614188994899, 13.6498781653181 ], [ -89.166605716343994, 13.649796329775899 ], [ -89.1666164314817, 13.649797526502899 ], [ -89.166714048135304, 13.6498084372323 ], [ -89.166792099854007, 13.649817140326199 ], [ -89.166870245875103, 13.649825871352199 ], [ -89.166948222744693, 13.6498345834863 ], [ -89.167025791048005, 13.6498432407357 ], [ -89.167033874927796, 13.6497770096362 ], [ -89.167111424854198, 13.649785842226599 ], [ -89.167103407683001, 13.6498522685244 ], [ -89.167181242467606, 13.6498613142181 ], [ -89.167260496157297, 13.649870534277699 ], [ -89.167263337789606, 13.6498463839102 ], [ -89.167339780970494, 13.649855939392699 ], [ -89.167337043440696, 13.6498795988757 ], [ -89.167417774397805, 13.6498891703979 ], [ -89.1674959596684, 13.6498984381114 ], [ -89.167574229061302, 13.6499077147816 ], [ -89.167652404176494, 13.649916981548399 ], [ -89.167707105126894, 13.649923460421199 ], [ -89.167691250398093, 13.6500277670531 ], [ -89.167744269171806, 13.6500640412217 ] ] ] ] } },
{ "type": "Feature", "properties": { "qc_id": 58, "name": null, "descriptio": null, "timestamp": null, "begin": null, "end": null, "altitudemo": null, "tessellate": -1, "extrude": 0, "visibility": -1, "draworder": null, "icon": null, "objectid_1": 131, "fid_1": 133, "text_1": "COLONIA LAS CAMPANITAS SUR", "shape_leng": 667.74137028899997, "shape_area": 27354.2629428, "fid_2": 3, "zona": 5, "viviendas": null }, "geometry": { "type": "MultiPolygon", "coordinates": [ [ [ [ -89.182535021504194, 13.6486372837908 ], [ -89.182543833627406, 13.6486742636953 ], [ -89.182531787250397, 13.648726336942 ], [ -89.182507179600194, 13.648823264412799 ], [ -89.182483286266702, 13.6489152578961 ], [ -89.182462139239703, 13.648984989137499 ], [ -89.182462036158, 13.6489855532439 ], [ -89.182459810791798, 13.6489966619467 ], [ -89.182442124199298, 13.6490853832425 ], [ -89.182440351839404, 13.649094251759299 ], [ -89.182423720328998, 13.649177650141899 ], [ -89.182414698392506, 13.6492228904099 ], [ -89.182398188089095, 13.6494137309829 ], [ -89.1818813487602, 13.649396435437801 ], [ -89.181574865693804, 13.649386165914301 ], [ -89.181369490388505, 13.649407809367 ], [ -89.181019762269003, 13.6494446648324 ], [ -89.180925888367099, 13.6492426322255 ], [ -89.180893290071694, 13.6492524670747 ], [ -89.180830376831693, 13.648967312143 ], [ -89.180785970555704, 13.6488336254028 ], [ -89.180907475642698, 13.648795493850301 ], [ -89.180987300994602, 13.648746221689599 ], [ -89.181013878045903, 13.648685409820899 ], [ -89.181007079330996, 13.648497233096901 ], [ -89.1809631560713, 13.6481180248679 ], [ -89.180932264052302, 13.6479595407134 ], [ -89.180994379549105, 13.647945722366201 ], [ -89.181276559363695, 13.6479124527719 ], [ -89.181418665232499, 13.647893697019899 ], [ -89.181536655600695, 13.6478758755387 ], [ -89.181552203868705, 13.647873615170999 ], [ -89.181824725437707, 13.6478339461798 ], [ -89.181918993711307, 13.647823834194 ], [ -89.182025405307698, 13.6478127875959 ], [ -89.182089125286595, 13.6478061871873 ], [ -89.182142983113906, 13.647800611852199 ], [ -89.182142202070096, 13.647793411105599 ], [ -89.182212009931803, 13.6477780600754 ], [ -89.1822369379706, 13.6478858445453 ], [ -89.182341784844397, 13.64813952608 ], [ -89.182358748510296, 13.6481805909724 ], [ -89.182385072318894, 13.648244279720201 ], [ -89.182478956800495, 13.6484826691067 ], [ -89.182500634815796, 13.6485374570274 ], [ -89.182501308073199, 13.648539141386401 ], [ -89.182526884449103, 13.6486031262464 ], [ -89.182535021504194, 13.6486372837908 ] ] ] ] } },
{ "type": "Feature", "properties": { "qc_id": 59, "name": null, "descriptio": null, "timestamp": null, "begin": null, "end": null, "altitudemo": null, "tessellate": -1, "extrude": 0, "visibility": -1, "draworder": null, "icon": null, "objectid_1": 132, "fid_1": 134, "text_1": "URBANIZACION LOMAS DORADAS", "shape_leng": 450.22016775399999, "shape_area": 5708.0948967800005, "fid_2": 3, "zona": 5, "viviendas": null }, "geometry": { "type": "MultiPolygon", "coordinates": [ [ [ [ -89.194043289248796, 13.6723575108671 ], [ -89.194036714360493, 13.6724081268475 ], [ -89.194018447352605, 13.6725352521558 ], [ -89.193972666359798, 13.6725290224806 ], [ -89.193926885361094, 13.6725227828541 ], [ -89.193881123776706, 13.6725165432039 ], [ -89.193835342791104, 13.6725103135031 ], [ -89.193789562724106, 13.6725040738504 ], [ -89.193743781735193, 13.6724978341898 ], [ -89.193737325818006, 13.6725425919358 ], [ -89.193730859722095, 13.672587339746601 ], [ -89.193724402867403, 13.6726320875499 ], [ -89.193716515791706, 13.6726866753578 ], [ -89.193710049688605, 13.672731424071699 ], [ -89.193703602994105, 13.6727761718662 ], [ -89.193697127649102, 13.672820928721899 ], [ -89.193690670789707, 13.6728656864667 ], [ -89.193684204676003, 13.6729104342756 ], [ -89.193677747803605, 13.6729551820771 ], [ -89.193671281692403, 13.6729999389244 ], [ -89.193663536213904, 13.673053638091 ], [ -89.193657070090595, 13.673098386802801 ], [ -89.193650613207893, 13.6731431346031 ], [ -89.193644148010804, 13.673187891448601 ], [ -89.193637691123101, 13.6732326392484 ], [ -89.193631224997404, 13.673277396997999 ], [ -89.193624768104797, 13.673322144797201 ], [ -89.1936183028904, 13.6733668926028 ], [ -89.193433455477503, 13.673341075535401 ], [ -89.193382617873198, 13.6733324336211 ], [ -89.193417730075495, 13.6731186506223 ], [ -89.193533523915704, 13.672279857751599 ], [ -89.193589738347697, 13.6719100786668 ], [ -89.193599897626797, 13.6718219275138 ], [ -89.193649559675194, 13.67182900567 ], [ -89.193787147666399, 13.671848279476499 ], [ -89.193806839020397, 13.6718510407196 ], [ -89.193924404724498, 13.671867515503299 ], [ -89.193979661359094, 13.6718749326607 ], [ -89.193902396320794, 13.672337129829099 ], [ -89.194008131193996, 13.6723535497238 ], [ -89.194043289248796, 13.6723575108671 ] ] ] ] } },
{ "type": "Feature", "properties": { "qc_id": 60, "name": null, "descriptio": null, "timestamp": null, "begin": null, "end": null, "altitudemo": null, "tessellate": -1, "extrude": 0, "visibility": -1, "draworder": null, "icon": null, "objectid_1": 133, "fid_1": 135, "text_1": "URBANIZACION LOMAS DORADAS II", "shape_leng": 662.96078769300004, "shape_area": 17533.700928300001, "fid_2": 3, "zona": 5, "viviendas": null }, "geometry": { "type": "MultiPolygon", "coordinates": [ [ [ [ -89.194350475411696, 13.6724490125646 ], [ -89.194329321470406, 13.672588098685299 ], [ -89.194296054463393, 13.672753971307699 ], [ -89.194271091964495, 13.6728784182633 ], [ -89.194260421511103, 13.6729316379846 ], [ -89.194237387636406, 13.6730644227314 ], [ -89.194226705271205, 13.6731155508512 ], [ -89.194216880321505, 13.673161717727099 ], [ -89.194207055352905, 13.6732078665245 ], [ -89.194202707993995, 13.673250372825899 ], [ -89.194201008698798, 13.6732903126909 ], [ -89.194203240567106, 13.6733344805758 ], [ -89.194219059754204, 13.673370713298601 ], [ -89.193951698639395, 13.6746739098652 ], [ -89.1931882524445, 13.674151896890599 ], [ -89.193301734451893, 13.673504942864501 ], [ -89.193314755433093, 13.673397259059501 ], [ -89.193318948918801, 13.673350661874499 ], [ -89.193359286781899, 13.673357349705199 ], [ -89.1933788321207, 13.673355511184599 ], [ -89.193382617873198, 13.6733324336211 ], [ -89.193433455477503, 13.673341075535401 ], [ -89.1936183028904, 13.6733668926028 ], [ -89.193624768104797, 13.673322144797201 ], [ -89.193631224997404, 13.673277396997999 ], [ -89.193637691123101, 13.6732326392484 ], [ -89.193644148010804, 13.673187891448601 ], [ -89.193650613207893, 13.6731431346031 ], [ -89.193657070090595, 13.673098386802801 ], [ -89.193663536213904, 13.673053638091 ], [ -89.193671281692403, 13.6729999389244 ], [ -89.193677747803605, 13.6729551820771 ], [ -89.193684204676003, 13.6729104342756 ], [ -89.193690670789707, 13.6728656864667 ], [ -89.193697127649102, 13.672820928721899 ], [ -89.193703602994105, 13.6727761718662 ], [ -89.193710049688605, 13.672731424071699 ], [ -89.193716515791706, 13.6726866753578 ], [ -89.193724402867403, 13.6726320875499 ], [ -89.193730859722095, 13.672587339746601 ], [ -89.193737325818006, 13.6725425919358 ], [ -89.193743781735193, 13.6724978341898 ], [ -89.193789562724106, 13.6725040738504 ], [ -89.193835342791104, 13.6725103135031 ], [ -89.193881123776706, 13.6725165432039 ], [ -89.193926885361094, 13.6725227828541 ], [ -89.193972666359798, 13.6725290224806 ], [ -89.194018447352605, 13.6725352521558 ], [ -89.194036714360493, 13.6724081268475 ], [ -89.194043289248796, 13.6723575108671 ], [ -89.194349832107804, 13.672392043391 ], [ -89.194350475411696, 13.6724490125646 ] ] ] ] } },
{ "type": "Feature", "properties": { "qc_id": 61, "name": null, "descriptio": null, "timestamp": null, "begin": null, "end": null, "altitudemo": null, "tessellate": -1, "extrude": 0, "visibility": -1, "draworder": null, "icon": null, "objectid_1": 135, "fid_1": 137, "text_1": "URBANIZACION LOS NOGALES", "shape_leng": 834.5292374000001, "shape_area": 24968.819619599999, "fid_2": 3, "zona": 5, "viviendas": null }, "geometry": { "type": "MultiPolygon", "coordinates": [ [ [ [ -89.192692047454798, 13.6686330954761 ], [ -89.192691622562506, 13.668634604407201 ], [ -89.192681377580101, 13.6686770692128 ], [ -89.1926515558701, 13.668670187734101 ], [ -89.192640367081793, 13.668714875047501 ], [ -89.192629309130297, 13.6687590524617 ], [ -89.192618195857605, 13.668803406178 ], [ -89.192607185774804, 13.6688473521569 ], [ -89.192596194137394, 13.6688912520223 ], [ -89.192585202488402, 13.668935142848101 ], [ -89.192574211767095, 13.6689790427115 ], [ -89.192568965632503, 13.669000001780701 ], [ -89.192563220117293, 13.669022942575101 ], [ -89.192552219212502, 13.669066833406401 ], [ -89.192541228478802, 13.6691107332682 ], [ -89.192530236816793, 13.669154633129899 ], [ -89.192519246067505, 13.6691985239516 ], [ -89.192508245160994, 13.6692424328584 ], [ -89.192497253486593, 13.669286332718601 ], [ -89.192486365920402, 13.6693298167056 ], [ -89.192353558348799, 13.669297987871399 ], [ -89.192301589725403, 13.6692819319798 ], [ -89.192288007782807, 13.6693414486144 ], [ -89.192259611166193, 13.669363721959799 ], [ -89.192251140672298, 13.6694692915805 ], [ -89.192127536118704, 13.670054229795801 ], [ -89.192040466138593, 13.6704168964351 ], [ -89.191992391249798, 13.670417350666 ], [ -89.191985158476498, 13.6704166802002 ], [ -89.191894160432796, 13.670397508235601 ], [ -89.191814646818003, 13.6703807433872 ], [ -89.191825699481996, 13.670342267776499 ], [ -89.191689606297501, 13.670309376361301 ], [ -89.191653291388903, 13.6703611173076 ], [ -89.191531781993405, 13.6703714585057 ], [ -89.191516213146201, 13.670385344489601 ], [ -89.191460122789493, 13.670435369850599 ], [ -89.191443892564706, 13.6704498402599 ], [ -89.191401479313001, 13.670487665054299 ], [ -89.191353401951901, 13.6705305388773 ], [ -89.191344454121705, 13.670538515466999 ], [ -89.191310885217206, 13.6705684559335 ], [ -89.191300575505693, 13.6705783498349 ], [ -89.191242255277601, 13.670632662238701 ], [ -89.191201532649202, 13.6706409591034 ], [ -89.190808638997296, 13.6707120165033 ], [ -89.190781086040204, 13.670538342117901 ], [ -89.190762733256506, 13.6704227041037 ], [ -89.190740921761105, 13.6702549394321 ], [ -89.191072645167793, 13.6701568752394 ], [ -89.191119499188005, 13.6701692601346 ], [ -89.191130386617502, 13.670125249240201 ], [ -89.191140859494993, 13.6700829795661 ], [ -89.1911181758867, 13.6700776099908 ], [ -89.191129686662293, 13.670032867362099 ], [ -89.19113517852, 13.6700115284986 ], [ -89.1911408592985, 13.669989485355099 ], [ -89.191152191319006, 13.669945456035901 ], [ -89.191152238326296, 13.669945289683101 ], [ -89.191165237500101, 13.669901915294 ], [ -89.191171741234101, 13.669880214989499 ], [ -89.191178018483001, 13.669858495879099 ], [ -89.191190599745497, 13.669815010634499 ], [ -89.191203181921196, 13.6697715172534 ], [ -89.191209534766301, 13.6697495576477 ], [ -89.191215556065302, 13.6697279679919 ], [ -89.191227712010203, 13.669684362858099 ], [ -89.1912401998718, 13.669640850566401 ], [ -89.191246504635799, 13.669618881958 ], [ -89.191252686804305, 13.6695973382747 ], [ -89.1912651839002, 13.6695538259744 ], [ -89.191277680991504, 13.669510313673401 ], [ -89.191290177146399, 13.669466792333401 ], [ -89.191302664984903, 13.669423280038099 ], [ -89.191302712006603, 13.669423131763001 ], [ -89.191315151894301, 13.6693797677428 ], [ -89.191327648967103, 13.6693362554389 ], [ -89.191340146035301, 13.669292743134299 ], [ -89.191340174600001, 13.6692926319332 ], [ -89.191352395924099, 13.669247639265 ], [ -89.191352961770406, 13.6692455372725 ], [ -89.191363851004695, 13.6692038502744 ], [ -89.191375287601204, 13.669160070336501 ], [ -89.1913816753313, 13.669135583412601 ], [ -89.191386515235394, 13.6691162254804 ], [ -89.191397478454107, 13.6690723256919 ], [ -89.191408394699394, 13.6690286383543 ], [ -89.191419357902504, 13.6689847295257 ], [ -89.191419593777397, 13.668983794716301 ], [ -89.191427134805707, 13.668956678371201 ], [ -89.191430936199097, 13.668941311031899 ], [ -89.191442059410306, 13.668896392428501 ], [ -89.191453079420995, 13.668851881561 ], [ -89.191464098503303, 13.6688073706935 ], [ -89.191474966469599, 13.668763452897201 ], [ -89.191485844591696, 13.6687195251496 ], [ -89.191496731953293, 13.6686755973942 ], [ -89.191507430368304, 13.668632345897599 ], [ -89.191523393289003, 13.668567893999599 ], [ -89.191662684708007, 13.668600866174399 ], [ -89.191739641363796, 13.6686272224718 ], [ -89.191888099825505, 13.668664879482201 ], [ -89.191896675980601, 13.6686308574726 ], [ -89.191909884841806, 13.668578505408201 ], [ -89.192032936611099, 13.6686039461508 ], [ -89.192112526907195, 13.668621377942999 ], [ -89.192248224943, 13.668646928916299 ], [ -89.192385655525797, 13.668672811996 ], [ -89.192452881514996, 13.668687800183401 ], [ -89.192461476726294, 13.668664736943301 ], [ -89.1925110050679, 13.6685906421882 ], [ -89.192563133397002, 13.6685242085958 ], [ -89.192625750981904, 13.6684935040114 ], [ -89.192652151010293, 13.6684725563907 ], [ -89.192691903542197, 13.668503717705301 ], [ -89.192725777566196, 13.6685127987918 ], [ -89.192692047454798, 13.6686330954761 ] ] ] ] } },
{ "type": "Feature", "properties": { "qc_id": 62, "name": null, "descriptio": null, "timestamp": null, "begin": null, "end": null, "altitudemo": null, "tessellate": -1, "extrude": 0, "visibility": -1, "draworder": null, "icon": null, "objectid_1": 155, "fid_1": 157, "text_1": "CONDOMINIO SANTORINI", "shape_leng": 428.00815782199999, "shape_area": 10059.872924400001, "fid_2": 3, "zona": 5, "viviendas": null }, "geometry": { "type": "MultiPolygon", "coordinates": [ [ [ [ -89.190301072358196, 13.659017265164 ], [ -89.190312651050604, 13.659149439827001 ], [ -89.190234213066006, 13.659487423023 ], [ -89.190181544181598, 13.6595044018263 ], [ -89.190139442731706, 13.659702750487901 ], [ -89.190025077814695, 13.6598441120617 ], [ -89.189949677775104, 13.659947919241301 ], [ -89.189884871103303, 13.6600663142945 ], [ -89.189859098279797, 13.660114511731599 ], [ -89.189855142096803, 13.660149908554301 ], [ -89.189859717933999, 13.660189372639101 ], [ -89.189863006972303, 13.6602069092545 ], [ -89.189623436247103, 13.6602071781628 ], [ -89.189396379900799, 13.6602682195361 ], [ -89.189328852637502, 13.659851674125701 ], [ -89.189238961617605, 13.6593569608942 ], [ -89.189494849977706, 13.659321804852 ], [ -89.189523676005805, 13.659316275213 ], [ -89.189544763845106, 13.6593041431675 ], [ -89.189583993894004, 13.659277816848601 ], [ -89.189584163879204, 13.659277705538599 ], [ -89.189691419105699, 13.6592041868808 ], [ -89.189739721665504, 13.659171411487501 ], [ -89.189807672288794, 13.659125801898099 ], [ -89.189810205079596, 13.659121412442699 ], [ -89.189847576126496, 13.659101788985 ], [ -89.189967737094705, 13.6590575644799 ], [ -89.189971810363005, 13.6590618837535 ], [ -89.190030766000106, 13.6590364216128 ], [ -89.190232388778796, 13.6589644857113 ], [ -89.190301072358196, 13.659017265164 ] ] ] ] } },
{ "type": "Feature", "properties": { "qc_id": 66, "name": null, "descriptio": null, "timestamp": null, "begin": null, "end": null, "altitudemo": null, "tessellate": -1, "extrude": 0, "visibility": -1, "draworder": null, "icon": null, "objectid_1": 26, "fid_1": 26, "text_1": "LOTIFICACION EL NARANJALITO", "shape_leng": 638.96931485200002, "shape_area": 19651.038398299999, "fid_2": 4, "zona": 2, "viviendas": null }, "geometry": { "type": "MultiPolygon", "coordinates": [ [ [ [ -89.164932284766294, 13.6578879440601 ], [ -89.164634899913096, 13.658259710564399 ], [ -89.164557473048006, 13.6583090779281 ], [ -89.164467812721298, 13.6583662368785 ], [ -89.164390385786007, 13.658415604189299 ], [ -89.164321937331707, 13.6584592456366 ], [ -89.164242580296403, 13.658509844389799 ], [ -89.164196526062995, 13.6585136425734 ], [ -89.164207776785105, 13.6585770838836 ], [ -89.164109549808202, 13.658646328059 ], [ -89.164052702644497, 13.6586864157133 ], [ -89.164035513151802, 13.658698413714999 ], [ -89.163979848250904, 13.6587372974813 ], [ -89.163963301766501, 13.6587488512373 ], [ -89.163909647250406, 13.6587798010755 ], [ -89.163885681921101, 13.6587936366795 ], [ -89.163808427773503, 13.6588340063325 ], [ -89.163716641210399, 13.658881984671099 ], [ -89.163693792046004, 13.658893931279099 ], [ -89.163679826042895, 13.658901225054899 ], [ -89.1636622266454, 13.658908668582599 ], [ -89.163638599875696, 13.6589189308451 ], [ -89.163571523195898, 13.658949816325 ], [ -89.163544973727497, 13.6589627461051 ], [ -89.163530211602904, 13.658940402629799 ], [ -89.163527430841796, 13.6589025946036 ], [ -89.163496363392397, 13.658898366056199 ], [ -89.163418214296698, 13.658862764816 ], [ -89.163290962860302, 13.6588021772852 ], [ -89.163045936633594, 13.658685493518201 ], [ -89.163047505255093, 13.6586682398581 ], [ -89.163048202985095, 13.658637389501701 ], [ -89.163048284800496, 13.658632742529599 ], [ -89.163049683935498, 13.6585483468498 ], [ -89.163049177507105, 13.6585404887332 ], [ -89.1630474929825, 13.658514555330401 ], [ -89.163043293244698, 13.6584497480283 ], [ -89.163027879470206, 13.658415280123601 ], [ -89.163004967125104, 13.6583640644214 ], [ -89.162984513113102, 13.6583376707221 ], [ -89.162940774131201, 13.6582811837492 ], [ -89.162882584120197, 13.6582402921807 ], [ -89.162811330129898, 13.658170439452601 ], [ -89.162715399718095, 13.6580017215729 ], [ -89.162704272635693, 13.657938678728501 ], [ -89.162682445349802, 13.657815016094499 ], [ -89.162607568077306, 13.657719535794801 ], [ -89.163222087936902, 13.657755059366799 ], [ -89.163443179979595, 13.6577679819215 ], [ -89.163539972575407, 13.657773638314699 ], [ -89.163632240477497, 13.6577790373591 ], [ -89.163729278739595, 13.657783063793801 ], [ -89.163803164108998, 13.657786133927599 ], [ -89.163908900430997, 13.657790525094001 ], [ -89.164004713959301, 13.6578024658264 ], [ -89.164174567861593, 13.6578236599777 ], [ -89.164330441241901, 13.657843113416 ], [ -89.164416555446707, 13.6578318186484 ], [ -89.164461687745998, 13.6578633415936 ], [ -89.164697062044297, 13.6578756523796 ], [ -89.164932284766294, 13.6578879440601 ] ] ] ] } },
{ "type": "Feature", "properties": { "qc_id": 67, "name": null, "descriptio": null, "timestamp": null, "begin": null, "end": null, "altitudemo": null, "tessellate": -1, "extrude": 0, "visibility": -1, "draworder": null, "icon": null, "objectid_1": 27, "fid_1": 27, "text_1": "COLONIA LA MARTINA", "shape_leng": 1059.3883516599999, "shape_area": 35016.970203099998, "fid_2": 4, "zona": 2, "viviendas": null }, "geometry": { "type": "MultiPolygon", "coordinates": [ [ [ [ -89.1649783031108, 13.6557685497168 ], [ -89.164874821141396, 13.655899959417299 ], [ -89.164856344850506, 13.6559258792101 ], [ -89.164955220105398, 13.656001368489701 ], [ -89.164770973434202, 13.6562535753524 ], [ -89.164955161787901, 13.656376805360001 ], [ -89.164939759204202, 13.6563993533805 ], [ -89.164939274603896, 13.656517588443499 ], [ -89.164694626580498, 13.656505811974601 ], [ -89.1645328970354, 13.656502680680299 ], [ -89.164456900465694, 13.656498936969101 ], [ -89.164207349620696, 13.656501251383601 ], [ -89.164163248997497, 13.656537045195 ], [ -89.164144400729597, 13.656558596663 ], [ -89.164058850155598, 13.6564947602084 ], [ -89.164032161921497, 13.656472628997101 ], [ -89.164009546710702, 13.656453881956701 ], [ -89.163981625311905, 13.656454076836299 ], [ -89.163838698216097, 13.6564444624746 ], [ -89.163766926526407, 13.656445787483699 ], [ -89.163715787917397, 13.6564467191009 ], [ -89.163660333774899, 13.6564477466806 ], [ -89.163528523787406, 13.6564719737563 ], [ -89.163303997976797, 13.656501287998401 ], [ -89.163180480430299, 13.65648764346 ], [ -89.163126830420893, 13.6564698614992 ], [ -89.162951054821704, 13.656411610900401 ], [ -89.1627970068905, 13.6563344535077 ], [ -89.1623784178677, 13.6562888404749 ], [ -89.162170808095496, 13.656266216522599 ], [ -89.162078944339001, 13.656256206805001 ], [ -89.161884662304402, 13.656235037230701 ], [ -89.161803150430899, 13.6562083320032 ], [ -89.161049306781294, 13.656138176702401 ], [ -89.161089395431702, 13.6561172976139 ], [ -89.161305498135505, 13.655937350681199 ], [ -89.161368129772299, 13.6558991291139 ], [ -89.1614307613888, 13.655860907530601 ], [ -89.161418245251994, 13.655841914089899 ], [ -89.161707769571805, 13.6556536994891 ], [ -89.161760852886303, 13.655604581332099 ], [ -89.161831713831205, 13.655558847394101 ], [ -89.161977686682107, 13.655456880640999 ], [ -89.161992738824594, 13.655475419532101 ], [ -89.162103135857393, 13.655485916919201 ], [ -89.162279402325595, 13.655502702574401 ], [ -89.162348774716904, 13.6555087653001 ], [ -89.1624157992363, 13.6555146261808 ], [ -89.162477485570605, 13.6555200187377 ], [ -89.162594344686994, 13.6555281606066 ], [ -89.162641569157302, 13.655533285188501 ], [ -89.162687505045696, 13.655538262375201 ], [ -89.162732059921296, 13.6555430922286 ], [ -89.162808040776696, 13.655551326124 ], [ -89.162911262973097, 13.655562512146 ], [ -89.163125113028997, 13.6555490424673 ], [ -89.163169185510498, 13.6555686448991 ], [ -89.163211071342502, 13.6555872770883 ], [ -89.163379294728998, 13.6555522795977 ], [ -89.163474731327, 13.6555964220068 ], [ -89.163750667519196, 13.6556182030396 ], [ -89.163781165001595, 13.6556208663907 ], [ -89.163814653725197, 13.655623797105701 ], [ -89.163883216640798, 13.655608839885801 ], [ -89.164039912479495, 13.6556288578946 ], [ -89.164183725534201, 13.655647792501499 ], [ -89.164250137485695, 13.655656531289299 ], [ -89.164394414620503, 13.6556755296393 ], [ -89.164396022135307, 13.6556730943784 ], [ -89.164436006713302, 13.655572651362901 ], [ -89.164457053029196, 13.655458799086301 ], [ -89.164471857098405, 13.655378743958901 ], [ -89.164480163840807, 13.6553338293393 ], [ -89.164716652943596, 13.6553868362787 ], [ -89.164832854941906, 13.655442525053999 ], [ -89.164800276279195, 13.6554825604633 ], [ -89.164833665027203, 13.6555327602369 ], [ -89.164930688192896, 13.6556786604861 ], [ -89.1649783031108, 13.6557685497168 ] ] ] ] } },
{ "type": "Feature", "properties": { "qc_id": 68, "name": null, "descriptio": null, "timestamp": null, "begin": null, "end": null, "altitudemo": null, "tessellate": -1, "extrude": 0, "visibility": -1, "draworder": null, "icon": null, "objectid_1": 38, "fid_1": 39, "text_1": "LOTIFICACION SANTA TERESA", "shape_leng": 1042.75069448, "shape_area": 40975.5969167, "fid_2": 4, "zona": 2, "viviendas": null }, "geometry": { "type": "MultiPolygon", "coordinates": [ [ [ [ -89.163906954258707, 13.6624526717927 ], [ -89.1638716250323, 13.662486728739299 ], [ -89.163539514901402, 13.662668735478199 ], [ -89.163463015293203, 13.6626515888598 ], [ -89.163454968864997, 13.662664737724899 ], [ -89.163377542292295, 13.6626890297941 ], [ -89.163471870520695, 13.662891096698001 ], [ -89.163536248904293, 13.663035121878 ], [ -89.163500562277093, 13.6630445777365 ], [ -89.163303296431394, 13.663096810139701 ], [ -89.163400223121002, 13.6633056039257 ], [ -89.163440728088901, 13.663392850645099 ], [ -89.163502079470007, 13.663525030509801 ], [ -89.163315687414396, 13.6635896580154 ], [ -89.163252854069597, 13.6636114419906 ], [ -89.162927025259407, 13.663750375906 ], [ -89.162888938989795, 13.663766607947201 ], [ -89.162860025002303, 13.663701539530001 ], [ -89.162826832710095, 13.663718536630199 ], [ -89.162638177552907, 13.6637818517626 ], [ -89.162648762894506, 13.6639366211657 ], [ -89.162513433592693, 13.6639571937648 ], [ -89.162288130511598, 13.664282482997599 ], [ -89.162135532902496, 13.663831785731499 ], [ -89.162316579966799, 13.663674668125999 ], [ -89.162333429846598, 13.663486050574001 ], [ -89.162168819274598, 13.663196477560801 ], [ -89.1621007296215, 13.663076686953501 ], [ -89.162074232825304, 13.6629750471223 ], [ -89.162053554047603, 13.6629247183968 ], [ -89.162073667168897, 13.6624842278516 ], [ -89.162027504457299, 13.662482017518601 ], [ -89.162053743720307, 13.6623482068018 ], [ -89.162081276071206, 13.662221068675599 ], [ -89.162117332393606, 13.6621312078265 ], [ -89.162124226285599, 13.6620671804969 ], [ -89.162146725424407, 13.662067165663199 ], [ -89.162182285179696, 13.6620253335188 ], [ -89.162218881357205, 13.6619476983631 ], [ -89.162266893817403, 13.6618458060109 ], [ -89.162334126065005, 13.6616839963157 ], [ -89.162345768075795, 13.661655989621201 ], [ -89.162466698132107, 13.661523532727401 ], [ -89.162559079308195, 13.661293565425799 ], [ -89.162616135854094, 13.6612127973457 ], [ -89.162623086463796, 13.6612029538669 ], [ -89.162781431420498, 13.661112419063601 ], [ -89.162793873495701, 13.661105311646599 ], [ -89.162943031163394, 13.6610330640697 ], [ -89.163076239394499, 13.660946034759201 ], [ -89.163102707643304, 13.660923590700101 ], [ -89.163202590808297, 13.6608389344484 ], [ -89.163261430206006, 13.660763719460199 ], [ -89.163268097457504, 13.6609049692092 ], [ -89.163269923179399, 13.6609438327131 ], [ -89.163261910238106, 13.661099679243 ], [ -89.163251372069993, 13.6612582581108 ], [ -89.163266266822603, 13.6613769366899 ], [ -89.163263846605005, 13.6614896375643 ], [ -89.163288944984501, 13.6615802633548 ], [ -89.163326557733598, 13.6616733339986 ], [ -89.163421773280305, 13.661790866400899 ], [ -89.163550688232405, 13.661953674985201 ], [ -89.163662721971804, 13.6621093765739 ], [ -89.163761205313804, 13.6622838953526 ], [ -89.163851703619301, 13.6624081873316 ], [ -89.163906954258707, 13.6624526717927 ] ] ] ] } },
{ "type": "Feature", "properties": { "qc_id": 69, "name": null, "descriptio": null, "timestamp": null, "begin": null, "end": null, "altitudemo": null, "tessellate": -1, "extrude": 0, "visibility": -1, "draworder": null, "icon": null, "objectid_1": 91, "fid_1": 93, "text_1": "LOT SANTA FE 2", "shape_leng": 530.17258881700002, "shape_area": 7595.0363557000001, "fid_2": 4, "zona": 2, "viviendas": null }, "geometry": { "type": "MultiPolygon", "coordinates": [ [ [ [ -89.166695068278699, 13.656587045640499 ], [ -89.166694921094305, 13.656593256394901 ], [ -89.166693887507805, 13.6566177390602 ], [ -89.166689735682695, 13.656715789047 ], [ -89.166659825225096, 13.6567004539711 ], [ -89.166625746509595, 13.6567600102242 ], [ -89.166586609730103, 13.6568283919026 ], [ -89.166547340921099, 13.656897013196 ], [ -89.166523387637696, 13.656926065198901 ], [ -89.1665105041575, 13.6569515646326 ], [ -89.166503925946401, 13.6569647776872 ], [ -89.166479725743798, 13.657006722994501 ], [ -89.166467670918195, 13.6570250666413 ], [ -89.166430230388698, 13.6570820156007 ], [ -89.166382031388807, 13.6571175170097 ], [ -89.166313941185294, 13.657105975150399 ], [ -89.166247333087895, 13.6570871929846 ], [ -89.1662207414211, 13.657107916455899 ], [ -89.166211762686899, 13.657206044718199 ], [ -89.166206737193903, 13.6572609632798 ], [ -89.166000948101299, 13.6572044190996 ], [ -89.166035244140303, 13.657130302865999 ], [ -89.166038314130105, 13.6570810503306 ], [ -89.165992955926598, 13.657077896533799 ], [ -89.165946859160698, 13.6570746880895 ], [ -89.165949505685305, 13.657042253689299 ], [ -89.165852473911698, 13.6570339427658 ], [ -89.165808562516304, 13.657028520089501 ], [ -89.165775128150798, 13.6570230361094 ], [ -89.165761611451501, 13.6570210268259 ], [ -89.165759079823601, 13.657042095585799 ], [ -89.165713200167801, 13.6570374145083 ], [ -89.165705927617495, 13.6571002852242 ], [ -89.165670101025, 13.6570972831263 ], [ -89.165636289882002, 13.657228776354 ], [ -89.165425553879302, 13.6572298248111 ], [ -89.165462500824802, 13.657049005824501 ], [ -89.165395644427704, 13.656933333408301 ], [ -89.165275919136207, 13.656862041543 ], [ -89.165699169881904, 13.656844346817801 ], [ -89.165705463935495, 13.65684494457 ], [ -89.1659200774738, 13.656865421296001 ], [ -89.165946808960896, 13.6566145139666 ], [ -89.165968669905595, 13.6563828248941 ], [ -89.165968032600006, 13.6563245503838 ], [ -89.165997214256606, 13.656152130108699 ], [ -89.166064037367903, 13.6561799827724 ], [ -89.166073761181906, 13.6561840392087 ], [ -89.166157791103601, 13.656237869885899 ], [ -89.166239968071295, 13.656309047510099 ], [ -89.166305344863602, 13.6563802464115 ], [ -89.166330719181701, 13.6564314791274 ], [ -89.166411770966405, 13.656490309360899 ], [ -89.166542327015307, 13.656579225596801 ], [ -89.166587156781105, 13.6565985403683 ], [ -89.166646470671694, 13.656594631515 ], [ -89.166687325220494, 13.656585579350001 ], [ -89.166695068278699, 13.656587045640499 ] ] ] ] } },
{ "type": "Feature", "properties": { "qc_id": 70, "name": null, "descriptio": null, "timestamp": null, "begin": null, "end": null, "altitudemo": null, "tessellate": -1, "extrude": 0, "visibility": -1, "draworder": null, "icon": null, "objectid_1": 92, "fid_1": 94, "text_1": "COLONIA BUENOS AIRES", "shape_leng": 551.60071798800004, "shape_area": 6717.6870001099996, "fid_2": 4, "zona": 2, "viviendas": null }, "geometry": { "type": "MultiPolygon", "coordinates": [ [ [ [ -89.1663336491481, 13.6557426458478 ], [ -89.166322306788302, 13.655792033241701 ], [ -89.166280076598596, 13.655848893223499 ], [ -89.166235834714897, 13.6559117518936 ], [ -89.166167892589996, 13.6560007002938 ], [ -89.166086858676707, 13.6561278289548 ], [ -89.166076294068603, 13.656125540199399 ], [ -89.166068906050199, 13.6561582281828 ], [ -89.166064037367903, 13.6561799827724 ], [ -89.165997214256606, 13.656152130108699 ], [ -89.165968032600006, 13.6563245503838 ], [ -89.165968669905595, 13.6563828248941 ], [ -89.165946808960896, 13.6566145139666 ], [ -89.1659200774738, 13.656865421296001 ], [ -89.165705463935495, 13.65684494457 ], [ -89.165709402002093, 13.656804993424601 ], [ -89.165717956133406, 13.656734957581699 ], [ -89.165724421259696, 13.656681889233401 ], [ -89.165731748167602, 13.6566305973593 ], [ -89.1657394516171, 13.6565745570767 ], [ -89.165746813440606, 13.656519044897999 ], [ -89.165753693407396, 13.656450009887999 ], [ -89.165761615994299, 13.656383602698099 ], [ -89.1657763869853, 13.6562702824158 ], [ -89.165777660396998, 13.6562515203366 ], [ -89.165779346700404, 13.656186477709699 ], [ -89.165780876369396, 13.6561273873294 ], [ -89.165785102467893, 13.656067304463299 ], [ -89.165805902646397, 13.6559814611982 ], [ -89.165818408135706, 13.655984840560301 ], [ -89.165829760865805, 13.655923780297799 ], [ -89.165841395146103, 13.655872698833001 ], [ -89.165818012228897, 13.655866429827 ], [ -89.165835923537301, 13.6557774230702 ], [ -89.1658505253436, 13.655706095996299 ], [ -89.165862796684905, 13.655646165883301 ], [ -89.165875376680603, 13.655580912530199 ], [ -89.165884536622997, 13.655524667882 ], [ -89.1658968826886, 13.655448835511301 ], [ -89.165901501871801, 13.6554232395436 ], [ -89.165941581356904, 13.655201525294 ], [ -89.165997455177603, 13.654897190799201 ], [ -89.166013050900006, 13.654800234938101 ], [ -89.166099594039395, 13.6548221221385 ], [ -89.166286417039501, 13.6548693671509 ], [ -89.166215681838395, 13.6551856512919 ], [ -89.166132633185995, 13.6555141887776 ], [ -89.166104872605203, 13.6555142075305 ], [ -89.166087272036904, 13.655600669636801 ], [ -89.166115037858305, 13.6556080555811 ], [ -89.1661076462984, 13.6556356989371 ], [ -89.166148739456304, 13.655644056599799 ], [ -89.1663336491481, 13.6557426458478 ] ] ] ] } },
{ "type": "Feature", "properties": { "qc_id": 71, "name": null, "descriptio": null, "timestamp": null, "begin": null, "end": null, "altitudemo": null, "tessellate": -1, "extrude": 0, "visibility": -1, "draworder": null, "icon": null, "objectid_1": 95, "fid_1": 97, "text_1": "LOTIFICACION SANTA FE NO 2", "shape_leng": 618.142000016, "shape_area": 15903.5050364, "fid_2": 4, "zona": 2, "viviendas": null }, "geometry": { "type": "MultiPolygon", "coordinates": [ [ [ [ -89.175744746095901, 13.659918819100501 ], [ -89.175726714289894, 13.6599050593573 ], [ -89.175615769162704, 13.6598722061467 ], [ -89.175595716009596, 13.6598512004174 ], [ -89.175542216171706, 13.659872194485301 ], [ -89.175542055367302, 13.659872231659699 ], [ -89.175526291432007, 13.6600064991525 ], [ -89.175531871565397, 13.6600510715929 ], [ -89.175548576538105, 13.660113786278 ], [ -89.175573621901194, 13.660215157253599 ], [ -89.175576874624696, 13.6602362400603 ], [ -89.175579670694603, 13.6602547959061 ], [ -89.1755904092485, 13.6603881649885 ], [ -89.1755944991326, 13.660415060137501 ], [ -89.175587050313496, 13.660415482151199 ], [ -89.175421927816302, 13.6604226801939 ], [ -89.1753837428775, 13.6602923388383 ], [ -89.175090468857704, 13.6603696400124 ], [ -89.175052450799001, 13.6603104936755 ], [ -89.174870630161294, 13.6602775432358 ], [ -89.174945572963694, 13.6599314685668 ], [ -89.174905069989507, 13.659814557932799 ], [ -89.174874320639503, 13.659665514164301 ], [ -89.174725631076697, 13.659699857541501 ], [ -89.1746558780399, 13.6594758408704 ], [ -89.174635811221904, 13.6594113785722 ], [ -89.174625184849802, 13.659377259609499 ], [ -89.174601789036302, 13.659302118359699 ], [ -89.174588676801207, 13.6592600233938 ], [ -89.174575128164093, 13.6592165114316 ], [ -89.174551010613499, 13.659139047681901 ], [ -89.174543885608898, 13.6591161634373 ], [ -89.174467929184104, 13.6589000186018 ], [ -89.174469371109794, 13.658853904534 ], [ -89.174474409467194, 13.6586918029763 ], [ -89.174474745671901, 13.658672782100901 ], [ -89.174474953711794, 13.658672874150399 ], [ -89.174619762101997, 13.658740237999501 ], [ -89.174746191996604, 13.658812102656199 ], [ -89.174789869887903, 13.6588334342406 ], [ -89.1748714751579, 13.6588806001549 ], [ -89.174949561363405, 13.6589187802258 ], [ -89.175040892044095, 13.658922028909 ], [ -89.175246883585601, 13.65892776926 ], [ -89.175482547120595, 13.658932830232001 ], [ -89.175541208828804, 13.6589412298288 ], [ -89.175578394440805, 13.659000996759 ], [ -89.175593906312102, 13.6590888143295 ], [ -89.175652793733306, 13.6592483709892 ], [ -89.175693304357694, 13.659362782231501 ], [ -89.175726596477702, 13.659481446021401 ], [ -89.175732445671102, 13.659581756874401 ], [ -89.175715586981596, 13.6596436259859 ], [ -89.175744746095901, 13.659918819100501 ] ] ] ] } },
{ "type": "Feature", "properties": { "qc_id": 72, "name": null, "descriptio": null, "timestamp": null, "begin": null, "end": null, "altitudemo": null, "tessellate": -1, "extrude": 0, "visibility": -1, "draworder": null, "icon": null, "objectid_1": 118, "fid_1": 120, "text_1": "LOTIFICACION LOS ALPES NO 2", "shape_leng": 1238.2658187300001, "shape_area": 76077.23438720002, "fid_2": 4, "zona": 2, "viviendas": null }, "geometry": { "type": "MultiPolygon", "coordinates": [ [ [ [ -89.170054902898698, 13.6599524753723 ], [ -89.170051610766393, 13.660033429466599 ], [ -89.169125410965506, 13.6602646876301 ], [ -89.169358137408196, 13.6605779688776 ], [ -89.1693741768172, 13.660638999580099 ], [ -89.169442623276893, 13.660907308521599 ], [ -89.169206018424006, 13.6608208178575 ], [ -89.169117501312201, 13.660835077108599 ], [ -89.169021751778502, 13.660833235721 ], [ -89.168997175140902, 13.6608400562193 ], [ -89.168959375012605, 13.6608442012365 ], [ -89.168880470524897, 13.6608528261554 ], [ -89.168759089634705, 13.660892515391399 ], [ -89.168669509590501, 13.660914642701099 ], [ -89.168606310982796, 13.660928079032001 ], [ -89.168475246281801, 13.660900012569501 ], [ -89.168249862299206, 13.661110821102501 ], [ -89.168085732522897, 13.6612366839313 ], [ -89.167956845999896, 13.6611175285312 ], [ -89.167799170894398, 13.6609237717658 ], [ -89.167798842536499, 13.6608755302803 ], [ -89.16782461183, 13.6607628324054 ], [ -89.167818337703594, 13.6606724437029 ], [ -89.167741354932801, 13.6606007632219 ], [ -89.167721281676805, 13.660511790387 ], [ -89.167654227040401, 13.6604529040495 ], [ -89.167578818417496, 13.660399244276499 ], [ -89.167530251468094, 13.6603172887854 ], [ -89.167429570601897, 13.660303362366999 ], [ -89.167280239637293, 13.660155388125 ], [ -89.167236364644197, 13.6600564452207 ], [ -89.167227736597795, 13.659942780126499 ], [ -89.167148782232005, 13.659893897902201 ], [ -89.167082796541706, 13.659793534613801 ], [ -89.167002963757099, 13.6597480036733 ], [ -89.166904390855393, 13.6597161748969 ], [ -89.166945432255503, 13.659623236706601 ], [ -89.166947693657903, 13.659489848477801 ], [ -89.166901347706997, 13.6593758573578 ], [ -89.166823623647801, 13.6592992987746 ], [ -89.166796351422605, 13.6592808425898 ], [ -89.166846761968003, 13.659214342374501 ], [ -89.166955281222101, 13.659097690835701 ], [ -89.167074315425893, 13.658981042047699 ], [ -89.167235378926605, 13.6588574959342 ], [ -89.167257272244697, 13.658844365546299 ], [ -89.167406983036699, 13.6587545187767 ], [ -89.1675610235325, 13.658658624628 ], [ -89.167699023099402, 13.658590971731799 ], [ -89.167744534830206, 13.6585575273545 ], [ -89.167867666960504, 13.6584670132802 ], [ -89.167944324624301, 13.658414424826001 ], [ -89.1679867929533, 13.6583997156804 ], [ -89.168009503354497, 13.658391860695 ], [ -89.168126768767706, 13.6582769336155 ], [ -89.168243276059101, 13.6581890433652 ], [ -89.168385114849301, 13.6581176390082 ], [ -89.168507798049404, 13.6580875294291 ], [ -89.168559634442502, 13.6580305702886 ], [ -89.168634244631093, 13.6579485856837 ], [ -89.168665028786094, 13.657834948736999 ], [ -89.168835634609806, 13.657728694646901 ], [ -89.169006504464903, 13.657793266242701 ], [ -89.169057631152597, 13.657828088860899 ], [ -89.169087075616702, 13.657865953518 ], [ -89.169130500599294, 13.657956852660201 ], [ -89.169139821831905, 13.6579947311499 ], [ -89.169172422910606, 13.658117459309601 ], [ -89.169223029292695, 13.6582588820608 ], [ -89.169262681435598, 13.658355051667399 ], [ -89.169302960564593, 13.658402802861501 ], [ -89.169338120206305, 13.658450955287501 ], [ -89.169381933027196, 13.658515382683101 ], [ -89.169441806874701, 13.6586440351196 ], [ -89.169458151344699, 13.658707834237999 ], [ -89.169475586977498, 13.658774834194899 ], [ -89.169497862783899, 13.658833455334699 ], [ -89.169481215681898, 13.6588371320973 ], [ -89.169539612295395, 13.658951253626499 ], [ -89.169599509211395, 13.6589937061784 ], [ -89.169661411371393, 13.6589815847466 ], [ -89.169667440721398, 13.658941890611899 ], [ -89.169702717115399, 13.659073484952399 ], [ -89.169794916310906, 13.6590877959324 ], [ -89.1698144911648, 13.659102619832 ], [ -89.169829035538399, 13.659150258547299 ], [ -89.169870314604594, 13.6592844311416 ], [ -89.169988258573596, 13.65955902668 ], [ -89.170020465324697, 13.6596340330186 ], [ -89.170040032106698, 13.659728373341 ], [ -89.170045193458506, 13.659811376141 ], [ -89.170054902898698, 13.6599524753723 ] ] ] ] } },
{ "type": "Feature", "properties": { "qc_id": 73, "name": null, "descriptio": null, "timestamp": null, "begin": null, "end": null, "altitudemo": null, "tessellate": -1, "extrude": 0, "visibility": -1, "draworder": null, "icon": null, "objectid_1": 119, "fid_1": 121, "text_1": "COLONIA EL CAFETALITO NO 1", "shape_leng": 696.98984270200003, "shape_area": 23490.966480499999, "fid_2": 4, "zona": 2, "viviendas": null }, "geometry": { "type": "MultiPolygon", "coordinates": [ [ [ [ -89.168559634442502, 13.6580305702886 ], [ -89.168507798049404, 13.6580875294291 ], [ -89.168385114849301, 13.6581176390082 ], [ -89.168243276059101, 13.6581890433652 ], [ -89.168126768767706, 13.6582769336155 ], [ -89.168009503354497, 13.658391860695 ], [ -89.1679867929533, 13.6583997156804 ], [ -89.167944324624301, 13.658414424826001 ], [ -89.167867666960504, 13.6584670132802 ], [ -89.167744534830206, 13.6585575273545 ], [ -89.167723398651901, 13.6585292833401 ], [ -89.167614021795501, 13.658371628451301 ], [ -89.167507055864903, 13.658221987600699 ], [ -89.167492077486997, 13.658202754808199 ], [ -89.167435356617204, 13.658246601549999 ], [ -89.167423467143493, 13.658231031939399 ], [ -89.167343065054894, 13.6580628521465 ], [ -89.167270826445105, 13.657899609264801 ], [ -89.167249857080904, 13.657853621660401 ], [ -89.167190535167407, 13.657767369969701 ], [ -89.167051047911499, 13.6575645387972 ], [ -89.167005094145594, 13.657509043813 ], [ -89.166944050017904, 13.657476921104299 ], [ -89.166895607738198, 13.657422298238499 ], [ -89.166831352752595, 13.657386503352599 ], [ -89.166766976544494, 13.6573661280565 ], [ -89.166692916004394, 13.657342696012099 ], [ -89.166627186846995, 13.6573095866366 ], [ -89.166557357812906, 13.6572743685244 ], [ -89.166536715529602, 13.657302326381799 ], [ -89.166457589178194, 13.657236228485701 ], [ -89.166389453870096, 13.6571479271109 ], [ -89.166382031388807, 13.6571175170097 ], [ -89.166430230388698, 13.6570820156007 ], [ -89.166467670918195, 13.6570250666413 ], [ -89.166479725743798, 13.657006722994501 ], [ -89.166503925946401, 13.6569647776872 ], [ -89.1665105041575, 13.6569515646326 ], [ -89.166523387637696, 13.656926065198901 ], [ -89.166547340921099, 13.656897013196 ], [ -89.166586609730103, 13.6568283919026 ], [ -89.166625746509595, 13.6567600102242 ], [ -89.166659825225096, 13.6567004539711 ], [ -89.166689735682695, 13.656715789047 ], [ -89.166693887507805, 13.6566177390602 ], [ -89.166694921094305, 13.656593256394901 ], [ -89.166695068278699, 13.656587045640499 ], [ -89.166741376905506, 13.656595862462099 ], [ -89.166834027418005, 13.656606943730401 ], [ -89.166825154555895, 13.656627211434101 ], [ -89.166887387840106, 13.656643431161999 ], [ -89.166926867190298, 13.656658065524599 ], [ -89.167003767384699, 13.6566676949195 ], [ -89.167132762099101, 13.6567168948066 ], [ -89.167199630815603, 13.6567421737446 ], [ -89.167353383152303, 13.656800297999499 ], [ -89.167411633428102, 13.6568447516213 ], [ -89.167487660486302, 13.6568910804527 ], [ -89.167530195405504, 13.656916995944 ], [ -89.167583276707603, 13.6568935977363 ], [ -89.1676513920048, 13.656927372303899 ], [ -89.167672737305296, 13.656943185835701 ], [ -89.167705001727697, 13.6569670989432 ], [ -89.167726518963207, 13.6569855128557 ], [ -89.167845537632004, 13.6570874225099 ], [ -89.167868911125197, 13.6571074359387 ], [ -89.167986839635404, 13.657180153209501 ], [ -89.168116520673905, 13.6572616735463 ], [ -89.168127921645095, 13.6572688390533 ], [ -89.168160760593395, 13.657289485035699 ], [ -89.168186016725201, 13.6573337287324 ], [ -89.168234967338194, 13.6574757638557 ], [ -89.168244558220906, 13.6575199821068 ], [ -89.168271608235202, 13.657558708103 ], [ -89.168283697717101, 13.6575760365135 ], [ -89.168318154699307, 13.6576076121552 ], [ -89.168344341984195, 13.657631622438799 ], [ -89.168365814132898, 13.657705682740101 ], [ -89.168371754567005, 13.657726152771399 ], [ -89.168390216607193, 13.6577865256595 ], [ -89.168427073965901, 13.657906993077701 ], [ -89.168474700207, 13.657944390696001 ], [ -89.168508752644101, 13.657980150712 ], [ -89.168510951101794, 13.657984628903201 ], [ -89.168559634442502, 13.6580305702886 ] ] ] ] } },
{ "type": "Feature", "properties": { "qc_id": 74, "name": null, "descriptio": null, "timestamp": null, "begin": null, "end": null, "altitudemo": null, "tessellate": -1, "extrude": 0, "visibility": -1, "draworder": null, "icon": null, "objectid_1": 120, "fid_1": 122, "text_1": "LOT EL CAFETALITO NO2", "shape_leng": 201.37774394600001, "shape_area": 2252.40747874, "fid_2": 4, "zona": 2, "viviendas": null }, "geometry": { "type": "MultiPolygon", "coordinates": [ [ [ [ -89.167005094145594, 13.657509043813 ], [ -89.166923635837094, 13.6576386813352 ], [ -89.166909122943693, 13.657661784768701 ], [ -89.166841684576198, 13.657768032629701 ], [ -89.166775971858897, 13.6577583024965 ], [ -89.166723854179807, 13.6577397519721 ], [ -89.166667353326801, 13.6577197789669 ], [ -89.166636393593194, 13.6577200223056 ], [ -89.166433074890094, 13.657624584071399 ], [ -89.166343105760205, 13.6576453314588 ], [ -89.166327190445898, 13.657651192224501 ], [ -89.166327113676601, 13.657649812934499 ], [ -89.166327785592898, 13.657623590520799 ], [ -89.166348569835407, 13.657609387137301 ], [ -89.166421437373202, 13.657484254299099 ], [ -89.166480488634306, 13.657389758330201 ], [ -89.166473765448302, 13.6573313767647 ], [ -89.1665160824775, 13.6573302742884 ], [ -89.166536715529602, 13.657302326381799 ], [ -89.166557357812906, 13.6572743685244 ], [ -89.166627186846995, 13.6573095866366 ], [ -89.166692916004394, 13.657342696012099 ], [ -89.166766976544494, 13.6573661280565 ], [ -89.166831352752595, 13.657386503352599 ], [ -89.166895607738198, 13.657422298238499 ], [ -89.166944050017904, 13.657476921104299 ], [ -89.167005094145594, 13.657509043813 ] ] ] ] } },
{ "type": "Feature", "properties": { "qc_id": 75, "name": null, "descriptio": null, "timestamp": null, "begin": null, "end": null, "altitudemo": null, "tessellate": -1, "extrude": 0, "visibility": -1, "draworder": null, "icon": null, "objectid_1": 121, "fid_1": 123, "text_1": "COLONIA SAN FRANCISCO 2", "shape_leng": 630.59472782099999, "shape_area": 17670.469942799999, "fid_2": 4, "zona": 2, "viviendas": null }, "geometry": { "type": "MultiPolygon", "coordinates": [ [ [ [ -89.1762823646622, 13.6573083894626 ], [ -89.176279308794804, 13.657347729113001 ], [ -89.176268986582897, 13.657480363950899 ], [ -89.176250415862398, 13.657719169741 ], [ -89.176260556949998, 13.6577999109233 ], [ -89.176187200024401, 13.6578090521436 ], [ -89.176154995770503, 13.6578531978874 ], [ -89.176069169729701, 13.6579708649762 ], [ -89.1760271428506, 13.6579423130365 ], [ -89.175953851297393, 13.657911653887799 ], [ -89.175934641721398, 13.657903624784399 ], [ -89.175864369944605, 13.657874222572699 ], [ -89.175785431774997, 13.657836117519 ], [ -89.175778115052907, 13.6578350859828 ], [ -89.175687733375298, 13.6578222664678 ], [ -89.175602070643293, 13.657777677105599 ], [ -89.175516615997395, 13.6577331987438 ], [ -89.175520253252401, 13.657724634465501 ], [ -89.175427646077495, 13.657683576992399 ], [ -89.175423262456206, 13.6576816358439 ], [ -89.1753328742668, 13.657659977025499 ], [ -89.175328292548002, 13.6576588793494 ], [ -89.175245581489094, 13.657624496335201 ], [ -89.175179173008104, 13.6575968971541 ], [ -89.175161694274095, 13.6575882638601 ], [ -89.175088976747205, 13.6575523759227 ], [ -89.175040078520098, 13.657537221701 ], [ -89.1750008758017, 13.657525059689901 ], [ -89.174928622186698, 13.6575026556628 ], [ -89.174858216541395, 13.6574445419749 ], [ -89.174782821561294, 13.657410154506399 ], [ -89.174717742909394, 13.657375833804799 ], [ -89.174628737369204, 13.657328868333201 ], [ -89.174555516068196, 13.6572902399892 ], [ -89.174482304034399, 13.6572516116169 ], [ -89.1744115636847, 13.6572142957314 ], [ -89.174335417802297, 13.6571754931367 ], [ -89.174191233152101, 13.657103992456401 ], [ -89.174163546823493, 13.6570897025228 ], [ -89.174164095075895, 13.6570886373476 ], [ -89.174193509345699, 13.657033590168201 ], [ -89.174229928848206, 13.6569933664006 ], [ -89.174310264342495, 13.656925879892601 ], [ -89.174457960948004, 13.656856106634599 ], [ -89.174545843411295, 13.656818623067201 ], [ -89.174627151298907, 13.656798665215501 ], [ -89.1746962883999, 13.6568055760933 ], [ -89.174785759040802, 13.6568293924892 ], [ -89.174848780736298, 13.6568223877051 ], [ -89.174893497007801, 13.6568024557799 ], [ -89.174948361069397, 13.656758636655701 ], [ -89.174974908851695, 13.6567309513844 ], [ -89.175004538758003, 13.656698942400199 ], [ -89.175034158940306, 13.656641460786499 ], [ -89.1750369615674, 13.656630443940999 ], [ -89.1750562285727, 13.6566375764112 ], [ -89.175174063021799, 13.6566582811563 ], [ -89.175454207603096, 13.656824362657099 ], [ -89.175498215146106, 13.656844425718999 ], [ -89.175588144597199, 13.656873536505801 ], [ -89.175587651589098, 13.656859449672099 ], [ -89.175586075183205, 13.6568142723749 ], [ -89.1755845080353, 13.656769114052899 ], [ -89.175851109496804, 13.6567478293817 ], [ -89.175875548384298, 13.6567479881637 ], [ -89.175893471338398, 13.6571479212579 ], [ -89.176106979152195, 13.6572455010689 ], [ -89.1762823646622, 13.6573083894626 ] ] ] ] } },
{ "type": "Feature", "properties": { "qc_id": 76, "name": null, "descriptio": null, "timestamp": null, "begin": null, "end": null, "altitudemo": null, "tessellate": -1, "extrude": 0, "visibility": -1, "draworder": null, "icon": null, "objectid_1": 123, "fid_1": 125, "text_1": "COLONIA SAN FRANCISCO 1", "shape_leng": 432.09456785200001, "shape_area": 5976.0508789699998, "fid_2": 4, "zona": 2, "viviendas": null }, "geometry": { "type": "MultiPolygon", "coordinates": [ [ [ [ -89.176442488397598, 13.6569369107432 ], [ -89.176377603722301, 13.6570221113213 ], [ -89.176377332998996, 13.657027174224901 ], [ -89.176375317850699, 13.657065180791101 ], [ -89.176363521201694, 13.6571247965315 ], [ -89.176295235490002, 13.6571428673303 ], [ -89.176285420528501, 13.657269049812101 ], [ -89.1762823646622, 13.6573083894626 ], [ -89.176106979152195, 13.6572455010689 ], [ -89.175893471338398, 13.6571479212579 ], [ -89.175875548384298, 13.6567479881637 ], [ -89.175874710758094, 13.656729180539299 ], [ -89.175872514509905, 13.6565634468427 ], [ -89.175883318803898, 13.656418899254501 ], [ -89.175887441368005, 13.656007555894099 ], [ -89.175874029420498, 13.6558428479987 ], [ -89.176113693247601, 13.655796332029301 ], [ -89.176121805527899, 13.655962469148401 ], [ -89.176121940631901, 13.6559651445775 ], [ -89.176127743180999, 13.6561178433513 ], [ -89.176122808705998, 13.6562911721528 ], [ -89.176107561027294, 13.6562907943983 ], [ -89.176107787606995, 13.6563403321401 ], [ -89.176107991268594, 13.65638518592 ], [ -89.176108206225095, 13.6564327793941 ], [ -89.176113687241298, 13.6565473819806 ], [ -89.176113088576997, 13.6565564068857 ], [ -89.176174941910006, 13.6565692466844 ], [ -89.176177125245601, 13.656578038199701 ], [ -89.176191318275698, 13.656635127006799 ], [ -89.1761998577946, 13.656663259104301 ], [ -89.176292712031199, 13.6566039269466 ], [ -89.176357118511405, 13.6565627752883 ], [ -89.176371230434398, 13.656626279078001 ], [ -89.176384915738595, 13.656687857878699 ], [ -89.176399503395601, 13.6567534249148 ], [ -89.176412609090903, 13.6568124316476 ], [ -89.176424202036202, 13.656860803345699 ], [ -89.176442488397598, 13.6569369107432 ] ] ] ] } },
{ "type": "Feature", "properties": { "qc_id": 77, "name": null, "descriptio": null, "timestamp": null, "begin": null, "end": null, "altitudemo": null, "tessellate": -1, "extrude": 0, "visibility": -1, "draworder": null, "icon": null, "objectid_1": 124, "fid_1": 126, "text_1": "RES SAN IGNACIO", "shape_leng": 206.237802195, "shape_area": 1530.91022817, "fid_2": 4, "zona": 2, "viviendas": null }, "geometry": { "type": "MultiPolygon", "coordinates": [ [ [ [ -89.176391774434705, 13.6562545018315 ], [ -89.176387075148895, 13.6563233783002 ], [ -89.176332848303304, 13.6563967799284 ], [ -89.176342875794901, 13.6564653583973 ], [ -89.176357118511405, 13.6565627752883 ], [ -89.176292712031199, 13.6566039269466 ], [ -89.1761998577946, 13.656663259104301 ], [ -89.176191318275698, 13.656635127006799 ], [ -89.176177125245601, 13.656578038199701 ], [ -89.176174941910006, 13.6565692466844 ], [ -89.176113088576997, 13.6565564068857 ], [ -89.176113687241298, 13.6565473819806 ], [ -89.176108206225095, 13.6564327793941 ], [ -89.176107991268594, 13.65638518592 ], [ -89.176107787606995, 13.6563403321401 ], [ -89.176107561027294, 13.6562907943983 ], [ -89.176122808705998, 13.6562911721528 ], [ -89.176127743180999, 13.6561178433513 ], [ -89.176121940631901, 13.6559651445775 ], [ -89.176121805527899, 13.655962469148401 ], [ -89.176148525301201, 13.6559623297925 ], [ -89.176284009134804, 13.655966971823201 ], [ -89.176282645165998, 13.6560154739393 ], [ -89.176281271000803, 13.6560639380991 ], [ -89.176265785678495, 13.656063412286199 ], [ -89.1762636297981, 13.656141811259999 ], [ -89.176265278109895, 13.656193966563301 ], [ -89.176265219329906, 13.6562043333644 ], [ -89.176264691253607, 13.656244633851699 ], [ -89.176264583661705, 13.6562527698776 ], [ -89.176391774434705, 13.6562545018315 ] ] ] ] } },
{ "type": "Feature", "properties": { "qc_id": 78, "name": null, "descriptio": null, "timestamp": null, "begin": null, "end": null, "altitudemo": null, "tessellate": -1, "extrude": 0, "visibility": -1, "draworder": null, "icon": null, "objectid_1": 126, "fid_1": 128, "text_1": "COL SAN  IGNACIO", "shape_leng": 220.810041665, "shape_area": 2456.61136304, "fid_2": 4, "zona": 2, "viviendas": null }, "geometry": { "type": "MultiPolygon", "coordinates": [ [ [ [ -89.177266456309098, 13.657271575109601 ], [ -89.177028929564301, 13.657631762611 ], [ -89.176940364064393, 13.657553688345301 ], [ -89.176899164132493, 13.6575173886851 ], [ -89.176855813744893, 13.657479174309501 ], [ -89.1768041895469, 13.657438105954901 ], [ -89.176765833492695, 13.657407589148001 ], [ -89.176731057611804, 13.657379930586201 ], [ -89.176682151645096, 13.657341035020799 ], [ -89.176646512885995, 13.657312691915401 ], [ -89.176612817261599, 13.657285874086 ], [ -89.176692399989903, 13.657174375845701 ], [ -89.176710896328899, 13.6571521394211 ], [ -89.176779134237904, 13.6571971657551 ], [ -89.176784318642703, 13.6571688023586 ], [ -89.176797345858603, 13.6570089167685 ], [ -89.176864487451098, 13.657005934449201 ], [ -89.176914121548094, 13.6570310649593 ], [ -89.176981794561101, 13.6570157160539 ], [ -89.176990793969793, 13.657013674007899 ], [ -89.177033845823203, 13.657108478657699 ], [ -89.177050090352296, 13.6571118267362 ], [ -89.177088048599899, 13.657167667275599 ], [ -89.177160558417498, 13.657241690053599 ], [ -89.177180427338897, 13.657256281759601 ], [ -89.177216613588996, 13.657271453756 ], [ -89.177239445278104, 13.6572742321412 ], [ -89.177266456309098, 13.657271575109601 ] ] ] ] } },
{ "type": "Feature", "properties": { "qc_id": 79, "name": null, "descriptio": null, "timestamp": null, "begin": null, "end": null, "altitudemo": null, "tessellate": -1, "extrude": 0, "visibility": -1, "draworder": null, "icon": null, "objectid_1": 150, "fid_1": 152, "text_1": "COMUNIDAD EL PEPETO", "shape_leng": 527.16923755400001, "shape_area": 2567.6602865999998, "fid_2": 4, "zona": 2, "viviendas": null }, "geometry": { "type": "MultiPolygon", "coordinates": [ [ [ [ -89.169801143812606, 13.655534610325001 ], [ -89.169753153347003, 13.655595361625601 ], [ -89.169745649218996, 13.6556098797258 ], [ -89.169722615272505, 13.6556543708191 ], [ -89.169705923405502, 13.655686638696 ], [ -89.169689222277796, 13.6557188885002 ], [ -89.169665791391793, 13.655764119247101 ], [ -89.169658502088097, 13.6557753425031 ], [ -89.169642539625698, 13.655809091354399 ], [ -89.169620822906793, 13.6558550431255 ], [ -89.169605399434005, 13.655887689755801 ], [ -89.169587487179598, 13.655920865975499 ], [ -89.169577089684395, 13.6559401441631 ], [ -89.169564140786505, 13.655964116222499 ], [ -89.169548160738501, 13.656011971247199 ], [ -89.169539338198007, 13.6560375792199 ], [ -89.1695337333895, 13.6560609261431 ], [ -89.169521871214599, 13.6561101938248 ], [ -89.169512991221097, 13.656147149319599 ], [ -89.169504300167802, 13.6561833553559 ], [ -89.169492589260201, 13.6562321971976 ], [ -89.169490890877199, 13.6562392975506 ], [ -89.169540542262098, 13.656249981697799 ], [ -89.1697433032802, 13.656293640905201 ], [ -89.169672811788402, 13.6562987432229 ], [ -89.169593449603894, 13.656326778905999 ], [ -89.169521293300505, 13.656436862368601 ], [ -89.169527397298197, 13.656462311811699 ], [ -89.169459760974902, 13.6565418567977 ], [ -89.169437840491597, 13.6565681309224 ], [ -89.169414433898893, 13.656607493548 ], [ -89.169401949304898, 13.656646071299001 ], [ -89.169401713328796, 13.656646969932099 ], [ -89.169383306120807, 13.6567155773077 ], [ -89.169382474619795, 13.6567186691973 ], [ -89.169362778588606, 13.6567842611651 ], [ -89.169361389476904, 13.656788288064901 ], [ -89.169351263173994, 13.6568158592814 ], [ -89.169338047391406, 13.656851818048001 ], [ -89.169336811110298, 13.6568562895583 ], [ -89.1693241606974, 13.6569020958582 ], [ -89.169318035107395, 13.6569249532238 ], [ -89.169309277445393, 13.6569483212935 ], [ -89.169305940626202, 13.6569546635022 ], [ -89.169294953611299, 13.656983290152899 ], [ -89.169290240148896, 13.656995576410999 ], [ -89.169289852664505, 13.6569965854233 ], [ -89.169285570592194, 13.657030335247301 ], [ -89.169282242503797, 13.6570757744734 ], [ -89.169276402412393, 13.6570753717413 ], [ -89.169274390566301, 13.6570810369249 ], [ -89.169260382340894, 13.657120458145799 ], [ -89.169242113113995, 13.657170268038501 ], [ -89.169222562398204, 13.6572156904069 ], [ -89.1692003082198, 13.6572651875794 ], [ -89.169178647829597, 13.6573113706665 ], [ -89.169168932496007, 13.657332091884699 ], [ -89.169179873477901, 13.6573704871908 ], [ -89.169122767231698, 13.657403421878801 ], [ -89.169095967539505, 13.657358206750001 ], [ -89.1690861790225, 13.6573427189327 ], [ -89.169087185433995, 13.6573334903887 ], [ -89.169088715947296, 13.657330712574501 ], [ -89.169082002691795, 13.657326894623401 ], [ -89.169067980512096, 13.6573199713986 ], [ -89.169085199344494, 13.657270857335901 ], [ -89.169097988708501, 13.657234380041601 ], [ -89.169101823757799, 13.6572229187425 ], [ -89.169117634345696, 13.657175675802 ], [ -89.169133454163102, 13.6571284229112 ], [ -89.169133907021006, 13.657127061335601 ], [ -89.169155245994205, 13.6571339144435 ], [ -89.169156482959593, 13.6571303875029 ], [ -89.169170702294494, 13.657094020400001 ], [ -89.169185185591203, 13.6570969444754 ], [ -89.169194434326997, 13.657099613638101 ], [ -89.169201323156798, 13.6570841053113 ], [ -89.169188666386304, 13.657081300198 ], [ -89.169176285194098, 13.657078680192701 ], [ -89.169181379197198, 13.6570557214005 ], [ -89.169192360476401, 13.6570062509672 ], [ -89.1691949549257, 13.6569945591232 ], [ -89.169205254995603, 13.6569579542789 ], [ -89.169213836536002, 13.6569274500921 ], [ -89.169227403093004, 13.6568792541762 ], [ -89.169237042087403, 13.6568449637535 ], [ -89.169231902355904, 13.656844180902899 ], [ -89.169233904622203, 13.6568252049855 ], [ -89.169239434174102, 13.6567884090852 ], [ -89.169242006222305, 13.656771283950199 ], [ -89.169247350735802, 13.65675479596 ], [ -89.169247748307399, 13.6567536757618 ], [ -89.169270483487196, 13.6566893498743 ], [ -89.1693026324361, 13.6566977692076 ], [ -89.169311862390899, 13.6567000488005 ], [ -89.169314420440003, 13.6566904485906 ], [ -89.169300499102604, 13.656679758783801 ], [ -89.169305448952898, 13.6566389093169 ], [ -89.169310391774005, 13.6566165435801 ], [ -89.169325299037098, 13.6566165333161 ], [ -89.169328330648995, 13.656606090350801 ], [ -89.169320434962401, 13.656604485048501 ], [ -89.169295522846895, 13.6566030406038 ], [ -89.169314086549207, 13.6565283878847 ], [ -89.169315964853297, 13.656520833654399 ], [ -89.1693209850242, 13.656500634497601 ], [ -89.169333386610106, 13.6564507454798 ], [ -89.169335773645599, 13.6564411273094 ], [ -89.169342984569596, 13.656412142602999 ], [ -89.169355338248707, 13.656362485013799 ], [ -89.169379228965894, 13.656363912982 ], [ -89.169389357069207, 13.656365821356999 ], [ -89.169390697307193, 13.656360674566001 ], [ -89.169385714218294, 13.656341231626 ], [ -89.169385698804803, 13.656319831949499 ], [ -89.169400381477999, 13.656296774349901 ], [ -89.169408553911495, 13.6562758227877 ], [ -89.169400431160099, 13.656273357137399 ], [ -89.169375004158496, 13.6562679503847 ], [ -89.169380661478002, 13.6562507490036 ], [ -89.169393070927995, 13.656213096892101 ], [ -89.169394837110801, 13.6562077274498 ], [ -89.169408720352806, 13.6561655666035 ], [ -89.169420733175102, 13.656129071747801 ], [ -89.169422036381206, 13.6561251280649 ], [ -89.169433086342806, 13.6560915769504 ], [ -89.169449760022403, 13.6560468037334 ], [ -89.169460463112799, 13.656018038974601 ], [ -89.169473121051197, 13.655984061015999 ], [ -89.169490739384898, 13.655936760761699 ], [ -89.1694946620688, 13.6559161357193 ], [ -89.169507895000294, 13.655918181149 ], [ -89.1695201633583, 13.655893857946801 ], [ -89.169537176677295, 13.655861247285401 ], [ -89.169553072484902, 13.6558286093726 ], [ -89.169575348599693, 13.6557829066964 ], [ -89.1695968208236, 13.655738852371099 ], [ -89.169619096921394, 13.6556931496908 ], [ -89.169635002873605, 13.6556605117655 ], [ -89.169650908814901, 13.655627864800101 ], [ -89.169673062146302, 13.6555824216169 ], [ -89.169684349220603, 13.6555765367108 ], [ -89.169738694044597, 13.655507746324901 ], [ -89.169751637478399, 13.655514679295599 ], [ -89.169801143812606, 13.655534610325001 ] ] ] ] } },
{ "type": "Feature", "properties": { "qc_id": 80, "name": null, "descriptio": null, "timestamp": null, "begin": null, "end": null, "altitudemo": null, "tessellate": -1, "extrude": 0, "visibility": -1, "draworder": null, "icon": null, "objectid_1": 1, "fid_1": 0, "text_1": "RESIDENCIAL SANTORINI", "shape_leng": 1272.80619243, "shape_area": 67822.363159100001, "fid_2": 0, "zona": 0, "viviendas": null }, "geometry": { "type": "MultiPolygon", "coordinates": [ [ [ [ -89.192450208491607, 13.6618930679732 ], [ -89.192345172372796, 13.661903488885599 ], [ -89.192340941864998, 13.661881074726599 ], [ -89.192322908111805, 13.6618663065529 ], [ -89.192278684743698, 13.661828244725999 ], [ -89.192234563559794, 13.661788525070101 ], [ -89.192161801789993, 13.6617157190647 ], [ -89.192085203949304, 13.6616382058439 ], [ -89.192044154518598, 13.6615929953115 ], [ -89.192039139922201, 13.661572488071201 ], [ -89.192040385464594, 13.661556085947 ], [ -89.192034277749997, 13.661540550071701 ], [ -89.191830719977702, 13.6613432443195 ], [ -89.191804946822302, 13.6613782514371 ], [ -89.191864529162999, 13.6614350354688 ], [ -89.191866355395206, 13.661538968263701 ], [ -89.191867655386901, 13.6616130793034 ], [ -89.191868956296403, 13.661687181303099 ], [ -89.191868996149694, 13.6616895783981 ], [ -89.191869376334495, 13.6617613011638 ], [ -89.191869776962704, 13.6618354219433 ], [ -89.191870169272207, 13.661909542728999 ], [ -89.191870258849406, 13.6619264346247 ], [ -89.191870229747295, 13.661983663773499 ], [ -89.191870195205198, 13.662058016288601 ], [ -89.191870216330699, 13.6620601178249 ], [ -89.191871970752302, 13.6622153737571 ], [ -89.191843599898803, 13.6622104353224 ], [ -89.191807951162502, 13.6622421364685 ], [ -89.191689074754294, 13.6623533827738 ], [ -89.191564815419994, 13.662434607673701 ], [ -89.191506307884197, 13.662465206656901 ], [ -89.191351026924494, 13.662540808980101 ], [ -89.191274775150106, 13.6625864814867 ], [ -89.191200133739699, 13.6626346791003 ], [ -89.191111884839103, 13.662687006309801 ], [ -89.191094877417001, 13.6626999135694 ], [ -89.191018771635697, 13.662658024798899 ], [ -89.190942012070195, 13.6626146188748 ], [ -89.190865923253199, 13.662570786672299 ], [ -89.1907370041002, 13.6624960623778 ], [ -89.190670620131101, 13.662455896915001 ], [ -89.190645675889101, 13.662497845170201 ], [ -89.190611965251094, 13.6624793405771 ], [ -89.190603294067003, 13.6624895847979 ], [ -89.190485786987395, 13.662424153496 ], [ -89.190429586249195, 13.662392866259101 ], [ -89.190347286531505, 13.6623461598037 ], [ -89.190275829623999, 13.6623056094865 ], [ -89.190145501703697, 13.662232653987401 ], [ -89.190105977713003, 13.662212627143299 ], [ -89.189647714111899, 13.662049698000899 ], [ -89.189581805360902, 13.6614119171292 ], [ -89.189396379900799, 13.6602682195361 ], [ -89.189623436247103, 13.6602071781628 ], [ -89.189863006972303, 13.6602069092545 ], [ -89.189886509295604, 13.6602086220648 ], [ -89.189892066347895, 13.660221233419101 ], [ -89.189900287135302, 13.6602393600838 ], [ -89.189913199075903, 13.6602646094241 ], [ -89.1899293523404, 13.6602837839019 ], [ -89.189989577900405, 13.660317308898801 ], [ -89.190038751941501, 13.660333292420299 ], [ -89.190073085970496, 13.660337856761901 ], [ -89.190151045522299, 13.6603323451103 ], [ -89.190170445313797, 13.6603404289972 ], [ -89.190351410748406, 13.660436642255499 ], [ -89.190353146848494, 13.6604300596612 ], [ -89.190500273695903, 13.6604553993817 ], [ -89.1905029999118, 13.660455870006199 ], [ -89.190512041169598, 13.6604575469563 ], [ -89.190575438164899, 13.660469336130999 ], [ -89.190721998748998, 13.660496184756401 ], [ -89.190758075255502, 13.660503135738301 ], [ -89.190867802434795, 13.660524283966801 ], [ -89.190949112911397, 13.660542926926 ], [ -89.191067119926601, 13.6605614211316 ], [ -89.191098318922698, 13.6605639883529 ], [ -89.191147376275495, 13.660574992192601 ], [ -89.191164166833801, 13.6605513405114 ], [ -89.1912185449264, 13.6604592945045 ], [ -89.191255563309397, 13.660413939964499 ], [ -89.191256603984201, 13.6604126619533 ], [ -89.191326093815306, 13.6603274629145 ], [ -89.191411003564497, 13.660232524149301 ], [ -89.191422842626906, 13.660219288256499 ], [ -89.191454713139606, 13.6601861366434 ], [ -89.191520505164902, 13.6601163698944 ], [ -89.191590400614899, 13.660042545967 ], [ -89.191653518856896, 13.65994373735 ], [ -89.191658607919194, 13.6599286736095 ], [ -89.191718815154601, 13.659928191905999 ], [ -89.191875811305806, 13.659926921515501 ], [ -89.191873297572698, 13.6599784228251 ], [ -89.192308138552704, 13.659974538091101 ], [ -89.192325291104495, 13.6600116964051 ], [ -89.192345333978494, 13.659994557365399 ], [ -89.192400905160596, 13.6600667928563 ], [ -89.192374540784002, 13.6602352803001 ], [ -89.192362841694404, 13.6603969707382 ], [ -89.192373480801805, 13.660443455095599 ], [ -89.192367067914802, 13.660483102181001 ], [ -89.192359145415494, 13.6604829700824 ], [ -89.192352828389403, 13.660548284059599 ], [ -89.192352573187605, 13.6606182402128 ], [ -89.192352465705, 13.6606484330601 ], [ -89.192354305122393, 13.660744498353599 ], [ -89.192353905111403, 13.660753810579999 ], [ -89.192351165620494, 13.6608173537418 ], [ -89.192346931483399, 13.660860545097 ], [ -89.1923550922982, 13.660885326192099 ], [ -89.192360852786507, 13.660904638799501 ], [ -89.192399834453298, 13.660990539675 ], [ -89.192401387490705, 13.6610031721829 ], [ -89.19238887457, 13.661037827315599 ], [ -89.192382840359798, 13.6610545296654 ], [ -89.192370470643596, 13.6611026698759 ], [ -89.192366499569204, 13.6611544498234 ], [ -89.192365713598505, 13.6611766925514 ], [ -89.192365139892999, 13.661192881737 ], [ -89.192367731101498, 13.6612599377784 ], [ -89.192365683207896, 13.661301128010001 ], [ -89.192358918744404, 13.6613630003077 ], [ -89.192388712316401, 13.6613603575172 ], [ -89.192404298477996, 13.661518684906801 ], [ -89.192429482578703, 13.6616766170138 ], [ -89.192408963437302, 13.661678947036901 ], [ -89.192450208491607, 13.6618930679732 ] ] ] ] } },
{ "type": "Feature", "properties": { "qc_id": 81, "name": null, "descriptio": null, "timestamp": null, "begin": null, "end": null, "altitudemo": null, "tessellate": -1, "extrude": 0, "visibility": -1, "draworder": null, "icon": null, "objectid_1": 2, "fid_1": 1, "text_1": "URBANIZACION BOSQUES DE SANTORINI", "shape_leng": 1073.0349559700001, "shape_area": 56171.504893500001, "fid_2": 0, "zona": 0, "viviendas": null }, "geometry": { "type": "MultiPolygon", "coordinates": [ [ [ [ -89.194363062884094, 13.660971520884299 ], [ -89.194297114058699, 13.661023063305899 ], [ -89.194208912090303, 13.661198929464099 ], [ -89.194135374541403, 13.661309946811601 ], [ -89.194091311514498, 13.661443988357799 ], [ -89.194065666808299, 13.6616342538211 ], [ -89.1940696546786, 13.661718636384199 ], [ -89.194077704148796, 13.661975609726801 ], [ -89.194034737768504, 13.6621540044575 ], [ -89.193984062044706, 13.662487737584 ], [ -89.1939804095624, 13.662809927945201 ], [ -89.193992200645596, 13.6633581898098 ], [ -89.193917543353393, 13.6633632101634 ], [ -89.193534866029694, 13.6633989614258 ], [ -89.193356345251999, 13.6634248890352 ], [ -89.193354291620096, 13.663425186223099 ], [ -89.193302352863796, 13.6634327248521 ], [ -89.193276308018596, 13.6632755066946 ], [ -89.193218101376402, 13.663269554195701 ], [ -89.192972299961397, 13.6632930902509 ], [ -89.192927334834806, 13.6631603037809 ], [ -89.192888827154704, 13.6630286321616 ], [ -89.1928390835253, 13.6628972287637 ], [ -89.192790344452803, 13.6627666480148 ], [ -89.192742437068105, 13.6626346140465 ], [ -89.192694529728897, 13.6625025701253 ], [ -89.192646879098106, 13.6623712762247 ], [ -89.192612430852506, 13.6622852416819 ], [ -89.192600146214801, 13.662240906278701 ], [ -89.192567353709407, 13.662152890001201 ], [ -89.192493733611997, 13.6620717734646 ], [ -89.192345172372796, 13.661903488885599 ], [ -89.192450208491607, 13.6618930679732 ], [ -89.192408963437302, 13.661678947036901 ], [ -89.192429482578703, 13.6616766170138 ], [ -89.192404298477996, 13.661518684906801 ], [ -89.192388712316401, 13.6613603575172 ], [ -89.192358918744404, 13.6613630003077 ], [ -89.192365683207896, 13.661301128010001 ], [ -89.192367731101498, 13.6612599377784 ], [ -89.192365139892999, 13.661192881737 ], [ -89.192365713598505, 13.6611766925514 ], [ -89.192366499569204, 13.6611544498234 ], [ -89.192370470643596, 13.6611026698759 ], [ -89.192382840359798, 13.6610545296654 ], [ -89.19238887457, 13.661037827315599 ], [ -89.192401387490705, 13.6610031721829 ], [ -89.192399834453298, 13.660990539675 ], [ -89.192360852786507, 13.660904638799501 ], [ -89.1923550922982, 13.660885326192099 ], [ -89.192346931483399, 13.660860545097 ], [ -89.192351165620494, 13.6608173537418 ], [ -89.192353905111403, 13.660753810579999 ], [ -89.192354305122393, 13.660744498353599 ], [ -89.192352465705, 13.6606484330601 ], [ -89.192352573187605, 13.6606182402128 ], [ -89.192352828389403, 13.660548284059599 ], [ -89.192359145415494, 13.6604829700824 ], [ -89.192367067914802, 13.660483102181001 ], [ -89.192373480801805, 13.660443455095599 ], [ -89.192362841694404, 13.6603969707382 ], [ -89.192374540784002, 13.6602352803001 ], [ -89.192400905160596, 13.6600667928563 ], [ -89.192405656429699, 13.6600309416154 ], [ -89.192411442824195, 13.659954279664101 ], [ -89.192420488223206, 13.6599508576759 ], [ -89.193839668957096, 13.660429687224299 ], [ -89.1937411688087, 13.660674935182501 ], [ -89.193936688823896, 13.660765867346701 ], [ -89.194319639878003, 13.660930172232501 ], [ -89.194363062884094, 13.660971520884299 ] ] ] ] } },
{ "type": "Feature", "properties": { "qc_id": 82, "name": null, "descriptio": null, "timestamp": null, "begin": null, "end": null, "altitudemo": null, "tessellate": -1, "extrude": 0, "visibility": -1, "draworder": null, "icon": null, "objectid_1": 3, "fid_1": 2, "text_1": "URBANIZACION LOS HEROES", "shape_leng": 261.72151646399999, "shape_area": 3324.9842310899999, "fid_2": 0, "zona": 0, "viviendas": null }, "geometry": { "type": "MultiPolygon", "coordinates": [ [ [ [ -89.190485786987395, 13.662424153496 ], [ -89.190475673872697, 13.6624412846912 ], [ -89.190451171263007, 13.662479604355299 ], [ -89.190426668645301, 13.6625179240168 ], [ -89.190402165095307, 13.662556243676599 ], [ -89.190377672629296, 13.6625945633252 ], [ -89.190353169980298, 13.6626328739403 ], [ -89.190328666414402, 13.6626712035353 ], [ -89.190313957612602, 13.662694197319199 ], [ -89.190206686987494, 13.662633838748899 ], [ -89.190182256642601, 13.662621010602599 ], [ -89.190141539101404, 13.662599633366399 ], [ -89.190100821560307, 13.6625782470845 ], [ -89.190060113277298, 13.662556869827799 ], [ -89.190019395750298, 13.662535482628501 ], [ -89.189978678238703, 13.6625141053654 ], [ -89.189954967356101, 13.6625016562759 ], [ -89.189937960734596, 13.662492728095399 ], [ -89.189935840335593, 13.6624916098089 ], [ -89.189678038477496, 13.662517050017399 ], [ -89.189647714111899, 13.662049698000899 ], [ -89.190105968476999, 13.662212636189301 ], [ -89.190145510947005, 13.662232653980199 ], [ -89.190275838867393, 13.6623056094794 ], [ -89.190347286531505, 13.6623461598037 ], [ -89.190429595492503, 13.662392866251899 ], [ -89.190485786987395, 13.662424153496 ] ] ] ] } },
{ "type": "Feature", "properties": { "qc_id": 89, "name": null, "descriptio": null, "timestamp": null, "begin": null, "end": null, "altitudemo": null, "tessellate": -1, "extrude": 0, "visibility": -1, "draworder": null, "icon": null, "objectid_1": 21, "fid_1": 20, "text_1": "BARRIO EL CENTRO", "shape_leng": 770.09779703300001, "shape_area": 27448.383307399999, "fid_2": 0, "zona": 0, "viviendas": null }, "geometry": { "type": "MultiPolygon", "coordinates": [ [ [ [ -89.1818528014999, 13.6562612243375 ], [ -89.181811900311899, 13.656329877301101 ], [ -89.1817864007553, 13.656378063754101 ], [ -89.181781825956804, 13.656385925589399 ], [ -89.181740708098999, 13.6564565320156 ], [ -89.181778193630905, 13.6565476285637 ], [ -89.181758578560704, 13.6567756701793 ], [ -89.1817159977019, 13.656766464756201 ], [ -89.181615276335606, 13.6567961669962 ], [ -89.181615938033104, 13.6568199633215 ], [ -89.181528026610593, 13.6568184735339 ], [ -89.181528804941195, 13.656832921703 ], [ -89.181478781428197, 13.656831967956601 ], [ -89.181378565262406, 13.656830070500799 ], [ -89.181291825639903, 13.656851071355799 ], [ -89.181263559016202, 13.6568579129759 ], [ -89.181213126300094, 13.6568657073619 ], [ -89.181208823938505, 13.656894893649801 ], [ -89.181209398889294, 13.657026882520301 ], [ -89.181209411027695, 13.657030639998201 ], [ -89.181209440761705, 13.657081223684701 ], [ -89.180877688228193, 13.6571852629588 ], [ -89.180772079390707, 13.657198881848499 ], [ -89.180755668407201, 13.6572003193524 ], [ -89.180104257795193, 13.657257434384199 ], [ -89.179795100692104, 13.6572399072331 ], [ -89.179713856202795, 13.6571198996874 ], [ -89.179572228958193, 13.656892919700701 ], [ -89.179514577003005, 13.6567925446075 ], [ -89.179469955260402, 13.656725083421501 ], [ -89.179410518092894, 13.6566289588113 ], [ -89.179313285942698, 13.6565194859265 ], [ -89.179228745328302, 13.656432736684501 ], [ -89.179117799815899, 13.6563614641366 ], [ -89.179145496475996, 13.6563138042342 ], [ -89.179205088759304, 13.656191620345099 ], [ -89.179241736690003, 13.6561164728222 ], [ -89.179269077000399, 13.656062176776 ], [ -89.179269266525395, 13.656062231775399 ], [ -89.179589549708098, 13.656211591617801 ], [ -89.179744539976497, 13.6562882930908 ], [ -89.179891239235005, 13.656340749962 ], [ -89.180033774376895, 13.656344689674301 ], [ -89.1802605834079, 13.6563088612928 ], [ -89.180430946934905, 13.6561673339042 ], [ -89.180507599014405, 13.6561361873169 ], [ -89.180751339487699, 13.656026113766901 ], [ -89.180890290955503, 13.6559724287648 ], [ -89.180910104063102, 13.655964769055201 ], [ -89.181059975668703, 13.655933271941899 ], [ -89.181152800186396, 13.655947716500499 ], [ -89.181227666962599, 13.6559593613409 ], [ -89.181445512120604, 13.656046520468401 ], [ -89.181572002435502, 13.656109616520601 ], [ -89.1818528014999, 13.6562612243375 ] ] ] ] } },
{ "type": "Feature", "properties": { "qc_id": 83, "name": null, "descriptio": null, "timestamp": null, "begin": null, "end": null, "altitudemo": null, "tessellate": -1, "extrude": 0, "visibility": -1, "draworder": null, "icon": null, "objectid_1": 5, "fid_1": 4, "text_1": "COLONIA GALVEZ", "shape_leng": 3032.8563550700001, "shape_area": 204342.28644200001, "fid_2": 0, "zona": 0, "viviendas": null }, "geometry": { "type": "MultiPolygon", "coordinates": [ [ [ [ -89.167744534823797, 13.658557518315501 ], [ -89.167699032342597, 13.6585909717255 ], [ -89.1675610235325, 13.658658624628 ], [ -89.167406972869202, 13.658754518783599 ], [ -89.167257272238203, 13.6588443565073 ], [ -89.167235389094103, 13.6588574959273 ], [ -89.167074315418802, 13.658981032104901 ], [ -89.166955281222101, 13.659097690835701 ], [ -89.166846761968003, 13.659214342374501 ], [ -89.166796360659404, 13.659280833544599 ], [ -89.166823623647801, 13.6592992987746 ], [ -89.166901347706997, 13.6593758573578 ], [ -89.166947693657903, 13.659489848477801 ], [ -89.166945432255503, 13.659623236706601 ], [ -89.166904390855393, 13.6597161748969 ], [ -89.167002963757099, 13.6597480036733 ], [ -89.167082796541706, 13.659793534613801 ], [ -89.166848498121695, 13.6597540968188 ], [ -89.166721719636897, 13.6596415576442 ], [ -89.166657991272103, 13.6595214598065 ], [ -89.166649233640001, 13.6595049443718 ], [ -89.166620359112798, 13.659468903097 ], [ -89.166605211674494, 13.6594785109033 ], [ -89.166535150370706, 13.6595025594491 ], [ -89.166458089976899, 13.6595094703681 ], [ -89.166335487472693, 13.659533553511899 ], [ -89.166307815919296, 13.6595398850209 ], [ -89.166238198612504, 13.659603686427801 ], [ -89.165920855619206, 13.659980623760299 ], [ -89.165848593417394, 13.6600664646725 ], [ -89.1656720474803, 13.6600754327925 ], [ -89.165588578408702, 13.660079533934899 ], [ -89.165526102375196, 13.6601109347795 ], [ -89.1655070560235, 13.6601204999474 ], [ -89.165417587796099, 13.6601820276284 ], [ -89.165355855981204, 13.660221582857799 ], [ -89.165243501542804, 13.6602030634785 ], [ -89.165247262979307, 13.660181216551999 ], [ -89.165225275700095, 13.660180667296 ], [ -89.165205834059293, 13.660180189543199 ], [ -89.164959764468605, 13.6601726074553 ], [ -89.165005869955706, 13.6602545840872 ], [ -89.164944267693201, 13.6603036996099 ], [ -89.164923303657304, 13.660319004839801 ], [ -89.164806924204797, 13.660403977461 ], [ -89.164665622047707, 13.6605020912524 ], [ -89.164611442257794, 13.6605397159439 ], [ -89.164561840252802, 13.660574153142599 ], [ -89.164468475113296, 13.660638988623599 ], [ -89.164173221164901, 13.660761724064599 ], [ -89.164076965600003, 13.6606730611981 ], [ -89.164160127091705, 13.660593461247 ], [ -89.164166952103002, 13.660512393697701 ], [ -89.164141196007407, 13.660402802934099 ], [ -89.164131934838906, 13.660355936804301 ], [ -89.164077420546505, 13.6602533541316 ], [ -89.164050164951703, 13.660177760703601 ], [ -89.164035919223096, 13.660189617541199 ], [ -89.163895847032293, 13.6602331864134 ], [ -89.163677212525698, 13.6603135896537 ], [ -89.163492734870303, 13.660390619259299 ], [ -89.163421019136393, 13.6604609003706 ], [ -89.163318619289797, 13.660614791216499 ], [ -89.163281119370893, 13.6607385582583 ], [ -89.163261440373603, 13.660763719453501 ], [ -89.163202590808297, 13.6608389344484 ], [ -89.163102707643304, 13.660923590700101 ], [ -89.163076230151205, 13.6609460347654 ], [ -89.162943021926395, 13.6610330731147 ], [ -89.162793873489406, 13.6611053026077 ], [ -89.162781431420498, 13.661112419063601 ], [ -89.162623086470006, 13.6612029629059 ], [ -89.162616135854094, 13.6612127973457 ], [ -89.162559079314505, 13.6612935744647 ], [ -89.162466698138303, 13.6615235417663 ], [ -89.1623457680695, 13.661655980582299 ], [ -89.162334126065005, 13.6616839963157 ], [ -89.162266893811093, 13.661845796972001 ], [ -89.162218871189495, 13.6619476983699 ], [ -89.162182285179696, 13.6620253335188 ], [ -89.162146716181098, 13.6620671656692 ], [ -89.162124226285599, 13.6620671804969 ], [ -89.162054174942895, 13.6620672266688 ], [ -89.161933134029596, 13.6620394366497 ], [ -89.1618548581082, 13.662081278797899 ], [ -89.161805057289698, 13.662130089284901 ], [ -89.161762374720695, 13.662178886944499 ], [ -89.161684107972107, 13.662220738070999 ], [ -89.161584430833997, 13.6622208035852 ], [ -89.161541680874606, 13.6621581321867 ], [ -89.161491765144802, 13.6620397268864 ], [ -89.161399057484502, 13.661795941654599 ], [ -89.161297908151298, 13.6616788841943 ], [ -89.161147424070904, 13.661627020717299 ], [ -89.161050067013505, 13.6616010939372 ], [ -89.160943868071897, 13.661601163463001 ], [ -89.160784611571998, 13.661661893591999 ], [ -89.160643076056004, 13.6617399387791 ], [ -89.160581114728302, 13.661722652509701 ], [ -89.160536850816499, 13.6616880369744 ], [ -89.1604652297071, 13.661634714223 ], [ -89.160361353485101, 13.661557365299799 ], [ -89.160408465940705, 13.6614805849651 ], [ -89.160666891751305, 13.6607730833249 ], [ -89.160618958634998, 13.6607698931596 ], [ -89.1605878042472, 13.6607631659397 ], [ -89.160523811103005, 13.6607493428947 ], [ -89.160438403222699, 13.660701711911999 ], [ -89.160429048259999, 13.6606964980291 ], [ -89.160402776577797, 13.6606740967958 ], [ -89.160311177195396, 13.660596018533299 ], [ -89.160272855459596, 13.6605578630432 ], [ -89.160308823814702, 13.6605186594236 ], [ -89.160316541737501, 13.66051024095 ], [ -89.160324279070494, 13.660501822463401 ], [ -89.160382463610006, 13.660423387113401 ], [ -89.160420057178399, 13.660364282293999 ], [ -89.160462211638801, 13.6602907076745 ], [ -89.160559907474195, 13.6601489920169 ], [ -89.160606574695905, 13.66009885962 ], [ -89.160615909258198, 13.6600742332671 ], [ -89.160586279875801, 13.6600550005854 ], [ -89.160598006767202, 13.6600265772213 ], [ -89.160684608796601, 13.659856610328299 ], [ -89.160810571283903, 13.659608507692999 ], [ -89.1608221766366, 13.659568681778 ], [ -89.160833771817295, 13.659528854965 ], [ -89.160874419477196, 13.6594662680856 ], [ -89.160907789500698, 13.659390885018301 ], [ -89.160939702383999, 13.659304127397499 ], [ -89.160980038826295, 13.6592015361752 ], [ -89.160980181164405, 13.659188022870801 ], [ -89.160996692555599, 13.6591951573415 ], [ -89.160998837049206, 13.6591885105108 ], [ -89.161009229652507, 13.6591743514426 ], [ -89.161025842532197, 13.6591083183593 ], [ -89.161070000015002, 13.658932816550299 ], [ -89.161077503541804, 13.6589029894695 ], [ -89.161144334686895, 13.658637422378501 ], [ -89.161148798997601, 13.6586196760188 ], [ -89.161153264225703, 13.6586019206194 ], [ -89.161326934383496, 13.658666745187499 ], [ -89.161349107057603, 13.6586750247697 ], [ -89.161362647914501, 13.6586825218186 ], [ -89.161402312424997, 13.658719139641301 ], [ -89.1614183086471, 13.658733911420301 ], [ -89.161455696504703, 13.658790616151499 ], [ -89.161456207931906, 13.658791022568 ], [ -89.161501693195504, 13.658826710965499 ], [ -89.161531643690793, 13.658845259079399 ], [ -89.161560145160493, 13.6588629006323 ], [ -89.161572515108006, 13.658874702781 ], [ -89.161582472199697, 13.6588886351841 ], [ -89.161606816291496, 13.6589442285379 ], [ -89.161646888541199, 13.6590091325034 ], [ -89.161656757106201, 13.659017974232199 ], [ -89.161665216372597, 13.659027234485899 ], [ -89.161679628876698, 13.6590373965269 ], [ -89.161893180865405, 13.6586829323973 ], [ -89.162265779103095, 13.6586535959069 ], [ -89.162314130899105, 13.658646612150701 ], [ -89.162639685671905, 13.6585996088039 ], [ -89.163049177507105, 13.6585404887332 ], [ -89.163049683935498, 13.6585483468498 ], [ -89.163048284800496, 13.658632742529599 ], [ -89.163048202985095, 13.658637389501701 ], [ -89.163047505255093, 13.6586682398581 ], [ -89.163045936633594, 13.658685493518201 ], [ -89.163290962860302, 13.6588021772852 ], [ -89.163418214296698, 13.658862764816 ], [ -89.163496363392397, 13.658898366056199 ], [ -89.163527430848006, 13.6589026036426 ], [ -89.163530220846098, 13.658940402623699 ], [ -89.163544964490598, 13.658962755150201 ], [ -89.163571523195898, 13.658949816325 ], [ -89.163638599875696, 13.6589189308451 ], [ -89.1636622266454, 13.658908668582599 ], [ -89.163679826042895, 13.658901225054899 ], [ -89.163693792046004, 13.658893931279099 ], [ -89.163716641210399, 13.658881984671099 ], [ -89.163808427773503, 13.6588340063325 ], [ -89.163885681921101, 13.6587936366795 ], [ -89.163909647250406, 13.6587798010755 ], [ -89.163963301766501, 13.6587488512373 ], [ -89.163979848250904, 13.6587372974813 ], [ -89.164035513151802, 13.658698413714999 ], [ -89.164052702644497, 13.6586864157133 ], [ -89.164109549808202, 13.658646328059 ], [ -89.164207776785105, 13.6585770838836 ], [ -89.164196526062995, 13.6585136425734 ], [ -89.164242580296403, 13.658509844389799 ], [ -89.164321937331707, 13.6584592456366 ], [ -89.164390385786007, 13.658415604189299 ], [ -89.164467812721298, 13.6583662368785 ], [ -89.164557473048006, 13.6583090779281 ], [ -89.164634899913096, 13.658259710564399 ], [ -89.164932284766294, 13.6578879440601 ], [ -89.165162261949106, 13.657721137003501 ], [ -89.165123841045897, 13.6576646278635 ], [ -89.165058571966, 13.6575585717229 ], [ -89.164921002006807, 13.6574007772755 ], [ -89.1647998652208, 13.657259614230901 ], [ -89.164673576986303, 13.6570201940863 ], [ -89.164440895743198, 13.6568250047749 ], [ -89.164278866396202, 13.6566774909369 ], [ -89.164153017797403, 13.6565648286824 ], [ -89.164144400729597, 13.656558596663 ], [ -89.164163248997497, 13.656537045195 ], [ -89.164207349620696, 13.656501251383601 ], [ -89.164456900465694, 13.656498936969101 ], [ -89.1645328970354, 13.656502680680299 ], [ -89.164694626580498, 13.656505811974601 ], [ -89.164939274603896, 13.656517588443499 ], [ -89.164939266613402, 13.656519374543 ], [ -89.165156193917994, 13.656790750522999 ], [ -89.165275928379302, 13.6568620415367 ], [ -89.165395644427704, 13.656933333408301 ], [ -89.165462500824802, 13.657049005824501 ], [ -89.165425553879302, 13.6572298248111 ], [ -89.165636289882002, 13.657228776354 ], [ -89.165670101025, 13.6570972831263 ], [ -89.165705927617495, 13.6571002852242 ], [ -89.165713200167801, 13.6570374145083 ], [ -89.165759079823601, 13.657042095585799 ], [ -89.165761611451501, 13.6570210268259 ], [ -89.165775128150798, 13.6570230361094 ], [ -89.165808562516304, 13.657028520089501 ], [ -89.165852473911698, 13.6570339427658 ], [ -89.165949505685305, 13.657042253689299 ], [ -89.165946859160698, 13.6570746880895 ], [ -89.165992955926598, 13.657077896533799 ], [ -89.166038314130105, 13.6570810503306 ], [ -89.166035244140303, 13.657130302865999 ], [ -89.166000948101299, 13.6572044190996 ], [ -89.166206737193903, 13.6572609632798 ], [ -89.166211762686899, 13.657206044718199 ], [ -89.1662207414211, 13.657107916455899 ], [ -89.1662473330815, 13.657087183945601 ], [ -89.166313941178302, 13.657105965207499 ], [ -89.166382022139302, 13.657117507977 ], [ -89.166389453870096, 13.6571479271109 ], [ -89.166457589178194, 13.657236228485701 ], [ -89.166536715529602, 13.657302326381799 ], [ -89.1665160824775, 13.6573302742884 ], [ -89.166473765448302, 13.6573313767647 ], [ -89.166480488634306, 13.657389758330201 ], [ -89.166421437373202, 13.657484254299099 ], [ -89.166348569835407, 13.657609387137301 ], [ -89.166327785586503, 13.6576235814819 ], [ -89.166327122919697, 13.6576498129283 ], [ -89.166327190445898, 13.657651192224501 ], [ -89.166343105760205, 13.6576453314588 ], [ -89.166433074890094, 13.657624584071399 ], [ -89.166636393593194, 13.6577200223056 ], [ -89.166667353326801, 13.6577197789669 ], [ -89.166723854179807, 13.6577397519721 ], [ -89.166775971858897, 13.6577583024965 ], [ -89.166841684576198, 13.657768032629701 ], [ -89.166909122943693, 13.657661784768701 ], [ -89.166923635837094, 13.6576386813352 ], [ -89.167005094145594, 13.657509043813 ], [ -89.167051047911499, 13.6575645387972 ], [ -89.167190535167407, 13.657767369969701 ], [ -89.167249857080904, 13.657853621660401 ], [ -89.167270826445105, 13.657899609264801 ], [ -89.167343065054894, 13.6580628521465 ], [ -89.167423467143493, 13.658231031939399 ], [ -89.167435356617204, 13.658246601549999 ], [ -89.167492077480603, 13.6582027457692 ], [ -89.167507055864903, 13.658221987600699 ], [ -89.167614021795501, 13.658371628451301 ], [ -89.167723398651901, 13.6585292833401 ], [ -89.167744534823797, 13.658557518315501 ] ] ] ] } },
{ "type": "Feature", "properties": { "qc_id": 90, "name": null, "descriptio": null, "timestamp": null, "begin": null, "end": null, "altitudemo": null, "tessellate": -1, "extrude": 0, "visibility": -1, "draworder": null, "icon": null, "objectid_1": 22, "fid_1": 21, "text_1": "COL LAS MERCEDITAS", "shape_leng": 322.47543761700001, "shape_area": 5746.8432309, "fid_2": 0, "zona": 0, "viviendas": null }, "geometry": { "type": "MultiPolygon", "coordinates": [ [ [ [ -89.181481143966806, 13.6550245535144 ], [ -89.181475275639301, 13.6551348500796 ], [ -89.181471076322396, 13.6552124452418 ], [ -89.181465761019695, 13.655265633379299 ], [ -89.181461283002093, 13.6552887022491 ], [ -89.181457652861596, 13.655307355875101 ], [ -89.181446640166399, 13.6553617793196 ], [ -89.181434914267697, 13.6553999033704 ], [ -89.181426397837797, 13.6554276130987 ], [ -89.181410742743097, 13.6554885461947 ], [ -89.181407799770597, 13.6555017479286 ], [ -89.181388535732694, 13.6555836766216 ], [ -89.181387300287, 13.655588925540901 ], [ -89.181369979220605, 13.6556625866891 ], [ -89.181333319258201, 13.6556720087979 ], [ -89.181306405993595, 13.655738837249 ], [ -89.181269321672104, 13.655787717341999 ], [ -89.181224441008794, 13.6557780868909 ], [ -89.181162756614796, 13.6558862507074 ], [ -89.181152800186396, 13.655947716500499 ], [ -89.181059975668703, 13.655933271941899 ], [ -89.180910104063102, 13.655964769055201 ], [ -89.180890290955503, 13.6559724287648 ], [ -89.180871881047594, 13.6558852798169 ], [ -89.180848313589394, 13.6557994209013 ], [ -89.180878929765996, 13.6557962889887 ], [ -89.180878552066503, 13.6557606812698 ], [ -89.180875615691093, 13.6557332312676 ], [ -89.180871405956907, 13.6556990057092 ], [ -89.180860852660999, 13.6556130359857 ], [ -89.180860613598199, 13.6555233283056 ], [ -89.180862205349797, 13.6555138398643 ], [ -89.180875933050501, 13.655432007481799 ], [ -89.180879609835898, 13.655388613349601 ], [ -89.180880357736001, 13.6553767745007 ], [ -89.180882630287996, 13.6553403142675 ], [ -89.180887295078193, 13.655252361053 ], [ -89.180889673899898, 13.655207459276101 ], [ -89.180889026447105, 13.6551660306777 ], [ -89.180888976808205, 13.6551627812156 ], [ -89.180874755448301, 13.655131516042101 ], [ -89.180868300042107, 13.655094173700499 ], [ -89.180865628926099, 13.6550787091359 ], [ -89.180856083571797, 13.655035352748399 ], [ -89.180932311117203, 13.655020014540201 ], [ -89.181027011230299, 13.6550015542193 ], [ -89.181098082283498, 13.654987701237699 ], [ -89.181196441994999, 13.654964840712401 ], [ -89.181237906484299, 13.6549747412391 ], [ -89.181306181973198, 13.6549950728149 ], [ -89.181390082221398, 13.6550110234238 ], [ -89.181481143966806, 13.6550245535144 ] ] ] ] } },
{ "type": "Feature", "properties": { "qc_id": 91, "name": null, "descriptio": null, "timestamp": null, "begin": null, "end": null, "altitudemo": null, "tessellate": -1, "extrude": 0, "visibility": -1, "draworder": null, "icon": null, "objectid_1": 24, "fid_1": 23, "text_1": "LOTIFICACION EL GUAJE", "shape_leng": 730.76133331000005, "shape_area": 26683.844144399998, "fid_2": 0, "zona": 0, "viviendas": null }, "geometry": { "type": "MultiPolygon", "coordinates": [ [ [ [ -89.163049177507105, 13.6585404887332 ], [ -89.162639685671905, 13.6585996088039 ], [ -89.162314130899105, 13.658646612150701 ], [ -89.162265779103095, 13.6586535959069 ], [ -89.161893180865405, 13.6586829323973 ], [ -89.161679628876698, 13.6590373965269 ], [ -89.161665216372597, 13.659027234485899 ], [ -89.161656757106201, 13.659017974232199 ], [ -89.161646888541199, 13.6590091325034 ], [ -89.161606816291496, 13.6589442285379 ], [ -89.161582472199697, 13.6588886351841 ], [ -89.161572515108006, 13.658874702781 ], [ -89.161560145160493, 13.6588629006323 ], [ -89.161531643690793, 13.658845259079399 ], [ -89.161501693195504, 13.658826710965499 ], [ -89.161456207931906, 13.658791022568 ], [ -89.161455696504703, 13.658790616151499 ], [ -89.1614183086471, 13.658733911420301 ], [ -89.161402312424997, 13.658719139641301 ], [ -89.161362647914501, 13.6586825218186 ], [ -89.161349107057603, 13.6586750247697 ], [ -89.161326934383496, 13.658666745187499 ], [ -89.161153264225703, 13.6586019206194 ], [ -89.161148798997601, 13.6586196760188 ], [ -89.161068609157795, 13.658589035938 ], [ -89.161044829774397, 13.6585979187094 ], [ -89.160920256097697, 13.6586456589603 ], [ -89.160894199424007, 13.658646786895 ], [ -89.160864743584, 13.658632394483201 ], [ -89.160785410777095, 13.658580354065 ], [ -89.160751413445894, 13.658568177340801 ], [ -89.160635429002198, 13.658512477462899 ], [ -89.160682992669905, 13.658002688270299 ], [ -89.160693401946006, 13.6575706446464 ], [ -89.160750960822995, 13.6575747260718 ], [ -89.161949165597804, 13.6576651192855 ], [ -89.162440877929598, 13.6577017913457 ], [ -89.162607568077306, 13.657719535794801 ], [ -89.162682445349802, 13.657815016094499 ], [ -89.162704272635693, 13.657938678728501 ], [ -89.162715399718095, 13.6580017215729 ], [ -89.162811330129898, 13.658170439452601 ], [ -89.162882584120197, 13.6582402921807 ], [ -89.162940774131201, 13.6582811837492 ], [ -89.162984513113102, 13.6583376707221 ], [ -89.163004967125104, 13.6583640644214 ], [ -89.163027879470206, 13.658415280123601 ], [ -89.163043293244698, 13.6584497480283 ], [ -89.1630474929825, 13.658514555330401 ], [ -89.163049177507105, 13.6585404887332 ] ] ] ] } },
{ "type": "Feature", "properties": { "qc_id": 92, "name": null, "descriptio": null, "timestamp": null, "begin": null, "end": null, "altitudemo": null, "tessellate": -1, "extrude": 0, "visibility": -1, "draworder": null, "icon": null, "objectid_1": 25, "fid_1": 25, "text_1": "PARCELACION LOS ANGELES", "shape_leng": 1182.9934302300001, "shape_area": 65282.544619599998, "fid_2": 0, "zona": 0, "viviendas": null }, "geometry": { "type": "MultiPolygon", "coordinates": [ [ [ [ -89.165162261949106, 13.657721137003501 ], [ -89.164932284766294, 13.6578879440601 ], [ -89.164697062044297, 13.6578756523796 ], [ -89.164461687745998, 13.6578633415936 ], [ -89.164416555446707, 13.6578318186484 ], [ -89.164330441241901, 13.657843113416 ], [ -89.164174567861593, 13.6578236599777 ], [ -89.164004713959301, 13.6578024658264 ], [ -89.163908900430997, 13.657790525094001 ], [ -89.163803164108998, 13.657786133927599 ], [ -89.163729278739595, 13.657783063793801 ], [ -89.163632240477497, 13.6577790373591 ], [ -89.163539972575407, 13.657773638314699 ], [ -89.163443179979595, 13.6577679819215 ], [ -89.163222087936902, 13.657755059366799 ], [ -89.162607568077306, 13.657719535794801 ], [ -89.162440877929598, 13.6577017913457 ], [ -89.161949165597804, 13.6576651192855 ], [ -89.160750960822995, 13.6575747260718 ], [ -89.160693401946006, 13.6575706446464 ], [ -89.160699015997693, 13.6573376524097 ], [ -89.160768791197597, 13.656962771985199 ], [ -89.160805393051007, 13.656285615879799 ], [ -89.160994227642604, 13.656133326317599 ], [ -89.161049306781294, 13.656138176702401 ], [ -89.161803150430899, 13.6562083320032 ], [ -89.161884662304402, 13.656235037230701 ], [ -89.162078944339001, 13.656256206805001 ], [ -89.162170808095496, 13.656266216522599 ], [ -89.1623784178677, 13.6562888404749 ], [ -89.1627970068905, 13.6563344535077 ], [ -89.162951054821704, 13.656411610900401 ], [ -89.163126830420893, 13.6564698614992 ], [ -89.163180480430299, 13.65648764346 ], [ -89.163303997976797, 13.656501287998401 ], [ -89.163528523787406, 13.6564719737563 ], [ -89.163660333774899, 13.6564477466806 ], [ -89.163715787917397, 13.6564467191009 ], [ -89.163766926526407, 13.656445787483699 ], [ -89.163838698216097, 13.6564444624746 ], [ -89.163981625311905, 13.656454076836299 ], [ -89.164009546710702, 13.656453881956701 ], [ -89.164032161921497, 13.656472628997101 ], [ -89.164058850155598, 13.6564947602084 ], [ -89.164144400729597, 13.656558596663 ], [ -89.164153017797403, 13.6565648286824 ], [ -89.164278875639297, 13.656677490930701 ], [ -89.164440895743198, 13.6568250047749 ], [ -89.164673576986303, 13.6570201940863 ], [ -89.164799874463895, 13.657259614224699 ], [ -89.164920992763697, 13.657400777281699 ], [ -89.165058571966, 13.6575585717229 ], [ -89.165123831802703, 13.6576646278697 ], [ -89.165162261949106, 13.657721137003501 ] ] ] ] } },
{ "type": "Feature", "properties": { "qc_id": 84, "name": null, "descriptio": null, "timestamp": null, "begin": null, "end": null, "altitudemo": null, "tessellate": -1, "extrude": 0, "visibility": -1, "draworder": null, "icon": null, "objectid_1": 9, "fid_1": 8, "text_1": "COLONIA SAN ANTONIO 2", "shape_leng": 2585.9825917500002, "shape_area": 148668.31236499999, "fid_2": 0, "zona": 0, "viviendas": null }, "geometry": { "type": "MultiPolygon", "coordinates": [ [ [ [ -89.189094545373493, 13.6585932130158 ], [ -89.188924783600896, 13.658631523968999 ], [ -89.188896131616502, 13.6586188932735 ], [ -89.188829995314507, 13.658683966572299 ], [ -89.188719959370403, 13.658630366978301 ], [ -89.188586734388906, 13.6585654837347 ], [ -89.188480260636993, 13.6585150467376 ], [ -89.188355762163894, 13.6584500364623 ], [ -89.188299671881495, 13.658401624380801 ], [ -89.188300370666198, 13.6583531416921 ], [ -89.188248470656205, 13.658324747638799 ], [ -89.188161567867397, 13.658271130084801 ], [ -89.187947724769899, 13.6584958687476 ], [ -89.187751937130599, 13.658704692137601 ], [ -89.187714862311793, 13.6587516478961 ], [ -89.187692868934604, 13.658708614932401 ], [ -89.187588845594405, 13.658658074443499 ], [ -89.187558678842905, 13.6586432781141 ], [ -89.187472276116907, 13.658600054714899 ], [ -89.187484782571005, 13.6585565425785 ], [ -89.187530071648496, 13.6585082202302 ], [ -89.187595041164499, 13.658438908908799 ], [ -89.187555176927802, 13.6584176878679 ], [ -89.187360639205593, 13.6583069600243 ], [ -89.187275966285995, 13.6582605688976 ], [ -89.187206131409198, 13.658199033455899 ], [ -89.187096511336705, 13.6581550502487 ], [ -89.186918494990607, 13.6581091005947 ], [ -89.186944622201906, 13.6580667070948 ], [ -89.186976120117095, 13.6580167294549 ], [ -89.187054536771797, 13.657884884808899 ], [ -89.186975277221293, 13.6578494211525 ], [ -89.186978959284602, 13.657825658599201 ], [ -89.186791286764603, 13.657729503083001 ], [ -89.186788910307499, 13.6577282828236 ], [ -89.186752065462301, 13.657707550173001 ], [ -89.186726393597496, 13.6577041077538 ], [ -89.186726417562895, 13.657734290559199 ], [ -89.186707533931099, 13.6577693569969 ], [ -89.186658844225093, 13.657850225570501 ], [ -89.186594215572498, 13.657919416169699 ], [ -89.186526224575005, 13.6579983740672 ], [ -89.186313768900106, 13.657872460913 ], [ -89.186152018668494, 13.657785207604601 ], [ -89.186059992973597, 13.657727946877401 ], [ -89.186049786961803, 13.6577609982466 ], [ -89.186041530392401, 13.657792964371801 ], [ -89.186035231292607, 13.6578339914556 ], [ -89.186022885918206, 13.6579143325524 ], [ -89.186013478595498, 13.6579755486478 ], [ -89.186019592806403, 13.6579987487856 ], [ -89.186032987592597, 13.6580496640319 ], [ -89.186038865246005, 13.658084628526399 ], [ -89.186049316660799, 13.6581467741675 ], [ -89.186054498755098, 13.658177629182401 ], [ -89.186065996824496, 13.658246020841 ], [ -89.186070418715801, 13.658272841448699 ], [ -89.186083428918593, 13.658351672839601 ], [ -89.186087842450704, 13.658378437411599 ], [ -89.186076814411905, 13.6583772517127 ], [ -89.186083016156999, 13.6584281172606 ], [ -89.1860886467272, 13.6584743742859 ], [ -89.186097794119206, 13.658502847250301 ], [ -89.186117586291601, 13.6585644489057 ], [ -89.186119077098795, 13.6585701405007 ], [ -89.186138254935898, 13.658643830391201 ], [ -89.186153387656006, 13.6587019456361 ], [ -89.186157609757899, 13.658714558086 ], [ -89.186180607543406, 13.6587832194315 ], [ -89.186193055178293, 13.6588203726974 ], [ -89.186203747100194, 13.6588523064013 ], [ -89.186212813767199, 13.658851169668701 ], [ -89.186218434125706, 13.658896158534899 ], [ -89.186222137168798, 13.658923285199499 ], [ -89.186228430484604, 13.6589695037552 ], [ -89.186231809997395, 13.658994269693901 ], [ -89.1862355356281, 13.6590137322255 ], [ -89.186245543864501, 13.6590658811261 ], [ -89.186285056899195, 13.6590614917178 ], [ -89.186287261835304, 13.659073707980101 ], [ -89.186295278887002, 13.659132587876201 ], [ -89.186295516906199, 13.6591343466732 ], [ -89.186305179576706, 13.659205304055 ], [ -89.186291530279803, 13.659263820729 ], [ -89.186274192520898, 13.6593381492983 ], [ -89.186265001199104, 13.659337137571899 ], [ -89.186263253250104, 13.659353401752901 ], [ -89.1860837220473, 13.6593552496436 ], [ -89.186079902100701, 13.659216581668 ], [ -89.186072900183902, 13.6591485843241 ], [ -89.186062449821407, 13.6591111981447 ], [ -89.1860189665625, 13.659038137668601 ], [ -89.185965031645097, 13.6589259880657 ], [ -89.185925805653198, 13.6588386328881 ], [ -89.185833821096296, 13.6589297986418 ], [ -89.185813261627203, 13.6588329050106 ], [ -89.185790436135505, 13.658658115520399 ], [ -89.185771936780895, 13.658567949817799 ], [ -89.185763376621907, 13.658515225830399 ], [ -89.185732078036807, 13.6583744399874 ], [ -89.185699394245205, 13.6582773521252 ], [ -89.185670979577097, 13.6581927374815 ], [ -89.185628900043099, 13.658062706157001 ], [ -89.185606315904096, 13.6580259772074 ], [ -89.185532582699594, 13.6579163136931 ], [ -89.185515030176504, 13.657887300192099 ], [ -89.185479641960896, 13.657828839530801 ], [ -89.185411626070206, 13.6576843970629 ], [ -89.185356884331895, 13.657544646626199 ], [ -89.185338402591697, 13.6575128669935 ], [ -89.185278572781698, 13.6574507865492 ], [ -89.185174598768697, 13.6573523548954 ], [ -89.185104201276005, 13.657284275086999 ], [ -89.185066458975101, 13.657241014208299 ], [ -89.185031632655395, 13.657223296074401 ], [ -89.184971973501405, 13.6571852626191 ], [ -89.184899455746304, 13.6571289394863 ], [ -89.184864994851694, 13.6571057145325 ], [ -89.184835865925805, 13.6570749335329 ], [ -89.184795458310006, 13.657012079100401 ], [ -89.184842102612507, 13.656977779235399 ], [ -89.184891273218199, 13.656929592748201 ], [ -89.184976067069499, 13.6569029644438 ], [ -89.185320922104196, 13.6568902003348 ], [ -89.185458004417896, 13.656880304205 ], [ -89.185568326656707, 13.6568430402089 ], [ -89.185694914761498, 13.6567880665425 ], [ -89.185778099631193, 13.6567490549262 ], [ -89.185791494601006, 13.656739520476499 ], [ -89.185870312478499, 13.656683481863199 ], [ -89.185990010707201, 13.6566660176175 ], [ -89.1859827473819, 13.656613301691699 ], [ -89.185992292294898, 13.6565110731121 ], [ -89.185925407995896, 13.6565036349288 ], [ -89.185927348476298, 13.656467841071001 ], [ -89.185928299259501, 13.65643819444 ], [ -89.185928458085002, 13.6563748657054 ], [ -89.185931463425504, 13.656357850341999 ], [ -89.185922768196306, 13.656325961212 ], [ -89.185936328708195, 13.656322424869099 ], [ -89.185941095794405, 13.6562703569756 ], [ -89.185941611766694, 13.656264775040601 ], [ -89.185944577637599, 13.6562562942732 ], [ -89.185961484550404, 13.656187816044399 ], [ -89.185999132272897, 13.656111500733701 ], [ -89.186034880770706, 13.6560390094211 ], [ -89.186053994765601, 13.655972713323401 ], [ -89.186069676633707, 13.6558992013241 ], [ -89.186075471271295, 13.655878371223499 ], [ -89.186088309818899, 13.6558350532391 ], [ -89.186110671973395, 13.6557596380043 ], [ -89.1861313453268, 13.6556899619641 ], [ -89.186151187099398, 13.655623009079999 ], [ -89.1861724079792, 13.655551454329901 ], [ -89.1861805746816, 13.655513508103001 ], [ -89.1861888444936, 13.655475043866399 ], [ -89.186202518269695, 13.655411500615999 ], [ -89.186207827318995, 13.655386784135599 ], [ -89.186220559382704, 13.655340957918201 ], [ -89.186237947044901, 13.655270469947499 ], [ -89.186254194038, 13.655204565581601 ], [ -89.186179406112203, 13.6551851197988 ], [ -89.1861953139002, 13.655122722801901 ], [ -89.186156311622497, 13.6551141174309 ], [ -89.186051986194897, 13.655109252987399 ], [ -89.185952079628294, 13.6549357537984 ], [ -89.185999352802, 13.6547752398094 ], [ -89.186035166699298, 13.6546536453071 ], [ -89.186056659978107, 13.654580646839401 ], [ -89.1860678269625, 13.6545427173264 ], [ -89.186072552457901, 13.6545222767081 ], [ -89.186085503822895, 13.654466268868401 ], [ -89.186102831562906, 13.6543913383111 ], [ -89.186105010092007, 13.6543819325494 ], [ -89.186117855977798, 13.654324638546401 ], [ -89.186122845273601, 13.6543023465524 ], [ -89.186134899109206, 13.6542486623964 ], [ -89.186116433915004, 13.654225916321799 ], [ -89.186117900815702, 13.6542259613102 ], [ -89.186139328769102, 13.6541055446047 ], [ -89.186156121248601, 13.653952320053801 ], [ -89.186167887901703, 13.6539550598877 ], [ -89.186169744930098, 13.653921339620201 ], [ -89.186171113773298, 13.653880418398799 ], [ -89.186173694153297, 13.653804193776001 ], [ -89.186171552684101, 13.653765829616299 ], [ -89.186168604947895, 13.6537131013835 ], [ -89.186109095559601, 13.653708083718101 ], [ -89.186100709471305, 13.6537070071996 ], [ -89.186023639128706, 13.6536970503674 ], [ -89.185999396926505, 13.6536939222496 ], [ -89.185953336280207, 13.6536879769215 ], [ -89.185942593007198, 13.6536866156457 ], [ -89.185871703338606, 13.653677672780899 ], [ -89.185862531532905, 13.653676512786101 ], [ -89.185831578368905, 13.6536726765515 ], [ -89.185856587163698, 13.6534598837136 ], [ -89.185879636981596, 13.6533203249413 ], [ -89.185924956421402, 13.653142911422099 ], [ -89.185942233219393, 13.653064398778501 ], [ -89.185953561366404, 13.6530024129107 ], [ -89.186038991656503, 13.6526932951733 ], [ -89.186086561394603, 13.652536760773399 ], [ -89.186111697942593, 13.6523912392138 ], [ -89.186102878261806, 13.652286025389399 ], [ -89.186102839273005, 13.652236755961701 ], [ -89.1860864932449, 13.652104872110399 ], [ -89.186160786877196, 13.6520382476967 ], [ -89.186257409297696, 13.6519270118312 ], [ -89.186532241202599, 13.6524575908955 ], [ -89.186600183580794, 13.652594294903199 ], [ -89.186893938294602, 13.6531853369319 ], [ -89.186912623248602, 13.6532229292414 ], [ -89.187199510472695, 13.6537934839297 ], [ -89.187377876041097, 13.654162277842801 ], [ -89.187880536139005, 13.6551244862603 ], [ -89.188066327310594, 13.6554972818476 ], [ -89.188314870221305, 13.656070854587901 ], [ -89.188899921474899, 13.6577272813402 ], [ -89.188902336103297, 13.6578703658832 ], [ -89.188941189183595, 13.6581055924871 ], [ -89.189053682572606, 13.6584257962935 ], [ -89.189094545373493, 13.6585932130158 ] ] ] ] } },
{ "type": "Feature", "properties": { "qc_id": 93, "name": null, "descriptio": null, "timestamp": null, "begin": null, "end": null, "altitudemo": null, "tessellate": -1, "extrude": 0, "visibility": -1, "draworder": null, "icon": null, "objectid_1": 28, "fid_1": 28, "text_1": "COLONIA LOS ANGELES", "shape_leng": 1903.9940904299999, "shape_area": 94272.101214099996, "fid_2": 0, "zona": 0, "viviendas": null }, "geometry": { "type": "MultiPolygon", "coordinates": [ [ [ [ -89.165275919136207, 13.656862041543 ], [ -89.165156193917994, 13.656790750522999 ], [ -89.164939266613402, 13.656519374543 ], [ -89.164939274603896, 13.656517588443499 ], [ -89.164939759204202, 13.6563993533805 ], [ -89.164955161787901, 13.656376805360001 ], [ -89.164770973434202, 13.6562535753524 ], [ -89.164955220105398, 13.656001368489701 ], [ -89.164856344850506, 13.6559258792101 ], [ -89.164874821141396, 13.655899959417299 ], [ -89.1649783031108, 13.6557685497168 ], [ -89.164930688192896, 13.6556786604861 ], [ -89.164833665027203, 13.6555327602369 ], [ -89.164800276279195, 13.6554825604633 ], [ -89.164832854941906, 13.655442525053999 ], [ -89.164716652943596, 13.6553868362787 ], [ -89.164480163840807, 13.6553338293393 ], [ -89.164471857098405, 13.655378743958901 ], [ -89.164457053029196, 13.655458799086301 ], [ -89.164436006713302, 13.655572651362901 ], [ -89.164396022135307, 13.6556730943784 ], [ -89.164394414620503, 13.6556755296393 ], [ -89.164250137485695, 13.655656531289299 ], [ -89.164183725534201, 13.655647792501499 ], [ -89.164039912479495, 13.6556288578946 ], [ -89.163883216640798, 13.655608839885801 ], [ -89.163814653725197, 13.655623797105701 ], [ -89.163781165001595, 13.6556208663907 ], [ -89.163750667519196, 13.6556182030396 ], [ -89.163474731327, 13.6555964220068 ], [ -89.163379294728998, 13.6555522795977 ], [ -89.163211071342502, 13.6555872770883 ], [ -89.163169185510498, 13.6555686448991 ], [ -89.163125113028997, 13.6555490424673 ], [ -89.162911262973097, 13.655562512146 ], [ -89.162808040776696, 13.655551326124 ], [ -89.162732059921296, 13.6555430922286 ], [ -89.162687505045696, 13.655538262375201 ], [ -89.162641569157302, 13.655533285188501 ], [ -89.162594344686994, 13.6555281606066 ], [ -89.162477485570605, 13.6555200187377 ], [ -89.1624157992363, 13.6555146261808 ], [ -89.162348774716904, 13.6555087653001 ], [ -89.162279402325595, 13.655502702574401 ], [ -89.162103135857393, 13.655485916919201 ], [ -89.161992738824594, 13.655475419532101 ], [ -89.161977686682107, 13.655456880640999 ], [ -89.161831713831205, 13.655558847394101 ], [ -89.161760852886303, 13.655604581332099 ], [ -89.161707769571805, 13.6556536994891 ], [ -89.1616028025079, 13.6555002321749 ], [ -89.161503351985701, 13.6553846732129 ], [ -89.161468310295604, 13.655187601260099 ], [ -89.161464759979793, 13.6551309674085 ], [ -89.161490990943406, 13.655081366180999 ], [ -89.161546090924006, 13.6550482773028 ], [ -89.161602477468804, 13.655027220202101 ], [ -89.161734057112795, 13.654998228076 ], [ -89.161790434378901, 13.6549771609955 ], [ -89.161839679047006, 13.654975277416799 ], [ -89.161860264595504, 13.654974495558299 ], [ -89.161978407504094, 13.654950760153 ], [ -89.162029443777897, 13.654953355054401 ], [ -89.162115396338905, 13.654969070450401 ], [ -89.162198652861704, 13.654974272597 ], [ -89.162262846973107, 13.654966687252999 ], [ -89.162349010879694, 13.6549189807129 ], [ -89.162475160163197, 13.654811159572599 ], [ -89.162305993816304, 13.6548506919041 ], [ -89.162195886125801, 13.6548612696073 ], [ -89.162093833032301, 13.6548560888893 ], [ -89.161919253728897, 13.6548430603808 ], [ -89.161906550670494, 13.654841190453199 ], [ -89.161830616089105, 13.6548299761106 ], [ -89.161741982284397, 13.6548090143705 ], [ -89.161672132249606, 13.654782782299201 ], [ -89.161579463987806, 13.654702761821699 ], [ -89.161353708215699, 13.654469032025601 ], [ -89.161262341672199, 13.6543823741845 ], [ -89.1611602302509, 13.654293093923799 ], [ -89.161103793433995, 13.654240566760899 ], [ -89.161048632852797, 13.6541714803164 ], [ -89.161036753077596, 13.654128660698399 ], [ -89.160857022412699, 13.6539576558449 ], [ -89.160914171274698, 13.653944660232399 ], [ -89.162005786930706, 13.653697154243201 ], [ -89.162747181985196, 13.6535015230314 ], [ -89.163462486728093, 13.6534217626299 ], [ -89.163683537522601, 13.6535445984999 ], [ -89.163772482405804, 13.653714060974 ], [ -89.164065911054294, 13.654148511818001 ], [ -89.164372600403397, 13.654500372789601 ], [ -89.164385845626398, 13.654587618622999 ], [ -89.164547666071101, 13.6546010154757 ], [ -89.164634350283293, 13.6546081858968 ], [ -89.165187842550694, 13.6547119713179 ], [ -89.165928032225395, 13.654778735353 ], [ -89.166013050900006, 13.654800234938101 ], [ -89.165997455177603, 13.654897190799201 ], [ -89.165941581356904, 13.655201525294 ], [ -89.165901501871801, 13.6554232395436 ], [ -89.1658968826886, 13.655448835511301 ], [ -89.165884536622997, 13.655524667882 ], [ -89.165875376680603, 13.655580912530199 ], [ -89.165862796684905, 13.655646165883301 ], [ -89.1658505253436, 13.655706095996299 ], [ -89.165835923537301, 13.6557774230702 ], [ -89.165818012228897, 13.655866429827 ], [ -89.165841395146103, 13.655872698833001 ], [ -89.165829760865805, 13.655923780297799 ], [ -89.165818408135706, 13.655984840560301 ], [ -89.165805902646397, 13.6559814611982 ], [ -89.165785102467893, 13.656067304463299 ], [ -89.165780876369396, 13.6561273873294 ], [ -89.165779346700404, 13.656186477709699 ], [ -89.165777660396998, 13.6562515203366 ], [ -89.1657763869853, 13.6562702824158 ], [ -89.165761615994299, 13.656383602698099 ], [ -89.165753693407396, 13.656450009887999 ], [ -89.165746813440606, 13.656519044897999 ], [ -89.1657394516171, 13.6565745570767 ], [ -89.165731748167602, 13.6566305973593 ], [ -89.165724421259696, 13.656681889233401 ], [ -89.165717956133406, 13.656734957581699 ], [ -89.165709402002093, 13.656804993424601 ], [ -89.165705463935495, 13.65684494457 ], [ -89.165699169881904, 13.656844346817801 ], [ -89.165275919136207, 13.656862041543 ] ] ] ] } },
{ "type": "Feature", "properties": { "qc_id": 94, "name": null, "descriptio": null, "timestamp": null, "begin": null, "end": null, "altitudemo": null, "tessellate": -1, "extrude": 0, "visibility": -1, "draworder": null, "icon": null, "objectid_1": 34, "fid_1": 34, "text_1": "COLONIA LOMA LARGA", "shape_leng": 1393.40489166, "shape_area": 63315.094809499999, "fid_2": 0, "zona": 0, "viviendas": null }, "geometry": { "type": "MultiPolygon", "coordinates": [ [ [ [ -89.183344379108703, 13.6435749668606 ], [ -89.183275364553296, 13.643611532025099 ], [ -89.183270660768201, 13.6436242813452 ], [ -89.183152275057097, 13.643945705799799 ], [ -89.183105607590804, 13.6440576535208 ], [ -89.1830167138951, 13.644296178774599 ], [ -89.182834239422903, 13.644270841871201 ], [ -89.182737606708997, 13.644257428501801 ], [ -89.182643604739397, 13.6442443828333 ], [ -89.182560801406197, 13.6442328835133 ], [ -89.182477287253107, 13.6442212924957 ], [ -89.1823880466888, 13.6442089003273 ], [ -89.182289179837397, 13.644182048433899 ], [ -89.182199295717695, 13.6441573456333 ], [ -89.182182725936599, 13.6441482782915 ], [ -89.182160935678098, 13.6441436574565 ], [ -89.182082308569306, 13.644124259364601 ], [ -89.181982821536295, 13.6440793959049 ], [ -89.181798241592602, 13.6439879272654 ], [ -89.181784502493798, 13.6439795971894 ], [ -89.181752758158794, 13.6439536861183 ], [ -89.181740971988503, 13.643913015064699 ], [ -89.181549227172397, 13.643833213578 ], [ -89.181449042218006, 13.6437915158553 ], [ -89.181393420911704, 13.643768371097901 ], [ -89.181436340013903, 13.644157983878699 ], [ -89.181433332919795, 13.6443826083578 ], [ -89.181410339289201, 13.644548166336101 ], [ -89.181363754107693, 13.644608641400801 ], [ -89.181192620503296, 13.644697568849599 ], [ -89.181001599951799, 13.6447968305794 ], [ -89.1808388762975, 13.644881401147501 ], [ -89.180643115858203, 13.644983118348801 ], [ -89.180339909785701, 13.6451406727435 ], [ -89.180080561356306, 13.645098803702901 ], [ -89.1799368355192, 13.6453236233637 ], [ -89.179667382941304, 13.6453253750841 ], [ -89.179486469944393, 13.6453265539106 ], [ -89.179280944781397, 13.645320594418299 ], [ -89.179084328108402, 13.645318812393301 ], [ -89.178888296544699, 13.645314660678499 ], [ -89.178727482397704, 13.645310667607401 ], [ -89.178534367018401, 13.6453078828907 ], [ -89.178478794437297, 13.6443381757111 ], [ -89.178475255654504, 13.6442897421986 ], [ -89.178501495058001, 13.6442831518409 ], [ -89.178782358222406, 13.6442034765067 ], [ -89.178881531266896, 13.644159495004301 ], [ -89.178958269382093, 13.6441236097016 ], [ -89.179121169966194, 13.6440102358461 ], [ -89.179319446982305, 13.643832110021201 ], [ -89.179498557111899, 13.6436415767109 ], [ -89.179584037162797, 13.643562848373501 ], [ -89.179691162968496, 13.6434861225855 ], [ -89.179754009251099, 13.643452801589801 ], [ -89.1798652917021, 13.643428516637499 ], [ -89.179953917666694, 13.6434173537804 ], [ -89.180258279095199, 13.643387817561001 ], [ -89.180533845057795, 13.6433629201036 ], [ -89.180920006398907, 13.643307563814099 ], [ -89.181067510980398, 13.643309353422 ], [ -89.181246067914202, 13.643324419957001 ], [ -89.181458936806607, 13.643403900577599 ], [ -89.181619195475605, 13.6434753481001 ], [ -89.181920557831603, 13.643630180273901 ], [ -89.182055921658502, 13.6436965741766 ], [ -89.182157175239496, 13.643725294553301 ], [ -89.182273726509607, 13.6437447928661 ], [ -89.1823879039367, 13.6437435611635 ], [ -89.182456159890705, 13.643729681847899 ], [ -89.182544428073498, 13.643708883713 ], [ -89.182649156005596, 13.6436661918464 ], [ -89.182813106641504, 13.643603194217601 ], [ -89.182905774281807, 13.6435931752378 ], [ -89.183344379108703, 13.6435749668606 ] ] ] ] } },
{ "type": "Feature", "properties": { "qc_id": 85, "name": null, "descriptio": null, "timestamp": null, "begin": null, "end": null, "altitudemo": null, "tessellate": -1, "extrude": 0, "visibility": -1, "draworder": null, "icon": null, "objectid_1": 12, "fid_1": 11, "text_1": "BARRIO SAN JOSE", "shape_leng": 2223.55314744, "shape_area": 82423.740958099996, "fid_2": 0, "zona": 0, "viviendas": null }, "geometry": { "type": "MultiPolygon", "coordinates": [ [ [ [ -89.185873413302801, 13.659624356865001 ], [ -89.185820252221603, 13.6596423628332 ], [ -89.185761295329499, 13.6596436014189 ], [ -89.185723215069402, 13.6596400299722 ], [ -89.185691265774395, 13.6596340377821 ], [ -89.185680219434602, 13.659644865731501 ], [ -89.185663019637801, 13.659643675634999 ], [ -89.185635990462501, 13.659635282596801 ], [ -89.185611413538695, 13.659628090787299 ], [ -89.185525408051006, 13.659619742243599 ], [ -89.185457829836807, 13.659611379773599 ], [ -89.185392741522307, 13.6596390753463 ], [ -89.185310563503094, 13.6597196823556 ], [ -89.185252823959701, 13.659656434312399 ], [ -89.185201236516306, 13.6595800010434 ], [ -89.184987489221399, 13.659811781088401 ], [ -89.184907017250694, 13.6598840925495 ], [ -89.184847398252501, 13.6599344336349 ], [ -89.184820801407298, 13.659910434456499 ], [ -89.184798673665497, 13.659887607882499 ], [ -89.184891425119602, 13.6597598161681 ], [ -89.184936219670604, 13.659706977915301 ], [ -89.184917709796196, 13.6596995130175 ], [ -89.185004994589903, 13.659552815912001 ], [ -89.185036308649899, 13.6594974704372 ], [ -89.185013130233003, 13.659486723405401 ], [ -89.184979003200993, 13.6594677094596 ], [ -89.184966247523505, 13.659460600890499 ], [ -89.184919547389299, 13.659436256188499 ], [ -89.184872837090197, 13.659411902446299 ], [ -89.184844231292303, 13.6593967258795 ], [ -89.184815616269105, 13.659381567394201 ], [ -89.184850218409807, 13.659307725804799 ], [ -89.184863428863594, 13.659279587603701 ], [ -89.184876827540094, 13.6592510226223 ], [ -89.184884882399402, 13.6592385121 ], [ -89.184886657723297, 13.6592099197007 ], [ -89.184888293328498, 13.659183493136 ], [ -89.184863169672496, 13.6591662214392 ], [ -89.184836169558196, 13.659147655870401 ], [ -89.184809161122104, 13.659129081265901 ], [ -89.184778107937106, 13.6591070667662 ], [ -89.184747054757196, 13.6590850513586 ], [ -89.184707989366103, 13.6590568783134 ], [ -89.184661754601507, 13.6590235367576 ], [ -89.184643893217199, 13.6590096193581 ], [ -89.184611461244401, 13.659052702496099 ], [ -89.184585333551297, 13.659035098891501 ], [ -89.184523258187198, 13.6589939749229 ], [ -89.184493046774193, 13.658971543060501 ], [ -89.184468312814602, 13.658956095088501 ], [ -89.184443710169504, 13.658940721134799 ], [ -89.184384089210496, 13.658903501919101 ], [ -89.184337697121904, 13.658874537977701 ], [ -89.184319479530998, 13.658864860083501 ], [ -89.184258072727999, 13.6588322330523 ], [ -89.184189451411896, 13.658795779803601 ], [ -89.184126369084694, 13.6587622645628 ], [ -89.184056336706306, 13.6587250530626 ], [ -89.184011756794007, 13.6587013727704 ], [ -89.184003623626595, 13.658709524747 ], [ -89.183981686472904, 13.658700858356299 ], [ -89.183991614940894, 13.658676517203 ], [ -89.184020379033001, 13.6586402034399 ], [ -89.184011029510501, 13.6586425063263 ], [ -89.183878011231698, 13.658562523543599 ], [ -89.183767151704004, 13.6584825431128 ], [ -89.183695543229405, 13.6584508952498 ], [ -89.183635861492604, 13.658432595299001 ], [ -89.183626745859698, 13.658431389080301 ], [ -89.183460267486197, 13.658409364320301 ], [ -89.183379431822203, 13.6583910150073 ], [ -89.183342099892599, 13.6586557978604 ], [ -89.183340468308302, 13.658663888022501 ], [ -89.183337788820893, 13.658662844215099 ], [ -89.183319052621101, 13.658656564370199 ], [ -89.183298705260199, 13.658646629474299 ], [ -89.183263898528196, 13.658630420579 ], [ -89.183158426509294, 13.658577074513801 ], [ -89.183127893163004, 13.658554058807701 ], [ -89.183077222066501, 13.658511307106901 ], [ -89.182967421611806, 13.6584176270164 ], [ -89.182952721296004, 13.6584045866305 ], [ -89.182946327644004, 13.6584222146048 ], [ -89.182911874787393, 13.6583368276908 ], [ -89.182856840999307, 13.6583677736523 ], [ -89.182799082581994, 13.658400258246299 ], [ -89.182778164989102, 13.658412954520699 ], [ -89.182765214020094, 13.6584208126562 ], [ -89.182757247386903, 13.658425641754301 ], [ -89.182720398032799, 13.6584463737286 ], [ -89.182657674618397, 13.658497318586001 ], [ -89.182733224302595, 13.6586194309383 ], [ -89.182486720668805, 13.6587694108817 ], [ -89.182379258757393, 13.6588233970208 ], [ -89.182348081291707, 13.658885128970599 ], [ -89.182340746761099, 13.6589959174404 ], [ -89.182309236986299, 13.659055882518899 ], [ -89.182273973337502, 13.6590595459275 ], [ -89.182197874946596, 13.6590486986493 ], [ -89.182086516043995, 13.659032426074999 ], [ -89.182010663618598, 13.659020486653001 ], [ -89.181928481961293, 13.6585109565452 ], [ -89.181867731441201, 13.658346330106101 ], [ -89.181841286497402, 13.6582240889842 ], [ -89.181787922202702, 13.6582362812909 ], [ -89.181741353800305, 13.658271617284299 ], [ -89.181705239822904, 13.6583015131426 ], [ -89.181702331691994, 13.658298821687801 ], [ -89.181675618072603, 13.6582701762398 ], [ -89.181653357767104, 13.658247450715701 ], [ -89.181668994966699, 13.658236183878399 ], [ -89.181638176987306, 13.6581878636899 ], [ -89.181603977550594, 13.6581475047797 ], [ -89.181583315043696, 13.6581231130967 ], [ -89.181553739795802, 13.6581268183006 ], [ -89.181544109870799, 13.658096364188101 ], [ -89.181532923283697, 13.6580609687328 ], [ -89.181516711255696, 13.6580136745125 ], [ -89.181505517568894, 13.6579810458802 ], [ -89.181482816127598, 13.6579148370454 ], [ -89.181481336661605, 13.6579105157169 ], [ -89.181459583731396, 13.657846897643401 ], [ -89.181443570652803, 13.6577998527458 ], [ -89.181441747266902, 13.6577918383607 ], [ -89.181427720113007, 13.6577298533432 ], [ -89.181409527687507, 13.657667453798499 ], [ -89.181404260883994, 13.6576493996926 ], [ -89.181397518275205, 13.657620979916601 ], [ -89.181397338372705, 13.657620220778499 ], [ -89.181399120084293, 13.6575993756722 ], [ -89.181399721014998, 13.657592350166 ], [ -89.181423487437002, 13.6575066877877 ], [ -89.181423749430394, 13.6575024302544 ], [ -89.181429451409699, 13.6574100336341 ], [ -89.181423537257203, 13.6573747725787 ], [ -89.181404201615294, 13.6573281188031 ], [ -89.181399471065006, 13.657317440979 ], [ -89.181411836380406, 13.6573112682052 ], [ -89.181428046490595, 13.657307044101101 ], [ -89.1814665896745, 13.657296612747601 ], [ -89.1814657173733, 13.6572825623614 ], [ -89.181469938299799, 13.6572820322766 ], [ -89.181445351507904, 13.6572004685748 ], [ -89.181459025920603, 13.657197052612901 ], [ -89.181528314272299, 13.6571791649381 ], [ -89.181566550119896, 13.657187319661301 ], [ -89.181670759193096, 13.657211594502799 ], [ -89.181726688892994, 13.6572253818502 ], [ -89.181766833456393, 13.656974027203599 ], [ -89.181549830661396, 13.6569855259497 ], [ -89.181315583389704, 13.6570479255401 ], [ -89.181209440754799, 13.6570812146458 ], [ -89.181209411027695, 13.657030639998201 ], [ -89.181209398889294, 13.657026882520301 ], [ -89.181208823938505, 13.656894893649801 ], [ -89.181213126300094, 13.6568657073619 ], [ -89.181263559016202, 13.6568579129759 ], [ -89.181291825639903, 13.656851071355799 ], [ -89.181378565262406, 13.656830070500799 ], [ -89.181478781428197, 13.656831967956601 ], [ -89.181528804941195, 13.656832921703 ], [ -89.181528026610593, 13.6568184735339 ], [ -89.181615938033104, 13.6568199633215 ], [ -89.181615276335606, 13.6567961669962 ], [ -89.1817159977019, 13.656766464756201 ], [ -89.181758578560704, 13.6567756701793 ], [ -89.181778193630905, 13.6565476285637 ], [ -89.181740708098999, 13.6564565320156 ], [ -89.181781825956804, 13.656385925589399 ], [ -89.1817864007553, 13.656378063754101 ], [ -89.181811900311899, 13.656329877301101 ], [ -89.1818528014999, 13.6562612243375 ], [ -89.181889341733196, 13.656280949202801 ], [ -89.182204488583906, 13.6564672127144 ], [ -89.182378776703203, 13.6566512012787 ], [ -89.1824841393545, 13.656869885319599 ], [ -89.182544943913499, 13.657115972299801 ], [ -89.182576688500404, 13.6570421801471 ], [ -89.182624105771396, 13.6569292133417 ], [ -89.1826359107814, 13.656822910270501 ], [ -89.182644307340098, 13.6567016710756 ], [ -89.182649479821706, 13.656598185846599 ], [ -89.182680404378104, 13.656601652810201 ], [ -89.182695559749504, 13.6566045294923 ], [ -89.182814788361298, 13.656627154834799 ], [ -89.182900782191098, 13.656645815052901 ], [ -89.182925312334305, 13.656630210061 ], [ -89.182951215335507, 13.656613752577201 ], [ -89.182983710935105, 13.6565930879826 ], [ -89.183027303820694, 13.656565334019801 ], [ -89.1830636265083, 13.6565488217663 ], [ -89.183063948846296, 13.656536631613401 ], [ -89.183078092319903, 13.656529106110399 ], [ -89.183142449668694, 13.6566448027053 ], [ -89.183092210646095, 13.656718414365701 ], [ -89.183081093796204, 13.6567371938067 ], [ -89.183045193655005, 13.656797855540701 ], [ -89.183017379897706, 13.6568508850987 ], [ -89.183015785361803, 13.656857883327801 ], [ -89.183177575023606, 13.6568889002027 ], [ -89.183160660060807, 13.6569600158056 ], [ -89.183131870632906, 13.6570491620864 ], [ -89.183104195077902, 13.657134873641199 ], [ -89.183099614672798, 13.657244716426201 ], [ -89.183105156704599, 13.657335938691601 ], [ -89.183102990619204, 13.6573745745356 ], [ -89.183112474333001, 13.657373725045 ], [ -89.183169097455107, 13.6573424994417 ], [ -89.183252221906997, 13.657248888113401 ], [ -89.183340646085796, 13.657143147973301 ], [ -89.1834184494178, 13.6570356757271 ], [ -89.183478061553103, 13.6570019675379 ], [ -89.183634787904097, 13.657021029373601 ], [ -89.183899301869303, 13.6571262646001 ], [ -89.184075668310896, 13.657218784479801 ], [ -89.184235737118598, 13.6573368894085 ], [ -89.184359856732598, 13.6574160362438 ], [ -89.184500289740299, 13.657489422916299 ], [ -89.184647299180696, 13.6575979389248 ], [ -89.184787787609906, 13.6577416049458 ], [ -89.184918491156594, 13.657888471700799 ], [ -89.185005891579394, 13.6580094545227 ], [ -89.185036145948004, 13.658051332662801 ], [ -89.185098572636207, 13.6581538315343 ], [ -89.185205410781293, 13.658331251437801 ], [ -89.185344247509903, 13.6585044901713 ], [ -89.185459040875699, 13.6586387900392 ], [ -89.185598381264995, 13.658765767866001 ], [ -89.185704861072097, 13.658871333684701 ], [ -89.185794105979895, 13.658966195010001 ], [ -89.185723740991094, 13.659036083901 ], [ -89.185584334230001, 13.6591965841962 ], [ -89.185511885168594, 13.6592751836152 ], [ -89.185530127552298, 13.6592915809487 ], [ -89.185541673143604, 13.6593020031723 ], [ -89.185574863597196, 13.659333568312199 ], [ -89.185606320590907, 13.659363496900401 ], [ -89.185637724152997, 13.6593971549907 ], [ -89.185665271678204, 13.6594264104099 ], [ -89.185683355481501, 13.659445630712 ], [ -89.185697790733698, 13.659458671134299 ], [ -89.185732476619904, 13.6594900308435 ], [ -89.185775990461195, 13.6595304372792 ], [ -89.185823776885996, 13.659574801341 ], [ -89.185873413302801, 13.659624356865001 ] ] ], [ [ [ -89.183760034954005, 13.657562876226001 ], [ -89.183744309688606, 13.6575582510008 ], [ -89.183691653295298, 13.6575427496924 ], [ -89.183680018104297, 13.657539287430801 ], [ -89.183610605438204, 13.6575186337707 ], [ -89.183581171228795, 13.657509871705299 ], [ -89.183546767684206, 13.6574996327673 ], [ -89.183544267731193, 13.6575095105775 ], [ -89.183501061696603, 13.657500129671 ], [ -89.183424817872506, 13.6574835630403 ], [ -89.183416156519897, 13.6574816903052 ], [ -89.183398179041404, 13.6574774834327 ], [ -89.1833420798894, 13.657464696298501 ], [ -89.183296327685994, 13.657454511884801 ], [ -89.1833045794979, 13.657440881342 ], [ -89.183306542131703, 13.657419942985699 ], [ -89.183306598067404, 13.6574193689714 ], [ -89.183303430918201, 13.6573879565012 ], [ -89.183301628471696, 13.6573701222111 ], [ -89.183300018004303, 13.6573566743748 ], [ -89.183342480859906, 13.6573233776184 ], [ -89.183359246110797, 13.6573151640894 ], [ -89.183426307654997, 13.6573055346106 ], [ -89.183471024244497, 13.6572986705267 ], [ -89.183637289341902, 13.6572793956248 ], [ -89.183756087729293, 13.657308028110499 ], [ -89.183818983067496, 13.6573216515956 ], [ -89.183760034954005, 13.657562876226001 ] ] ] ] } },
{ "type": "Feature", "properties": { "qc_id": 86, "name": null, "descriptio": null, "timestamp": null, "begin": null, "end": null, "altitudemo": null, "tessellate": -1, "extrude": 0, "visibility": -1, "draworder": null, "icon": null, "objectid_1": 17, "fid_1": 16, "text_1": "COLONIA EL CAMPO", "shape_leng": 456.62001808000002, "shape_area": 10287.293054, "fid_2": 0, "zona": 0, "viviendas": null }, "geometry": { "type": "MultiPolygon", "coordinates": [ [ [ [ -89.184126033365004, 13.6559405016142 ], [ -89.184061505234894, 13.6559813399414 ], [ -89.1840544978282, 13.655988129813901 ], [ -89.184025350153902, 13.656042928502799 ], [ -89.183994346628197, 13.656035333684001 ], [ -89.183975798245399, 13.6560621245146 ], [ -89.183875136025307, 13.6561312582011 ], [ -89.183819497844198, 13.6561638806527 ], [ -89.183763791902095, 13.6561937905565 ], [ -89.183704589997802, 13.6562317097516 ], [ -89.183669876700307, 13.656261336398501 ], [ -89.183649589980206, 13.656280279991799 ], [ -89.183587204879302, 13.656338536436699 ], [ -89.183453979420904, 13.656269559384601 ], [ -89.183440185067894, 13.6562767059173 ], [ -89.183440201489006, 13.6562740583999 ], [ -89.183360056048897, 13.656229569760701 ], [ -89.183315671105504, 13.6562122300107 ], [ -89.183198918823194, 13.6561610580964 ], [ -89.183179747022706, 13.656154194649501 ], [ -89.1831124314362, 13.656127985761501 ], [ -89.183050149328494, 13.6561120567094 ], [ -89.1830036505457, 13.656091163461699 ], [ -89.1829849395575, 13.656068306157801 ], [ -89.182946357988897, 13.656039743795301 ], [ -89.1828738891695, 13.656021499269301 ], [ -89.182657678797696, 13.655967910812301 ], [ -89.182648186996204, 13.655908291596701 ], [ -89.182631998519994, 13.655709320413401 ], [ -89.182621268182004, 13.6555913991502 ], [ -89.182600979116401, 13.6554859343149 ], [ -89.182551951693895, 13.6552436891778 ], [ -89.183169594679796, 13.6554780976972 ], [ -89.183334600421503, 13.655555900335701 ], [ -89.183833114456803, 13.655735461818701 ], [ -89.1840199009945, 13.6558038526401 ], [ -89.184079363721807, 13.655870266032601 ], [ -89.184126033365004, 13.6559405016142 ] ] ] ] } },
{ "type": "Feature", "properties": { "qc_id": 87, "name": null, "descriptio": null, "timestamp": null, "begin": null, "end": null, "altitudemo": null, "tessellate": -1, "extrude": 0, "visibility": -1, "draworder": null, "icon": null, "objectid_1": 18, "fid_1": 17, "text_1": "COLONIAES CALANTE", "shape_leng": 876.0601303, "shape_area": 26323.402278900001, "fid_2": 0, "zona": 0, "viviendas": null }, "geometry": { "type": "MultiPolygon", "coordinates": [ [ [ [ -89.182796047364704, 13.654325381184901 ], [ -89.182764441184403, 13.6544672880094 ], [ -89.182713925303105, 13.654586216528999 ], [ -89.182592215285894, 13.6548162602645 ], [ -89.182565079918405, 13.6548654847825 ], [ -89.182542984350803, 13.6550058659725 ], [ -89.182527718410597, 13.6551295363228 ], [ -89.182551951693895, 13.6552436891778 ], [ -89.182600979116401, 13.6554859343149 ], [ -89.182621268182004, 13.6555913991502 ], [ -89.182631998519994, 13.655709320413401 ], [ -89.182648186996204, 13.655908291596701 ], [ -89.182657678797696, 13.655967910812301 ], [ -89.182672687446001, 13.656110375036899 ], [ -89.182669369378104, 13.6562010669847 ], [ -89.182661577251096, 13.656356691665501 ], [ -89.182649479821706, 13.656598185846599 ], [ -89.182644297164899, 13.656701661140399 ], [ -89.1826359107814, 13.656822910270501 ], [ -89.182624115014505, 13.6569292133348 ], [ -89.182576679257295, 13.657042180154001 ], [ -89.182544943906507, 13.6571159632608 ], [ -89.1824841393545, 13.656869885319599 ], [ -89.182378776703203, 13.6566512012787 ], [ -89.182204479340797, 13.6564672127212 ], [ -89.181889341740202, 13.6562809582417 ], [ -89.1818528014999, 13.6562612243375 ], [ -89.181572002435502, 13.656109616520601 ], [ -89.181445512120604, 13.656046520468401 ], [ -89.181227666962599, 13.6559593613409 ], [ -89.181152800186396, 13.655947716500499 ], [ -89.181162756614796, 13.6558862507074 ], [ -89.181224441008794, 13.6557780868909 ], [ -89.181269321672104, 13.655787717341999 ], [ -89.181306405993595, 13.655738837249 ], [ -89.181333319258201, 13.6556720087979 ], [ -89.181369979220605, 13.6556625866891 ], [ -89.181387300287, 13.655588925540901 ], [ -89.181388535732694, 13.6555836766216 ], [ -89.181407799770597, 13.6555017479286 ], [ -89.181410742743097, 13.6554885461947 ], [ -89.181426397837797, 13.6554276130987 ], [ -89.181434914267697, 13.6553999033704 ], [ -89.181446640166399, 13.6553617793196 ], [ -89.181457652861596, 13.655307355875101 ], [ -89.181461283002093, 13.6552887022491 ], [ -89.181465761019695, 13.655265633379299 ], [ -89.181471076322396, 13.6552124452418 ], [ -89.181475275639301, 13.6551348500796 ], [ -89.181481143966806, 13.6550245535144 ], [ -89.181510811043097, 13.6550289552754 ], [ -89.181609027535899, 13.655040897319299 ], [ -89.181715016737201, 13.655055526280499 ], [ -89.181936405930401, 13.6550506695694 ], [ -89.181930687603298, 13.654938798846599 ], [ -89.181929784747197, 13.654921120252901 ], [ -89.181931094281893, 13.654840806498999 ], [ -89.181957570580394, 13.6548439243257 ], [ -89.181996276625995, 13.654849809861 ], [ -89.181987925595706, 13.6547722339196 ], [ -89.181983162892394, 13.654733112394499 ], [ -89.181980938642099, 13.6547087342128 ], [ -89.181974743133196, 13.654640764164199 ], [ -89.182001283372998, 13.6546417342869 ], [ -89.181996555644005, 13.6545379237569 ], [ -89.181990552772604, 13.6543999786144 ], [ -89.182054234828598, 13.6543910371607 ], [ -89.182124209761199, 13.654381210637199 ], [ -89.182192901410801, 13.654375708369299 ], [ -89.182194150986106, 13.654375605303599 ], [ -89.182229884588693, 13.6543805312612 ], [ -89.182276011224104, 13.654386893029001 ], [ -89.182281700043205, 13.654386564314301 ], [ -89.182399399105094, 13.654379923810501 ], [ -89.182404808717195, 13.654277022316201 ], [ -89.182589239089793, 13.6542746645782 ], [ -89.182739392324194, 13.6543146588191 ], [ -89.182796047364704, 13.654325381184901 ] ] ] ] } },
{ "type": "Feature", "properties": { "qc_id": 88, "name": null, "descriptio": null, "timestamp": null, "begin": null, "end": null, "altitudemo": null, "tessellate": -1, "extrude": 0, "visibility": -1, "draworder": null, "icon": null, "objectid_1": 20, "fid_1": 19, "text_1": "COLONIAAZUCENA", "shape_leng": 538.16835923199994, "shape_area": 14703.321765500001, "fid_2": 0, "zona": 0, "viviendas": null }, "geometry": { "type": "MultiPolygon", "coordinates": [ [ [ [ -89.182985416883398, 13.659807151472 ], [ -89.182950662244593, 13.6598699780609 ], [ -89.182802610971805, 13.660102207172001 ], [ -89.182718775682503, 13.660317459460799 ], [ -89.182681843646094, 13.660489155301599 ], [ -89.182669611941904, 13.6605949217623 ], [ -89.182548184579701, 13.660559673300099 ], [ -89.182482979914099, 13.660389367553201 ], [ -89.182423717777795, 13.660265475035001 ], [ -89.182390090884894, 13.660195192410299 ], [ -89.182237998119305, 13.659855420325799 ], [ -89.182070991119502, 13.6594573752107 ], [ -89.182041520023404, 13.659290152274799 ], [ -89.182010663618598, 13.659020486653001 ], [ -89.182086516051001, 13.6590324351139 ], [ -89.182197885114107, 13.659048698641801 ], [ -89.182273982573605, 13.6590595368818 ], [ -89.182309236986299, 13.659055882518899 ], [ -89.182340746761099, 13.6589959174404 ], [ -89.182348081284701, 13.6588851199317 ], [ -89.182379258750402, 13.658823387981901 ], [ -89.182486720668805, 13.6587694108817 ], [ -89.182733224302595, 13.6586194309383 ], [ -89.182985444028105, 13.659027130892699 ], [ -89.183092334996402, 13.659285809007001 ], [ -89.183111003659505, 13.6594355919999 ], [ -89.183092547047806, 13.6595581719302 ], [ -89.182985416883398, 13.659807151472 ] ] ] ] } },
{ "type": "Feature", "properties": { "qc_id": 95, "name": null, "descriptio": null, "timestamp": null, "begin": null, "end": null, "altitudemo": null, "tessellate": -1, "extrude": 0, "visibility": -1, "draworder": null, "icon": null, "objectid_1": 36, "fid_1": 36, "text_1": "JARDINES DE SAN MARCOS", "shape_leng": 1650.4742402899999, "shape_area": 124800.228391, "fid_2": 0, "zona": 0, "viviendas": null }, "geometry": { "type": "MultiPolygon", "coordinates": [ [ [ [ -89.190366103448696, 13.666894507973399 ], [ -89.190146114497793, 13.666924194807001 ], [ -89.190114199714202, 13.666926810943799 ], [ -89.190008270613006, 13.6669354915492 ], [ -89.189338509107401, 13.6669903402478 ], [ -89.189262599835104, 13.6669941100657 ], [ -89.189263906637095, 13.6670179429236 ], [ -89.189259636435693, 13.667087226934401 ], [ -89.189240786029799, 13.667211139928799 ], [ -89.189233517281707, 13.667258674953199 ], [ -89.189206697822996, 13.6673478936051 ], [ -89.189156964951295, 13.667509983693099 ], [ -89.189096778837097, 13.667609272058501 ], [ -89.189071232861707, 13.667658023308499 ], [ -89.188945104285594, 13.667808038207699 ], [ -89.188884539572598, 13.667872338902701 ], [ -89.188801552932006, 13.667950669857399 ], [ -89.188639749786603, 13.667972027384399 ], [ -89.188589751063304, 13.6679093102167 ], [ -89.188515481845997, 13.667786940213899 ], [ -89.188483246814201, 13.6677326888311 ], [ -89.188406260919507, 13.667657478806399 ], [ -89.188323909200506, 13.667582263827599 ], [ -89.188085886517698, 13.667456399848099 ], [ -89.187999955535801, 13.667356474146199 ], [ -89.1878619684977, 13.6671774505028 ], [ -89.187829808622695, 13.6669438845854 ], [ -89.187770934117097, 13.6666951879973 ], [ -89.187778325991303, 13.666670691358799 ], [ -89.187780746924901, 13.6665851088732 ], [ -89.187668111247405, 13.666326771697801 ], [ -89.187648070067297, 13.6662509900959 ], [ -89.187630525831693, 13.6661859719588 ], [ -89.187600475137799, 13.666093084572999 ], [ -89.187535395884296, 13.6659439854499 ], [ -89.187470330363396, 13.665812008753401 ], [ -89.187407802389899, 13.665728929842 ], [ -89.187310288336505, 13.6656312064683 ], [ -89.187287178032804, 13.6655884897904 ], [ -89.187081669789706, 13.665364885557 ], [ -89.186990512566695, 13.6651541895059 ], [ -89.186950854093993, 13.665072249165799 ], [ -89.186829372003501, 13.6648636315576 ], [ -89.186692222534504, 13.6646282289528 ], [ -89.186637385974706, 13.6645746516086 ], [ -89.186598255385306, 13.6645612693298 ], [ -89.186545412481905, 13.664551738994501 ], [ -89.186472994362205, 13.6645288205575 ], [ -89.186404498629201, 13.664498235916399 ], [ -89.186332583939006, 13.6644410242376 ], [ -89.186270818627094, 13.6643640809883 ], [ -89.186229879282195, 13.6642773192272 ], [ -89.186199178918102, 13.6642361357725 ], [ -89.186113228541402, 13.664132562202401 ], [ -89.185874628707793, 13.664036574706699 ], [ -89.185753010153604, 13.663977456144901 ], [ -89.185776210571305, 13.6639429053645 ], [ -89.186051964727895, 13.663635467073201 ], [ -89.186269599497393, 13.663840208680799 ], [ -89.186461864689207, 13.663814609333 ], [ -89.188829085685896, 13.663751195489899 ], [ -89.188961063631695, 13.6636983266139 ], [ -89.188984030051699, 13.6637619891758 ], [ -89.188995489651106, 13.663793764884501 ], [ -89.189017635510794, 13.6640486178435 ], [ -89.189005358411194, 13.6640830873196 ], [ -89.189007135492204, 13.6641044115157 ], [ -89.189155250034304, 13.6641426353789 ], [ -89.189569060947605, 13.6642008691607 ], [ -89.189570044647397, 13.664212586479101 ], [ -89.189734702274393, 13.664235931805999 ], [ -89.189944922944093, 13.664233502560601 ], [ -89.190207619401207, 13.6658459676852 ], [ -89.190305142611805, 13.666444561713201 ], [ -89.190309989272393, 13.666480341299099 ], [ -89.190366103448696, 13.666894507973399 ] ] ] ] } },
{ "type": "Feature", "properties": { "qc_id": 96, "name": null, "descriptio": null, "timestamp": null, "begin": null, "end": null, "altitudemo": null, "tessellate": -1, "extrude": 0, "visibility": -1, "draworder": null, "icon": null, "objectid_1": 37, "fid_1": 37, "text_1": "LOTIFICACION SAN RAFAEL", "shape_leng": 867.22931044799998, "shape_area": 43831.85811690001, "fid_2": 0, "zona": 0, "viviendas": null }, "geometry": { "type": "MultiPolygon", "coordinates": [ [ [ [ -89.160666891751305, 13.6607730833249 ], [ -89.160408465940705, 13.6614805849651 ], [ -89.160361353485101, 13.661557365299799 ], [ -89.1604652297071, 13.661634714223 ], [ -89.160425651782901, 13.661698429293899 ], [ -89.160322406236403, 13.6618791253032 ], [ -89.160203940152698, 13.6620864598891 ], [ -89.159946401441601, 13.6619456418172 ], [ -89.1595384327901, 13.661830541975901 ], [ -89.159340990970804, 13.661804290754199 ], [ -89.159157813818595, 13.661779936454099 ], [ -89.158472433992799, 13.6617098681402 ], [ -89.158272173727397, 13.661700898515001 ], [ -89.158207370333102, 13.661693323102 ], [ -89.158336135149, 13.6607805643582 ], [ -89.158368625463893, 13.6605503407025 ], [ -89.1584242817855, 13.660257967562099 ], [ -89.158441805963406, 13.660179642019701 ], [ -89.158496349702602, 13.6599359831178 ], [ -89.158498991931296, 13.6599244025366 ], [ -89.158684507998899, 13.659967998812 ], [ -89.1587165608871, 13.659973679888401 ], [ -89.158814237363202, 13.6599839736419 ], [ -89.159055002214103, 13.659874543616899 ], [ -89.159284765669099, 13.6599986359947 ], [ -89.159497448447198, 13.660002293594101 ], [ -89.159574231611003, 13.6601039191676 ], [ -89.159714797833402, 13.660216453068299 ], [ -89.159755588776505, 13.6602240256068 ], [ -89.159827479393499, 13.660257235854299 ], [ -89.159938215194899, 13.6603046743194 ], [ -89.160100408635003, 13.6603188222791 ], [ -89.160120820392507, 13.6603539722615 ], [ -89.160316551904998, 13.660510240943299 ], [ -89.160308823814702, 13.6605186594236 ], [ -89.160272855459596, 13.6605578630432 ], [ -89.160311177195396, 13.660596018533299 ], [ -89.160402776577797, 13.6606740967958 ], [ -89.160429048259999, 13.6606964980291 ], [ -89.160438403222699, 13.660701711911999 ], [ -89.160523811103005, 13.6607493428947 ], [ -89.1605878042472, 13.6607631659397 ], [ -89.160618958634998, 13.6607698931596 ], [ -89.160666891751305, 13.6607730833249 ] ] ] ] } },
{ "type": "Feature", "properties": { "qc_id": 97, "name": null, "descriptio": null, "timestamp": null, "begin": null, "end": null, "altitudemo": null, "tessellate": -1, "extrude": 0, "visibility": -1, "draworder": null, "icon": null, "objectid_1": 40, "fid_1": 41, "text_1": "LOTIFICACION SANTA FE", "shape_leng": 3025.23686744, "shape_area": 223169.244233, "fid_2": 0, "zona": 0, "viviendas": null }, "geometry": { "type": "MultiPolygon", "coordinates": [ [ [ [ -89.176110100048405, 13.661842538859601 ], [ -89.176129449903797, 13.6621497367627 ], [ -89.176129511365701, 13.6622317994154 ], [ -89.176151752778907, 13.6624578020906 ], [ -89.176132777291699, 13.662675199389501 ], [ -89.176076999262307, 13.662865271216999 ], [ -89.176018156452301, 13.66289410868 ], [ -89.175919560957695, 13.6628984926106 ], [ -89.175790009029498, 13.662819410497599 ], [ -89.175701715873302, 13.662829552913699 ], [ -89.175638979114197, 13.6629540991325 ], [ -89.175560209583907, 13.6630042111985 ], [ -89.175390315467595, 13.6630123382114 ], [ -89.175269912737605, 13.6629543624466 ], [ -89.175144023551098, 13.662951443978899 ], [ -89.175003813923098, 13.662962557739601 ], [ -89.174788968236896, 13.663069838199201 ], [ -89.174511657922693, 13.6630081600089 ], [ -89.174416414778094, 13.6629251190791 ], [ -89.174393739569695, 13.6625719025712 ], [ -89.173787538039804, 13.662155817522899 ], [ -89.173615781137002, 13.662269268121801 ], [ -89.173459232203996, 13.6623264504376 ], [ -89.173047630726899, 13.662391818045901 ], [ -89.172206491283305, 13.662238483545201 ], [ -89.171919003057695, 13.6626624553341 ], [ -89.171477565038003, 13.662180375396799 ], [ -89.171414069027605, 13.661954706574599 ], [ -89.171183261532093, 13.6618375862421 ], [ -89.171040630874998, 13.661667293396601 ], [ -89.170760124300699, 13.661645358305 ], [ -89.170470714813902, 13.6618225866654 ], [ -89.169944030741306, 13.6620110397144 ], [ -89.169299476655993, 13.6621619563699 ], [ -89.168896502836105, 13.6627882918749 ], [ -89.168692861758998, 13.662580711475 ], [ -89.168678311767906, 13.662523927107801 ], [ -89.168559995620498, 13.662337419281 ], [ -89.168180424594894, 13.662114566572701 ], [ -89.168097300931805, 13.6618347255098 ], [ -89.167974723036195, 13.6616566156736 ], [ -89.167983923218401, 13.6613646327569 ], [ -89.168085732522897, 13.6612366839313 ], [ -89.168249862299206, 13.661110821102501 ], [ -89.168475246281801, 13.660900012569501 ], [ -89.168606310982796, 13.660928079032001 ], [ -89.168669509590501, 13.660914642701099 ], [ -89.168759089634705, 13.660892515391399 ], [ -89.168880470524897, 13.6608528261554 ], [ -89.168959375012605, 13.6608442012365 ], [ -89.168997175140902, 13.6608400562193 ], [ -89.169021751778502, 13.660833235721 ], [ -89.169117501312201, 13.660835077108599 ], [ -89.169206018424006, 13.6608208178575 ], [ -89.169442623276893, 13.660907308521599 ], [ -89.1693741768172, 13.660638999580099 ], [ -89.169358137408196, 13.6605779688776 ], [ -89.169125410965506, 13.6602646876301 ], [ -89.170051610766393, 13.660033429466599 ], [ -89.170051229337901, 13.660042815762599 ], [ -89.170355940548603, 13.6599938913226 ], [ -89.170439139916098, 13.6599570596611 ], [ -89.170593885095997, 13.6598660875419 ], [ -89.170763022121093, 13.6598607682441 ], [ -89.170834006551601, 13.6598825994982 ], [ -89.170983548457102, 13.6599644380545 ], [ -89.171076369555394, 13.6599741201856 ], [ -89.171047652220096, 13.6597523598926 ], [ -89.170940585017405, 13.6596897999276 ], [ -89.170958310217401, 13.6596598361832 ], [ -89.170942781842797, 13.6595088370665 ], [ -89.170936931447201, 13.6594027872803 ], [ -89.170945004020496, 13.659283917833299 ], [ -89.170959568188806, 13.659189349575801 ], [ -89.1713006879597, 13.659319305435201 ], [ -89.171324413538997, 13.6593283504422 ], [ -89.171370484726907, 13.659217108677399 ], [ -89.171396362884593, 13.659153650859199 ], [ -89.171406816262802, 13.6591590588008 ], [ -89.171513510226006, 13.6592549860624 ], [ -89.171529444003099, 13.659299810790699 ], [ -89.171552860876105, 13.6593392792467 ], [ -89.171550879047103, 13.659437994865399 ], [ -89.171605866392994, 13.6594575601478 ], [ -89.171622772675406, 13.659292256915499 ], [ -89.171670347971201, 13.659323361040499 ], [ -89.171704498926601, 13.659272836654001 ], [ -89.1717776193737, 13.659354145065301 ], [ -89.171851883750307, 13.6593703560353 ], [ -89.171860765101897, 13.6593216823814 ], [ -89.171940195671496, 13.659360881155701 ], [ -89.172025799610097, 13.6593644305359 ], [ -89.172107153848799, 13.6593280072555 ], [ -89.172134152324503, 13.659204247111701 ], [ -89.1722224876155, 13.659214162443201 ], [ -89.172291005188498, 13.659227452305 ], [ -89.172283951649007, 13.659276587487801 ], [ -89.172377886369304, 13.6593594539129 ], [ -89.172438003643194, 13.6594040903299 ], [ -89.172424053584393, 13.6594454089596 ], [ -89.172373600920096, 13.6595948615808 ], [ -89.172522514011604, 13.6596708035443 ], [ -89.172595517480204, 13.6597609328924 ], [ -89.172754900665097, 13.6597879585801 ], [ -89.172759045691805, 13.659645017528099 ], [ -89.172639152039594, 13.659580985830599 ], [ -89.172641394272503, 13.65954172092 ], [ -89.172722724926899, 13.6595764293711 ], [ -89.172800655814797, 13.659609695761899 ], [ -89.172805530398904, 13.659634460832899 ], [ -89.172928591082993, 13.659668640035401 ], [ -89.173043155790396, 13.6595651250781 ], [ -89.173108703594806, 13.659568271498401 ], [ -89.173115038402599, 13.659546257226401 ], [ -89.173375252735397, 13.6595604295493 ], [ -89.173355828949397, 13.659403565251401 ], [ -89.173789575580798, 13.659469595867099 ], [ -89.173871646056796, 13.6594820983617 ], [ -89.173878745369393, 13.6595340645211 ], [ -89.173897064991095, 13.6596684840684 ], [ -89.1739039972272, 13.659711990803199 ], [ -89.1735947656245, 13.659699955199301 ], [ -89.173614714237999, 13.6598112429759 ], [ -89.173620454833895, 13.6598432918989 ], [ -89.173658776189399, 13.6600571495986 ], [ -89.173879566210402, 13.660067924371701 ], [ -89.173947480556805, 13.6600712361154 ], [ -89.173961300617407, 13.660071911491 ], [ -89.174142449624995, 13.6600807616563 ], [ -89.174164617353597, 13.659966750496 ], [ -89.174210602761093, 13.6597301282575 ], [ -89.174262571504698, 13.659737144519699 ], [ -89.174291442829499, 13.659741048765699 ], [ -89.174482249438796, 13.659766801879901 ], [ -89.174689555059004, 13.6597947929179 ], [ -89.174725631076697, 13.659699857541501 ], [ -89.174874320639503, 13.659665514164301 ], [ -89.174905069989507, 13.659814557932799 ], [ -89.174945572963694, 13.6599314685668 ], [ -89.174870630161294, 13.6602775432358 ], [ -89.175052450799001, 13.6603104936755 ], [ -89.175090468857704, 13.6603696400124 ], [ -89.1753837428775, 13.6602923388383 ], [ -89.175421927816302, 13.6604226801939 ], [ -89.175587050313496, 13.660415482151199 ], [ -89.175594499125907, 13.6604150510986 ], [ -89.175605790195306, 13.6604144039832 ], [ -89.175639798357295, 13.6605535513078 ], [ -89.175645865867693, 13.6605662457769 ], [ -89.175705532041505, 13.660691249617001 ], [ -89.175709741546996, 13.660700076747 ], [ -89.175733858368403, 13.660814184229499 ], [ -89.175762725471699, 13.6609507437453 ], [ -89.1757651567235, 13.660962237727601 ], [ -89.175810580130303, 13.6611268485905 ], [ -89.175800302556993, 13.6612554754903 ], [ -89.175795799343504, 13.6614608849332 ], [ -89.175760518483301, 13.6617092730158 ], [ -89.175851319230304, 13.661736624101801 ], [ -89.175891072532295, 13.6617486002836 ], [ -89.175988395931299, 13.6617779180458 ], [ -89.176110100048405, 13.661842538859601 ] ] ] ] } },
{ "type": "Feature", "properties": { "qc_id": 100, "name": null, "descriptio": null, "timestamp": null, "begin": null, "end": null, "altitudemo": null, "tessellate": -1, "extrude": 0, "visibility": -1, "draworder": null, "icon": null, "objectid_1": 47, "fid_1": 48, "text_1": "COLONIA SAN JUAN", "shape_leng": 2087.9443935999998, "shape_area": 97493.985228100006, "fid_2": 0, "zona": 0, "viviendas": null }, "geometry": { "type": "MultiPolygon", "coordinates": [ [ [ [ -89.194311053157094, 13.668556488407701 ], [ -89.194220431547095, 13.668557087866599 ], [ -89.193785983789098, 13.6684482845505 ], [ -89.193701298844701, 13.668416835213501 ], [ -89.193701653959295, 13.668411420612101 ], [ -89.193177498356604, 13.668262582013501 ], [ -89.192798887077402, 13.6681298169695 ], [ -89.192758869376505, 13.668108892473001 ], [ -89.192754805126, 13.668115828521501 ], [ -89.192748159197507, 13.668207401753101 ], [ -89.192740427168999, 13.6683350927061 ], [ -89.192722218599499, 13.668396390047899 ], [ -89.192680510318297, 13.668450051631501 ], [ -89.192652151010293, 13.6684725563907 ], [ -89.192625750981904, 13.6684935040114 ], [ -89.192563133397002, 13.6685242085958 ], [ -89.1925110050679, 13.6685906421882 ], [ -89.192461476726294, 13.668664736943301 ], [ -89.192452881514996, 13.668687800183401 ], [ -89.192385655525797, 13.668672811996 ], [ -89.192248224943, 13.668646928916299 ], [ -89.192112526907195, 13.668621377942999 ], [ -89.192032936611099, 13.6686039461508 ], [ -89.191909884841806, 13.668578505408201 ], [ -89.191896675980601, 13.6686308574726 ], [ -89.191888099825505, 13.668664879482201 ], [ -89.191739641363796, 13.6686272224718 ], [ -89.191662684708007, 13.668600866174399 ], [ -89.191523393289003, 13.668567893999599 ], [ -89.191632115086705, 13.6681287385441 ], [ -89.191673431793205, 13.6681285861277 ], [ -89.191820346558004, 13.667945640145399 ], [ -89.192008597620799, 13.6676951960983 ], [ -89.192119524614299, 13.6675469134188 ], [ -89.192196869819597, 13.6674711030944 ], [ -89.192274222813793, 13.6674150545625 ], [ -89.192478239494406, 13.6671373391064 ], [ -89.192457430361102, 13.6671213609968 ], [ -89.192058386910801, 13.6668394520982 ], [ -89.192068337690898, 13.666761546784 ], [ -89.192036403259493, 13.6663925499623 ], [ -89.191955970054195, 13.666396953254299 ], [ -89.191872310091298, 13.666401535296799 ], [ -89.191832368044601, 13.666403770149101 ], [ -89.191832326550994, 13.666120613782001 ], [ -89.192023516927307, 13.6661095618062 ], [ -89.192101044098195, 13.666105419275601 ], [ -89.192138988745398, 13.666103390220099 ], [ -89.1923544003091, 13.6660918743463 ], [ -89.192361319672401, 13.666091507376599 ], [ -89.192414302814996, 13.6660875791853 ], [ -89.192422195350304, 13.666178511931101 ], [ -89.192472548485895, 13.666175399289299 ], [ -89.192708115636194, 13.6661561571183 ], [ -89.192710521800507, 13.6662047666272 ], [ -89.192724283827999, 13.6662040526135 ], [ -89.192965511456606, 13.666186777151699 ], [ -89.1930007865856, 13.666183612055899 ], [ -89.193034869140803, 13.6661813725743 ], [ -89.193024436851601, 13.6660753920139 ], [ -89.193013052747204, 13.665997873999601 ], [ -89.193071167187, 13.665995412274199 ], [ -89.193136657512596, 13.6660059680407 ], [ -89.193182365382299, 13.666018150068799 ], [ -89.193237512902101, 13.666032842014699 ], [ -89.193309332836193, 13.6660519824619 ], [ -89.193285837511496, 13.6657839973957 ], [ -89.193355905293899, 13.665778989882501 ], [ -89.193329528244902, 13.6656216888498 ], [ -89.193524224736393, 13.6655809762025 ], [ -89.193577571256895, 13.665569484597 ], [ -89.193519751261206, 13.6653208156521 ], [ -89.193434921511596, 13.664938856287799 ], [ -89.193380714165102, 13.6649509866886 ], [ -89.193242485254004, 13.664988201985301 ], [ -89.193184835645297, 13.665003722841 ], [ -89.193082426637105, 13.6650328390408 ], [ -89.193054595613205, 13.6650407473619 ], [ -89.193071842392001, 13.665134661923799 ], [ -89.193073097081694, 13.665140724256901 ], [ -89.193048643914693, 13.6651467688084 ], [ -89.192895855261597, 13.6651814409356 ], [ -89.192802023911895, 13.6651900942745 ], [ -89.192788224501598, 13.6651913642166 ], [ -89.192728437267306, 13.665197297233799 ], [ -89.192698110221698, 13.664861962920799 ], [ -89.192693057366697, 13.664806200260999 ], [ -89.192676623998295, 13.664411968192001 ], [ -89.192673121648099, 13.6643769658482 ], [ -89.192625957967294, 13.6639051106685 ], [ -89.192613941910807, 13.6634597644533 ], [ -89.192611238316005, 13.6634406898955 ], [ -89.192666659142603, 13.6634896474608 ], [ -89.193237475857401, 13.663442142889 ], [ -89.1933023426961, 13.663432724860099 ], [ -89.193354291620096, 13.663425186223099 ], [ -89.193356345251999, 13.6634248890352 ], [ -89.193534866029694, 13.6633989614258 ], [ -89.193917543353393, 13.6633632101634 ], [ -89.193992191402302, 13.663358189817099 ], [ -89.193992634471897, 13.6633787376821 ], [ -89.194024343591806, 13.663792958989699 ], [ -89.194067878704203, 13.6643145580351 ], [ -89.194079757907303, 13.664464132206801 ], [ -89.1940600366583, 13.664985577775299 ], [ -89.194072554514904, 13.665335522952301 ], [ -89.194083518921005, 13.6656724370118 ], [ -89.194121935354801, 13.665920668287299 ], [ -89.194181092395894, 13.666091678918701 ], [ -89.194208694504994, 13.666230680469001 ], [ -89.194217964541906, 13.6663602092272 ], [ -89.194206176660799, 13.666504998779001 ], [ -89.194164583365605, 13.6668112987679 ], [ -89.194154655335495, 13.6670883346011 ], [ -89.194135121194904, 13.6674233293372 ], [ -89.194149445816905, 13.6676337317781 ], [ -89.194200574991996, 13.667893920532499 ], [ -89.194237975495298, 13.668058672582699 ], [ -89.194311053157094, 13.668556488407701 ] ] ] ] } },
{ "type": "Feature", "properties": { "qc_id": 98, "name": null, "descriptio": null, "timestamp": null, "begin": null, "end": null, "altitudemo": null, "tessellate": -1, "extrude": 0, "visibility": -1, "draworder": null, "icon": null, "objectid_1": 42, "fid_1": 43, "text_1": "COLONIA JILTEPEQUE", "shape_leng": 1472.8759306300001, "shape_area": 36649.7234408, "fid_2": 0, "zona": 0, "viviendas": null }, "geometry": { "type": "MultiPolygon", "coordinates": [ [ [ [ -89.1705212063505, 13.6517521248231 ], [ -89.170462036583999, 13.651574369889399 ], [ -89.170401762268298, 13.6514398308799 ], [ -89.170344403050706, 13.651395645796301 ], [ -89.170286049993607, 13.6513000551252 ], [ -89.170327833935005, 13.6512841980985 ], [ -89.170289716852594, 13.651227578361 ], [ -89.170254110425503, 13.651240274706399 ], [ -89.1702138553472, 13.6511732435778 ], [ -89.170213330155406, 13.6511142286985 ], [ -89.170211556035994, 13.651095783256601 ], [ -89.170205185997503, 13.651029589176799 ], [ -89.170235818555796, 13.650931001940799 ], [ -89.170242267998006, 13.650910245876 ], [ -89.170304704594301, 13.6507648112827 ], [ -89.170321513959294, 13.650725638430201 ], [ -89.1703753963195, 13.6506990365612 ], [ -89.170419987360006, 13.6506770139198 ], [ -89.170594492086593, 13.650590841302099 ], [ -89.170627192361906, 13.6505780357445 ], [ -89.1706269973877, 13.6505832007305 ], [ -89.170647132852807, 13.650640369809301 ], [ -89.170680008086094, 13.650672502120999 ], [ -89.170709234777405, 13.6506849953431 ], [ -89.170751234900195, 13.650692102426801 ], [ -89.1708096442309, 13.650683139523601 ], [ -89.170869891397601, 13.650675942442501 ], [ -89.170919166698695, 13.650652685351799 ], [ -89.170972102408101, 13.650652648552899 ], [ -89.171026893010307, 13.6506651149232 ], [ -89.171048860806394, 13.650743016216699 ], [ -89.171067356082105, 13.6510699852213 ], [ -89.1710620501308, 13.6513094105617 ], [ -89.171031035936593, 13.651350528581199 ], [ -89.171000017978201, 13.651373772998401 ], [ -89.170945319732496, 13.6514631582432 ], [ -89.170934598377997, 13.6516481069363 ], [ -89.171142461882994, 13.6515958058656 ], [ -89.171235859217404, 13.6519710846522 ], [ -89.171273473351107, 13.6520118123271 ], [ -89.171357826655495, 13.652068426812701 ], [ -89.171443192094102, 13.6521250324286 ], [ -89.171518397300503, 13.6521746842137 ], [ -89.171664879949105, 13.652273249263599 ], [ -89.171757330529402, 13.6523492311194 ], [ -89.171823184289707, 13.652410837917399 ], [ -89.171834772801503, 13.652454731048101 ], [ -89.171804859463705, 13.652487045370201 ], [ -89.171739038551394, 13.6526008093483 ], [ -89.171566548047906, 13.6528660825375 ], [ -89.171447434025396, 13.653048515378201 ], [ -89.171356738065597, 13.6531330294094 ], [ -89.171357283212501, 13.653128966026101 ], [ -89.171357962388896, 13.6531249115883 ], [ -89.171358801501995, 13.653120903137699 ], [ -89.171359839365707, 13.6531169316081 ], [ -89.171361076923901, 13.653113024115999 ], [ -89.171362540995801, 13.6531092005281 ], [ -89.171364279684894, 13.6531055159484 ], [ -89.171366245858096, 13.653101978544999 ], [ -89.171368307253999, 13.6530984690959 ], [ -89.171370396372197, 13.653094950588599 ], [ -89.171372485503497, 13.653091450159099 ], [ -89.171374526564705, 13.6530879407242 ], [ -89.171376407635194, 13.6530843111828 ], [ -89.171377995549093, 13.6530804694306 ], [ -89.171378976031505, 13.653076395801 ], [ -89.171378036900904, 13.653072527789201 ], [ -89.171375648879405, 13.6530692157781 ], [ -89.171375554499804, 13.653069076644201 ], [ -89.171372864381894, 13.6530659682197 ], [ -89.171369909167097, 13.653063101319599 ], [ -89.171366821852004, 13.6530603357477 ], [ -89.171363601526593, 13.6530576913903 ], [ -89.1713602205418, 13.6530552776376 ], [ -89.171356707511293, 13.653053040236401 ], [ -89.171353109539794, 13.653050932151 ], [ -89.171349482962697, 13.653048889166 ], [ -89.171345847163096, 13.653046874208 ], [ -89.1713422584684, 13.653044812214601 ], [ -89.171338745506006, 13.6530426679141 ], [ -89.1713353267467, 13.653040420503901 ], [ -89.171331965220105, 13.6530380718178 ], [ -89.171328603680394, 13.6530357050537 ], [ -89.171325213473807, 13.653033319327699 ], [ -89.171321832483102, 13.6530308965357 ], [ -89.1713184801187, 13.653028436664 ], [ -89.171315147137605, 13.6530259397191 ], [ -89.171311879734802, 13.653023378552 ], [ -89.171308669597593, 13.6530207613035 ], [ -89.171305506565801, 13.653018097923599 ], [ -89.171302096221297, 13.653014712504699 ], [ -89.171298639682504, 13.653011355138499 ], [ -89.171295125844097, 13.653008006851101 ], [ -89.171291563996405, 13.6530047327165 ], [ -89.171287898708698, 13.653001569832799 ], [ -89.171284158640702, 13.652998527219101 ], [ -89.171280379786097, 13.6529955307309 ], [ -89.171276591681902, 13.652992525210101 ], [ -89.171272784161104, 13.6529895106639 ], [ -89.171268968328405, 13.652986505162399 ], [ -89.171265132181603, 13.652983527695699 ], [ -89.171261259082897, 13.6529805773714 ], [ -89.171257348122396, 13.652977674075901 ], [ -89.171253399312604, 13.652974834983199 ], [ -89.171249412660799, 13.6529720700361 ], [ -89.171245444468596, 13.652969268920399 ], [ -89.171241571376996, 13.6529663276348 ], [ -89.171237858985705, 13.6529632117856 ], [ -89.171234335932894, 13.6529599005635 ], [ -89.171230954189397, 13.6529564410042 ], [ -89.171227676837404, 13.652952907253001 ], [ -89.171224399478902, 13.652949364462801 ], [ -89.1712210935016, 13.6529458686949 ], [ -89.171217693319306, 13.652942473324901 ], [ -89.171214188773305, 13.652939190110301 ], [ -89.171210627886296, 13.652935962976301 ], [ -89.171207066998804, 13.6529327349383 ], [ -89.171203553203, 13.652929441787199 ], [ -89.171200095722099, 13.6529260563996 ], [ -89.171195435715006, 13.652921376568999 ], [ -89.171193266646497, 13.652919184328301 ], [ -89.171189799922999, 13.652915798947101 ], [ -89.171186248225695, 13.652912497687 ], [ -89.171182630963401, 13.6529092787269 ], [ -89.171179059889596, 13.652906023578799 ], [ -89.171175612583298, 13.6529026472227 ], [ -89.171172391595107, 13.652899086314701 ], [ -89.171169455114196, 13.652895283868901 ], [ -89.171166782833595, 13.652891277863 ], [ -89.171164290709697, 13.6528871605527 ], [ -89.171161902997696, 13.652882997071201 ], [ -89.171159485728694, 13.6528788616308 ], [ -89.171156975173105, 13.652874818452601 ], [ -89.171154398088802, 13.652870803341401 ], [ -89.171151886595993, 13.6528667420859 ], [ -89.1711494887237, 13.6528625876501 ], [ -89.171147214646396, 13.652858349970099 ], [ -89.171145053285898, 13.6528540471311 ], [ -89.171143005580802, 13.652849699018301 ], [ -89.171141033653399, 13.6528453309672 ], [ -89.171139119019301, 13.6528409447982 ], [ -89.171138976442407, 13.6528406213033 ], [ -89.171137232087702, 13.6528365224542 ], [ -89.1711354209273, 13.652832071132799 ], [ -89.171133752075505, 13.652827574517699 ], [ -89.171132148827596, 13.6528230489322 ], [ -89.171130479989003, 13.652818570395 ], [ -89.171128659620194, 13.6528141660825 ], [ -89.171126669248295, 13.652809854085399 ], [ -89.171124564311299, 13.6528056072484 ], [ -89.171122441839699, 13.6528013974833 ], [ -89.171120309220797, 13.652797214842 ], [ -89.1711181479494, 13.6527930331245 ], [ -89.171115977427903, 13.652788841470599 ], [ -89.171113768990807, 13.652784622726299 ], [ -89.171111542060501, 13.652780394052 ], [ -89.171109295706998, 13.6527761473133 ], [ -89.171107020700504, 13.6527719005945 ], [ -89.171104736450502, 13.6527676529782 ], [ -89.171102442965406, 13.6527634162151 ], [ -89.171100130994006, 13.6527591785608 ], [ -89.171097808875103, 13.6527549680305 ], [ -89.171095477520495, 13.652750767449399 ], [ -89.171093126763196, 13.652746576824599 ], [ -89.171090804658306, 13.652742385275999 ], [ -89.171089080401899, 13.6527392300777 ], [ -89.171088492707597, 13.6527381756423 ], [ -89.171086199242893, 13.6527339659958 ], [ -89.171083943653997, 13.6527297283022 ], [ -89.171081725947303, 13.652725471600499 ], [ -89.171079573852595, 13.6527211967752 ], [ -89.171077479050894, 13.6527169038322 ], [ -89.171075450757797, 13.652712554801401 ], [ -89.171073468659699, 13.652708178621699 ], [ -89.171071487485307, 13.652703801537401 ], [ -89.171069468415595, 13.6526994253834 ], [ -89.171067382836895, 13.6526951044131 ], [ -89.171065212249502, 13.652690819657799 ], [ -89.171062985307898, 13.6526865729051 ], [ -89.171060738962694, 13.652682335204799 ], [ -89.171058512014696, 13.652678079413199 ], [ -89.171056341428297, 13.6526737955617 ], [ -89.171054227196905, 13.652669474611301 ], [ -89.171052208141006, 13.6526651165349 ], [ -89.1710502362169, 13.6526607484829 ], [ -89.171048236585094, 13.652656409374799 ], [ -89.171046169479197, 13.652652069409701 ], [ -89.171044036776195, 13.6526477674539 ], [ -89.171041828294307, 13.6526434836285 ], [ -89.171039592090196, 13.6526392088614 ], [ -89.171037933358804, 13.652635914417599 ], [ -89.171036321760596, 13.652632611805799 ], [ -89.171034729571801, 13.652629308276801 ], [ -89.171033155862503, 13.6526259956959 ], [ -89.171031600645605, 13.652622692141099 ], [ -89.171030046360301, 13.6526193985285 ], [ -89.171028548436595, 13.652616076856001 ], [ -89.171027154944298, 13.652612736129001 ], [ -89.171025884349604, 13.652609349218 ], [ -89.171024660880803, 13.652605944196299 ], [ -89.171023418021505, 13.6526025663048 ], [ -89.171022080911996, 13.652599226442501 ], [ -89.171020631058298, 13.6525959137755 ], [ -89.171019037959596, 13.6525926292286 ], [ -89.171017341353206, 13.6525893628317 ], [ -89.171015588391896, 13.652586133533701 ], [ -89.171013797541804, 13.6525829142048 ], [ -89.171012015947795, 13.652579712947301 ], [ -89.171010205707304, 13.652576520748701 ], [ -89.171008424120004, 13.652573328530099 ], [ -89.1710066416085, 13.6525701363122 ], [ -89.1710048979173, 13.6525669440672 ], [ -89.171003182866201, 13.652563733724399 ], [ -89.171001495530007, 13.652560504380601 ], [ -89.170999846097203, 13.6525572849532 ], [ -89.170998235464396, 13.6525540374782 ], [ -89.170996689524998, 13.6525507800153 ], [ -89.170995239692402, 13.652547495368699 ], [ -89.170994347921905, 13.652545191059099 ], [ -89.170993949735703, 13.6525441735513 ], [ -89.170992754954298, 13.6525408146081 ], [ -89.1709916452144, 13.6525374646448 ], [ -89.170990582607004, 13.6525341056096 ], [ -89.170989510749493, 13.652530736638001 ], [ -89.170988372337007, 13.6525273595777 ], [ -89.170987130396398, 13.652523972646501 ], [ -89.170985820975801, 13.652520576723299 ], [ -89.170984493993799, 13.6525171808123 ], [ -89.170983147594299, 13.652513774972 ], [ -89.170981781805807, 13.652510398069699 ], [ -89.170980416941006, 13.652507020263 ], [ -89.170979032666693, 13.6525036433735 ], [ -89.170977657634694, 13.6525002655737 ], [ -89.170976253963403, 13.652496906775699 ], [ -89.170974851209294, 13.6524935380342 ], [ -89.170973438295206, 13.6524901792425 ], [ -89.1709720161316, 13.652486811418299 ], [ -89.170970565342003, 13.652483480673601 ], [ -89.170969058210503, 13.6524802051057 ], [ -89.170967494717004, 13.6524769566938 ], [ -89.170965845285195, 13.652473737266201 ], [ -89.170964110831704, 13.6524705359755 ], [ -89.170962319078598, 13.6524673437637 ], [ -89.170960452464399, 13.6524641606429 ], [ -89.170959855569194, 13.6524631622549 ], [ -89.170958538725003, 13.652460996536499 ], [ -89.170956586185795, 13.652457860477799 ], [ -89.170954596701904, 13.6524547615044 ], [ -89.170952569341694, 13.6524516896742 ], [ -89.170950465298702, 13.6524486639959 ], [ -89.170948230108095, 13.652445778512201 ], [ -89.170945795410702, 13.6524430866006 ], [ -89.170943096547006, 13.652440644347401 ], [ -89.170940226830993, 13.652438397453899 ], [ -89.170937252757298, 13.652436270850901 ], [ -89.170933986505901, 13.6524340052512 ], [ -89.170931835762005, 13.6524315815986 ], [ -89.170884037447493, 13.6523777083877 ], [ -89.170850600724904, 13.652316069779101 ], [ -89.170823998163897, 13.652267050202299 ], [ -89.170862573316299, 13.6522502236284 ], [ -89.170842282433995, 13.652174043980001 ], [ -89.170839230601402, 13.652128488033799 ], [ -89.1708150550879, 13.652099599201099 ], [ -89.170807206126, 13.652083230612901 ], [ -89.170766531194005, 13.6519984844495 ], [ -89.170731496516495, 13.651925470523301 ], [ -89.1705212063505, 13.6517521248231 ] ] ], [ [ [ -89.175943068254796, 13.652518903036301 ], [ -89.175968985560104, 13.652496809592 ], [ -89.175996110585501, 13.6525842021552 ], [ -89.176016475835496, 13.6526438509113 ], [ -89.176043366403604, 13.6526698782721 ], [ -89.176153515117207, 13.652944550632 ], [ -89.176338431495907, 13.653441282302699 ], [ -89.176461038160696, 13.653743686089101 ], [ -89.176093475669703, 13.6538876560576 ], [ -89.1760783430625, 13.653914841561599 ], [ -89.176101115967896, 13.6539790523442 ], [ -89.1761896437025, 13.6542235564251 ], [ -89.176228296201899, 13.6543211321016 ], [ -89.176304772460199, 13.6545363595139 ], [ -89.176305540219104, 13.6545383773586 ], [ -89.176369194344801, 13.6547063068446 ], [ -89.176348867377698, 13.654710394368401 ], [ -89.176201527120696, 13.654722764018301 ], [ -89.176174236555497, 13.654718349971301 ], [ -89.176084263504805, 13.654705307950501 ], [ -89.176019160985206, 13.6546877494161 ], [ -89.175827914609897, 13.6546767611059 ], [ -89.175841658464606, 13.6546142560516 ], [ -89.175838579265303, 13.6545841206216 ], [ -89.175832886487399, 13.6545284873082 ], [ -89.175845026713702, 13.6544474996726 ], [ -89.1758450829156, 13.6544472582928 ], [ -89.175863394165802, 13.654366803156201 ], [ -89.175869564737894, 13.654328404943699 ], [ -89.175877167722902, 13.654281019193 ], [ -89.175880914926296, 13.6542551832237 ], [ -89.175877503610806, 13.6542370164911 ], [ -89.175870994543203, 13.654202218517399 ], [ -89.175858161221697, 13.65416592641 ], [ -89.175841562618402, 13.6541189276587 ], [ -89.175826565921696, 13.6540745192248 ], [ -89.175820444627604, 13.6540527261986 ], [ -89.175793340515597, 13.6539563552274 ], [ -89.175789421228401, 13.6539424091375 ], [ -89.175690507249698, 13.6538321957233 ], [ -89.175685047246503, 13.6538208340613 ], [ -89.175677089101598, 13.653811027977699 ], [ -89.175669131882302, 13.653801222796901 ], [ -89.174912046886007, 13.6528677886935 ], [ -89.175155114373496, 13.652820670140001 ], [ -89.175378107105502, 13.6527352649631 ], [ -89.175943068254796, 13.652518903036301 ] ] ] ] } },
{ "type": "Feature", "properties": { "qc_id": 99, "name": null, "descriptio": null, "timestamp": null, "begin": null, "end": null, "altitudemo": null, "tessellate": -1, "extrude": 0, "visibility": -1, "draworder": null, "icon": null, "objectid_1": 45, "fid_1": 46, "text_1": "COLONIA SAN LUIS 1", "shape_leng": 1313.5277159300001, "shape_area": 71155.168126799996, "fid_2": 0, "zona": 0, "viviendas": null }, "geometry": { "type": "MultiPolygon", "coordinates": [ [ [ [ -89.170839230601402, 13.652128488033799 ], [ -89.170792960001606, 13.6521328525389 ], [ -89.170791477595799, 13.6522679803006 ], [ -89.170789943302097, 13.6523316616033 ], [ -89.170747122713294, 13.6523813955673 ], [ -89.170672554807993, 13.652426495601899 ], [ -89.170642811721706, 13.652446536591601 ], [ -89.170637074169505, 13.652417874478401 ], [ -89.170633531763897, 13.6524146193024 ], [ -89.1704687194065, 13.6523716106332 ], [ -89.170456252025602, 13.6523683516986 ], [ -89.170358553565805, 13.652363606165 ], [ -89.170309845467003, 13.652374238060901 ], [ -89.170242164646893, 13.652389048226301 ], [ -89.170207169051693, 13.6523967085477 ], [ -89.170169467552896, 13.6524049627872 ], [ -89.170098483807905, 13.652420488371 ], [ -89.170075714671498, 13.652425473728799 ], [ -89.169991510989306, 13.6524438963659 ], [ -89.169964841499905, 13.652433770398099 ], [ -89.169871818430906, 13.6524550761842 ], [ -89.16983214679, 13.652461425420499 ], [ -89.169742826590806, 13.6524868114897 ], [ -89.169623313635995, 13.6525112557075 ], [ -89.169598412249201, 13.6525112728828 ], [ -89.169578480782704, 13.652486924877101 ], [ -89.169434018389495, 13.651998258231 ], [ -89.169391186633405, 13.6520071368613 ], [ -89.169280283513302, 13.6520262338723 ], [ -89.168712818964593, 13.652123921716001 ], [ -89.168620406690394, 13.6521398312666 ], [ -89.168497088712698, 13.6521633049566 ], [ -89.168245586928606, 13.6522111548546 ], [ -89.167920951997701, 13.6522729283147 ], [ -89.167242467667705, 13.652440922016901 ], [ -89.167224484822995, 13.652308630377499 ], [ -89.167223295206, 13.6522461630718 ], [ -89.167217780235603, 13.6519566803026 ], [ -89.167225772175598, 13.651922307913599 ], [ -89.167240293668399, 13.6518598489042 ], [ -89.167283147301404, 13.651708827875201 ], [ -89.167294070760903, 13.6516714182131 ], [ -89.167319959942006, 13.6515828027142 ], [ -89.167344102774905, 13.651500196584299 ], [ -89.167356449720501, 13.6514538346877 ], [ -89.167373969046096, 13.6513880780313 ], [ -89.167385353591897, 13.651345326941 ], [ -89.167385618157695, 13.6513443360931 ], [ -89.167430244492493, 13.6512388999168 ], [ -89.167432778486699, 13.6511954877761 ], [ -89.167444488180607, 13.651170656160801 ], [ -89.167474984308299, 13.651105973525 ], [ -89.167479366437902, 13.6510931054165 ], [ -89.167503300711303, 13.6510227905626 ], [ -89.167506001362099, 13.6510148380709 ], [ -89.167518771420106, 13.6509773430778 ], [ -89.167527465467998, 13.650945182028 ], [ -89.167548006283297, 13.6508691586784 ], [ -89.167561259223504, 13.650819279101301 ], [ -89.167569386849195, 13.6507886640946 ], [ -89.167577608513, 13.650757716390499 ], [ -89.167589178313506, 13.650710429422899 ], [ -89.167612092946101, 13.6506322197376 ], [ -89.167632187713494, 13.6505412489877 ], [ -89.167653841048306, 13.650498583080299 ], [ -89.167665397478302, 13.650431284807 ], [ -89.167674191085695, 13.650353437261201 ], [ -89.167699443565894, 13.6503146655827 ], [ -89.167711065520706, 13.6502342978575 ], [ -89.168812019727298, 13.650358795325999 ], [ -89.168833994640806, 13.6505661208859 ], [ -89.168836625583097, 13.650539674754601 ], [ -89.169040954317296, 13.6505866842069 ], [ -89.169162160811396, 13.6506011237236 ], [ -89.169167015456694, 13.650561698851799 ], [ -89.169182183221807, 13.650463086227999 ], [ -89.169219180718301, 13.6502796552391 ], [ -89.169380618067706, 13.650264086601499 ], [ -89.169507833352995, 13.650251818066099 ], [ -89.169609740144097, 13.650278395500401 ], [ -89.169636710309305, 13.650285429982301 ], [ -89.169843757778693, 13.650125762413399 ], [ -89.169844417444907, 13.650095948819001 ], [ -89.170023132515198, 13.650074323485301 ], [ -89.170062081442893, 13.6500635320778 ], [ -89.170065791283704, 13.650063205918 ], [ -89.170128954710194, 13.6500576728781 ], [ -89.170131521125896, 13.650086614695301 ], [ -89.170286665752698, 13.6506084464851 ], [ -89.170321513959294, 13.650725638430201 ], [ -89.170304704594301, 13.6507648112827 ], [ -89.170242267998006, 13.650910245876 ], [ -89.170235818555796, 13.650931001940799 ], [ -89.170205185997503, 13.651029589176799 ], [ -89.170211556035994, 13.651095783256601 ], [ -89.170213330155406, 13.6511142286985 ], [ -89.1702138553472, 13.6511732435778 ], [ -89.170254110425503, 13.651240274706399 ], [ -89.170289716852594, 13.651227578361 ], [ -89.170327833935005, 13.6512841980985 ], [ -89.170286049993607, 13.6513000551252 ], [ -89.170344403050706, 13.651395645796301 ], [ -89.170401762268298, 13.6514398308799 ], [ -89.170462036583999, 13.651574369889399 ], [ -89.1705212063505, 13.6517521248231 ], [ -89.170731496516495, 13.651925470523301 ], [ -89.170766531194005, 13.6519984844495 ], [ -89.170807206126, 13.652083230612901 ], [ -89.1708150550879, 13.652099599201099 ], [ -89.170839230601402, 13.652128488033799 ] ] ] ] } },
{ "type": "Feature", "properties": { "qc_id": 101, "name": null, "descriptio": null, "timestamp": null, "begin": null, "end": null, "altitudemo": null, "tessellate": -1, "extrude": 0, "visibility": -1, "draworder": null, "icon": null, "objectid_1": 53, "fid_1": 53, "text_1": "COLONIA SAN ANTONIO 4", "shape_leng": 1856.495051, "shape_area": 93791.6797296, "fid_2": 0, "zona": 0, "viviendas": null }, "geometry": { "type": "MultiPolygon", "coordinates": [ [ [ [ -89.185310563503094, 13.6597196823556 ], [ -89.185195651272196, 13.659856376194 ], [ -89.185179197250605, 13.659899613688401 ], [ -89.185247284303799, 13.6599777004089 ], [ -89.185205924793905, 13.6600414027416 ], [ -89.185164531207704, 13.660050115812099 ], [ -89.185111343659599, 13.6601051451348 ], [ -89.185034522096103, 13.660197826750199 ], [ -89.184972466808901, 13.6602673286302 ], [ -89.184910372943193, 13.6602760581311 ], [ -89.184836507646807, 13.660371615458599 ], [ -89.184750839878404, 13.660481667431799 ], [ -89.184762705193606, 13.660536647797 ], [ -89.184742039040501, 13.660580072819901 ], [ -89.184703612206405, 13.660606157325301 ], [ -89.184635593316301, 13.6606148903027 ], [ -89.1845769198044, 13.6606760140631 ], [ -89.184571294481898, 13.6607315254954 ], [ -89.184571364192095, 13.660820344752601 ], [ -89.184509104419504, 13.6609924584903 ], [ -89.184452504449496, 13.6611507293531 ], [ -89.184327860148898, 13.6613339968721 ], [ -89.1842372565674, 13.6615228013878 ], [ -89.184231686750195, 13.661650471506301 ], [ -89.184260123075404, 13.6617392604684 ], [ -89.184311234435299, 13.6618224879496 ], [ -89.184419025674501, 13.661850165713901 ], [ -89.184430413235305, 13.661911208865099 ], [ -89.184379424597694, 13.661983405836001 ], [ -89.184453235890004, 13.662083267795699 ], [ -89.184538400542806, 13.662188674736401 ], [ -89.184646271345997, 13.6623162597086 ], [ -89.184736818197507, 13.6624529752226 ], [ -89.184979241820798, 13.6626477303152 ], [ -89.185089925565904, 13.662764419248401 ], [ -89.185136553757701, 13.6628526755776 ], [ -89.185189028378304, 13.6629608556383 ], [ -89.185244824379197, 13.6631267811422 ], [ -89.184989881334104, 13.663249899874 ], [ -89.184757337078096, 13.6633301659945 ], [ -89.184537689639697, 13.663393567313101 ], [ -89.184137124768398, 13.6634444503596 ], [ -89.183841761700293, 13.6634674783837 ], [ -89.183796925010697, 13.6632370126962 ], [ -89.183721287422799, 13.6629446487769 ], [ -89.183634570218402, 13.6627424818052 ], [ -89.183439448456596, 13.6624789182641 ], [ -89.183252129630006, 13.6622085089877 ], [ -89.183135599631498, 13.6619718027691 ], [ -89.183045196675707, 13.661835642451001 ], [ -89.182961311587803, 13.661696319949 ], [ -89.182905324158597, 13.6615242023886 ], [ -89.182839316516194, 13.6613073594689 ], [ -89.182669611941904, 13.6605949217623 ], [ -89.182681843646094, 13.660489155301599 ], [ -89.182718765515006, 13.660317459468301 ], [ -89.182802610971805, 13.660102207172001 ], [ -89.182950662244593, 13.6598699780609 ], [ -89.182985416883398, 13.659807151472 ], [ -89.183092547047806, 13.6595581719302 ], [ -89.183111003659505, 13.6594355919999 ], [ -89.1830923349887, 13.6592857990643 ], [ -89.182985444028105, 13.659027130892699 ], [ -89.182733224302595, 13.6586194309383 ], [ -89.182657674618397, 13.658497318586001 ], [ -89.182720398032799, 13.6584463737286 ], [ -89.182757247386903, 13.658425641754301 ], [ -89.182765214020094, 13.6584208126562 ], [ -89.182778164989102, 13.658412954520699 ], [ -89.182799082581994, 13.658400258246299 ], [ -89.182856840999307, 13.6583677736523 ], [ -89.182911874787393, 13.6583368276908 ], [ -89.182946327644004, 13.6584222146048 ], [ -89.182952721296004, 13.6584045866305 ], [ -89.182967421611806, 13.6584176270164 ], [ -89.183077222066501, 13.658511307106901 ], [ -89.183127893163004, 13.658554058807701 ], [ -89.183158426509294, 13.658577074513801 ], [ -89.183263898528196, 13.658630420579 ], [ -89.183298705260199, 13.658646629474299 ], [ -89.183319052621101, 13.658656564370199 ], [ -89.183337788820893, 13.658662844215099 ], [ -89.183340468308302, 13.658663888022501 ], [ -89.183342099892599, 13.6586557978604 ], [ -89.183379431822203, 13.6583910150073 ], [ -89.183460267486197, 13.658409364320301 ], [ -89.183626745859698, 13.658431389080301 ], [ -89.183625809767506, 13.6584565568948 ], [ -89.183620821235195, 13.658590336000399 ], [ -89.183609180586203, 13.658627303102101 ], [ -89.183561859089906, 13.658680439478999 ], [ -89.183531597802499, 13.658776325427 ], [ -89.183527448793299, 13.6587837603383 ], [ -89.183554298272696, 13.658804917626901 ], [ -89.183562902886607, 13.658841796398599 ], [ -89.183571201565798, 13.6588751384618 ], [ -89.183598995354302, 13.6589538486704 ], [ -89.183656398658997, 13.6590359146156 ], [ -89.183602374982698, 13.6590761990192 ], [ -89.183597590161398, 13.659094446783801 ], [ -89.183661798956194, 13.6591524423779 ], [ -89.183702317026999, 13.659089193782 ], [ -89.183748825457499, 13.659000932673701 ], [ -89.183809835951394, 13.658951099704799 ], [ -89.183798616004594, 13.658921998191101 ], [ -89.183799917427294, 13.658904234801399 ], [ -89.1838008265714, 13.6588919149532 ], [ -89.183792524812503, 13.6588913381464 ], [ -89.1837691787468, 13.6587877359198 ], [ -89.183806253020805, 13.6587745466143 ], [ -89.183829217787803, 13.6587663654797 ], [ -89.183897929792906, 13.6587368435522 ], [ -89.183981686472904, 13.658700858356299 ], [ -89.184003623626595, 13.658709524747 ], [ -89.184011756794007, 13.6587013727704 ], [ -89.184056336706306, 13.6587250530626 ], [ -89.184126369084694, 13.6587622645628 ], [ -89.184189451411896, 13.658795779803601 ], [ -89.184258072727999, 13.6588322330523 ], [ -89.184319479530998, 13.658864860083501 ], [ -89.184337697121904, 13.658874537977701 ], [ -89.184384089210496, 13.658903501919101 ], [ -89.184443710169504, 13.658940721134799 ], [ -89.184468312814602, 13.658956095088501 ], [ -89.184493046774193, 13.658971543060501 ], [ -89.184523258187198, 13.6589939749229 ], [ -89.184585333551297, 13.659035098891501 ], [ -89.184611461244401, 13.659052702496099 ], [ -89.184643893217199, 13.6590096193581 ], [ -89.184661754601507, 13.6590235367576 ], [ -89.184707989366103, 13.6590568783134 ], [ -89.184747054757196, 13.6590850513586 ], [ -89.184778107937106, 13.6591070667662 ], [ -89.184809161122104, 13.659129081265901 ], [ -89.184836169558196, 13.659147655870401 ], [ -89.184863169672496, 13.6591662214392 ], [ -89.184888293328498, 13.659183493136 ], [ -89.184886657723297, 13.6592099197007 ], [ -89.184884882399402, 13.6592385121 ], [ -89.184876827540094, 13.6592510226223 ], [ -89.184863428863594, 13.659279587603701 ], [ -89.184850218409807, 13.659307725804799 ], [ -89.184815616269105, 13.659381567394201 ], [ -89.184844231292303, 13.6593967258795 ], [ -89.184872837090197, 13.659411902446299 ], [ -89.184919547389299, 13.659436256188499 ], [ -89.184966247523505, 13.659460600890499 ], [ -89.184979003200993, 13.6594677094596 ], [ -89.185013130233003, 13.659486723405401 ], [ -89.185036308649899, 13.6594974704372 ], [ -89.185004994589903, 13.659552815912001 ], [ -89.184917709796196, 13.6596995130175 ], [ -89.184936219670604, 13.659706977915301 ], [ -89.184891425119602, 13.6597598161681 ], [ -89.184798673665497, 13.659887607882499 ], [ -89.184820801407298, 13.659910434456499 ], [ -89.184847398252501, 13.6599344336349 ], [ -89.184907017250694, 13.6598840925495 ], [ -89.184987489221399, 13.659811781088401 ], [ -89.185201236516306, 13.6595800010434 ], [ -89.185252823959701, 13.659656434312399 ], [ -89.185310563503094, 13.6597196823556 ] ] ] ] } },
{ "type": "Feature", "properties": { "qc_id": 102, "name": null, "descriptio": null, "timestamp": null, "begin": null, "end": null, "altitudemo": null, "tessellate": -1, "extrude": 0, "visibility": -1, "draworder": null, "icon": null, "objectid_1": 55, "fid_1": 56, "text_1": "COLONIA SAN ANTONIO 7", "shape_leng": 948.13297669300005, "shape_area": 34157.712884200002, "fid_2": 0, "zona": 0, "viviendas": null }, "geometry": { "type": "MultiPolygon", "coordinates": [ [ [ [ -89.186257409297696, 13.6519270118312 ], [ -89.186160786877196, 13.6520382476967 ], [ -89.1860864932449, 13.652104872110399 ], [ -89.186102839273005, 13.652236755961701 ], [ -89.186102878261806, 13.652286025389399 ], [ -89.186111697942593, 13.6523912392138 ], [ -89.186086561394603, 13.652536760773399 ], [ -89.186038991656503, 13.6526932951733 ], [ -89.185953561366404, 13.6530024129107 ], [ -89.185942233219393, 13.653064398778501 ], [ -89.185924956421402, 13.653142911422099 ], [ -89.185879636981596, 13.6533203249413 ], [ -89.185856587163698, 13.6534598837136 ], [ -89.185831578368905, 13.6536726765515 ], [ -89.185824320532703, 13.653734363762901 ], [ -89.185790386926698, 13.6539475149529 ], [ -89.185779946259998, 13.654029696747701 ], [ -89.185788276142105, 13.654150322338401 ], [ -89.185754615423207, 13.6541462097404 ], [ -89.185586042526793, 13.6541533159835 ], [ -89.185491577559901, 13.654157302925601 ], [ -89.185449604447001, 13.654161185170899 ], [ -89.185408302323097, 13.654165001822699 ], [ -89.185405694712401, 13.654122593083001 ], [ -89.185388507274396, 13.654111943707401 ], [ -89.185393699121306, 13.6541542203384 ], [ -89.185204056231399, 13.6541946633513 ], [ -89.185253830835705, 13.6540258263691 ], [ -89.1852517480541, 13.654025402203899 ], [ -89.184783288244603, 13.6539434144388 ], [ -89.184852177939405, 13.6537079859557 ], [ -89.184878977205003, 13.653605891771001 ], [ -89.184901594474098, 13.6535290880663 ], [ -89.184914385875999, 13.6534856499566 ], [ -89.184927176355998, 13.653442220885699 ], [ -89.184939389480604, 13.6533992179824 ], [ -89.184951036625804, 13.6533581778579 ], [ -89.184963095012094, 13.6533100011803 ], [ -89.184976870887496, 13.6532549653661 ], [ -89.184991309104902, 13.6532006313785 ], [ -89.185017215917796, 13.6531062670457 ], [ -89.184922570002499, 13.6530853181815 ], [ -89.184915052765106, 13.6530830469252 ], [ -89.184882183441502, 13.653073093553401 ], [ -89.184861233979504, 13.653068018571799 ], [ -89.184847337321898, 13.6530646602051 ], [ -89.184807605371603, 13.6530550446147 ], [ -89.184762118588495, 13.6530440368255 ], [ -89.184742579875603, 13.653039303349701 ], [ -89.184785820156407, 13.652889742383801 ], [ -89.184794472751904, 13.6528559700164 ], [ -89.184738387788798, 13.652848172683299 ], [ -89.184745029799601, 13.652808201114899 ], [ -89.184752335020093, 13.6527700332205 ], [ -89.184782967671097, 13.6527284419253 ], [ -89.184804708751798, 13.652681165487801 ], [ -89.184826911115493, 13.652642209046199 ], [ -89.184847392982604, 13.6526063000187 ], [ -89.184854842256996, 13.6525820989833 ], [ -89.184887487381403, 13.6525844254696 ], [ -89.184894134685607, 13.6525512285786 ], [ -89.184923495898403, 13.6524455512297 ], [ -89.184927367899903, 13.652433969435201 ], [ -89.184963813305998, 13.652333552840201 ], [ -89.184976184931799, 13.6522994260534 ], [ -89.184988891927901, 13.6522698157722 ], [ -89.184996421287906, 13.652252279986699 ], [ -89.1850072244914, 13.652220644606301 ], [ -89.185034892379505, 13.652139727078699 ], [ -89.185061698991404, 13.6521424375705 ], [ -89.185075016327403, 13.6521437788697 ], [ -89.185120081941605, 13.6521483358264 ], [ -89.185130181563594, 13.6521493559507 ], [ -89.185185346794498, 13.6521549230765 ], [ -89.185230402238702, 13.6521594709818 ], [ -89.185243207351206, 13.652050297146401 ], [ -89.185244542289297, 13.652038893517201 ], [ -89.185254594394905, 13.652003065526801 ], [ -89.185260990878604, 13.651989473372399 ], [ -89.185265989437298, 13.6519788994694 ], [ -89.1852765557109, 13.6519234665322 ], [ -89.185242564333194, 13.651906331711301 ], [ -89.185241413097202, 13.6518751961395 ], [ -89.185245236810403, 13.6518504527746 ], [ -89.185243195224899, 13.651722769331901 ], [ -89.185230275496096, 13.6517333401624 ], [ -89.185224167547304, 13.6517177851306 ], [ -89.185224640432494, 13.6516938677371 ], [ -89.185166051475306, 13.6516668384255 ], [ -89.185158468335302, 13.651664159569901 ], [ -89.185176538716902, 13.651607278370999 ], [ -89.185181541202596, 13.651565308609699 ], [ -89.185191564471495, 13.6514811367718 ], [ -89.185211454028206, 13.6513658219666 ], [ -89.185221048351593, 13.6513390838804 ], [ -89.185254972424104, 13.651293176662 ], [ -89.185271319539495, 13.6512710614242 ], [ -89.185324738226598, 13.651198760262499 ], [ -89.1853617433175, 13.651148676524199 ], [ -89.185492811800898, 13.650993680975599 ], [ -89.185519642151107, 13.6510160971948 ], [ -89.185802157760193, 13.6513197631475 ], [ -89.186193141999098, 13.6518413044544 ], [ -89.186257409297696, 13.6519270118312 ] ] ] ] } },
{ "type": "Feature", "properties": { "qc_id": 103, "name": null, "descriptio": null, "timestamp": null, "begin": null, "end": null, "altitudemo": null, "tessellate": -1, "extrude": 0, "visibility": -1, "draworder": null, "icon": null, "objectid_1": 56, "fid_1": 57, "text_1": "URBANIZACION EL CARMEN", "shape_leng": 652.833537965, "shape_area": 23368.5977981, "fid_2": 0, "zona": 0, "viviendas": null }, "geometry": { "type": "MultiPolygon", "coordinates": [ [ [ [ -89.185017215917796, 13.6531062670457 ], [ -89.184991309104902, 13.6532006313785 ], [ -89.184976870887496, 13.6532549653661 ], [ -89.184963095012094, 13.6533100011803 ], [ -89.184951036625804, 13.6533581778579 ], [ -89.184939389480604, 13.6533992179824 ], [ -89.184927176355998, 13.653442220885699 ], [ -89.184914385875999, 13.6534856499566 ], [ -89.184901594474098, 13.6535290880663 ], [ -89.184878977205003, 13.653605891771001 ], [ -89.184852177939405, 13.6537079859557 ], [ -89.184783288244603, 13.6539434144388 ], [ -89.184775529241193, 13.653969919729199 ], [ -89.184618995272302, 13.6539403073205 ], [ -89.184607140805497, 13.653934004328301 ], [ -89.184593511158397, 13.6539823765038 ], [ -89.184378135955001, 13.653929926931699 ], [ -89.184261327815307, 13.6539018681289 ], [ -89.184254431640696, 13.6539313899543 ], [ -89.184251440307904, 13.653942804761201 ], [ -89.184217808356706, 13.6540709216788 ], [ -89.184081118197099, 13.654036601947899 ], [ -89.184050219387004, 13.654029016096301 ], [ -89.183960607878205, 13.654006925091799 ], [ -89.183901516885001, 13.653992085771 ], [ -89.183884656026805, 13.6539864517539 ], [ -89.183815147148906, 13.6539631886791 ], [ -89.183812269241599, 13.653962468619 ], [ -89.183740114644806, 13.6539458068307 ], [ -89.183663018500596, 13.6539264542039 ], [ -89.183646356588596, 13.6539222743873 ], [ -89.183646752859005, 13.6539207654923 ], [ -89.183588675133393, 13.653906174814299 ], [ -89.183576936083, 13.6539032314602 ], [ -89.183519800651794, 13.6538832627972 ], [ -89.183454778818799, 13.653860551262801 ], [ -89.1833767198994, 13.6538332766336 ], [ -89.183336483439206, 13.653819209504199 ], [ -89.183304562054602, 13.653811171470201 ], [ -89.183301380699803, 13.6538100909766 ], [ -89.183224771171396, 13.6537840743432 ], [ -89.183191808522494, 13.6537765649446 ], [ -89.183156841885193, 13.6537712869406 ], [ -89.183094603353297, 13.653761855056199 ], [ -89.183058306608501, 13.653750580692 ], [ -89.183065791023907, 13.653735618386399 ], [ -89.183127178824506, 13.653612821162801 ], [ -89.183203211418004, 13.653348009457099 ], [ -89.183262400275794, 13.6530877921168 ], [ -89.183323720193002, 13.652841503081699 ], [ -89.183335384627497, 13.6527013790603 ], [ -89.183372440365403, 13.6525933071691 ], [ -89.183667513073303, 13.6526893200377 ], [ -89.184124650932006, 13.652795911556799 ], [ -89.184330458272996, 13.652838528734399 ], [ -89.184450506147499, 13.652846139896001 ], [ -89.184552583101606, 13.652833910454399 ], [ -89.184731941977404, 13.6528472799589 ], [ -89.184738387788798, 13.652848172683299 ], [ -89.184794472751904, 13.6528559700164 ], [ -89.184785820156407, 13.652889742383801 ], [ -89.184742579875603, 13.653039303349701 ], [ -89.184762118588495, 13.6530440368255 ], [ -89.184807605371603, 13.6530550446147 ], [ -89.184847337321898, 13.6530646602051 ], [ -89.184861233979504, 13.653068018571799 ], [ -89.184882183441502, 13.653073093553401 ], [ -89.184915052765106, 13.6530830469252 ], [ -89.184922570002499, 13.6530853181815 ], [ -89.185017215917796, 13.6531062670457 ] ] ] ] } },
{ "type": "Feature", "properties": { "qc_id": 104, "name": null, "descriptio": null, "timestamp": null, "begin": null, "end": null, "altitudemo": null, "tessellate": -1, "extrude": 0, "visibility": -1, "draworder": null, "icon": null, "objectid_1": 57, "fid_1": 58, "text_1": "URBANIZACION VALLE DE SAN MARCOS", "shape_leng": 1059.6512261800001, "shape_area": 47052.578433100003, "fid_2": 0, "zona": 0, "viviendas": null }, "geometry": { "type": "MultiPolygon", "coordinates": [ [ [ [ -89.185492811800898, 13.650993680975599 ], [ -89.1853617433175, 13.651148676524199 ], [ -89.185324738226598, 13.651198760262499 ], [ -89.185271319539495, 13.6512710614242 ], [ -89.185254972424104, 13.651293176662 ], [ -89.185221048351593, 13.6513390838804 ], [ -89.185211454028206, 13.6513658219666 ], [ -89.185191564471495, 13.6514811367718 ], [ -89.185181541202596, 13.651565308609699 ], [ -89.185176538716902, 13.651607278370999 ], [ -89.185158468335302, 13.651664159569901 ], [ -89.185166051475306, 13.6516668384255 ], [ -89.185224640425403, 13.651693858698099 ], [ -89.185224167547304, 13.6517177851306 ], [ -89.185230275496096, 13.6517333401624 ], [ -89.185243195224899, 13.651722769331901 ], [ -89.185245236810403, 13.6518504527746 ], [ -89.185241413097202, 13.6518751961395 ], [ -89.185242564333194, 13.651906331711301 ], [ -89.1852765557109, 13.6519234665322 ], [ -89.185265989437298, 13.6519788994694 ], [ -89.185260990885695, 13.651989482411301 ], [ -89.185254594394905, 13.652003065526801 ], [ -89.185244542289297, 13.652038893517201 ], [ -89.185243207351206, 13.652050297146401 ], [ -89.185230402238702, 13.6521594709818 ], [ -89.185185346794498, 13.6521549230765 ], [ -89.185130181563594, 13.6521493559507 ], [ -89.185120081941605, 13.6521483358264 ], [ -89.185075016327403, 13.6521437788697 ], [ -89.185061698991404, 13.6521424375705 ], [ -89.185034892379505, 13.652139727078699 ], [ -89.1850072244914, 13.652220644606301 ], [ -89.184996421287906, 13.652252279986699 ], [ -89.184988891927901, 13.6522698157722 ], [ -89.184976184931799, 13.6522994260534 ], [ -89.184963813305998, 13.652333552840201 ], [ -89.184927367899903, 13.652433969435201 ], [ -89.184923495898403, 13.6524455512297 ], [ -89.184894134685607, 13.6525512285786 ], [ -89.184887487381403, 13.6525844254696 ], [ -89.184854851507097, 13.6525821080153 ], [ -89.184847392982604, 13.6526063000187 ], [ -89.184826911115493, 13.652642209046199 ], [ -89.184804708751798, 13.652681165487801 ], [ -89.184782967671097, 13.6527284419253 ], [ -89.184752335020093, 13.6527700332205 ], [ -89.184745029799601, 13.652808201114899 ], [ -89.184738387788798, 13.652848172683299 ], [ -89.184731941977404, 13.6528472799589 ], [ -89.184552583101606, 13.652833910454399 ], [ -89.184450506147499, 13.652846139896001 ], [ -89.184330458272996, 13.652838528734399 ], [ -89.184124650932006, 13.652795911556799 ], [ -89.183667513073303, 13.6526893200377 ], [ -89.183372440365403, 13.6525933071691 ], [ -89.183438049818903, 13.6524348806339 ], [ -89.183536938209201, 13.6521448114236 ], [ -89.183605193792005, 13.6519936393272 ], [ -89.183697672643902, 13.651798086900101 ], [ -89.183817127034004, 13.651459806572801 ], [ -89.183890648417204, 13.6512525402128 ], [ -89.183840102946704, 13.651236231984999 ], [ -89.183698816122401, 13.6511900392108 ], [ -89.183724984516502, 13.6511154176661 ], [ -89.183568902914899, 13.651044624641999 ], [ -89.183558429342497, 13.6510617928896 ], [ -89.183543937491194, 13.6510476613796 ], [ -89.183467471155097, 13.6509730414232 ], [ -89.183376978059997, 13.651081199289401 ], [ -89.183317577215007, 13.651020034582 ], [ -89.183319107296498, 13.6510039278563 ], [ -89.183325650529, 13.650935411421401 ], [ -89.1832929685865, 13.6508250495247 ], [ -89.183475864639803, 13.6506188406407 ], [ -89.183345821948805, 13.650598408390501 ], [ -89.183360256481294, 13.6503932597626 ], [ -89.183401144187897, 13.650356631502399 ], [ -89.1834112645098, 13.6503475624157 ], [ -89.183482004613694, 13.650252692054201 ], [ -89.183534195182105, 13.6501826790472 ], [ -89.183534781502999, 13.6501819102995 ], [ -89.183538720412201, 13.6501837766127 ], [ -89.183542659322299, 13.650185643829801 ], [ -89.183628696657607, 13.6502262683913 ], [ -89.183712280999103, 13.650265746809801 ], [ -89.183862285017696, 13.650335442442101 ], [ -89.183927446666502, 13.6503691225218 ], [ -89.183951876162695, 13.650381747919401 ], [ -89.184038716370097, 13.650432395922399 ], [ -89.184099563995602, 13.6504678833578 ], [ -89.184157918849706, 13.650498661548699 ], [ -89.184413681295993, 13.650110343163799 ], [ -89.184685168696802, 13.6502576133594 ], [ -89.184880376351103, 13.6504134652413 ], [ -89.184893522398497, 13.6504239613186 ], [ -89.185117042223794, 13.6506550689286 ], [ -89.1852412158796, 13.6507834567371 ], [ -89.185492811800898, 13.650993680975599 ] ] ] ] } },
{ "type": "Feature", "properties": { "qc_id": 105, "name": null, "descriptio": null, "timestamp": null, "begin": null, "end": null, "altitudemo": null, "tessellate": -1, "extrude": 0, "visibility": -1, "draworder": null, "icon": null, "objectid_1": 59, "fid_1": 60, "text_1": "COLONIA MONTECRISTO", "shape_leng": 1150.98395678, "shape_area": 55310.5804374, "fid_2": 0, "zona": 0, "viviendas": null }, "geometry": { "type": "MultiPolygon", "coordinates": [ [ [ [ -89.183605193792005, 13.6519936393272 ], [ -89.183536938216207, 13.6521448204625 ], [ -89.183438059069601, 13.652434890569801 ], [ -89.183372440365403, 13.6525933071691 ], [ -89.183335384627497, 13.6527013790603 ], [ -89.183323720193002, 13.652841503081699 ], [ -89.183262400275794, 13.6530877921168 ], [ -89.183203211424996, 13.653348018496001 ], [ -89.183127178824506, 13.653612821162801 ], [ -89.183065791023907, 13.653735618386399 ], [ -89.183058306616203, 13.6537505906348 ], [ -89.183004403158506, 13.6538584146902 ], [ -89.182922676531007, 13.653994944507 ], [ -89.182854681605903, 13.654154566711799 ], [ -89.182797868133306, 13.654134986316199 ], [ -89.182644562488093, 13.654094152022999 ], [ -89.182631005925103, 13.654138377873201 ], [ -89.182617071349298, 13.654183834203 ], [ -89.182603164432606, 13.654229207353101 ], [ -89.182589239089793, 13.6542746645782 ], [ -89.182404808717195, 13.654277022316201 ], [ -89.182399399105094, 13.654379923810501 ], [ -89.182281700043205, 13.654386564314301 ], [ -89.182276011224104, 13.654386893029001 ], [ -89.182229884588693, 13.6543805312612 ], [ -89.182194150986106, 13.654375605303599 ], [ -89.182192901410801, 13.654375708369299 ], [ -89.182124209761199, 13.654381210637199 ], [ -89.182054234828598, 13.6543910371607 ], [ -89.181990552772604, 13.6543999786144 ], [ -89.181967797320794, 13.654397487148101 ], [ -89.181975105935805, 13.6543391697323 ], [ -89.181982433893197, 13.6542807691434 ], [ -89.181983534400601, 13.654271975248401 ], [ -89.181993731264896, 13.6541907293275 ], [ -89.181993114770606, 13.654103557344801 ], [ -89.181993956899802, 13.654078593881501 ], [ -89.181996075688602, 13.654015671349599 ], [ -89.181999287125706, 13.653920666099699 ], [ -89.181999638662901, 13.653910309022301 ], [ -89.181999233129005, 13.653827006452699 ], [ -89.181999154309196, 13.6538111513066 ], [ -89.181998827179896, 13.6537431669701 ], [ -89.182001891495105, 13.6536658781502 ], [ -89.182006299383701, 13.653638292562601 ], [ -89.182006308547699, 13.6536381904158 ], [ -89.182019086918004, 13.6535533324283 ], [ -89.182051291781704, 13.653463202107501 ], [ -89.182059500757106, 13.653442083778 ], [ -89.182029122022101, 13.6533980947641 ], [ -89.182069137220907, 13.653273407310399 ], [ -89.182054025928295, 13.653204202814299 ], [ -89.182028133300605, 13.653135737548199 ], [ -89.181999763716803, 13.653081787938699 ], [ -89.182031252982597, 13.653081042419901 ], [ -89.182113735997007, 13.6531022138197 ], [ -89.182129383750294, 13.653106238117701 ], [ -89.182125358079006, 13.653065191656401 ], [ -89.182119056107496, 13.653030421713 ], [ -89.182115882485405, 13.652977239843199 ], [ -89.182119407691502, 13.652934197414799 ], [ -89.182098091605496, 13.6529198946153 ], [ -89.182064380770299, 13.652776712030301 ], [ -89.181877948842796, 13.652576182801999 ], [ -89.1818514823849, 13.6525842642064 ], [ -89.181830218727697, 13.652588695452399 ], [ -89.181829050546597, 13.6525840774177 ], [ -89.181773116215794, 13.6524648201235 ], [ -89.181724114016205, 13.6523753057502 ], [ -89.181753690742994, 13.6523612979391 ], [ -89.181766167029295, 13.6523519587231 ], [ -89.181770959929196, 13.652173150476001 ], [ -89.1817718520537, 13.6521399027857 ], [ -89.181773968831706, 13.6520611702413 ], [ -89.181775081971296, 13.6520196942399 ], [ -89.181776663617995, 13.651960140914801 ], [ -89.181778788575897, 13.6518812330084 ], [ -89.181779322179395, 13.651861276440799 ], [ -89.181780647368399, 13.6518119327884 ], [ -89.181782192446803, 13.6517541005041 ], [ -89.181784133897196, 13.6516817278867 ], [ -89.181784722264794, 13.6516596796677 ], [ -89.181786997434898, 13.6515909621509 ], [ -89.181787747138301, 13.651568377803301 ], [ -89.181788949220504, 13.6515319635421 ], [ -89.181790733718302, 13.651477760214799 ], [ -89.181791288984101, 13.651460719593199 ], [ -89.181793378906704, 13.6513974816187 ], [ -89.181806716136094, 13.651289530535299 ], [ -89.181812068440607, 13.6512461622596 ], [ -89.181819920653993, 13.6511689440135 ], [ -89.181833816515805, 13.651121265980301 ], [ -89.181850090366595, 13.651078111985299 ], [ -89.181851488917403, 13.651074658979599 ], [ -89.181869021526694, 13.6510313558137 ], [ -89.181882481899095, 13.651008604786901 ], [ -89.181902236778996, 13.6509752410022 ], [ -89.181910687080702, 13.650960305132401 ], [ -89.181925053971199, 13.6509349059267 ], [ -89.181942851757299, 13.650903459841899 ], [ -89.181948201534297, 13.650893903530999 ], [ -89.181976591006702, 13.650852073806201 ], [ -89.181997087739106, 13.6508218749018 ], [ -89.1821806348254, 13.650844915738 ], [ -89.182215014269005, 13.650849240707901 ], [ -89.182247092927298, 13.650853261861901 ], [ -89.182254949572993, 13.6508535244957 ], [ -89.182405630795898, 13.6508585586409 ], [ -89.182430173362306, 13.650858513317999 ], [ -89.182429873902805, 13.650900229156701 ], [ -89.182420650149396, 13.650954670309501 ], [ -89.182419339877995, 13.6509611033919 ], [ -89.182433026746594, 13.650962315303101 ], [ -89.182450593684905, 13.650962219111801 ], [ -89.182540223355701, 13.6509617548815 ], [ -89.182838303400601, 13.650959403858099 ], [ -89.182834911670099, 13.6508826476931 ], [ -89.182748877150701, 13.6508695681216 ], [ -89.182714104944594, 13.650773731471601 ], [ -89.183035123278998, 13.6507173925517 ], [ -89.183063117350002, 13.6507152710635 ], [ -89.183073321289797, 13.650825454485499 ], [ -89.183074771598697, 13.6508410211739 ], [ -89.183061971538805, 13.650884274804501 ], [ -89.183081434186803, 13.6510337797649 ], [ -89.183132165754998, 13.651144386761199 ], [ -89.183212760293003, 13.6512325440791 ], [ -89.183272905138594, 13.6513007242828 ], [ -89.183330646845207, 13.651371248252801 ], [ -89.183387738443301, 13.651419965345401 ], [ -89.183417762644495, 13.651568750130901 ], [ -89.183477722360095, 13.6517394663574 ], [ -89.183530213187495, 13.651919944775001 ], [ -89.183605193792005, 13.6519936393272 ] ] ] ] } },
{ "type": "Feature", "properties": { "qc_id": 106, "name": null, "descriptio": null, "timestamp": null, "begin": null, "end": null, "altitudemo": null, "tessellate": -1, "extrude": 0, "visibility": -1, "draworder": null, "icon": null, "objectid_1": 60, "fid_1": 61, "text_1": "COLONIA ABARCA", "shape_leng": 370.75519598900001, "shape_area": 4976.7080924800002, "fid_2": 0, "zona": 0, "viviendas": null }, "geometry": { "type": "MultiPolygon", "coordinates": [ [ [ [ -89.183890648417204, 13.6512525402128 ], [ -89.183817127034004, 13.651459806572801 ], [ -89.183697672643902, 13.651798086900101 ], [ -89.183605193792005, 13.6519936393272 ], [ -89.183530213187495, 13.651919944775001 ], [ -89.183477722360095, 13.6517394663574 ], [ -89.183417762644495, 13.651568750130901 ], [ -89.183387738443301, 13.651419965345401 ], [ -89.183330646845207, 13.651371248252801 ], [ -89.183272905131503, 13.651300715243901 ], [ -89.183212760293003, 13.6512325440791 ], [ -89.183132156512102, 13.651144386768101 ], [ -89.183081434193895, 13.651033788803799 ], [ -89.183061971545797, 13.650884283843499 ], [ -89.183074771598697, 13.6508410211739 ], [ -89.183073321289797, 13.650825454485499 ], [ -89.183105414375007, 13.6508230605804 ], [ -89.1832929685865, 13.6508250495247 ], [ -89.183325650529, 13.650935411421401 ], [ -89.183319107296498, 13.6510039278563 ], [ -89.183317577215007, 13.651020034582 ], [ -89.183376978059997, 13.651081199289401 ], [ -89.183467471155097, 13.6509730414232 ], [ -89.183543937491194, 13.6510476613796 ], [ -89.183558429342497, 13.6510617928896 ], [ -89.183568902914899, 13.651044624641999 ], [ -89.183724984516502, 13.6511154176661 ], [ -89.183698816122401, 13.6511900392108 ], [ -89.183840102946704, 13.651236231984999 ], [ -89.183890648417204, 13.6512525402128 ] ] ] ] } },
{ "type": "Feature", "properties": { "qc_id": 108, "name": null, "descriptio": null, "timestamp": null, "begin": null, "end": null, "altitudemo": null, "tessellate": -1, "extrude": 0, "visibility": -1, "draworder": null, "icon": null, "objectid_1": 62, "fid_1": 63, "text_1": "COLONIA SANTA PAULA", "shape_leng": 1656.0390143100001, "shape_area": 39070.215760699997, "fid_2": 0, "zona": 0, "viviendas": null }, "geometry": { "type": "MultiPolygon", "coordinates": [ [ [ [ -89.181936405930401, 13.6550506695694 ], [ -89.181715016744207, 13.6550555353194 ], [ -89.181609036778994, 13.6550408973124 ], [ -89.181510811043097, 13.6550289552754 ], [ -89.181481154134204, 13.6550245535068 ], [ -89.181390082221398, 13.6550110234238 ], [ -89.181306172723197, 13.654995063782801 ], [ -89.181237915727294, 13.6549747412323 ], [ -89.181196441994999, 13.654964840712401 ], [ -89.181098082283498, 13.654987701237699 ], [ -89.181027011230299, 13.6550015542193 ], [ -89.181017923270403, 13.6549616585111 ], [ -89.181002555372601, 13.6549166676553 ], [ -89.180948012028793, 13.654846723806999 ], [ -89.180900310511106, 13.6548117628403 ], [ -89.180909487448901, 13.6547943362452 ], [ -89.180911401548201, 13.6547725374344 ], [ -89.180917635201098, 13.654693441223801 ], [ -89.180918911183696, 13.6546543712768 ], [ -89.180923714737304, 13.654636290767501 ], [ -89.180924310513404, 13.654635772397899 ], [ -89.180939057883194, 13.6546371408896 ], [ -89.180986251135593, 13.654638642780499 ], [ -89.181010432677894, 13.654637374896801 ], [ -89.181006665704004, 13.654587563169899 ], [ -89.181000941981097, 13.6544680924871 ], [ -89.180976429279696, 13.654470202138899 ], [ -89.180969880408895, 13.654471150623699 ], [ -89.180929621397993, 13.654476984150699 ], [ -89.180925820058107, 13.6544689802548 ], [ -89.180909767395207, 13.654468566330801 ], [ -89.180906977702904, 13.654446742959401 ], [ -89.180904130770202, 13.6544129891338 ], [ -89.180902821971699, 13.6543973843673 ], [ -89.180902591204699, 13.654379761316401 ], [ -89.1809026279889, 13.6543170346638 ], [ -89.180912328819403, 13.654316213118801 ], [ -89.180950174412601, 13.654310326232901 ], [ -89.180980249690606, 13.654306009700401 ], [ -89.180977146696804, 13.654283038614899 ], [ -89.180968196991302, 13.6542269730428 ], [ -89.180936320852993, 13.654167184930801 ], [ -89.180889173038807, 13.6541260960564 ], [ -89.180807647368795, 13.6540700838534 ], [ -89.180639211398898, 13.653983619115801 ], [ -89.180561244618602, 13.6539399423694 ], [ -89.180494740023505, 13.6538973671672 ], [ -89.180435306267299, 13.653830602171499 ], [ -89.180434870390101, 13.6538299083007 ], [ -89.180478378355602, 13.6538025805828 ], [ -89.180573187026098, 13.6537768259312 ], [ -89.180615513113594, 13.653764364497301 ], [ -89.180608717054298, 13.653726254086999 ], [ -89.180561208731405, 13.653610294067001 ], [ -89.180536622174202, 13.6535642460651 ], [ -89.180467927676602, 13.653417627032701 ], [ -89.180458200021505, 13.6534087398545 ], [ -89.180438341787706, 13.6531730071196 ], [ -89.180458922180406, 13.6530790638718 ], [ -89.180483462477895, 13.6530155409803 ], [ -89.1804913009031, 13.6529799281303 ], [ -89.180489344417893, 13.652909196244 ], [ -89.180489276028297, 13.652906798263301 ], [ -89.180464618449705, 13.6528186731346 ], [ -89.180461641531494, 13.6527744134368 ], [ -89.180395647609203, 13.652619925808001 ], [ -89.180373810120898, 13.6523450143216 ], [ -89.180287273141801, 13.6522449019162 ], [ -89.180235941841602, 13.6522029825906 ], [ -89.180241512054906, 13.6521360026709 ], [ -89.180183321411604, 13.6520479762068 ], [ -89.180151417146405, 13.6520002947655 ], [ -89.180126050795494, 13.6519241557541 ], [ -89.180107253724003, 13.651874993166199 ], [ -89.180096909829601, 13.6518144488792 ], [ -89.180095939468998, 13.6517832571098 ], [ -89.180098422735398, 13.651775619194099 ], [ -89.180178025332495, 13.651670515737599 ], [ -89.180215845049304, 13.651619331235599 ], [ -89.180220027798498, 13.651531720949601 ], [ -89.180211673223297, 13.6514486004543 ], [ -89.180197653073805, 13.6513333190395 ], [ -89.180182201725998, 13.6512404199933 ], [ -89.180159625202705, 13.6510765334209 ], [ -89.180130223787799, 13.6509971397291 ], [ -89.180099078448606, 13.6509143685546 ], [ -89.1800955842767, 13.6508619922589 ], [ -89.180112777293999, 13.650770726134599 ], [ -89.180102351490603, 13.650676786633801 ], [ -89.180064336168002, 13.650632886124001 ], [ -89.180038406813097, 13.6505889677209 ], [ -89.180014346270795, 13.650414502136901 ], [ -89.180011947321006, 13.6503583955701 ], [ -89.180017761932206, 13.650202540082899 ], [ -89.180008089825293, 13.6501162921633 ], [ -89.1800031736703, 13.649975152694999 ], [ -89.1799089743199, 13.6498301176988 ], [ -89.179873123018794, 13.649658253090299 ], [ -89.180050886764903, 13.6496198403688 ], [ -89.180066803967804, 13.6496163948201 ], [ -89.1802462378119, 13.6495707242722 ], [ -89.180424952615894, 13.649525211398499 ], [ -89.180422891669394, 13.6497507697496 ], [ -89.180430631859807, 13.6498342151923 ], [ -89.180440748052803, 13.649870240605001 ], [ -89.180450276670001, 13.649904202858201 ], [ -89.180458477141102, 13.6499334079869 ], [ -89.180474705307006, 13.6499906903104 ], [ -89.180478396558499, 13.650051674241601 ], [ -89.180480811853897, 13.650091602895699 ], [ -89.180480841429997, 13.650092805957 ], [ -89.180481396724005, 13.6501142233206 ], [ -89.180483650017095, 13.650200792126 ], [ -89.180480772416502, 13.650237734582699 ], [ -89.1804784201546, 13.6502679010636 ], [ -89.180486424697193, 13.6503019286098 ], [ -89.180500696935994, 13.6503626001615 ], [ -89.180513630144802, 13.650417579969901 ], [ -89.180514522226602, 13.6504213829015 ], [ -89.180528756455701, 13.6504818872586 ], [ -89.180543550787107, 13.650544770252999 ], [ -89.180569265163498, 13.6506540728445 ], [ -89.180573860963193, 13.6506736550472 ], [ -89.180603012942299, 13.650797597290699 ], [ -89.180608957017697, 13.6508228522456 ], [ -89.180467395198207, 13.650886895836599 ], [ -89.180437391092497, 13.650897885705101 ], [ -89.180446998248598, 13.6509353748941 ], [ -89.180484180461093, 13.651089494992901 ], [ -89.180514416787105, 13.651084788819899 ], [ -89.180728247197095, 13.6511016629322 ], [ -89.180766502340305, 13.6512240247843 ], [ -89.180738292399397, 13.651254451612701 ], [ -89.180737303694698, 13.651272861950099 ], [ -89.180737142088503, 13.651297103604101 ], [ -89.1807329667635, 13.6513568341856 ], [ -89.180594008460005, 13.651347560182099 ], [ -89.180560359829201, 13.651345307982 ], [ -89.180539489824199, 13.6513446851559 ], [ -89.180544187045896, 13.6513735593152 ], [ -89.180552799941907, 13.651435438099201 ], [ -89.180590488327198, 13.6514348554335 ], [ -89.180813660274495, 13.6514509723789 ], [ -89.180816487599699, 13.6515458430216 ], [ -89.180818527341998, 13.651614149700301 ], [ -89.180819567107704, 13.6516489325872 ], [ -89.180967167304402, 13.6516588753127 ], [ -89.180959755524697, 13.6517683224523 ], [ -89.180958108691897, 13.6517926763779 ], [ -89.180981951869498, 13.651880570663399 ], [ -89.180999729286299, 13.651946098937101 ], [ -89.181018684849207, 13.6520159939581 ], [ -89.181032162292794, 13.652065670188801 ], [ -89.181028255231595, 13.652117200449201 ], [ -89.181027674205097, 13.652124864090601 ], [ -89.181027197116194, 13.6521438760454 ], [ -89.181025948008596, 13.6521938035525 ], [ -89.181024791145603, 13.6522398894421 ], [ -89.181023285162595, 13.652299525864001 ], [ -89.181022577462301, 13.6523275443886 ], [ -89.181020649352106, 13.6524043505883 ], [ -89.181020364118993, 13.652415643146499 ], [ -89.1809972973914, 13.6524143639414 ], [ -89.180991309874599, 13.652504511892699 ], [ -89.180988493827101, 13.6525469056915 ], [ -89.180985886724997, 13.652578562883299 ], [ -89.180982210147306, 13.652598123144299 ], [ -89.180979599584902, 13.652612073958201 ], [ -89.1809813742057, 13.6526312596108 ], [ -89.180984544263694, 13.652641716235401 ], [ -89.180982835308498, 13.6526718271072 ], [ -89.180982394899004, 13.6526784547824 ], [ -89.180981637442002, 13.652689867905799 ], [ -89.180976425898194, 13.6527686578562 ], [ -89.1810007143078, 13.6527707867284 ], [ -89.181029576316405, 13.6527755606407 ], [ -89.181020651059995, 13.652861673963301 ], [ -89.181033581355393, 13.652863303204599 ], [ -89.181024714650306, 13.652964244865201 ], [ -89.181024460323101, 13.652966456881201 ], [ -89.181013902356199, 13.653058061656999 ], [ -89.181052668662204, 13.653056190982101 ], [ -89.181071731219305, 13.6530572317908 ], [ -89.181087066849202, 13.6530976688514 ], [ -89.181110003069804, 13.6531502341865 ], [ -89.181112954415696, 13.653159923564401 ], [ -89.1811148901878, 13.653166308149901 ], [ -89.181121596705694, 13.6531864808363 ], [ -89.181123314841898, 13.653192311494999 ], [ -89.181136951481307, 13.653238552803201 ], [ -89.181155286769595, 13.6533033674788 ], [ -89.181169607024401, 13.6533527185805 ], [ -89.181179452656707, 13.6533923353281 ], [ -89.181185691928505, 13.653407075954 ], [ -89.181188508773303, 13.653413737385099 ], [ -89.1811973085792, 13.653435973020899 ], [ -89.181210834522602, 13.6534488751798 ], [ -89.181268275525696, 13.6534723521668 ], [ -89.181290416816793, 13.653599113305001 ], [ -89.1812922708516, 13.653609765232799 ], [ -89.181289747170197, 13.653651280232801 ], [ -89.181287578443801, 13.6536868328862 ], [ -89.181276031657802, 13.6536862493477 ], [ -89.181276712679093, 13.653760351882701 ], [ -89.181289974500402, 13.653885027954299 ], [ -89.181297364977496, 13.653956681413 ], [ -89.181297408061297, 13.654012568242001 ], [ -89.181310601402501, 13.654048387968301 ], [ -89.181312090774298, 13.654065593396 ], [ -89.181316512867298, 13.6541042704704 ], [ -89.181320906434195, 13.6541071461332 ], [ -89.181419472741595, 13.6541189578342 ], [ -89.181417208991803, 13.6541415432952 ], [ -89.181411669986801, 13.654199480657899 ], [ -89.181408215141005, 13.6542356733134 ], [ -89.181404703444997, 13.654272458965099 ], [ -89.181404646573398, 13.654273023037 ], [ -89.181397120769901, 13.6543686976299 ], [ -89.181390015869198, 13.654458836465199 ], [ -89.181425851732001, 13.654462132743401 ], [ -89.181559325724606, 13.6544744094465 ], [ -89.181569775676806, 13.654475346300099 ], [ -89.181540016251603, 13.654718815838701 ], [ -89.1815349475023, 13.654760887708999 ], [ -89.181667606321696, 13.654834040404801 ], [ -89.181840244656399, 13.654930609574199 ], [ -89.181930696846294, 13.6549387988397 ], [ -89.181936405930401, 13.6550506695694 ] ] ] ] } },
{ "type": "Feature", "properties": { "qc_id": 109, "name": null, "descriptio": null, "timestamp": null, "begin": null, "end": null, "altitudemo": null, "tessellate": -1, "extrude": 0, "visibility": -1, "draworder": null, "icon": null, "objectid_1": 63, "fid_1": 64, "text_1": "COLONIA LAS CAMPANITAS", "shape_leng": 589.32900096699996, "shape_area": 15651.8443584, "fid_2": 0, "zona": 0, "viviendas": null }, "geometry": { "type": "MultiPolygon", "coordinates": [ [ [ [ -89.182472370429906, 13.649607253918299 ], [ -89.182465688350703, 13.649655527727701 ], [ -89.182316362020899, 13.6498472821195 ], [ -89.182274615653398, 13.6498386953402 ], [ -89.182265015908499, 13.6499327327546 ], [ -89.182262930937796, 13.649953282525299 ], [ -89.182248141214899, 13.6500197414559 ], [ -89.182240049615203, 13.650056178905499 ], [ -89.182228929467399, 13.650106168875899 ], [ -89.182216846808899, 13.650160510001401 ], [ -89.182197045135496, 13.650256211809101 ], [ -89.1821850107616, 13.650261940567299 ], [ -89.182178452720393, 13.650262824914901 ], [ -89.182136947524697, 13.6502602081543 ], [ -89.182134474119096, 13.650304341712699 ], [ -89.182128545678196, 13.650410465080601 ], [ -89.182127975891902, 13.650420656004799 ], [ -89.182125784461206, 13.6504624943669 ], [ -89.1819877968463, 13.650471963580401 ], [ -89.181818654245504, 13.650484926707 ], [ -89.181822093239404, 13.650440338683399 ], [ -89.181768730366301, 13.6504520862742 ], [ -89.181759728721502, 13.650523807886501 ], [ -89.181673288695194, 13.6505383295487 ], [ -89.181656598208505, 13.6505446637143 ], [ -89.181649270492002, 13.650554267578899 ], [ -89.181307441110505, 13.6505258636923 ], [ -89.181272637511498, 13.650523973095 ], [ -89.181271326743996, 13.650541791621899 ], [ -89.1812437074977, 13.6506260955858 ], [ -89.181246074213703, 13.650689163956301 ], [ -89.181163800434703, 13.650680440539601 ], [ -89.181069533197302, 13.6506322031571 ], [ -89.181047857128306, 13.6505437423464 ], [ -89.1810762941153, 13.6505382609839 ], [ -89.181143074252503, 13.6505220691558 ], [ -89.181231212431399, 13.6505018265864 ], [ -89.181203365876897, 13.6503643042525 ], [ -89.181181727348502, 13.6502874132697 ], [ -89.181170404967403, 13.6502479639217 ], [ -89.181158279508196, 13.650221871104399 ], [ -89.181151188665496, 13.6502066231148 ], [ -89.181121447401495, 13.6501530992387 ], [ -89.181086388764996, 13.6500900007085 ], [ -89.181077898109294, 13.6500393491187 ], [ -89.181070776158293, 13.649996888513099 ], [ -89.181125662498005, 13.649997551321601 ], [ -89.181126925166495, 13.6499052691284 ], [ -89.181127803588694, 13.649840922066099 ], [ -89.181128797761104, 13.649767253961899 ], [ -89.181129962203897, 13.6496818486669 ], [ -89.181019762269003, 13.6494446648324 ], [ -89.181369490388505, 13.649407809367 ], [ -89.181574865693804, 13.649386165914301 ], [ -89.1818813487602, 13.649396435437801 ], [ -89.182398188089095, 13.6494137309829 ], [ -89.182472370429906, 13.649607253918299 ] ] ] ] } },
{ "type": "Feature", "properties": { "qc_id": 107, "name": null, "descriptio": null, "timestamp": null, "begin": null, "end": null, "altitudemo": null, "tessellate": -1, "extrude": 0, "visibility": -1, "draworder": null, "icon": null, "objectid_1": 61, "fid_1": 62, "text_1": "COLONIA SANTA LEONOR", "shape_leng": 2663.5042325099998, "shape_area": 90110.940956000006, "fid_2": 0, "zona": 0, "viviendas": null }, "geometry": { "type": "MultiPolygon", "coordinates": [ [ [ [ -89.183777861475505, 13.646994930495 ], [ -89.183753649846196, 13.6471021685231 ], [ -89.183733173183299, 13.647192845319299 ], [ -89.183726900595005, 13.647220635714699 ], [ -89.183707086343006, 13.6472991311347 ], [ -89.183686765471805, 13.6473100409521 ], [ -89.183653245678499, 13.6473028185647 ], [ -89.183650625838297, 13.6473176299244 ], [ -89.183635612725197, 13.647447658185699 ], [ -89.183653447551393, 13.6474524391214 ], [ -89.183641197363997, 13.6474964136852 ], [ -89.183632240358705, 13.6475285474865 ], [ -89.183629814572697, 13.6475373893834 ], [ -89.183611335527502, 13.647604831882999 ], [ -89.183605218751097, 13.6476250511405 ], [ -89.183596826558798, 13.6476525656192 ], [ -89.183584468245499, 13.647693033150899 ], [ -89.183562679652198, 13.6477644209037 ], [ -89.183538451166598, 13.6478502872453 ], [ -89.183515124013894, 13.6479020363285 ], [ -89.183514548602503, 13.647904933738801 ], [ -89.183512125407205, 13.6479171064827 ], [ -89.183498606307893, 13.647984989987201 ], [ -89.183480835604698, 13.6480742944363 ], [ -89.183475792149594, 13.6480995855435 ], [ -89.183459081718794, 13.648190259503 ], [ -89.183456645476298, 13.6482094112231 ], [ -89.183414681063795, 13.648199428283201 ], [ -89.183420499494304, 13.6482208977577 ], [ -89.183405301013593, 13.648259246862199 ], [ -89.183392274926902, 13.648292114938901 ], [ -89.183372863571094, 13.648341120480101 ], [ -89.183367516962406, 13.6483545915866 ], [ -89.183361333131103, 13.648399107563201 ], [ -89.183359310148901, 13.6484136689993 ], [ -89.183362468955494, 13.648422672141701 ], [ -89.183392481305603, 13.648508174421 ], [ -89.183289329716402, 13.648549291739901 ], [ -89.1832844209776, 13.6486134664622 ], [ -89.183280189548498, 13.648637081139899 ], [ -89.183283672355898, 13.6486491021444 ], [ -89.183177675045798, 13.6487913609683 ], [ -89.183163945316906, 13.648880930837899 ], [ -89.183150074840597, 13.648971371261201 ], [ -89.183202690647505, 13.6489740627317 ], [ -89.1831916822414, 13.649046145646 ], [ -89.183181395501293, 13.649132223919199 ], [ -89.183181348644595, 13.649132585511699 ], [ -89.183177860028195, 13.649161762198499 ], [ -89.183168630306199, 13.6492212841768 ], [ -89.183161101301707, 13.6493117198759 ], [ -89.1831546879353, 13.6493535424119 ], [ -89.183118892822407, 13.649547618874299 ], [ -89.1828584113414, 13.649492582968699 ], [ -89.182900853356699, 13.6496790573072 ], [ -89.182929708022797, 13.649735431607199 ], [ -89.182970120085798, 13.649818130452401 ], [ -89.182988196168395, 13.649877364550999 ], [ -89.182981886252904, 13.649929849339699 ], [ -89.182979954041798, 13.649976778249201 ], [ -89.182972773868698, 13.650017926141 ], [ -89.182963636208001, 13.650097283093899 ], [ -89.182951886388096, 13.650201430381999 ], [ -89.182951945899404, 13.650277929608899 ], [ -89.182955269053593, 13.6503152100573 ], [ -89.182965820790997, 13.650350976527999 ], [ -89.182981471584696, 13.650394763072001 ], [ -89.183004319508498, 13.6504548080259 ], [ -89.183034353958305, 13.650568539842601 ], [ -89.183053782017197, 13.6506617882714 ], [ -89.183062754740604, 13.6507113375862 ], [ -89.183063117350002, 13.6507152710635 ], [ -89.183035123278998, 13.6507173925517 ], [ -89.182714104944594, 13.650773731471601 ], [ -89.182748877150701, 13.6508695681216 ], [ -89.182834911670099, 13.6508826476931 ], [ -89.182838303400601, 13.650959403858099 ], [ -89.182540223355701, 13.6509617548815 ], [ -89.182450593684905, 13.650962219111801 ], [ -89.182433026746594, 13.650962315303101 ], [ -89.182419339877995, 13.6509611033919 ], [ -89.182420650149396, 13.650954670309501 ], [ -89.182429873902805, 13.650900229156701 ], [ -89.182430173362306, 13.650858513317999 ], [ -89.182405630795898, 13.6508585586409 ], [ -89.182254949572993, 13.6508535244957 ], [ -89.182247092927298, 13.650853261861901 ], [ -89.182215014269005, 13.650849240707901 ], [ -89.1821806348254, 13.650844915738 ], [ -89.181997087739106, 13.6508218749018 ], [ -89.181976591006702, 13.650852073806201 ], [ -89.181948201534297, 13.650893903530999 ], [ -89.181942851757299, 13.650903459841899 ], [ -89.181925053971199, 13.6509349059267 ], [ -89.181910687080702, 13.650960305132401 ], [ -89.181902236778996, 13.6509752410022 ], [ -89.181882481899095, 13.651008604786901 ], [ -89.181869021526694, 13.6510313558137 ], [ -89.181851488917403, 13.651074658979599 ], [ -89.181850090366595, 13.651078111985299 ], [ -89.181833816515805, 13.651121265980301 ], [ -89.181819920653993, 13.6511689440135 ], [ -89.181812068440607, 13.6512461622596 ], [ -89.181806716136094, 13.651289530535299 ], [ -89.181793378906704, 13.6513974816187 ], [ -89.181791288984101, 13.651460719593199 ], [ -89.181790733718302, 13.651477760214799 ], [ -89.181788949220504, 13.6515319635421 ], [ -89.181787747138301, 13.651568377803301 ], [ -89.181786997434898, 13.6515909621509 ], [ -89.181784722264794, 13.6516596796677 ], [ -89.181784133897196, 13.6516817278867 ], [ -89.181782192446803, 13.6517541005041 ], [ -89.181780647368399, 13.6518119327884 ], [ -89.181779322179395, 13.651861276440799 ], [ -89.181778788575897, 13.6518812330084 ], [ -89.181776663617995, 13.651960140914801 ], [ -89.181775081971296, 13.6520196942399 ], [ -89.181773968831706, 13.6520611702413 ], [ -89.1817718520537, 13.6521399027857 ], [ -89.181770959929196, 13.652173150476001 ], [ -89.181766167029295, 13.6523519587231 ], [ -89.181753690742994, 13.6523612979391 ], [ -89.181724114016205, 13.6523753057502 ], [ -89.181773116215794, 13.6524648201235 ], [ -89.181829050546597, 13.6525840774177 ], [ -89.181830218727697, 13.652588695452399 ], [ -89.1818514823849, 13.6525842642064 ], [ -89.181877948842796, 13.652576182801999 ], [ -89.182064380770299, 13.652776712030301 ], [ -89.182098091605496, 13.6529198946153 ], [ -89.182119407691502, 13.652934197414799 ], [ -89.182115882485405, 13.652977239843199 ], [ -89.182119056107496, 13.653030421713 ], [ -89.182125358079006, 13.653065191656401 ], [ -89.182129383750294, 13.653106238117701 ], [ -89.182113735997007, 13.6531022138197 ], [ -89.182031252982597, 13.653081042419901 ], [ -89.181999763716803, 13.653081787938699 ], [ -89.182028133300605, 13.653135737548199 ], [ -89.182054025928295, 13.653204202814299 ], [ -89.182069137220907, 13.653273407310399 ], [ -89.182029122022101, 13.6533980947641 ], [ -89.182059500757106, 13.653442083778 ], [ -89.182051291781704, 13.653463202107501 ], [ -89.182019086918004, 13.6535533324283 ], [ -89.182006308547699, 13.6536381904158 ], [ -89.182006299383701, 13.653638292562601 ], [ -89.182001891495105, 13.6536658781502 ], [ -89.181998827179896, 13.6537431669701 ], [ -89.181999154309196, 13.6538111513066 ], [ -89.181999233129005, 13.653827006452699 ], [ -89.181999638662901, 13.653910309022301 ], [ -89.181999287125706, 13.653920666099699 ], [ -89.181996075688602, 13.654015671349599 ], [ -89.181993956899802, 13.654078593881501 ], [ -89.181993114770606, 13.654103557344801 ], [ -89.181993731264896, 13.6541907293275 ], [ -89.181983534400601, 13.654271975248401 ], [ -89.181982433893197, 13.6542807691434 ], [ -89.181975105935805, 13.6543391697323 ], [ -89.181967797320794, 13.654397487148101 ], [ -89.181990552772604, 13.6543999786144 ], [ -89.181996555644005, 13.6545379237569 ], [ -89.182001283372998, 13.6546417342869 ], [ -89.181974743133196, 13.654640764164199 ], [ -89.181980938642099, 13.6547087342128 ], [ -89.181983162892394, 13.654733112394499 ], [ -89.181987925595706, 13.6547722339196 ], [ -89.181996276625995, 13.654849809861 ], [ -89.181957570580394, 13.6548439243257 ], [ -89.181931094274205, 13.654840796556099 ], [ -89.181929784747197, 13.654921120252901 ], [ -89.181930696846294, 13.6549387988397 ], [ -89.181840244656399, 13.654930609574199 ], [ -89.181667606321696, 13.654834040404801 ], [ -89.1815349475023, 13.654760887708999 ], [ -89.181540016251603, 13.654718815838701 ], [ -89.181569775676806, 13.654475346300099 ], [ -89.181559325724606, 13.6544744094465 ], [ -89.181425851732001, 13.654462132743401 ], [ -89.181390015869198, 13.654458836465199 ], [ -89.181397120769901, 13.6543686976299 ], [ -89.181404646573398, 13.654273023037 ], [ -89.181404703444997, 13.654272458965099 ], [ -89.181408215141005, 13.6542356733134 ], [ -89.181411669986801, 13.654199480657899 ], [ -89.181417208991803, 13.6541415432952 ], [ -89.181419472741595, 13.6541189578342 ], [ -89.181320906434195, 13.6541071461332 ], [ -89.181316512867298, 13.6541042704704 ], [ -89.181312090774298, 13.654065593396 ], [ -89.181310601402501, 13.654048387968301 ], [ -89.181297408061297, 13.654012568242001 ], [ -89.181297364977496, 13.653956681413 ], [ -89.181289974500402, 13.653885027954299 ], [ -89.181276712679093, 13.653760351882701 ], [ -89.181276031657802, 13.6536862493477 ], [ -89.181287578443801, 13.6536868328862 ], [ -89.181289747170197, 13.653651280232801 ], [ -89.1812922708516, 13.653609765232799 ], [ -89.181290416816793, 13.653599113305001 ], [ -89.181268275525696, 13.6534723521668 ], [ -89.181210834522602, 13.6534488751798 ], [ -89.1811973085792, 13.653435973020899 ], [ -89.181188508773303, 13.653413737385099 ], [ -89.181185691928505, 13.653407075954 ], [ -89.181179452656707, 13.6533923353281 ], [ -89.181169607024401, 13.6533527185805 ], [ -89.181155286769595, 13.6533033674788 ], [ -89.181136951481307, 13.653238552803201 ], [ -89.181123314841898, 13.653192311494999 ], [ -89.181121596705694, 13.6531864808363 ], [ -89.1811148901878, 13.653166308149901 ], [ -89.181112954415696, 13.653159923564401 ], [ -89.181110003069804, 13.6531502341865 ], [ -89.181087066849202, 13.6530976688514 ], [ -89.181071731219305, 13.6530572317908 ], [ -89.181052668662204, 13.653056190982101 ], [ -89.181013902356199, 13.653058061656999 ], [ -89.181024460323101, 13.652966456881201 ], [ -89.181024714650306, 13.652964244865201 ], [ -89.181033581355393, 13.652863303204599 ], [ -89.181020651059995, 13.652861673963301 ], [ -89.181029576316405, 13.6527755606407 ], [ -89.1810007143078, 13.6527707867284 ], [ -89.180976425898194, 13.6527686578562 ], [ -89.180981637442002, 13.652689867905799 ], [ -89.180982394899004, 13.6526784547824 ], [ -89.180982835308498, 13.6526718271072 ], [ -89.180984544263694, 13.652641716235401 ], [ -89.1809813742057, 13.6526312596108 ], [ -89.180979599584902, 13.652612073958201 ], [ -89.180982210147306, 13.652598123144299 ], [ -89.180985886724997, 13.652578562883299 ], [ -89.180988493827101, 13.6525469056915 ], [ -89.180991309874599, 13.652504511892699 ], [ -89.1809972973914, 13.6524143639414 ], [ -89.181020364118993, 13.652415643146499 ], [ -89.181020649352106, 13.6524043505883 ], [ -89.181022577462301, 13.6523275443886 ], [ -89.181023285162595, 13.652299525864001 ], [ -89.181024791145603, 13.6522398894421 ], [ -89.181025948008596, 13.6521938035525 ], [ -89.181027197116194, 13.6521438760454 ], [ -89.181027674205097, 13.652124864090601 ], [ -89.181028255231595, 13.652117200449201 ], [ -89.181032162292794, 13.652065670188801 ], [ -89.181018684849207, 13.6520159939581 ], [ -89.180999729286299, 13.651946098937101 ], [ -89.180981951869498, 13.651880570663399 ], [ -89.180958108691897, 13.6517926763779 ], [ -89.180959755524697, 13.6517683224523 ], [ -89.180967167304402, 13.6516588753127 ], [ -89.180819567107704, 13.6516489325872 ], [ -89.180818527341998, 13.651614149700301 ], [ -89.180816487599699, 13.6515458430216 ], [ -89.180813660274495, 13.6514509723789 ], [ -89.180590488327198, 13.6514348554335 ], [ -89.180552799941907, 13.651435438099201 ], [ -89.180544187045896, 13.6513735593152 ], [ -89.180539489824199, 13.6513446851559 ], [ -89.180560359829201, 13.651345307982 ], [ -89.180594008460005, 13.651347560182099 ], [ -89.1807329667635, 13.6513568341856 ], [ -89.180737142088503, 13.651297103604101 ], [ -89.180737303694698, 13.651272861950099 ], [ -89.180738292399397, 13.651254451612701 ], [ -89.180766502340305, 13.6512240247843 ], [ -89.180728247197095, 13.6511016629322 ], [ -89.180514416787105, 13.651084788819899 ], [ -89.180484180461093, 13.651089494992901 ], [ -89.180446998248598, 13.6509353748941 ], [ -89.180437391092497, 13.650897885705101 ], [ -89.180467395198207, 13.650886895836599 ], [ -89.180608957017697, 13.6508228522456 ], [ -89.180603012942299, 13.650797597290699 ], [ -89.180726988318696, 13.650757677922201 ], [ -89.180724159323503, 13.650745971860999 ], [ -89.180817656356894, 13.6507157474148 ], [ -89.180916932943404, 13.650680733465601 ], [ -89.180937921112502, 13.650674035534401 ], [ -89.181020953436501, 13.6506475671593 ], [ -89.181069533197302, 13.6506322031571 ], [ -89.181163800434703, 13.650680440539601 ], [ -89.181246074213703, 13.650689163956301 ], [ -89.181243697330601, 13.650626095593299 ], [ -89.181271316576797, 13.650541791629401 ], [ -89.181272637511498, 13.650523973095 ], [ -89.181307441110505, 13.6505258636923 ], [ -89.181649270492002, 13.650554267578899 ], [ -89.181656598208505, 13.6505446637143 ], [ -89.181673288695194, 13.6505383295487 ], [ -89.181759728721502, 13.650523807886501 ], [ -89.181768730366301, 13.6504520862742 ], [ -89.181822083079297, 13.6504403477299 ], [ -89.181818644078405, 13.650484926714601 ], [ -89.181987787596498, 13.6504719545483 ], [ -89.182125784468198, 13.6504625034058 ], [ -89.182127975891902, 13.650420656004799 ], [ -89.182128545678196, 13.650410465080601 ], [ -89.182134474119096, 13.650304341712699 ], [ -89.182136947524697, 13.6502602081543 ], [ -89.182178452720393, 13.650262824914901 ], [ -89.1821850107616, 13.650261940567299 ], [ -89.182197045135496, 13.650256211809101 ], [ -89.182216846808899, 13.650160510001401 ], [ -89.182228929467399, 13.650106168875899 ], [ -89.182240049615203, 13.650056178905499 ], [ -89.182248141214899, 13.6500197414559 ], [ -89.182262930937796, 13.649953282525299 ], [ -89.182265015908499, 13.6499327327546 ], [ -89.182274615653398, 13.6498386953402 ], [ -89.182316362020899, 13.6498472821195 ], [ -89.182465688350703, 13.649655527727701 ], [ -89.182472370429906, 13.649607253918299 ], [ -89.182398188089095, 13.6494137309829 ], [ -89.182414698392506, 13.6492228904099 ], [ -89.182423720328998, 13.649177650141899 ], [ -89.182440351839404, 13.649094251759299 ], [ -89.182442124199298, 13.6490853832425 ], [ -89.182459810791798, 13.6489966619467 ], [ -89.182462036158, 13.6489855532439 ], [ -89.182462139239703, 13.648984989137499 ], [ -89.182483286266702, 13.6489152578961 ], [ -89.182507179600194, 13.648823264412799 ], [ -89.182531787250397, 13.648726336942 ], [ -89.182543833627406, 13.6486742636953 ], [ -89.182535021504194, 13.6486372837908 ], [ -89.182526884449103, 13.6486031262464 ], [ -89.182501308073199, 13.648539141386401 ], [ -89.182500634815796, 13.6485374570274 ], [ -89.182478956800495, 13.6484826691067 ], [ -89.182385072318894, 13.648244279720201 ], [ -89.182358748510296, 13.6481805909724 ], [ -89.182341784844397, 13.64813952608 ], [ -89.1822369379706, 13.6478858445453 ], [ -89.182212009931803, 13.6477780600754 ], [ -89.182191043216207, 13.647738099081399 ], [ -89.182208402769405, 13.647642427094601 ], [ -89.182219092838693, 13.6475623838601 ], [ -89.182133697890706, 13.647468888649501 ], [ -89.182097869178804, 13.647278891309499 ], [ -89.182102004769305, 13.646948749917801 ], [ -89.182234702123495, 13.6469542331609 ], [ -89.182241911325704, 13.6468658152109 ], [ -89.182522716996303, 13.6468681062098 ], [ -89.182514687430299, 13.646973564087199 ], [ -89.182562783000705, 13.646968993547601 ], [ -89.182842327538197, 13.647005050087101 ], [ -89.182832388166105, 13.6470767073657 ], [ -89.182970654078503, 13.647086591651799 ], [ -89.1830565286009, 13.647114369490099 ], [ -89.183127177042195, 13.6470357901719 ], [ -89.1832983231252, 13.6470458251408 ], [ -89.183348466417598, 13.6469481843547 ], [ -89.183777861475505, 13.646994930495 ] ] ] ] } },
{ "type": "Feature", "properties": { "qc_id": 114, "name": null, "descriptio": null, "timestamp": null, "begin": null, "end": null, "altitudemo": null, "tessellate": -1, "extrude": 0, "visibility": -1, "draworder": null, "icon": null, "objectid_1": 69, "fid_1": 70, "text_1": "CANTON CERRO AMATEPEC", "shape_leng": 1333.05635798, "shape_area": 49140.572005000002, "fid_2": 0, "zona": 0, "viviendas": null }, "geometry": { "type": "MultiPolygon", "coordinates": [ [ [ [ -89.187253818457194, 13.669731553355099 ], [ -89.187208432751405, 13.6697692685115 ], [ -89.186928475081899, 13.669926322331101 ], [ -89.1867312323145, 13.6699850706782 ], [ -89.1865393029356, 13.6700825882461 ], [ -89.186433662586197, 13.6701473021513 ], [ -89.186257576708996, 13.670231024921399 ], [ -89.186151341614107, 13.6702744226384 ], [ -89.186142330710098, 13.670274161002499 ], [ -89.186155165130401, 13.670201298387701 ], [ -89.186147537989697, 13.6702045256368 ], [ -89.186063531274897, 13.670240020924201 ], [ -89.185938426584102, 13.6703002967629 ], [ -89.185868668911596, 13.6703276543047 ], [ -89.185725270316993, 13.670380095354201 ], [ -89.185522167499201, 13.6704378944517 ], [ -89.185434565545293, 13.670450853655399 ], [ -89.185326020433806, 13.6704699009666 ], [ -89.185289805691994, 13.670746770896701 ], [ -89.1850459710531, 13.6711755843147 ], [ -89.184987249313807, 13.6714676791297 ], [ -89.184897873549502, 13.671669329911801 ], [ -89.184666246915299, 13.6715303513829 ], [ -89.184407670118205, 13.6714249363253 ], [ -89.184317411649104, 13.6713949594788 ], [ -89.184053270314095, 13.671350765296101 ], [ -89.183838852412805, 13.6713334416648 ], [ -89.183620847998299, 13.671316120524301 ], [ -89.183191799239594, 13.6712606458736 ], [ -89.1832062395099, 13.671218863495699 ], [ -89.183220669607095, 13.6711770811243 ], [ -89.183294089129703, 13.6709645581576 ], [ -89.183301540263002, 13.6709429766707 ], [ -89.183337759883798, 13.670850724533199 ], [ -89.183367081618101, 13.670823360803301 ], [ -89.1833819370394, 13.670792462788 ], [ -89.183400130171407, 13.6707198647797 ], [ -89.183439295557804, 13.6706440576723 ], [ -89.183436398311002, 13.6705939208705 ], [ -89.183443527475006, 13.6704511347543 ], [ -89.183502915157405, 13.6704038114038 ], [ -89.183507747245699, 13.6703486983253 ], [ -89.183556316511698, 13.670182250795101 ], [ -89.183564415420093, 13.6701533662615 ], [ -89.183567167404505, 13.670076595641399 ], [ -89.183569927706998, 13.6699998259186 ], [ -89.183560175883898, 13.6699846902722 ], [ -89.183606698958201, 13.669960895802401 ], [ -89.183635993035196, 13.6699219712638 ], [ -89.183624932591698, 13.669819591906201 ], [ -89.183735027949794, 13.6697381683137 ], [ -89.1837779570306, 13.669704899174199 ], [ -89.183795920159596, 13.6696540616338 ], [ -89.183854847421898, 13.669599879797399 ], [ -89.183848496456307, 13.6695754586347 ], [ -89.183911329904106, 13.6695412020017 ], [ -89.183957298843794, 13.669499274874299 ], [ -89.183971989865498, 13.6693907758899 ], [ -89.183981842426803, 13.6693905280836 ], [ -89.183995878367099, 13.6695210623837 ], [ -89.183991893619805, 13.6695945292989 ], [ -89.184047291594197, 13.6696619725254 ], [ -89.184110479044506, 13.669657204193999 ], [ -89.184176182603196, 13.6696500748003 ], [ -89.184242823379407, 13.6696428425471 ], [ -89.184305240344003, 13.6696339186411 ], [ -89.184369267352196, 13.6696247539806 ], [ -89.184428713747195, 13.6696162589078 ], [ -89.184495020895497, 13.6696067770458 ], [ -89.184559037728107, 13.6695976213823 ], [ -89.184623073967202, 13.6695884656876 ], [ -89.184690271164499, 13.669578862886899 ], [ -89.184754269494704, 13.669569707186501 ], [ -89.184818296475001, 13.669560551447899 ], [ -89.184884906549698, 13.6695507736798 ], [ -89.184948904682699, 13.669541386532201 ], [ -89.184957536292501, 13.669540120917199 ], [ -89.184996968886296, 13.669793109994 ], [ -89.185002515306394, 13.669828675833401 ], [ -89.185036103486695, 13.6698223468116 ], [ -89.1851361505678, 13.669794957666101 ], [ -89.185284298504499, 13.669763885035101 ], [ -89.185381205015403, 13.6697382571324 ], [ -89.185594204906494, 13.669676414796299 ], [ -89.185643056748702, 13.669665049428801 ], [ -89.185684466350295, 13.669710787711301 ], [ -89.185755658781304, 13.669750525142 ], [ -89.185871579218201, 13.6697703376734 ], [ -89.185975274699203, 13.669772249651899 ], [ -89.186108646522101, 13.669776128599899 ], [ -89.1861960639649, 13.669758152686899 ], [ -89.186263129151797, 13.669724280923299 ], [ -89.186393215595302, 13.6696684618557 ], [ -89.186753000447396, 13.669540846597499 ], [ -89.186821131434002, 13.669515313192299 ], [ -89.186832456389098, 13.6695440068194 ], [ -89.186965839807797, 13.6698846605991 ], [ -89.187034075459707, 13.6698604602984 ], [ -89.186900237168302, 13.669518640878501 ], [ -89.186890786227096, 13.669489214580601 ], [ -89.186933906821494, 13.669473058157401 ], [ -89.1870131993428, 13.6694729978729 ], [ -89.187084419509006, 13.6695346244846 ], [ -89.187194324832504, 13.669667853374801 ], [ -89.187253818457194, 13.669731553355099 ] ] ] ] } },
{ "type": "Feature", "properties": { "qc_id": 110, "name": null, "descriptio": null, "timestamp": null, "begin": null, "end": null, "altitudemo": null, "tessellate": -1, "extrude": 0, "visibility": -1, "draworder": null, "icon": null, "objectid_1": 64, "fid_1": 65, "text_1": "COLONIA LAS MERCEDES", "shape_leng": 1759.0840946200001, "shape_area": 79232.635859200003, "fid_2": 0, "zona": 0, "viviendas": null }, "geometry": { "type": "MultiPolygon", "coordinates": [ [ [ [ -89.181027011230299, 13.6550015542193 ], [ -89.180932320360199, 13.655020014533401 ], [ -89.180856083571797, 13.655035352748399 ], [ -89.180865628926099, 13.6550787091359 ], [ -89.180868300042107, 13.655094173700499 ], [ -89.180874755448301, 13.655131516042101 ], [ -89.180888976808205, 13.6551627812156 ], [ -89.180889026447105, 13.6551660306777 ], [ -89.180889673899898, 13.655207459276101 ], [ -89.180887295078193, 13.655252361053 ], [ -89.180882630287996, 13.6553403142675 ], [ -89.180880357736001, 13.6553767745007 ], [ -89.180879609835898, 13.655388613349601 ], [ -89.180875933050501, 13.655432007481799 ], [ -89.180862205349797, 13.6555138398643 ], [ -89.180860613598199, 13.6555233283056 ], [ -89.180860852660999, 13.6556130359857 ], [ -89.180871405956907, 13.6556990057092 ], [ -89.180875615691093, 13.6557332312676 ], [ -89.180878552066503, 13.6557606812698 ], [ -89.180878929765996, 13.6557962889887 ], [ -89.180848313589394, 13.6557994209013 ], [ -89.180871881047594, 13.6558852798169 ], [ -89.180890290955503, 13.6559724287648 ], [ -89.180751339487699, 13.656026113766901 ], [ -89.180507599014405, 13.6561361873169 ], [ -89.180430946934905, 13.6561673339042 ], [ -89.180354133762407, 13.656098128477799 ], [ -89.180329854375302, 13.6560828930737 ], [ -89.180184280675604, 13.6560541583343 ], [ -89.1800854913824, 13.6560237143369 ], [ -89.180048053676003, 13.6560061926501 ], [ -89.180038761914503, 13.6560476375649 ], [ -89.1800295194477, 13.6561281243323 ], [ -89.179862049434504, 13.656143593188199 ], [ -89.1798621347818, 13.6561186203453 ], [ -89.179870830041494, 13.656028369218699 ], [ -89.179741898105306, 13.656026816596199 ], [ -89.179740116627798, 13.655924789970401 ], [ -89.179736691739706, 13.655728438696499 ], [ -89.179735215371807, 13.6556797352599 ], [ -89.179731127693898, 13.6555449721844 ], [ -89.179718630938297, 13.655503663422801 ], [ -89.179728577887502, 13.655453517157399 ], [ -89.1797385155825, 13.655403361859401 ], [ -89.179756665540907, 13.655311853738199 ], [ -89.179776517257196, 13.655316032389999 ], [ -89.179783089817505, 13.6552843723158 ], [ -89.179763002201696, 13.655279926284299 ], [ -89.179774104502599, 13.6552551587057 ], [ -89.1797909138634, 13.655217623067999 ], [ -89.179667317577497, 13.6551763024039 ], [ -89.179636160397393, 13.655189866400899 ], [ -89.1796101804415, 13.6551915883138 ], [ -89.179565147806599, 13.6551678985044 ], [ -89.179551286765005, 13.655162826933701 ], [ -89.179552978608299, 13.655122145951999 ], [ -89.179449062502997, 13.6550951113138 ], [ -89.179265455040195, 13.655047790797299 ], [ -89.179264725729695, 13.6550477452304 ], [ -89.179270131768106, 13.6550123005121 ], [ -89.1792719091397, 13.6549843282186 ], [ -89.179243142932904, 13.6549685211009 ], [ -89.179261789338, 13.654870867077999 ], [ -89.179290633090602, 13.6548016954519 ], [ -89.1793048428231, 13.6547683088074 ], [ -89.179320828670797, 13.654730773801599 ], [ -89.179348653026295, 13.6546654254791 ], [ -89.1793623239097, 13.6546332974445 ], [ -89.179300106228496, 13.654613730125901 ], [ -89.179234035137, 13.6545929426316 ], [ -89.179156527699803, 13.654568555107 ], [ -89.179086820666797, 13.654545650590601 ], [ -89.178935340608206, 13.6545020087775 ], [ -89.178873280347602, 13.6544778684367 ], [ -89.178811503045793, 13.6544660289674 ], [ -89.178796908902797, 13.654466788906999 ], [ -89.178736648675894, 13.6544699240309 ], [ -89.178713335501399, 13.6544802896564 ], [ -89.178625161948702, 13.654519486904499 ], [ -89.178618195303997, 13.6545180294644 ], [ -89.178543070007393, 13.6545023309565 ], [ -89.178462284326102, 13.6544854515286 ], [ -89.178403304845602, 13.6545308011044 ], [ -89.178299193322303, 13.654657561869399 ], [ -89.178267453645205, 13.6547025960871 ], [ -89.178102234321997, 13.654688822953201 ], [ -89.177991818624804, 13.6546785460805 ], [ -89.177854280371903, 13.654696592406999 ], [ -89.177855079681393, 13.6547024228487 ], [ -89.177810348481998, 13.654702974031499 ], [ -89.177781214325606, 13.6547003385514 ], [ -89.177759850425602, 13.6546984567221 ], [ -89.177729938702299, 13.654694294217199 ], [ -89.177700413689493, 13.6546893730621 ], [ -89.177644394703407, 13.654681083249599 ], [ -89.177637922403903, 13.6546586144099 ], [ -89.177613277528295, 13.654648552889901 ], [ -89.177556980813407, 13.654623750923401 ], [ -89.177484794679401, 13.654588251077101 ], [ -89.177435901670606, 13.654554900133499 ], [ -89.177424697829494, 13.6545445974991 ], [ -89.177420226649502, 13.6545404816803 ], [ -89.177415606950206, 13.6545269528169 ], [ -89.177420194661295, 13.654498080942099 ], [ -89.177426612550406, 13.6544484642844 ], [ -89.177440401545198, 13.6543961405687 ], [ -89.1774403759362, 13.654362199369199 ], [ -89.177456898384804, 13.654271081263101 ], [ -89.177468823435206, 13.6542070218274 ], [ -89.177500092350897, 13.654102704358399 ], [ -89.177550686813703, 13.6539718734728 ], [ -89.177613922736796, 13.6538482248263 ], [ -89.177665131211199, 13.653753398281101 ], [ -89.177670274697604, 13.653721276500301 ], [ -89.177695919175207, 13.653725922967601 ], [ -89.177863324957201, 13.6536911665331 ], [ -89.177831697348495, 13.6536582108349 ], [ -89.177867119183404, 13.653564043754599 ], [ -89.177895085867206, 13.653487329023701 ], [ -89.177896229398101, 13.6534838943032 ], [ -89.177919771384694, 13.653413199992499 ], [ -89.177944730670106, 13.653363755201401 ], [ -89.177950050944006, 13.653328356670601 ], [ -89.178035935610495, 13.653353878321701 ], [ -89.178115592370503, 13.653380606633 ], [ -89.178179087797204, 13.653425617942 ], [ -89.178241344674305, 13.6534840240337 ], [ -89.178276622401697, 13.6535121457198 ], [ -89.178288770159995, 13.6534812870109 ], [ -89.1783495023776, 13.653326919342399 ], [ -89.178388787532299, 13.653235211590699 ], [ -89.178507077368494, 13.652959051213999 ], [ -89.178536668455493, 13.6528893422153 ], [ -89.178589353466194, 13.652920005623001 ], [ -89.178745130032794, 13.653014219206099 ], [ -89.178801998977406, 13.6530577175335 ], [ -89.178913272757299, 13.6531398566073 ], [ -89.178980028934006, 13.6531906041608 ], [ -89.179106430649995, 13.653190012276299 ], [ -89.179063179769003, 13.6529699293131 ], [ -89.179020740480397, 13.652721893730799 ], [ -89.179004788058506, 13.652579790605699 ], [ -89.179002537648302, 13.6524586794831 ], [ -89.179044143055293, 13.6524686263764 ], [ -89.179325764329406, 13.652676021222399 ], [ -89.179286508281905, 13.6527931836645 ], [ -89.179296573605001, 13.6528971196183 ], [ -89.179306685490204, 13.653001499349299 ], [ -89.179418125171907, 13.653127650481 ], [ -89.179486392590505, 13.6531371060124 ], [ -89.179550826557502, 13.6531460373537 ], [ -89.179556324072493, 13.6530828249356 ], [ -89.179699602229505, 13.6530819429275 ], [ -89.179734561456698, 13.6530777612737 ], [ -89.179710618190498, 13.6529697164358 ], [ -89.179695913429896, 13.652875178059899 ], [ -89.179726076989397, 13.652874110210901 ], [ -89.179960953763697, 13.6529217544298 ], [ -89.179943440912197, 13.6530048107001 ], [ -89.180079957470696, 13.6530373006654 ], [ -89.180141762485903, 13.653037459677901 ], [ -89.180118758767506, 13.652970083998399 ], [ -89.180106144446, 13.652836725483199 ], [ -89.180141760686695, 13.6528372182302 ], [ -89.180278190044106, 13.652841653087 ], [ -89.180378950855399, 13.6528774176918 ], [ -89.180465898968293, 13.6529082878636 ], [ -89.180489344417893, 13.652909196244 ], [ -89.1804913009031, 13.6529799281303 ], [ -89.180483462477895, 13.6530155409803 ], [ -89.180458922180406, 13.6530790638718 ], [ -89.180438341787706, 13.6531730071196 ], [ -89.180458200021505, 13.6534087398545 ], [ -89.180467927676602, 13.653417627032701 ], [ -89.180536622174202, 13.6535642460651 ], [ -89.180561208731405, 13.653610294067001 ], [ -89.180608717054298, 13.653726254086999 ], [ -89.180615513113594, 13.653764364497301 ], [ -89.180573187026098, 13.6537768259312 ], [ -89.180478378355602, 13.6538025805828 ], [ -89.180434870390101, 13.6538299083007 ], [ -89.180435306267299, 13.653830602171499 ], [ -89.180494740023505, 13.6538973671672 ], [ -89.180561244618602, 13.6539399423694 ], [ -89.180639211398898, 13.653983619115801 ], [ -89.180807647368795, 13.6540700838534 ], [ -89.180889173038807, 13.6541260960564 ], [ -89.180936320852993, 13.654167184930801 ], [ -89.180968196991302, 13.6542269730428 ], [ -89.180977146696804, 13.654283038614899 ], [ -89.180980249690606, 13.654306009700401 ], [ -89.180950174412601, 13.654310326232901 ], [ -89.180912328819403, 13.654316213118801 ], [ -89.1809026279889, 13.6543170346638 ], [ -89.180902591204699, 13.654379761316401 ], [ -89.180902821971699, 13.6543973843673 ], [ -89.180904130770202, 13.6544129891338 ], [ -89.180906977702904, 13.654446742959401 ], [ -89.180909767395207, 13.654468566330801 ], [ -89.180925820058107, 13.6544689802548 ], [ -89.180929621397993, 13.654476984150699 ], [ -89.180969880408895, 13.654471150623699 ], [ -89.180976429279696, 13.654470202138899 ], [ -89.181000941981097, 13.6544680924871 ], [ -89.181006665704004, 13.654587563169899 ], [ -89.181010432677894, 13.654637374896801 ], [ -89.180986251135593, 13.654638642780499 ], [ -89.180939057883194, 13.6546371408896 ], [ -89.180924310513404, 13.654635772397899 ], [ -89.180923714737304, 13.654636290767501 ], [ -89.180918911183696, 13.6546543712768 ], [ -89.180917635201098, 13.654693441223801 ], [ -89.180911401548201, 13.6547725374344 ], [ -89.180909487448901, 13.6547943362452 ], [ -89.180900310511106, 13.6548117628403 ], [ -89.180948012028793, 13.654846723806999 ], [ -89.181002555372601, 13.6549166676553 ], [ -89.181017923270403, 13.6549616585111 ], [ -89.181027011230299, 13.6550015542193 ] ] ] ] } },
{ "type": "Feature", "properties": { "qc_id": 111, "name": null, "descriptio": null, "timestamp": null, "begin": null, "end": null, "altitudemo": null, "tessellate": -1, "extrude": 0, "visibility": -1, "draworder": null, "icon": null, "objectid_1": 65, "fid_1": 66, "text_1": "COLONIA MARABU", "shape_leng": 422.134716239, "shape_area": 9545.3304292600005, "fid_2": 0, "zona": 0, "viviendas": null }, "geometry": { "type": "MultiPolygon", "coordinates": [ [ [ [ -89.181231212431399, 13.6505018265864 ], [ -89.181143074252503, 13.6505220691558 ], [ -89.1810762941153, 13.6505382609839 ], [ -89.181047857128306, 13.6505437423464 ], [ -89.181069533197302, 13.6506322031571 ], [ -89.181020962679298, 13.6506475671525 ], [ -89.180937921119394, 13.6506740445733 ], [ -89.180916932943404, 13.650680733465601 ], [ -89.180817656356894, 13.6507157474148 ], [ -89.180724159330495, 13.6507459809 ], [ -89.180726988318696, 13.650757677922201 ], [ -89.180603012942299, 13.650797597290699 ], [ -89.180573860963193, 13.6506736550472 ], [ -89.180569265163498, 13.6506540728445 ], [ -89.180543550787107, 13.650544770252999 ], [ -89.180528756455701, 13.6504818872586 ], [ -89.180514522226602, 13.6504213829015 ], [ -89.180513630144802, 13.650417579969901 ], [ -89.180500696935994, 13.6503626001615 ], [ -89.180486424697193, 13.6503019286098 ], [ -89.1804784201546, 13.6502679010636 ], [ -89.180480772416502, 13.650237734582699 ], [ -89.180483650017095, 13.650200792126 ], [ -89.180481396724005, 13.6501142233206 ], [ -89.180480841429997, 13.650092805957 ], [ -89.180480811853897, 13.650091602895699 ], [ -89.180478396558499, 13.650051674241601 ], [ -89.180474705307006, 13.6499906903104 ], [ -89.180458477141102, 13.6499334079869 ], [ -89.180450276670001, 13.649904202858201 ], [ -89.180440748052803, 13.649870240605001 ], [ -89.180430631859807, 13.6498342151923 ], [ -89.180422891669394, 13.6497507697496 ], [ -89.180424961858705, 13.649525211391699 ], [ -89.180544657025294, 13.649494736427201 ], [ -89.1807569695832, 13.649472366353001 ], [ -89.180935136346903, 13.649453585276399 ], [ -89.181019762269003, 13.6494446648324 ], [ -89.181129962203897, 13.6496818486669 ], [ -89.181128797761104, 13.649767253961899 ], [ -89.181127803588694, 13.649840922066099 ], [ -89.181126925166495, 13.6499052691284 ], [ -89.181125662498005, 13.649997551321601 ], [ -89.181070776158293, 13.649996888513099 ], [ -89.181077898109294, 13.6500393491187 ], [ -89.181086388764996, 13.6500900007085 ], [ -89.181121447401495, 13.6501530992387 ], [ -89.181151188665496, 13.6502066231148 ], [ -89.181158279508196, 13.650221871104399 ], [ -89.181170404967403, 13.6502479639217 ], [ -89.181181727348502, 13.6502874132697 ], [ -89.181203365876897, 13.6503643042525 ], [ -89.181231212431399, 13.6505018265864 ] ] ] ] } },
{ "type": "Feature", "properties": { "qc_id": 112, "name": null, "descriptio": null, "timestamp": null, "begin": null, "end": null, "altitudemo": null, "tessellate": -1, "extrude": 0, "visibility": -1, "draworder": null, "icon": null, "objectid_1": 66, "fid_1": 67, "text_1": "LOTIFICACION ALTOS DE SAN MARCOS", "shape_leng": 1145.9277716399999, "shape_area": 55537.734442300003, "fid_2": 0, "zona": 0, "viviendas": null }, "geometry": { "type": "MultiPolygon", "coordinates": [ [ [ [ -89.188276518671401, 13.672680811854899 ], [ -89.188168214672203, 13.6727653635695 ], [ -89.188153922396097, 13.6727658463368 ], [ -89.1879648145907, 13.6727722757142 ], [ -89.187788889681997, 13.6726924119423 ], [ -89.187694713959402, 13.6725943996667 ], [ -89.187419342702199, 13.672595960996899 ], [ -89.187113587198297, 13.6723360018153 ], [ -89.186910851605603, 13.6722027603165 ], [ -89.186710548664706, 13.6720805036258 ], [ -89.186692650345606, 13.671724564038801 ], [ -89.186707225188997, 13.671411778776701 ], [ -89.186694304588499, 13.671280485428399 ], [ -89.186668105082802, 13.671126580419999 ], [ -89.186660929997103, 13.671114747575199 ], [ -89.186583580270096, 13.6711059020187 ], [ -89.186524959866304, 13.671104955819199 ], [ -89.185977566506196, 13.6709940405525 ], [ -89.185988752713598, 13.6709677269896 ], [ -89.185998493117097, 13.6709448023118 ], [ -89.185991090292902, 13.6709430028355 ], [ -89.1860205419501, 13.6708769312672 ], [ -89.186056519341193, 13.670791823284199 ], [ -89.186079967374994, 13.670735308595001 ], [ -89.186098002653296, 13.6706196517389 ], [ -89.186118026151306, 13.670468868081199 ], [ -89.186122776828597, 13.6704319612323 ], [ -89.186116787855696, 13.6704237647405 ], [ -89.186132276248898, 13.6703311853011 ], [ -89.186142330710098, 13.670274161002499 ], [ -89.186151341614107, 13.6702744226384 ], [ -89.186257576708996, 13.670231024921399 ], [ -89.186433662586197, 13.6701473021513 ], [ -89.1865393029356, 13.6700825882461 ], [ -89.1867312323145, 13.6699850706782 ], [ -89.186928475081899, 13.669926322331101 ], [ -89.187208432751405, 13.6697692685115 ], [ -89.187253818450003, 13.6697315443161 ], [ -89.187343002050596, 13.6698270332897 ], [ -89.187381926769007, 13.669794349582499 ], [ -89.187552445424998, 13.669721070219399 ], [ -89.187616721204193, 13.669692485278301 ], [ -89.187745122376896, 13.6696241532808 ], [ -89.187790650921002, 13.6695999231014 ], [ -89.187849832959699, 13.669522174708 ], [ -89.187957559462205, 13.6693806538724 ], [ -89.188028791671798, 13.669326434513 ], [ -89.188064579639104, 13.6693963440914 ], [ -89.188090716617296, 13.6695659378892 ], [ -89.188157512153396, 13.670013389941399 ], [ -89.188166537593702, 13.670468493341099 ], [ -89.188158340905005, 13.6710491480365 ], [ -89.188187515155803, 13.671405301259201 ], [ -89.188228218604394, 13.6717388239113 ], [ -89.188252547284407, 13.6718002727451 ], [ -89.188179358178104, 13.671821858592899 ], [ -89.188178762122703, 13.6718220624249 ], [ -89.188125049125603, 13.6718397448041 ], [ -89.188139148326997, 13.671869520014001 ], [ -89.188061447737994, 13.671907787012801 ], [ -89.188148789562405, 13.672064838553499 ], [ -89.188048028585797, 13.672112296801799 ], [ -89.188125310474305, 13.672213801857 ], [ -89.188060786901502, 13.6722650549522 ], [ -89.188133790402205, 13.672377551002199 ], [ -89.188202098449693, 13.6723125404481 ], [ -89.188207680909002, 13.672320848378501 ], [ -89.188233231651395, 13.6723014466402 ], [ -89.188240909624895, 13.6723154818414 ], [ -89.188225519280095, 13.672339133141699 ], [ -89.188213722784596, 13.672383441075199 ], [ -89.188216838634503, 13.6724097437924 ], [ -89.188246425732302, 13.672466070756901 ], [ -89.188194886969498, 13.6724909989026 ], [ -89.188276518671401, 13.672680811854899 ] ] ] ] } },
{ "type": "Feature", "properties": { "qc_id": 113, "name": null, "descriptio": null, "timestamp": null, "begin": null, "end": null, "altitudemo": null, "tessellate": -1, "extrude": 0, "visibility": -1, "draworder": null, "icon": null, "objectid_1": 67, "fid_1": 68, "text_1": "COLONIA LAS DELICIAS", "shape_leng": 770.25323351899999, "shape_area": 23844.474697000001, "fid_2": 0, "zona": 0, "viviendas": null }, "geometry": { "type": "MultiPolygon", "coordinates": [ [ [ [ -89.188028791671798, 13.669326434513 ], [ -89.187957559462205, 13.6693806538724 ], [ -89.187849832959699, 13.669522174708 ], [ -89.187790650921002, 13.6695999231014 ], [ -89.187745122376896, 13.6696241532808 ], [ -89.187616721204193, 13.669692485278301 ], [ -89.187552445424998, 13.669721070219399 ], [ -89.187381926769007, 13.669794349582499 ], [ -89.187343002050596, 13.6698270332897 ], [ -89.187253818450003, 13.6697315443161 ], [ -89.187194324832504, 13.669667853374801 ], [ -89.187084419509006, 13.6695346244846 ], [ -89.187013208586393, 13.669472997865901 ], [ -89.186933906821494, 13.669473058157401 ], [ -89.186890786227096, 13.669489214580601 ], [ -89.186900237168302, 13.669518640878501 ], [ -89.187034075459707, 13.6698604602984 ], [ -89.186965839807797, 13.6698846605991 ], [ -89.186832456389098, 13.6695440068194 ], [ -89.186821140677594, 13.6695153131853 ], [ -89.186753000447396, 13.669540846597499 ], [ -89.186393215595302, 13.6696684618557 ], [ -89.186263129143896, 13.669724270980501 ], [ -89.186196054721293, 13.6697581526939 ], [ -89.186108646522101, 13.669776128599899 ], [ -89.185975274699203, 13.669772249651899 ], [ -89.185871569974594, 13.669770337680401 ], [ -89.185755658781304, 13.669750525142 ], [ -89.185684466343204, 13.6697107786724 ], [ -89.185643056748702, 13.669665049428801 ], [ -89.185637656542198, 13.6696590832894 ], [ -89.185619307917307, 13.6695934356127 ], [ -89.185654565006899, 13.669543232973799 ], [ -89.185682758354503, 13.669430114740999 ], [ -89.1857060928305, 13.6693246724204 ], [ -89.185848475845305, 13.669317854357599 ], [ -89.1859958734982, 13.669224546092201 ], [ -89.1861030790662, 13.6691161713289 ], [ -89.186191167548202, 13.6689887063014 ], [ -89.186293969981506, 13.668771541272299 ], [ -89.186410422273994, 13.668675737948501 ], [ -89.186526914167899, 13.6686288152874 ], [ -89.186610138864594, 13.668610425711099 ], [ -89.186749558177297, 13.6686143919194 ], [ -89.186936801834904, 13.6685775967824 ], [ -89.187182311763806, 13.6685366842175 ], [ -89.187375786789602, 13.6684795210919 ], [ -89.187509066603397, 13.6686077054857 ], [ -89.187649471315396, 13.668742594875001 ], [ -89.187885213226195, 13.669045970312199 ], [ -89.188028791671798, 13.669326434513 ] ] ] ] } },
{ "type": "Feature", "properties": { "qc_id": 128, "name": null, "descriptio": null, "timestamp": null, "begin": null, "end": null, "altitudemo": null, "tessellate": -1, "extrude": 0, "visibility": -1, "draworder": null, "icon": null, "objectid_1": 107, "fid_1": 109, "text_1": "COMUNIDAD EL MILAGRO", "shape_leng": 330.525351801, "shape_area": 1496.90502298, "fid_2": 0, "zona": 0, "viviendas": null }, "geometry": { "type": "MultiPolygon", "coordinates": [ [ [ [ -89.232271695446698, 13.6549862951197 ], [ -89.232271676264901, 13.654986526534699 ], [ -89.232186428944004, 13.655458656692501 ], [ -89.232199886856705, 13.6556206317485 ], [ -89.232196996530405, 13.655684268621 ], [ -89.232179387615005, 13.6558144505138 ], [ -89.232164707010497, 13.6559091798186 ], [ -89.232138192222095, 13.6560017726413 ], [ -89.232120656006202, 13.656196301773999 ], [ -89.232114843212798, 13.6563004358563 ], [ -89.232099405304993, 13.656405226210801 ], [ -89.232092486866094, 13.6564052426834 ], [ -89.232037950013904, 13.656405414366899 ], [ -89.232038019764701, 13.6563037379706 ], [ -89.232038106698099, 13.6561998036302 ], [ -89.232038173553207, 13.6561139282078 ], [ -89.232038264544101, 13.655986002706401 ], [ -89.232038273753503, 13.655975663957401 ], [ -89.232049153318101, 13.6559030682859 ], [ -89.232062684031703, 13.6558129219123 ], [ -89.232074211885504, 13.655736013148699 ], [ -89.232079176952297, 13.655702918708499 ], [ -89.232085608433806, 13.6556599939401 ], [ -89.232094729544698, 13.655599174049399 ], [ -89.232113384949002, 13.655474757114 ], [ -89.232117315119694, 13.6554485594576 ], [ -89.232138342300104, 13.6553194942652 ], [ -89.232146338972996, 13.6552703844773 ], [ -89.232151098973901, 13.655241186916101 ], [ -89.232166527229296, 13.655165106950699 ], [ -89.232187371336096, 13.655062245815399 ], [ -89.232200841195507, 13.6549957571089 ], [ -89.232259163017403, 13.6549855666673 ], [ -89.232271695446698, 13.6549862951197 ] ] ] ] } },
{ "type": "Feature", "properties": { "qc_id": 115, "name": null, "descriptio": null, "timestamp": null, "begin": null, "end": null, "altitudemo": null, "tessellate": -1, "extrude": 0, "visibility": -1, "draworder": null, "icon": null, "objectid_1": 76, "fid_1": 77, "text_1": "COLONIA SAN CRISTOBAL", "shape_leng": 1926.0998041, "shape_area": 144383.84739700001, "fid_2": 0, "zona": 0, "viviendas": null }, "geometry": { "type": "MultiPolygon", "coordinates": [ [ [ [ -89.193635897295806, 13.6528000557095 ], [ -89.193407438251498, 13.652802151753599 ], [ -89.193287149515299, 13.652847063206201 ], [ -89.193092723567801, 13.6531470782817 ], [ -89.193000278058804, 13.653235859015499 ], [ -89.192924288655902, 13.6533088547574 ], [ -89.192869710309196, 13.6533612673825 ], [ -89.192780035360698, 13.6534474082969 ], [ -89.192690749164498, 13.6535331692381 ], [ -89.192518274080797, 13.6537215131398 ], [ -89.192237325443699, 13.653901602414299 ], [ -89.192054431018406, 13.6539756350414 ], [ -89.191876947042005, 13.654010797675999 ], [ -89.191763614828005, 13.654010645643799 ], [ -89.191488245982697, 13.654150744149399 ], [ -89.191205335958998, 13.654946303317001 ], [ -89.191052893958599, 13.654828704974801 ], [ -89.190828783486296, 13.654722427393899 ], [ -89.190439340112903, 13.6544158970592 ], [ -89.190083196671395, 13.6541106085301 ], [ -89.189697471026903, 13.653670086315399 ], [ -89.1897626298083, 13.6532043263398 ], [ -89.189820264901002, 13.6531042723098 ], [ -89.1897314594775, 13.652720508564901 ], [ -89.189746019618099, 13.6525597876795 ], [ -89.189700505547094, 13.6525391823735 ], [ -89.1896894272422, 13.6525452623757 ], [ -89.1896358142004, 13.652574701072201 ], [ -89.189512318954399, 13.6522118638281 ], [ -89.189512129041901, 13.6522113270613 ], [ -89.189463961990398, 13.652069823404201 ], [ -89.189429147523498, 13.651759898617801 ], [ -89.189306023075602, 13.6515398608739 ], [ -89.189504344566799, 13.651454174430899 ], [ -89.189513900238296, 13.6514500389825 ], [ -89.189507951847702, 13.651432105788301 ], [ -89.189404442963905, 13.6511939669562 ], [ -89.189350676873403, 13.651055938537199 ], [ -89.189296923553201, 13.6509233623852 ], [ -89.189279943772405, 13.6508640266717 ], [ -89.189251618964704, 13.650703199609399 ], [ -89.189223098620204, 13.6506048688373 ], [ -89.189206433361306, 13.650583722402899 ], [ -89.189178704729699, 13.650469915444701 ], [ -89.189080033864798, 13.6501266073737 ], [ -89.189093516847507, 13.650121413173199 ], [ -89.189155023505407, 13.6500698854819 ], [ -89.189032833519704, 13.6497736983052 ], [ -89.1889855813926, 13.649792098137899 ], [ -89.1889514568213, 13.6497276297053 ], [ -89.188949267688699, 13.649723642502501 ], [ -89.188947191281002, 13.6497196082105 ], [ -89.1889450113907, 13.6497156200966 ], [ -89.188942670750095, 13.6497117252073 ], [ -89.188940169359299, 13.649707923542699 ], [ -89.188937657816098, 13.649704139963699 ], [ -89.188934721333197, 13.6497006432456 ], [ -89.188931879075, 13.649697081374599 ], [ -89.188928601785605, 13.649693900377301 ], [ -89.188925352202304, 13.649690691338 ], [ -89.188921724914394, 13.6496878893411 ], [ -89.1889180228345, 13.6496851805028 ], [ -89.188913960730503, 13.649683026931999 ], [ -89.1889096808452, 13.6496813083016 ], [ -89.188905165885203, 13.649680358161699 ], [ -89.188900546487005, 13.649680565990399 ], [ -89.188897916827301, 13.649681622854899 ], [ -89.189512416597196, 13.649009034224999 ], [ -89.1895147417099, 13.6490051267063 ], [ -89.189585937649994, 13.6489621712008 ], [ -89.1896867061796, 13.6490192666057 ], [ -89.189864973297603, 13.649067704303 ], [ -89.190047698176301, 13.649056520277099 ], [ -89.190124389135903, 13.6490321742618 ], [ -89.190246522397501, 13.6489987957073 ], [ -89.190297597965397, 13.6492145012666 ], [ -89.190327598833804, 13.6493990677015 ], [ -89.190370172064505, 13.6497277846714 ], [ -89.190371704632696, 13.649739335252301 ], [ -89.190397711346293, 13.649934762343699 ], [ -89.1905129350843, 13.650567700904 ], [ -89.190568061926697, 13.650700711405101 ], [ -89.190685647975997, 13.651222975240501 ], [ -89.1908518058721, 13.651240488545 ], [ -89.190906940506693, 13.651266528516601 ], [ -89.190920453024106, 13.6512749133945 ], [ -89.190923812061797, 13.6512500771998 ], [ -89.190927745187096, 13.651221954904299 ], [ -89.191049237611395, 13.6512370025793 ], [ -89.1911322896255, 13.6512472867248 ], [ -89.191167085214204, 13.6512516001769 ], [ -89.191257491614195, 13.6512627851685 ], [ -89.191314901295598, 13.6512699047755 ], [ -89.191465272389394, 13.6512885218511 ], [ -89.191464877130201, 13.651291205820501 ], [ -89.191497846435993, 13.6512956417696 ], [ -89.191515945070094, 13.6512980709006 ], [ -89.191645780115294, 13.651307336804001 ], [ -89.191793776668803, 13.6513723090269 ], [ -89.191845095693694, 13.651409338597 ], [ -89.191953824764795, 13.6514878084731 ], [ -89.192041586035302, 13.6515511336607 ], [ -89.192154623120103, 13.651632709478999 ], [ -89.192407512871597, 13.6518419539438 ], [ -89.192937118129095, 13.652276009242399 ], [ -89.193007389741496, 13.6523170324684 ], [ -89.193434657449103, 13.652627526936 ], [ -89.193635897295806, 13.6528000557095 ] ] ] ] } },
{ "type": "Feature", "properties": { "qc_id": 116, "name": null, "descriptio": null, "timestamp": null, "begin": null, "end": null, "altitudemo": null, "tessellate": -1, "extrude": 0, "visibility": -1, "draworder": null, "icon": null, "objectid_1": 78, "fid_1": 79, "text_1": "LOT MALENA 1", "shape_leng": 572.31981847199995, "shape_area": 12728.8903046, "fid_2": 0, "zona": 0, "viviendas": null }, "geometry": { "type": "MultiPolygon", "coordinates": [ [ [ [ -89.179196776888006, 13.649804396771501 ], [ -89.179212854321705, 13.649937197834401 ], [ -89.179183830454505, 13.6500676436753 ], [ -89.179145425268601, 13.6501571020368 ], [ -89.179098334414405, 13.6502136152581 ], [ -89.179063255943007, 13.650260938871099 ], [ -89.179055527863895, 13.6503785212361 ], [ -89.179043579498995, 13.6505604639332 ], [ -89.1790343769283, 13.650729945353101 ], [ -89.178999109277896, 13.650726777569499 ], [ -89.178897992460406, 13.6507196968311 ], [ -89.178868122067797, 13.6506209762652 ], [ -89.1788545629163, 13.6505761791932 ], [ -89.178826429249298, 13.650507789332901 ], [ -89.178826850002594, 13.6503889341835 ], [ -89.178826953113102, 13.6503628694181 ], [ -89.178827226479896, 13.6502859993527 ], [ -89.178776504668804, 13.6501865355695 ], [ -89.178759097153502, 13.6501956558613 ], [ -89.178575471049498, 13.649918936452501 ], [ -89.178438714247903, 13.649766933846401 ], [ -89.178426893475105, 13.6497424143527 ], [ -89.178371570382694, 13.649627681627299 ], [ -89.178366317440407, 13.6496151719272 ], [ -89.1783368193461, 13.649544977921501 ], [ -89.178318858508405, 13.649560578600701 ], [ -89.178189438938901, 13.6494731112865 ], [ -89.178177279336097, 13.649464900988001 ], [ -89.178161532077894, 13.6494547860715 ], [ -89.178099007673197, 13.6494151522183 ], [ -89.178073677268003, 13.649398667263499 ], [ -89.178045988148696, 13.6493798049646 ], [ -89.178023990001506, 13.649364826191199 ], [ -89.177970964108496, 13.6493075983604 ], [ -89.177898130442998, 13.6492289950975 ], [ -89.177887227835498, 13.649217053504 ], [ -89.177892260752301, 13.649213662067901 ], [ -89.178012997799996, 13.6490965529433 ], [ -89.178121182923704, 13.6489903185626 ], [ -89.178213379431, 13.6488921855744 ], [ -89.178284369976794, 13.648813366970799 ], [ -89.178296466560894, 13.6487884785136 ], [ -89.178326469292898, 13.6488014981429 ], [ -89.178381129, 13.6488534767036 ], [ -89.178441705830394, 13.648919889763601 ], [ -89.178500836403799, 13.649026761256801 ], [ -89.178569793204602, 13.6491228710674 ], [ -89.178737332664596, 13.6490811991416 ], [ -89.178811996962807, 13.6490775627278 ], [ -89.178872036234395, 13.649084683327599 ], [ -89.1789598939217, 13.649106833506799 ], [ -89.178979672139704, 13.6491268765235 ], [ -89.179003708158703, 13.64920958794 ], [ -89.179040880339699, 13.649364273208 ], [ -89.179073054249301, 13.649456096272001 ], [ -89.179144833341198, 13.649654258031999 ], [ -89.179196776888006, 13.649804396771501 ] ] ] ] } },
{ "type": "Feature", "properties": { "qc_id": 117, "name": null, "descriptio": null, "timestamp": null, "begin": null, "end": null, "altitudemo": null, "tessellate": -1, "extrude": 0, "visibility": -1, "draworder": null, "icon": null, "objectid_1": 82, "fid_1": 83, "text_1": "COLONIA SAN ANTONIO GUADALUPE", "shape_leng": 2290.7587270200002, "shape_area": 122296.363352, "fid_2": 0, "zona": 0, "viviendas": null }, "geometry": { "type": "MultiPolygon", "coordinates": [ [ [ [ -89.180489344417893, 13.652909196244 ], [ -89.180465898968293, 13.6529082878636 ], [ -89.180378950855399, 13.6528774176918 ], [ -89.180278190044106, 13.652841653087 ], [ -89.180141760686695, 13.6528372182302 ], [ -89.180106144446, 13.652836725483199 ], [ -89.180100056801194, 13.652772447710699 ], [ -89.180081461400306, 13.652701867205799 ], [ -89.180019366093205, 13.6526073264882 ], [ -89.179840514009996, 13.6523773747428 ], [ -89.179733989978004, 13.6522187423892 ], [ -89.179695420831095, 13.652143400275399 ], [ -89.179678680938196, 13.652110692446801 ], [ -89.179652908151496, 13.6520855170382 ], [ -89.179587277870198, 13.6520213758449 ], [ -89.179493765652296, 13.651946609826901 ], [ -89.179398132513995, 13.6518697726914 ], [ -89.179317344068906, 13.6517742186067 ], [ -89.179272675088598, 13.6516931791096 ], [ -89.179128023816006, 13.6513925056361 ], [ -89.179074040769507, 13.651361046956699 ], [ -89.179013945451501, 13.651342995656201 ], [ -89.178947683265903, 13.651330992264599 ], [ -89.178787434494893, 13.651329600226401 ], [ -89.178713902913003, 13.6513542468265 ], [ -89.178587131890097, 13.651378422278199 ], [ -89.178534204254305, 13.651389309247 ], [ -89.178473884251304, 13.6513869369243 ], [ -89.178434483766296, 13.651376135962201 ], [ -89.178391380694805, 13.651350861816301 ], [ -89.178313776169304, 13.651283452351899 ], [ -89.178264495497601, 13.6512244538558 ], [ -89.178226229403194, 13.6510871430231 ], [ -89.178224305770797, 13.6510710388325 ], [ -89.178165946753893, 13.651071748195699 ], [ -89.178050008489805, 13.651089825083901 ], [ -89.177949621469594, 13.6511092700066 ], [ -89.177826619696404, 13.651137043453099 ], [ -89.177726243847104, 13.651157867618799 ], [ -89.177684895043697, 13.6513122301811 ], [ -89.177655110734705, 13.651438233743599 ], [ -89.177632170164998, 13.651503485254199 ], [ -89.177537987367003, 13.651580044400101 ], [ -89.177480543269496, 13.651613822808001 ], [ -89.177400111756498, 13.6516386312721 ], [ -89.177338047081605, 13.651645423607301 ], [ -89.177275980708004, 13.651649967039599 ], [ -89.177209315833807, 13.651643267520299 ], [ -89.177094349431002, 13.651596108319 ], [ -89.177039390763895, 13.6515624651839 ], [ -89.176964174677096, 13.651499644452899 ], [ -89.1768979394447, 13.651434919964601 ], [ -89.176862479110596, 13.6514030127015 ], [ -89.176830751596398, 13.6513619761309 ], [ -89.176797154077903, 13.651314554888801 ], [ -89.176794054050106, 13.6513084576404 ], [ -89.176751584790395, 13.651319493080001 ], [ -89.176656993098007, 13.651318338986799 ], [ -89.176557211062402, 13.6512981037644 ], [ -89.176462732357606, 13.651283685773899 ], [ -89.176412919392106, 13.6512451433157 ], [ -89.176374309158405, 13.6512033523524 ], [ -89.176358016537506, 13.651172292678901 ], [ -89.176331019697898, 13.6511300866272 ], [ -89.176319145379097, 13.6511227085192 ], [ -89.176228637006005, 13.6511137959222 ], [ -89.176146222383593, 13.651093445042299 ], [ -89.176077165063603, 13.651064986583901 ], [ -89.176025380538704, 13.6510608033763 ], [ -89.175979016517502, 13.6510782555027 ], [ -89.175956372509404, 13.651084603484399 ], [ -89.175950435282303, 13.6510814323528 ], [ -89.175930980594799, 13.651036592336601 ], [ -89.175928906235498, 13.6510090666305 ], [ -89.175916518169203, 13.6508214686614 ], [ -89.175913434236904, 13.650697219779101 ], [ -89.175905686699593, 13.6505252323541 ], [ -89.175754038282093, 13.650556301870701 ], [ -89.175537556338497, 13.6505992839044 ], [ -89.175401588077193, 13.650626278102299 ], [ -89.175367126724197, 13.6506383262798 ], [ -89.175350284150198, 13.6504793496473 ], [ -89.1753393318576, 13.6503758769492 ], [ -89.175443844281006, 13.650203356586299 ], [ -89.175483516172307, 13.6501212565021 ], [ -89.175645000235306, 13.6501949197597 ], [ -89.175683133726295, 13.6501952902324 ], [ -89.175706286823896, 13.649894355590501 ], [ -89.175741578290399, 13.6494991885366 ], [ -89.175764095768699, 13.6492470600991 ], [ -89.175743336235001, 13.6491664195584 ], [ -89.175683886798893, 13.648935444772899 ], [ -89.175650460255696, 13.6488377269617 ], [ -89.175583484991606, 13.6486419479321 ], [ -89.175519269264399, 13.6484542106672 ], [ -89.176074440648193, 13.6483742132407 ], [ -89.176060370450699, 13.648290364533199 ], [ -89.176100282168406, 13.648213271744901 ], [ -89.176142575047194, 13.6481315773267 ], [ -89.176156679110605, 13.648045903364199 ], [ -89.176278831065702, 13.648049074367499 ], [ -89.176361061002495, 13.648051338414501 ], [ -89.176385905796906, 13.648038112893 ], [ -89.176416638551004, 13.648229853804599 ], [ -89.176426898971997, 13.648394980677701 ], [ -89.176440010426404, 13.6485879373089 ], [ -89.176467939603498, 13.648587047721501 ], [ -89.176647672322702, 13.648573932427499 ], [ -89.176842150149696, 13.6485597425153 ], [ -89.176866576564507, 13.6485579659698 ], [ -89.176891003896301, 13.6485561803824 ], [ -89.1769057906467, 13.648636243017499 ], [ -89.176910723264896, 13.6486629332713 ], [ -89.177065732263301, 13.648609007461999 ], [ -89.177074436690106, 13.648605983995401 ], [ -89.177086131206195, 13.6486005702869 ], [ -89.177144630603195, 13.6485735288335 ], [ -89.177215663275902, 13.648549041778001 ], [ -89.1772710261085, 13.648529972189699 ], [ -89.177304540936902, 13.6485183781815 ], [ -89.1773102872517, 13.648533192479199 ], [ -89.177283097776396, 13.6485614144846 ], [ -89.1772863318714, 13.648606840066 ], [ -89.177305576529093, 13.648636602272299 ], [ -89.177312258951801, 13.6486376803191 ], [ -89.177287154071493, 13.648681090763199 ], [ -89.177349562812395, 13.6489808340091 ], [ -89.177467234482805, 13.648927824304501 ], [ -89.177528661983601, 13.648905611961199 ], [ -89.177589085985502, 13.6488837709239 ], [ -89.177670907864197, 13.6488581189606 ], [ -89.177733473895898, 13.6489775857289 ], [ -89.177769310968102, 13.649046016247899 ], [ -89.177790632450794, 13.649080497049701 ], [ -89.177814494203304, 13.6491190959623 ], [ -89.177876714014801, 13.6492058889778 ], [ -89.177887227835498, 13.649217053504 ], [ -89.177898130442998, 13.6492289950975 ], [ -89.177970964108496, 13.6493075983604 ], [ -89.178023990001506, 13.649364826191199 ], [ -89.178045988148696, 13.6493798049646 ], [ -89.178073677268003, 13.649398667263499 ], [ -89.178099007673197, 13.6494151522183 ], [ -89.178161532077894, 13.6494547860715 ], [ -89.178177279336097, 13.649464900988001 ], [ -89.178189438938901, 13.6494731112865 ], [ -89.178318858508405, 13.649560578600701 ], [ -89.1783368193461, 13.649544977921501 ], [ -89.178366317440407, 13.6496151719272 ], [ -89.178371570382694, 13.649627681627299 ], [ -89.178426893475105, 13.6497424143527 ], [ -89.178438714247903, 13.649766933846401 ], [ -89.178575471049498, 13.649918936452501 ], [ -89.178759097153502, 13.6501956558613 ], [ -89.178776504668804, 13.6501865355695 ], [ -89.178827226479896, 13.6502859993527 ], [ -89.178826953113102, 13.6503628694181 ], [ -89.178826850002594, 13.6503889341835 ], [ -89.178826429249298, 13.650507789332901 ], [ -89.1788545629163, 13.6505761791932 ], [ -89.178868122067797, 13.6506209762652 ], [ -89.178897992460406, 13.6507196968311 ], [ -89.178999109277896, 13.650726777569499 ], [ -89.179034386171196, 13.650729945346299 ], [ -89.179043579491406, 13.6505604539903 ], [ -89.179055527857003, 13.6503785121972 ], [ -89.179063255943007, 13.650260938871099 ], [ -89.179098334414405, 13.6502136152581 ], [ -89.179145425268601, 13.6501571020368 ], [ -89.179183830454505, 13.6500676436753 ], [ -89.179212854321705, 13.649937197834401 ], [ -89.179196766720906, 13.649804396778899 ], [ -89.179873123018794, 13.649658253090299 ], [ -89.1799089743199, 13.6498301176988 ], [ -89.1800031736703, 13.649975152694999 ], [ -89.180008089825293, 13.6501162921633 ], [ -89.180017761932206, 13.650202540082899 ], [ -89.180011947321006, 13.6503583955701 ], [ -89.180014346270795, 13.650414502136901 ], [ -89.180038406813097, 13.6505889677209 ], [ -89.180064336168002, 13.650632886124001 ], [ -89.180102351490603, 13.650676786633801 ], [ -89.180112777293999, 13.650770726134599 ], [ -89.1800955842767, 13.6508619922589 ], [ -89.180099078448606, 13.6509143685546 ], [ -89.180130223787799, 13.6509971397291 ], [ -89.180159625202705, 13.6510765334209 ], [ -89.180182201725998, 13.6512404199933 ], [ -89.180197653073805, 13.6513333190395 ], [ -89.180211673223297, 13.6514486004543 ], [ -89.180220027798498, 13.651531720949601 ], [ -89.180215845049304, 13.651619331235599 ], [ -89.180178025332495, 13.651670515737599 ], [ -89.180098422735398, 13.651775619194099 ], [ -89.180095939468998, 13.6517832571098 ], [ -89.180096909829601, 13.6518144488792 ], [ -89.180107253724003, 13.651874993166199 ], [ -89.180126050795494, 13.6519241557541 ], [ -89.180151417146405, 13.6520002947655 ], [ -89.180183321411604, 13.6520479762068 ], [ -89.180241512054906, 13.6521360026709 ], [ -89.180235941841602, 13.6522029825906 ], [ -89.180287273141801, 13.6522449019162 ], [ -89.180373810120898, 13.6523450143216 ], [ -89.180395647609203, 13.652619925808001 ], [ -89.180461641531494, 13.6527744134368 ], [ -89.180464618449705, 13.6528186731346 ], [ -89.180489276028297, 13.652906798263301 ], [ -89.180489344417893, 13.652909196244 ] ] ] ] } },
{ "type": "Feature", "properties": { "qc_id": 118, "name": null, "descriptio": null, "timestamp": null, "begin": null, "end": null, "altitudemo": null, "tessellate": -1, "extrude": 0, "visibility": -1, "draworder": null, "icon": null, "objectid_1": 84, "fid_1": 85, "text_1": "COLONIA SANTA MARIA", "shape_leng": 1704.79926449, "shape_area": 81173.545293000003, "fid_2": 0, "zona": 0, "viviendas": null }, "geometry": { "type": "MultiPolygon", "coordinates": [ [ [ [ -89.175129806973899, 13.655935798666601 ], [ -89.174984031581502, 13.656016382439001 ], [ -89.174806753821699, 13.6560546799591 ], [ -89.174493482121406, 13.6560898614478 ], [ -89.174038949107299, 13.6561673037781 ], [ -89.173689964950498, 13.6561766210903 ], [ -89.173559872318194, 13.656154147230399 ], [ -89.173293108907899, 13.6561356482592 ], [ -89.1728158955586, 13.6560947213292 ], [ -89.172505987981594, 13.6560454660984 ], [ -89.172404980631498, 13.6560354756907 ], [ -89.172022182331403, 13.655997591308701 ], [ -89.171980761114497, 13.655993492196901 ], [ -89.171963210979797, 13.655990542409899 ], [ -89.171373039464996, 13.655891240442299 ], [ -89.171262939150097, 13.6558727132011 ], [ -89.170933851284005, 13.655816249945699 ], [ -89.170948612044995, 13.6557317518198 ], [ -89.170949791173598, 13.6557262715954 ], [ -89.170977796871597, 13.6555955129132 ], [ -89.171050288919801, 13.655257012084901 ], [ -89.171046787532703, 13.6552326997744 ], [ -89.170997302447802, 13.6551759488624 ], [ -89.1709691862157, 13.655181281500001 ], [ -89.170948221874696, 13.6551428661211 ], [ -89.170786934006898, 13.6549525476276 ], [ -89.170669136918605, 13.654799481759699 ], [ -89.170589149278996, 13.6547213061452 ], [ -89.170532959780601, 13.654699325357599 ], [ -89.170438704436805, 13.654666708610399 ], [ -89.170425449970097, 13.6546616451439 ], [ -89.170453820611399, 13.6546286378716 ], [ -89.170464715937896, 13.654617958043699 ], [ -89.170544523574307, 13.654539792714599 ], [ -89.170577466314697, 13.654507522546099 ], [ -89.170610446908398, 13.654475205344401 ], [ -89.170659459206902, 13.6544271989727 ], [ -89.170669060969203, 13.654394249894599 ], [ -89.170681127224995, 13.6543528124453 ], [ -89.170729907008607, 13.654285053426401 ], [ -89.170772474337895, 13.6542259254756 ], [ -89.170785419053601, 13.6542079506899 ], [ -89.170811496202504, 13.654170853040601 ], [ -89.170826312229593, 13.6541497955783 ], [ -89.170838726603705, 13.6541321167314 ], [ -89.170878929083401, 13.6540749337767 ], [ -89.170899730212298, 13.6540453475271 ], [ -89.170931603157001, 13.6539999987084 ], [ -89.170953397788793, 13.653968995361801 ], [ -89.170984287364305, 13.6539250636215 ], [ -89.171012519536205, 13.653884901155401 ], [ -89.171094488109404, 13.6538504220491 ], [ -89.171112323989206, 13.6538296580415 ], [ -89.171141441524199, 13.6537957336205 ], [ -89.171145499328901, 13.653766704049699 ], [ -89.171156555237403, 13.6537672142862 ], [ -89.171215657933402, 13.6537345651683 ], [ -89.171283776462602, 13.6536832127099 ], [ -89.171312544795597, 13.6537155782871 ], [ -89.171324730777698, 13.6537092759838 ], [ -89.171469675515297, 13.6535925699256 ], [ -89.171479853466593, 13.6535843898192 ], [ -89.171420950628004, 13.6534498410746 ], [ -89.171418912687997, 13.6534462233037 ], [ -89.171417007819699, 13.653442568380401 ], [ -89.171415225842793, 13.653438858233899 ], [ -89.171413623132096, 13.653435082882099 ], [ -89.171412144243703, 13.6534312613454 ], [ -89.171410721710402, 13.653427402709699 ], [ -89.171409337073399, 13.6534235440475 ], [ -89.171407876454893, 13.6534194260208 ], [ -89.171406577028506, 13.653415807735 ], [ -89.171405173899103, 13.653411940046899 ], [ -89.171403760615604, 13.6534080904436 ], [ -89.171402300199603, 13.653404249912199 ], [ -89.171400801894805, 13.6534004193499 ], [ -89.171399294353606, 13.653396597833099 ], [ -89.171397796055402, 13.653392776309801 ], [ -89.171396306986395, 13.653388935798301 ], [ -89.171394855806994, 13.6533850862214 ], [ -89.171393443441602, 13.6533812275785 ], [ -89.171392068041499, 13.6533773598709 ], [ -89.171390712051604, 13.6533734921498 ], [ -89.1713893930133, 13.653369596382101 ], [ -89.171388112781599, 13.653365681605701 ], [ -89.171386860279497, 13.6533617677138 ], [ -89.171385645659797, 13.6533578348138 ], [ -89.171384459686095, 13.6533538919509 ], [ -89.171383264483893, 13.6533499689802 ], [ -89.171382011981393, 13.653346054184301 ], [ -89.171380713277799, 13.6533421584025 ], [ -89.171379366524107, 13.653338280731999 ], [ -89.171377962477806, 13.653334422083301 ], [ -89.171376577849102, 13.6533305733637 ], [ -89.171376264755196, 13.6533296380517 ], [ -89.171375268991696, 13.6533266956669 ], [ -89.171374007266806, 13.653322808898199 ], [ -89.1713727455559, 13.6533189411112 ], [ -89.171371445975794, 13.653315110410301 ], [ -89.171368761806804, 13.6533074852235 ], [ -89.171367434497299, 13.653303653638 ], [ -89.171366153369704, 13.6532997768256 ], [ -89.171364958160893, 13.6532958439119 ], [ -89.171363810070801, 13.6532918829447 ], [ -89.171362728523505, 13.6532879128921 ], [ -89.171362006506897, 13.6532851827315 ], [ -89.171361674705096, 13.653283942820201 ], [ -89.171360687429598, 13.653279963663 ], [ -89.171359738029807, 13.6532759564586 ], [ -89.171358845018702, 13.653271958254001 ], [ -89.171357981571902, 13.6532679419508 ], [ -89.171357155096999, 13.6532639256219 ], [ -89.171356366504497, 13.653259890284801 ], [ -89.171355615815301, 13.6532558648641 ], [ -89.171354912251502, 13.6532518204288 ], [ -89.171354275230499, 13.6532477669082 ], [ -89.171353732473804, 13.6532436943401 ], [ -89.171353294163296, 13.6532396226032 ], [ -89.171353007416997, 13.6532355227399 ], [ -89.171352890747102, 13.653231430893101 ], [ -89.171352897002606, 13.6532273308257 ], [ -89.171352960550706, 13.6532232117364 ], [ -89.1713531348137, 13.6532150114889 ], [ -89.171353235340206, 13.6532109014129 ], [ -89.171353558199598, 13.6531986000948 ], [ -89.171354379313399, 13.6531698882341 ], [ -89.171354629361304, 13.6531616779908 ], [ -89.171354702853407, 13.6531597897051 ], [ -89.171354796437001, 13.653157567868501 ], [ -89.171354982936904, 13.6531534767143 ], [ -89.171355225818701, 13.6531493855209 ], [ -89.171355515833, 13.6531452852557 ], [ -89.171355863160301, 13.653141193989599 ], [ -89.171356277043401, 13.6531371117159 ], [ -89.171356738065597, 13.6531330294094 ], [ -89.171447434025396, 13.653048515378201 ], [ -89.171566548047906, 13.6528660825375 ], [ -89.171739038551394, 13.6526008093483 ], [ -89.171804859463705, 13.652487045370201 ], [ -89.171834772801503, 13.652454731048101 ], [ -89.1718919801081, 13.6525622255289 ], [ -89.171912121009299, 13.652638822793801 ], [ -89.171947519392802, 13.6528470823391 ], [ -89.171930750270604, 13.652914587828599 ], [ -89.171934465620893, 13.652986217022001 ], [ -89.171950963810602, 13.653039907636 ], [ -89.172007718640202, 13.6530971712073 ], [ -89.172062631364398, 13.653132944167 ], [ -89.172075733829402, 13.6531375068947 ], [ -89.172058652886307, 13.653193165271899 ], [ -89.172058344963901, 13.6531993020236 ], [ -89.172054790749698, 13.6532696491556 ], [ -89.1720530640806, 13.653303647624099 ], [ -89.172054221194998, 13.653332561479001 ], [ -89.172055522660003, 13.6533654840027 ], [ -89.172056322912397, 13.653385439614 ], [ -89.172060517494998, 13.6534904628317 ], [ -89.172060565710794, 13.6534919343373 ], [ -89.172061621713695, 13.6535898325467 ], [ -89.172062469973596, 13.653610973129201 ], [ -89.172063274433199, 13.6536493103251 ], [ -89.172064493155105, 13.6536979950092 ], [ -89.172066432551702, 13.653775354320899 ], [ -89.172066530693399, 13.653779371157 ], [ -89.172067409732804, 13.653829945216801 ], [ -89.172072376094903, 13.653878090365099 ], [ -89.172076112805399, 13.6539144080174 ], [ -89.172071096900297, 13.653953934290399 ], [ -89.172070903601295, 13.6539739818898 ], [ -89.172070457687596, 13.6540239639218 ], [ -89.172070000759902, 13.654072788977301 ], [ -89.172074828525396, 13.6540729898792 ], [ -89.172073149650302, 13.6541205196056 ], [ -89.172070562895001, 13.654194281873499 ], [ -89.171878976649097, 13.6541955077608 ], [ -89.171857279578703, 13.654203038803001 ], [ -89.171824007575495, 13.6542246000381 ], [ -89.171941728233804, 13.654297778359901 ], [ -89.172060038126801, 13.654362634965199 ], [ -89.172135788857005, 13.654406334034199 ], [ -89.172173309846599, 13.654435241411999 ], [ -89.172187159307299, 13.6544121480716 ], [ -89.172189604962, 13.654404510263101 ], [ -89.1724606214201, 13.654469120501799 ], [ -89.172506587502596, 13.6544761964829 ], [ -89.172497806420594, 13.6545174843826 ], [ -89.173006392143705, 13.654814999924501 ], [ -89.173292371589795, 13.6549418815293 ], [ -89.1735772166885, 13.6550317211251 ], [ -89.173651409730098, 13.655066915184101 ], [ -89.173662837858302, 13.6550344193586 ], [ -89.173697910745702, 13.6549520724488 ], [ -89.173738061442606, 13.654838058542101 ], [ -89.173741952909793, 13.654827003881699 ], [ -89.173745224893906, 13.6548106745339 ], [ -89.173750581886097, 13.654784041129901 ], [ -89.173762246205101, 13.6547259803004 ], [ -89.1737929606237, 13.654573181539 ], [ -89.173794771123795, 13.654564145839499 ], [ -89.173792106970197, 13.6544811693549 ], [ -89.173840679344195, 13.654581644413099 ], [ -89.173882118332102, 13.654686326708299 ], [ -89.173909276949004, 13.6547561061926 ], [ -89.173936888832699, 13.654823848880101 ], [ -89.173981528797896, 13.6548923387885 ], [ -89.174031163406397, 13.6549579001532 ], [ -89.174083766983202, 13.6550572795009 ], [ -89.174128657796103, 13.6551074147345 ], [ -89.174192770747794, 13.655155444734 ], [ -89.174316691114001, 13.6552013488536 ], [ -89.174410700357001, 13.655232631949101 ], [ -89.174479052432005, 13.655253483296701 ], [ -89.174598695786699, 13.655288941295 ], [ -89.174741136532106, 13.6553708287214 ], [ -89.174785052654997, 13.6553951863769 ], [ -89.174847949806903, 13.6554113954843 ], [ -89.174932205125401, 13.6554229515035 ], [ -89.175029541941399, 13.655473974845799 ], [ -89.175069927196802, 13.655535487714699 ], [ -89.175075909642899, 13.655600505967399 ], [ -89.175067609486803, 13.655690053414 ], [ -89.175070361180602, 13.655775770425 ], [ -89.175081197671702, 13.655837740002699 ], [ -89.175129806973899, 13.655935798666601 ] ] ] ] } },
{ "type": "Feature", "properties": { "qc_id": 119, "name": null, "descriptio": null, "timestamp": null, "begin": null, "end": null, "altitudemo": null, "tessellate": -1, "extrude": 0, "visibility": -1, "draworder": null, "icon": null, "objectid_1": 87, "fid_1": 89, "text_1": "COLONIA EL CENIZAL", "shape_leng": 723.53618931100004, "shape_area": 19497.436351100001, "fid_2": 0, "zona": 0, "viviendas": null }, "geometry": { "type": "MultiPolygon", "coordinates": [ [ [ [ -89.168520518582696, 13.6549971320495 ], [ -89.168458610789699, 13.6550000072698 ], [ -89.168087298014399, 13.6550172455186 ], [ -89.167733705068002, 13.6550514100927 ], [ -89.167688695039601, 13.6550577065818 ], [ -89.167566269325107, 13.6550748121641 ], [ -89.167373246252296, 13.6550400668694 ], [ -89.166924847802605, 13.6549590130643 ], [ -89.166737779414305, 13.654938795131001 ], [ -89.166286417039501, 13.6548693671509 ], [ -89.166099594039395, 13.6548221221385 ], [ -89.166111114875093, 13.654730981060901 ], [ -89.166110946639193, 13.654720494197401 ], [ -89.166157606608706, 13.654718240903399 ], [ -89.1662006388094, 13.6547122325654 ], [ -89.1662477412344, 13.654705656534601 ], [ -89.166295940699001, 13.6546989324181 ], [ -89.166339408192698, 13.6546928586811 ], [ -89.1663887342648, 13.654685976506901 ], [ -89.166431625054699, 13.654679995341001 ], [ -89.166479278284399, 13.654677242364301 ], [ -89.166523847241905, 13.6546746668223 ], [ -89.166550290455703, 13.6546731493544 ], [ -89.166572692779098, 13.6546718569787 ], [ -89.166618737785697, 13.6546691972614 ], [ -89.166689598373097, 13.6546651133529 ], [ -89.166718064738404, 13.654646443108501 ], [ -89.166758534235001, 13.6546162509207 ], [ -89.166778749123594, 13.654601178339 ], [ -89.1668125496046, 13.6545759702169 ], [ -89.166850643951904, 13.654547546737501 ], [ -89.166888757701003, 13.6545191241431 ], [ -89.166926862165099, 13.654490655450401 ], [ -89.166937220866998, 13.654482919221699 ], [ -89.166964323647306, 13.654462667156 ], [ -89.167003071071505, 13.6544337261821 ], [ -89.167039784226802, 13.6544062662585 ], [ -89.167075854396103, 13.654379279502599 ], [ -89.167110758725201, 13.6543492853746 ], [ -89.167145898583996, 13.6543190687237 ], [ -89.167180339186203, 13.6542894825571 ], [ -89.167218034087995, 13.654257079447101 ], [ -89.167219064948895, 13.6542561531588 ], [ -89.167234293214406, 13.6542424352516 ], [ -89.167249389401505, 13.654228855729199 ], [ -89.1672641264026, 13.654215794381299 ], [ -89.167295983606394, 13.6541875793549 ], [ -89.167316566809404, 13.654169332002599 ], [ -89.167337641470397, 13.6541520089977 ], [ -89.167363673946298, 13.654130609670601 ], [ -89.167379413886195, 13.654117668754999 ], [ -89.167411869254195, 13.654090989926001 ], [ -89.167444070215396, 13.6540536209123 ], [ -89.1674741627439, 13.6540187146334 ], [ -89.1675286848876, 13.654038846081299 ], [ -89.167530507167598, 13.6540057921501 ], [ -89.167575617028007, 13.653980325838701 ], [ -89.167581725324595, 13.6539058308724 ], [ -89.167599410844005, 13.6538863444244 ], [ -89.167630068868206, 13.653848660978699 ], [ -89.167656915641999, 13.653815664105799 ], [ -89.1676872430331, 13.6537783794953 ], [ -89.167715896140805, 13.653743169555799 ], [ -89.167722638540099, 13.653734889808099 ], [ -89.167740307939397, 13.653705795872099 ], [ -89.167763762197197, 13.6536671826966 ], [ -89.167764792511704, 13.6536654971354 ], [ -89.167765974226597, 13.6536635529572 ], [ -89.1677917928223, 13.6536210414791 ], [ -89.167793815135894, 13.6536028338672 ], [ -89.167806132218701, 13.6535417927346 ], [ -89.167822212617295, 13.653462033004599 ], [ -89.167887834899304, 13.653465819818299 ], [ -89.167941515798802, 13.6535803797436 ], [ -89.167946597021896, 13.6535912338476 ], [ -89.167930243922299, 13.653594530670199 ], [ -89.167970801886696, 13.653715848021999 ], [ -89.168017031181193, 13.6538523957203 ], [ -89.168050435764002, 13.653935758918999 ], [ -89.168144543132698, 13.654106159948499 ], [ -89.168257657404297, 13.654357176179399 ], [ -89.168371708698899, 13.654608839806199 ], [ -89.168431274942293, 13.654746368957699 ], [ -89.168487342306506, 13.654862611981899 ], [ -89.168520518582696, 13.6549971320495 ] ] ] ] } },
{ "type": "Feature", "properties": { "qc_id": 120, "name": null, "descriptio": null, "timestamp": null, "begin": null, "end": null, "altitudemo": null, "tessellate": -1, "extrude": 0, "visibility": -1, "draworder": null, "icon": null, "objectid_1": 88, "fid_1": 90, "text_1": "URBANIZACION SAN MARCOS", "shape_leng": 1397.6778722399999, "shape_area": 76288.152325799994, "fid_2": 0, "zona": 0, "viviendas": null }, "geometry": { "type": "MultiPolygon", "coordinates": [ [ [ [ -89.171050288919801, 13.655257012084901 ], [ -89.170977796871597, 13.6555955129132 ], [ -89.170949791173598, 13.6557262715954 ], [ -89.170948612044995, 13.6557317518198 ], [ -89.170933851284005, 13.655816249945699 ], [ -89.170755813160198, 13.6557856999965 ], [ -89.170726347404994, 13.655783452585201 ], [ -89.170557115057605, 13.6557705467145 ], [ -89.170400749250703, 13.6557361959684 ], [ -89.170183324277701, 13.6556884374454 ], [ -89.170147442426199, 13.6556739954531 ], [ -89.169870371322901, 13.655562468430199 ], [ -89.169801143812606, 13.655534610325001 ], [ -89.169751637478399, 13.655514679295599 ], [ -89.169738694044597, 13.655507746324901 ], [ -89.169605158794496, 13.6554361144798 ], [ -89.169373577068995, 13.6553118937726 ], [ -89.169254141279197, 13.655247823944 ], [ -89.169130081752897, 13.655190865459099 ], [ -89.168928991263002, 13.6550985461806 ], [ -89.168868802732007, 13.655083509665401 ], [ -89.168520518582696, 13.6549971320495 ], [ -89.168487342306506, 13.654862611981899 ], [ -89.168431274942293, 13.654746368957699 ], [ -89.168371708698899, 13.654608839806199 ], [ -89.168257657404297, 13.654357176179399 ], [ -89.168144543139803, 13.6541061698913 ], [ -89.168050435770496, 13.653935767957901 ], [ -89.168017031181193, 13.6538523957203 ], [ -89.167970812053994, 13.653715848015 ], [ -89.167930243922299, 13.653594530670199 ], [ -89.167946606264806, 13.653591233841301 ], [ -89.167941515798802, 13.6535803797436 ], [ -89.167887834899304, 13.653465819818299 ], [ -89.167822212617295, 13.653462033004599 ], [ -89.1678266953963, 13.653416611081401 ], [ -89.167831148913393, 13.6533716338938 ], [ -89.167833291695601, 13.6533499823631 ], [ -89.167835321476502, 13.6533292944605 ], [ -89.167835706887203, 13.653325379432699 ], [ -89.167840348553398, 13.6532785409987 ], [ -89.167844831358906, 13.6532331660772 ], [ -89.167848335951206, 13.6531977229065 ], [ -89.167849332575798, 13.653187689003101 ], [ -89.167853561170404, 13.6531448677553 ], [ -89.167858155968503, 13.653098418931 ], [ -89.167861163136394, 13.6530679466123 ], [ -89.167862459103802, 13.6530538485972 ], [ -89.167863332387, 13.653044536989301 ], [ -89.1678666012984, 13.653009121999499 ], [ -89.1678751201474, 13.6529166496376 ], [ -89.1678696686633, 13.652917958582 ], [ -89.167868567838497, 13.652912794483299 ], [ -89.167875342820594, 13.6529113553785 ], [ -89.167956586228499, 13.652894102415701 ], [ -89.168001754308705, 13.6528845101712 ], [ -89.168047093340306, 13.6528748626639 ], [ -89.168092347358893, 13.652865251362201 ], [ -89.168137421163493, 13.652855678139 ], [ -89.168179863888, 13.6528466526589 ], [ -89.168225202917895, 13.6528370231967 ], [ -89.168270399463793, 13.652827199486399 ], [ -89.168277033940996, 13.652825750523901 ], [ -89.168315178589197, 13.6528153025207 ], [ -89.168359493535704, 13.652803156389901 ], [ -89.168367016746203, 13.652801096688099 ], [ -89.168404519720895, 13.6527929440973 ], [ -89.168449792036398, 13.6527831112631 ], [ -89.1684537196777, 13.6527822571045 ], [ -89.168562205477002, 13.652757006606 ], [ -89.168618839334499, 13.652739613014401 ], [ -89.168553567561204, 13.6524443863259 ], [ -89.168497088712698, 13.6521633049566 ], [ -89.168620406690394, 13.6521398312666 ], [ -89.168712818964593, 13.652123921716001 ], [ -89.169280283513302, 13.6520262338723 ], [ -89.169391186633405, 13.6520071368613 ], [ -89.169434018389495, 13.651998258231 ], [ -89.169578480782704, 13.652486924877101 ], [ -89.169598412249201, 13.6525112728828 ], [ -89.169623313635995, 13.6525112557075 ], [ -89.169742826590806, 13.6524868114897 ], [ -89.16983214679, 13.652461425420499 ], [ -89.169843824532705, 13.6525116395139 ], [ -89.169866374862096, 13.652610634679 ], [ -89.169876231064805, 13.652654768630001 ], [ -89.169886333581999, 13.6526995233855 ], [ -89.169896929547207, 13.6527453787425 ], [ -89.169905855417795, 13.6527849784986 ], [ -89.169916365438496, 13.652830843856799 ], [ -89.169926619904103, 13.6528748021748 ], [ -89.169936077425106, 13.6529171964025 ], [ -89.169946322372994, 13.652962043253901 ], [ -89.169956036137293, 13.653006001944 ], [ -89.169966811925306, 13.653052524246901 ], [ -89.169978111147003, 13.653101988362399 ], [ -89.169994832756601, 13.653176385356 ], [ -89.170003491653404, 13.6532135872617 ], [ -89.170011058721698, 13.653246625682399 ], [ -89.170013707539397, 13.6532578330403 ], [ -89.170010171786998, 13.6532637867227 ], [ -89.170003459580201, 13.653274065925901 ], [ -89.169999122716604, 13.6532714214186 ], [ -89.169986744715004, 13.653287016723 ], [ -89.169873440380996, 13.6534298759187 ], [ -89.1698044979548, 13.6533761011676 ], [ -89.169694923227198, 13.653519263221099 ], [ -89.169634556002904, 13.6535981370795 ], [ -89.169526718489806, 13.653735809414099 ], [ -89.169548202952001, 13.6537474385641 ], [ -89.169628026088006, 13.6537958286159 ], [ -89.169667218705996, 13.653819580316201 ], [ -89.169704134100797, 13.6538500712072 ], [ -89.169706261747507, 13.653847385173901 ], [ -89.169768043774198, 13.6538935206638 ], [ -89.169796651150406, 13.6539131597021 ], [ -89.169852551322506, 13.653953384149901 ], [ -89.169890032692294, 13.653980394630301 ], [ -89.169913374649298, 13.6539966043034 ], [ -89.169941015035405, 13.654013412093301 ], [ -89.1699698957744, 13.654031413970699 ], [ -89.170000953991604, 13.654050450201799 ], [ -89.170038533460996, 13.6540699166927 ], [ -89.1701302156997, 13.654117197437699 ], [ -89.170195131677303, 13.6541511398341 ], [ -89.170250966164701, 13.654179619038599 ], [ -89.170284020771007, 13.6541971823123 ], [ -89.170314918662996, 13.6542168477248 ], [ -89.170371601352102, 13.6542525176946 ], [ -89.170411562022693, 13.6542785546915 ], [ -89.170426610756905, 13.6542915766054 ], [ -89.170450950347202, 13.6543119497754 ], [ -89.170479321325104, 13.654331747079301 ], [ -89.170476977104698, 13.654336580921401 ], [ -89.170494009858899, 13.6543311168248 ], [ -89.170576509756899, 13.6543891402213 ], [ -89.1705973557563, 13.654369077393101 ], [ -89.170620412884901, 13.654344200697601 ], [ -89.170649568420004, 13.6543751966835 ], [ -89.170669060969203, 13.654394249894599 ], [ -89.170659459206902, 13.6544271989727 ], [ -89.170610446908398, 13.654475205344401 ], [ -89.170577466314697, 13.654507522546099 ], [ -89.170544523574307, 13.654539792714599 ], [ -89.170464715937896, 13.654617958043699 ], [ -89.170453820611399, 13.6546286378716 ], [ -89.170425449970097, 13.6546616451439 ], [ -89.170438704436805, 13.654666708610399 ], [ -89.170532959780601, 13.654699325357599 ], [ -89.170589149278996, 13.6547213061452 ], [ -89.170669136918605, 13.654799481759699 ], [ -89.170786934006898, 13.6549525476276 ], [ -89.170948221874696, 13.6551428661211 ], [ -89.1709691862157, 13.655181281500001 ], [ -89.170997302447802, 13.6551759488624 ], [ -89.171046787532703, 13.6552326997744 ], [ -89.171050288919801, 13.655257012084901 ] ] ] ] } },
{ "type": "Feature", "properties": { "qc_id": 121, "name": null, "descriptio": null, "timestamp": null, "begin": null, "end": null, "altitudemo": null, "tessellate": -1, "extrude": 0, "visibility": -1, "draworder": null, "icon": null, "objectid_1": 89, "fid_1": 91, "text_1": "URBANIZACION 10 DE OCTUBRE 1a ETAPA", "shape_leng": 1393.6789429400001, "shape_area": 86819.762234599999, "fid_2": 0, "zona": 0, "viviendas": null }, "geometry": { "type": "MultiPolygon", "coordinates": [ [ [ [ -89.168618839334499, 13.652739613014401 ], [ -89.168562205477002, 13.652757006606 ], [ -89.1684537196777, 13.6527822571045 ], [ -89.168449792036398, 13.6527831112631 ], [ -89.168404519720895, 13.6527929440973 ], [ -89.168367016746203, 13.652801096688099 ], [ -89.168359493535704, 13.652803156389901 ], [ -89.168315178589197, 13.6528153025207 ], [ -89.168277033940996, 13.652825750523901 ], [ -89.168270399463793, 13.652827199486399 ], [ -89.168225202917895, 13.6528370231967 ], [ -89.168179863888, 13.6528466526589 ], [ -89.168137421163493, 13.652855678139 ], [ -89.168092347358893, 13.652865251362201 ], [ -89.168047093340306, 13.6528748626639 ], [ -89.168001754308705, 13.6528845101712 ], [ -89.167956586228499, 13.652894102415701 ], [ -89.167875342820594, 13.6529113553785 ], [ -89.167868567838497, 13.652912794483299 ], [ -89.1678696686633, 13.652917958582 ], [ -89.1678751201474, 13.6529166496376 ], [ -89.1678666012984, 13.653009121999499 ], [ -89.167863332387, 13.653044536989301 ], [ -89.167862459103802, 13.6530538485972 ], [ -89.167861163136394, 13.6530679466123 ], [ -89.167858155968503, 13.653098418931 ], [ -89.167853561170404, 13.6531448677553 ], [ -89.167849332575798, 13.653187689003101 ], [ -89.167848335951206, 13.6531977229065 ], [ -89.167844831358906, 13.6532331660772 ], [ -89.167840348553398, 13.6532785409987 ], [ -89.167835706887203, 13.653325379432699 ], [ -89.167835321476502, 13.6533292944605 ], [ -89.167833291695601, 13.6533499823631 ], [ -89.167831148913393, 13.6533716338938 ], [ -89.1678266953963, 13.653416611081401 ], [ -89.167822212617295, 13.653462033004599 ], [ -89.167806132218701, 13.6535417927346 ], [ -89.167793815135894, 13.6536028338672 ], [ -89.1677917928223, 13.6536210414791 ], [ -89.167765974226597, 13.6536635529572 ], [ -89.167764792511704, 13.6536654971354 ], [ -89.167763762197197, 13.6536671826966 ], [ -89.167740307939397, 13.653705795872099 ], [ -89.167722638540099, 13.653734889808099 ], [ -89.167715896140805, 13.653743169555799 ], [ -89.1676872430331, 13.6537783794953 ], [ -89.167656915641999, 13.653815664105799 ], [ -89.167630068868206, 13.653848660978699 ], [ -89.167599410844005, 13.6538863444244 ], [ -89.167581725324595, 13.6539058308724 ], [ -89.167575617028007, 13.653980325838701 ], [ -89.167530507167598, 13.6540057921501 ], [ -89.167528684881106, 13.6540388370424 ], [ -89.1674741627439, 13.6540187146334 ], [ -89.167444070215396, 13.6540536209123 ], [ -89.167411869254195, 13.654090989926001 ], [ -89.167379413886195, 13.654117668754999 ], [ -89.167363673946298, 13.654130609670601 ], [ -89.167337641470397, 13.6541520089977 ], [ -89.167316566809404, 13.654169332002599 ], [ -89.167295983606394, 13.6541875793549 ], [ -89.1672641264026, 13.654215794381299 ], [ -89.167249389401505, 13.654228855729199 ], [ -89.167234293214406, 13.6542424352516 ], [ -89.167219064948895, 13.6542561531588 ], [ -89.167218034087995, 13.654257079447101 ], [ -89.167180339186203, 13.6542894825571 ], [ -89.167145898583996, 13.6543190687237 ], [ -89.167110758725201, 13.6543492853746 ], [ -89.167075854396103, 13.654379279502599 ], [ -89.167039784226802, 13.6544062662585 ], [ -89.167003071071505, 13.6544337261821 ], [ -89.166964323647306, 13.654462667156 ], [ -89.166937220866998, 13.654482919221699 ], [ -89.166926862165099, 13.654490655450401 ], [ -89.166888757701003, 13.6545191241431 ], [ -89.166850643951904, 13.654547546737501 ], [ -89.1668125496046, 13.6545759702169 ], [ -89.166778749123594, 13.654601178339 ], [ -89.166758534235001, 13.6546162509207 ], [ -89.166718064738404, 13.654646443108501 ], [ -89.166689598373097, 13.6546651133529 ], [ -89.166618737785697, 13.6546691972614 ], [ -89.166572692779098, 13.6546718569787 ], [ -89.166550290455703, 13.6546731493544 ], [ -89.166523847241905, 13.6546746668223 ], [ -89.166479278284399, 13.654677242364301 ], [ -89.166431625054699, 13.654679995341001 ], [ -89.1663887342648, 13.654685976506901 ], [ -89.166339408192698, 13.6546928586811 ], [ -89.166295940699001, 13.6546989324181 ], [ -89.1662477412344, 13.654705656534601 ], [ -89.1662006388094, 13.6547122325654 ], [ -89.166157606608706, 13.654718240903399 ], [ -89.166110946639193, 13.654720494197401 ], [ -89.166111114875093, 13.654730981060901 ], [ -89.166099594039395, 13.6548221221385 ], [ -89.1660130509064, 13.654800243977 ], [ -89.165928032231804, 13.6547787443919 ], [ -89.165187842550694, 13.6547119713179 ], [ -89.164634350283293, 13.6546081858968 ], [ -89.164547666071101, 13.6546010154757 ], [ -89.164385845626398, 13.654587618622999 ], [ -89.164372600403397, 13.654500372789601 ], [ -89.164065911054294, 13.654148511818001 ], [ -89.163772482405804, 13.653714060974 ], [ -89.163683537522601, 13.6535445984999 ], [ -89.163462486728093, 13.6534217626299 ], [ -89.163643176654503, 13.653391154111601 ], [ -89.164110431894599, 13.653250579175801 ], [ -89.165053296350706, 13.6529944769712 ], [ -89.165138557449197, 13.652971307160801 ], [ -89.166759583343605, 13.6525593726266 ], [ -89.167178866205205, 13.652456663191 ], [ -89.167242467667705, 13.652440922016901 ], [ -89.167920951997701, 13.6522729283147 ], [ -89.168245586928606, 13.6522111548546 ], [ -89.168497088712698, 13.6521633049566 ], [ -89.168553567561204, 13.6524443863259 ], [ -89.168618839334499, 13.652739613014401 ] ] ] ] } },
{ "type": "Feature", "properties": { "qc_id": 122, "name": null, "descriptio": null, "timestamp": null, "begin": null, "end": null, "altitudemo": null, "tessellate": -1, "extrude": 0, "visibility": -1, "draworder": null, "icon": null, "objectid_1": 90, "fid_1": 92, "text_1": "COLONIA SANTA FE", "shape_leng": 1280.90690148, "shape_area": 79157.58803660002, "fid_2": 0, "zona": 0, "viviendas": null }, "geometry": { "type": "MultiPolygon", "coordinates": [ [ [ [ -89.169738694044597, 13.655507746324901 ], [ -89.169684349220603, 13.6555765367108 ], [ -89.169673062146302, 13.6555824216169 ], [ -89.169650908814901, 13.655627864800101 ], [ -89.169635002873605, 13.6556605117655 ], [ -89.169619096921394, 13.6556931496908 ], [ -89.1695968208236, 13.655738852371099 ], [ -89.169575348599693, 13.6557829066964 ], [ -89.169553072484902, 13.6558286093726 ], [ -89.169537176677295, 13.655861247285401 ], [ -89.1695201633583, 13.655893857946801 ], [ -89.169507895000294, 13.655918181149 ], [ -89.1694946620688, 13.6559161357193 ], [ -89.169490739384898, 13.655936760761699 ], [ -89.169473121051197, 13.655984061015999 ], [ -89.169460463112799, 13.656018038974601 ], [ -89.169449760022403, 13.6560468037334 ], [ -89.169433086342806, 13.6560915769504 ], [ -89.169422036381206, 13.6561251280649 ], [ -89.169420733175102, 13.656129071747801 ], [ -89.169408720352806, 13.6561655666035 ], [ -89.169394837110801, 13.6562077274498 ], [ -89.169393070927995, 13.656213096892101 ], [ -89.169380661478002, 13.6562507490036 ], [ -89.169375004158496, 13.6562679503847 ], [ -89.169400431160099, 13.656273357137399 ], [ -89.169408553911495, 13.6562758227877 ], [ -89.169400381477999, 13.656296774349901 ], [ -89.169385698804803, 13.656319831949499 ], [ -89.169385714218294, 13.656341231626 ], [ -89.169390697307193, 13.656360674566001 ], [ -89.169389357069207, 13.656365821356999 ], [ -89.169379228965894, 13.656363912982 ], [ -89.169355338248707, 13.656362485013799 ], [ -89.169342984569596, 13.656412142602999 ], [ -89.169335773645599, 13.6564411273094 ], [ -89.169333386610106, 13.6564507454798 ], [ -89.1693209850242, 13.656500634497601 ], [ -89.169315964853297, 13.656520833654399 ], [ -89.169314086549207, 13.6565283878847 ], [ -89.169295522846895, 13.6566030406038 ], [ -89.169320434962401, 13.656604485048501 ], [ -89.169328330648995, 13.656606090350801 ], [ -89.169325299037098, 13.6566165333161 ], [ -89.169310391774005, 13.6566165435801 ], [ -89.169305448952898, 13.6566389093169 ], [ -89.169300499102604, 13.656679758783801 ], [ -89.169314420440003, 13.6566904485906 ], [ -89.169311862390899, 13.6567000488005 ], [ -89.1693026324361, 13.6566977692076 ], [ -89.169270483487196, 13.6566893498743 ], [ -89.169247748307399, 13.6567536757618 ], [ -89.169247350735802, 13.65675479596 ], [ -89.169242006222305, 13.656771283950199 ], [ -89.169239434174102, 13.6567884090852 ], [ -89.169233904622203, 13.6568252049855 ], [ -89.169231902355904, 13.656844180902899 ], [ -89.169237042087403, 13.6568449637535 ], [ -89.169227403093004, 13.6568792541762 ], [ -89.169213836536002, 13.6569274500921 ], [ -89.169205254995603, 13.6569579542789 ], [ -89.1691949549257, 13.6569945591232 ], [ -89.169192360476401, 13.6570062509672 ], [ -89.169181379197198, 13.6570557214005 ], [ -89.169176285194098, 13.657078680192701 ], [ -89.169188666386304, 13.657081300198 ], [ -89.169201323156798, 13.6570841053113 ], [ -89.169194434326997, 13.657099613638101 ], [ -89.169185185591203, 13.6570969444754 ], [ -89.169170702294494, 13.657094020400001 ], [ -89.169156482959593, 13.6571303875029 ], [ -89.169155245994205, 13.6571339144435 ], [ -89.169133907021006, 13.657127061335601 ], [ -89.169133454163102, 13.6571284229112 ], [ -89.169117634345696, 13.657175675802 ], [ -89.169101823757799, 13.6572229187425 ], [ -89.169097988708501, 13.657234380041601 ], [ -89.169085199344494, 13.657270857335901 ], [ -89.169067980512096, 13.6573199713986 ], [ -89.169082002691795, 13.657326894623401 ], [ -89.169088715947296, 13.657330712574501 ], [ -89.169087185433995, 13.6573334903887 ], [ -89.1690861790225, 13.6573427189327 ], [ -89.169095967539505, 13.657358206750001 ], [ -89.169122767231698, 13.657403421878801 ], [ -89.169039972144304, 13.657488641873 ], [ -89.168953909889296, 13.657598781724399 ], [ -89.168835634609806, 13.657728694646901 ], [ -89.168665028786094, 13.657834948736999 ], [ -89.168634254798604, 13.657948585676699 ], [ -89.168559634442502, 13.6580305702886 ], [ -89.168510951101794, 13.657984628903201 ], [ -89.168508752644101, 13.657980150712 ], [ -89.168474700207, 13.657944390696001 ], [ -89.168427073965901, 13.657906993077701 ], [ -89.168390216607193, 13.6577865256595 ], [ -89.168371754567005, 13.657726152771399 ], [ -89.168365814132898, 13.657705682740101 ], [ -89.168344341984195, 13.657631622438799 ], [ -89.168318154699307, 13.6576076121552 ], [ -89.168283697717101, 13.6575760365135 ], [ -89.168271608235202, 13.657558708103 ], [ -89.168244558220906, 13.6575199821068 ], [ -89.168234967338194, 13.6574757638557 ], [ -89.168186016725201, 13.6573337287324 ], [ -89.168160760593395, 13.657289485035699 ], [ -89.168127921645095, 13.6572688390533 ], [ -89.168116520673905, 13.6572616735463 ], [ -89.167986839635404, 13.657180153209501 ], [ -89.167868911125197, 13.6571074359387 ], [ -89.167845537632004, 13.6570874225099 ], [ -89.167726518963207, 13.6569855128557 ], [ -89.167705001727697, 13.6569670989432 ], [ -89.167672737305296, 13.656943185835701 ], [ -89.1676513920048, 13.656927372303899 ], [ -89.167583276707603, 13.6568935977363 ], [ -89.167530195405504, 13.656916995944 ], [ -89.167487660486302, 13.6568910804527 ], [ -89.167411633428102, 13.6568447516213 ], [ -89.167353383152303, 13.656800297999499 ], [ -89.167199630815603, 13.6567421737446 ], [ -89.167132762099101, 13.6567168948066 ], [ -89.167003767384699, 13.6566676949195 ], [ -89.166926867190298, 13.656658065524599 ], [ -89.166887387840106, 13.656643431161999 ], [ -89.166825154555895, 13.656627211434101 ], [ -89.166834018174896, 13.656606943736699 ], [ -89.166741367656101, 13.656595853429501 ], [ -89.166695068278699, 13.656587045640499 ], [ -89.166687325220494, 13.656585579350001 ], [ -89.166646470678103, 13.6565946405539 ], [ -89.1665871567875, 13.6565985494072 ], [ -89.166542327015307, 13.656579225596801 ], [ -89.166411780209501, 13.6564903093546 ], [ -89.166330719181701, 13.6564314791274 ], [ -89.166305335620507, 13.656380246417701 ], [ -89.166239968078301, 13.6563090574529 ], [ -89.166157791103601, 13.656237869885899 ], [ -89.166073761181906, 13.6561840392087 ], [ -89.166064037367903, 13.6561799827724 ], [ -89.166068906050199, 13.6561582281828 ], [ -89.166076294068603, 13.656125540199399 ], [ -89.166086858676707, 13.6561278289548 ], [ -89.166167892589996, 13.6560007002938 ], [ -89.166235834714897, 13.6559117518936 ], [ -89.166280076598596, 13.655848893223499 ], [ -89.166322306788302, 13.655792033241701 ], [ -89.1663336491481, 13.6557426458478 ], [ -89.166148739456304, 13.655644056599799 ], [ -89.166107637055305, 13.6556356989433 ], [ -89.166115037858305, 13.6556080555811 ], [ -89.166087272036904, 13.655600669636801 ], [ -89.166104872605203, 13.6555142075305 ], [ -89.166132633185995, 13.6555141887776 ], [ -89.166215681838395, 13.6551856512919 ], [ -89.166286417039501, 13.6548693671509 ], [ -89.166737769247007, 13.6549387951379 ], [ -89.166924847802605, 13.6549590130643 ], [ -89.167373246252296, 13.6550400668694 ], [ -89.167566269325107, 13.6550748121641 ], [ -89.167688684865794, 13.6550576975498 ], [ -89.167733705068002, 13.6550514100927 ], [ -89.168087298014399, 13.6550172455186 ], [ -89.168458610783205, 13.654999998230901 ], [ -89.168520518582696, 13.6549971320495 ], [ -89.168868802732007, 13.655083509665401 ], [ -89.168928991263002, 13.6550985461806 ], [ -89.169130081752897, 13.655190865459099 ], [ -89.169254141279197, 13.655247823944 ], [ -89.169373577068995, 13.6553118937726 ], [ -89.169605158794496, 13.6554361144798 ], [ -89.169738694044597, 13.655507746324901 ] ] ] ] } },
{ "type": "Feature", "properties": { "qc_id": 123, "name": null, "descriptio": null, "timestamp": null, "begin": null, "end": null, "altitudemo": null, "tessellate": -1, "extrude": 0, "visibility": -1, "draworder": null, "icon": null, "objectid_1": 94, "fid_1": 96, "text_1": "LOTIFICACION SANTA FE NO 1", "shape_leng": 580.36185006300002, "shape_area": 14923.054421000001, "fid_2": 0, "zona": 0, "viviendas": null }, "geometry": { "type": "MultiPolygon", "coordinates": [ [ [ [ -89.176476739423094, 13.6601624555718 ], [ -89.1764713784885, 13.660283359724501 ], [ -89.176466847644804, 13.660350135413101 ], [ -89.176447488347307, 13.660635618825999 ], [ -89.176404847987499, 13.6609013941667 ], [ -89.176366982002406, 13.660995044827899 ], [ -89.176309331271995, 13.6610967805349 ], [ -89.176278061945396, 13.661164268672501 ], [ -89.176227269734696, 13.661300653823201 ], [ -89.176203754186005, 13.6614466079241 ], [ -89.176201483505196, 13.661460705773001 ], [ -89.176174085861902, 13.661630265123099 ], [ -89.176159568273206, 13.661707913661999 ], [ -89.1761304110466, 13.661853325842699 ], [ -89.176110100048405, 13.661842538859601 ], [ -89.175988395931299, 13.6617779180458 ], [ -89.175891072532295, 13.6617486002836 ], [ -89.175851319230304, 13.661736624101801 ], [ -89.175760518483301, 13.6617092730158 ], [ -89.175795799343504, 13.6614608849332 ], [ -89.175800302556993, 13.6612554754903 ], [ -89.175810580130303, 13.6611268485905 ], [ -89.1757651567235, 13.660962237727601 ], [ -89.175762725471699, 13.6609507437453 ], [ -89.175733858368403, 13.660814184229499 ], [ -89.175709741546996, 13.660700076747 ], [ -89.175705532041505, 13.660691249617001 ], [ -89.175645865867693, 13.6605662457769 ], [ -89.175639798357295, 13.6605535513078 ], [ -89.175605790195306, 13.6604144039832 ], [ -89.1755944991326, 13.660415060137501 ], [ -89.1755904092485, 13.6603881649885 ], [ -89.175579670694603, 13.6602547959061 ], [ -89.175576874624696, 13.6602362400603 ], [ -89.175573621901194, 13.660215157253599 ], [ -89.175548576538105, 13.660113786278 ], [ -89.175531871565397, 13.6600510715929 ], [ -89.175526291432007, 13.6600064991525 ], [ -89.175542055367302, 13.659872231659699 ], [ -89.175542216171706, 13.659872194485301 ], [ -89.175595716009596, 13.6598512004174 ], [ -89.175615769162704, 13.6598722061467 ], [ -89.175726714289894, 13.6599050593573 ], [ -89.175744746095901, 13.659918819100501 ], [ -89.175935900280393, 13.6599021981077 ], [ -89.176084017354995, 13.6598872266597 ], [ -89.176128916815102, 13.6598965064195 ], [ -89.176150789944103, 13.6598581900633 ], [ -89.176341081796394, 13.6598281944575 ], [ -89.176373057856907, 13.6598196279225 ], [ -89.176406433672895, 13.6599359595126 ], [ -89.176446774546505, 13.6600255181911 ], [ -89.176459379142599, 13.6601346172557 ], [ -89.176476739423094, 13.6601624555718 ] ] ] ] } },
{ "type": "Feature", "properties": { "qc_id": 124, "name": null, "descriptio": null, "timestamp": null, "begin": null, "end": null, "altitudemo": null, "tessellate": -1, "extrude": 0, "visibility": -1, "draworder": null, "icon": null, "objectid_1": 97, "fid_1": 99, "text_1": "COLONIA EL TRANSITO NO 2", "shape_leng": 572.37324918800005, "shape_area": 17390.321933800002, "fid_2": 0, "zona": 0, "viviendas": null }, "geometry": { "type": "MultiPolygon", "coordinates": [ [ [ [ -89.178154245658803, 13.6597510075258 ], [ -89.178122808594694, 13.659784036882501 ], [ -89.177946603013098, 13.6599035462154 ], [ -89.177856841021296, 13.659947447285999 ], [ -89.177761187286904, 13.6600108170305 ], [ -89.1777143496261, 13.660042154530601 ], [ -89.177700792874901, 13.660051114682901 ], [ -89.177677429231807, 13.660045634082801 ], [ -89.177640927794499, 13.660065338219299 ], [ -89.177572203720104, 13.660080428644999 ], [ -89.177449026589599, 13.6601074798042 ], [ -89.177380719409499, 13.660122634956 ], [ -89.177305140965501, 13.6601358691338 ], [ -89.1772519540757, 13.660145182329 ], [ -89.177195902064398, 13.6601573294764 ], [ -89.177118534399597, 13.660181996430101 ], [ -89.177090003667502, 13.6601910875508 ], [ -89.177050865167104, 13.660203565060501 ], [ -89.177010913452307, 13.6602163016628 ], [ -89.176993302839406, 13.6602219239028 ], [ -89.176930663563994, 13.6602469227721 ], [ -89.176927455287299, 13.660248221263901 ], [ -89.176868467978693, 13.660271958366 ], [ -89.176835791188296, 13.6602804603887 ], [ -89.176778179137798, 13.6602954314226 ], [ -89.176754000768199, 13.6603017245362 ], [ -89.176694060801097, 13.6603173172947 ], [ -89.176562164282799, 13.660341893989701 ], [ -89.176505419620099, 13.660352476836801 ], [ -89.176466847644804, 13.660350135413101 ], [ -89.1764713784885, 13.660283359724501 ], [ -89.176476739423094, 13.6601624555718 ], [ -89.176459379142599, 13.6601346172557 ], [ -89.176446774546505, 13.6600255181911 ], [ -89.176406433672895, 13.6599359595126 ], [ -89.176373057856907, 13.6598196279225 ], [ -89.176349323931902, 13.659736916068301 ], [ -89.176357438124796, 13.659703061236399 ], [ -89.176544511848107, 13.659597410066 ], [ -89.176689879303197, 13.6595264702213 ], [ -89.1767588630304, 13.6594794380576 ], [ -89.1768278087781, 13.6593942254291 ], [ -89.176938700958502, 13.6592179605015 ], [ -89.177363057098503, 13.658955454205699 ], [ -89.177439193129104, 13.658853593725301 ], [ -89.177566591066807, 13.6588903309214 ], [ -89.177665060843196, 13.658946923997799 ], [ -89.177733155653996, 13.659038943604999 ], [ -89.177804156053597, 13.659143715033499 ], [ -89.177861553469398, 13.6592829373442 ], [ -89.177822338406799, 13.6593687117782 ], [ -89.1777951726514, 13.6594042092505 ], [ -89.177789142336906, 13.659428602471801 ], [ -89.177785079293201, 13.6594998756244 ], [ -89.177802428743504, 13.6595633679449 ], [ -89.177889005467804, 13.659638101637601 ], [ -89.178017407653201, 13.6597113895284 ], [ -89.178142896682104, 13.6597508123712 ], [ -89.178154245658803, 13.6597510075258 ] ] ] ] } },
{ "type": "Feature", "properties": { "qc_id": 125, "name": null, "descriptio": null, "timestamp": null, "begin": null, "end": null, "altitudemo": null, "tessellate": -1, "extrude": 0, "visibility": -1, "draworder": null, "icon": null, "objectid_1": 98, "fid_1": 100, "text_1": "COLONIA BELLA VISTA", "shape_leng": 2100.8824606600001, "shape_area": 73358.000406100022, "fid_2": 0, "zona": 0, "viviendas": null }, "geometry": { "type": "MultiPolygon", "coordinates": [ [ [ [ -89.177439182961606, 13.658853593732699 ], [ -89.177363066341698, 13.658955454199001 ], [ -89.176938700958502, 13.6592179605015 ], [ -89.176827818021295, 13.659394225422499 ], [ -89.1767588630304, 13.6594794380576 ], [ -89.176689888539599, 13.659526461175799 ], [ -89.1765445118549, 13.6595974191049 ], [ -89.176357438124796, 13.659703061236399 ], [ -89.176349333168403, 13.659736907022801 ], [ -89.176373067100101, 13.6598196279158 ], [ -89.176341081796394, 13.6598281944575 ], [ -89.176150789944103, 13.6598581900633 ], [ -89.176128916815102, 13.6598965064195 ], [ -89.176084026591496, 13.6598872176141 ], [ -89.175935900280393, 13.6599021981077 ], [ -89.175744746095901, 13.659918819100501 ], [ -89.175715586981596, 13.6596436259859 ], [ -89.175732445671102, 13.659581756874401 ], [ -89.175726596477702, 13.659481446021401 ], [ -89.175693295114499, 13.6593627822381 ], [ -89.175652793726499, 13.659248361950301 ], [ -89.175593906305295, 13.659088805290599 ], [ -89.175578394440805, 13.659000996759 ], [ -89.175541208828804, 13.6589412298288 ], [ -89.175482547120595, 13.658932830232001 ], [ -89.175246883585601, 13.65892776926 ], [ -89.175040892044095, 13.658922028909 ], [ -89.174949561363405, 13.6589187802258 ], [ -89.174871465914705, 13.6588806001614 ], [ -89.174789860644694, 13.6588334342472 ], [ -89.174746191996604, 13.658812102656199 ], [ -89.174619762101997, 13.658740237999501 ], [ -89.174474953718502, 13.658672883189301 ], [ -89.174474745671901, 13.658672782100901 ], [ -89.174474409467194, 13.6586918029763 ], [ -89.174469371109794, 13.658853904534 ], [ -89.174467929184104, 13.6589000186018 ], [ -89.174543885608898, 13.6591161634373 ], [ -89.174551010613499, 13.659139047681901 ], [ -89.174575128164093, 13.6592165114316 ], [ -89.174588676801207, 13.6592600233938 ], [ -89.174601789036302, 13.659302118359699 ], [ -89.174625184849802, 13.659377259609499 ], [ -89.174635811221904, 13.6594113785722 ], [ -89.1746558780399, 13.6594758408704 ], [ -89.174725631076697, 13.659699857541501 ], [ -89.174689555059004, 13.6597947929179 ], [ -89.174482249438796, 13.659766801879901 ], [ -89.174291442829499, 13.659741048765699 ], [ -89.174262571504698, 13.659737144519699 ], [ -89.174210602761093, 13.6597301282575 ], [ -89.174209761684196, 13.659705249178201 ], [ -89.174235147261101, 13.6597064903175 ], [ -89.174224142134193, 13.6594293127696 ], [ -89.174223642180394, 13.6591375027743 ], [ -89.174223547818301, 13.6590101324588 ], [ -89.174200753884705, 13.6589050212414 ], [ -89.174167643714298, 13.6588262025591 ], [ -89.174130416701303, 13.6587736647872 ], [ -89.174053947795599, 13.6587211547871 ], [ -89.174012618608202, 13.658700969354999 ], [ -89.173929967373397, 13.6586727232961 ], [ -89.173922499668294, 13.658672534240599 ], [ -89.173923909468698, 13.658646579741401 ], [ -89.173929615146207, 13.658516419520399 ], [ -89.173956204998703, 13.6585189370386 ], [ -89.173950069762199, 13.658453224684401 ], [ -89.173943839584993, 13.658386614830601 ], [ -89.173936277444696, 13.6583099717935 ], [ -89.173935024846401, 13.658306020855701 ], [ -89.173916601271799, 13.658248397097999 ], [ -89.173900517419696, 13.658179887898999 ], [ -89.173901423084502, 13.6581246665784 ], [ -89.173903652506795, 13.6581196294095 ], [ -89.173910248527207, 13.658104769250199 ], [ -89.173929943572801, 13.658089399973299 ], [ -89.173921545620203, 13.658009925626599 ], [ -89.173939714622605, 13.6579658271634 ], [ -89.173946629962899, 13.6579490595613 ], [ -89.1739535511024, 13.6579263877204 ], [ -89.173963861851107, 13.657892669707 ], [ -89.173980206691397, 13.6578391874015 ], [ -89.173975411843003, 13.657754897272101 ], [ -89.173970865147794, 13.657712425614299 ], [ -89.173967034215593, 13.6576766639577 ], [ -89.173951084810298, 13.6575986945124 ], [ -89.173950952834105, 13.657535235835899 ], [ -89.173950765886502, 13.657448693557599 ], [ -89.173950734405807, 13.6574323755846 ], [ -89.1739325440046, 13.657343754429901 ], [ -89.173989914906898, 13.657298415205901 ], [ -89.173989943279807, 13.657298035550401 ], [ -89.173993663774496, 13.6572607409701 ], [ -89.173994039928303, 13.657256937118699 ], [ -89.173987432243095, 13.6572172617583 ], [ -89.173975357919105, 13.657144750898 ], [ -89.173967739790498, 13.6571210796922 ], [ -89.174008783914005, 13.6570499467476 ], [ -89.174027650429906, 13.657015501368701 ], [ -89.174084912805, 13.6570009940178 ], [ -89.174115925549501, 13.656932663899701 ], [ -89.174137892858596, 13.656892894189699 ], [ -89.174215068894995, 13.656699178461199 ], [ -89.174377428861703, 13.656697017873601 ], [ -89.174451654263095, 13.6566864972344 ], [ -89.174492157207993, 13.656689791212001 ], [ -89.174500835123695, 13.656687961900399 ], [ -89.174510961837697, 13.6566866775122 ], [ -89.174520554267701, 13.6566803669491 ], [ -89.174523050155997, 13.6566769683447 ], [ -89.174535955813596, 13.656657633030701 ], [ -89.1745463748247, 13.6566416963141 ], [ -89.174572406082504, 13.6565955096493 ], [ -89.1746048390266, 13.6565392662327 ], [ -89.1746055530609, 13.656532425960799 ], [ -89.174820385873105, 13.6565425750081 ], [ -89.174943983036201, 13.656395152410999 ], [ -89.174980136551, 13.6562387485288 ], [ -89.175081353472805, 13.656250625963899 ], [ -89.175089570370204, 13.656251591799601 ], [ -89.175106258129901, 13.656253227715901 ], [ -89.175106436080696, 13.656251394492401 ], [ -89.175129806973899, 13.655935798666601 ], [ -89.175342057632704, 13.6558851477704 ], [ -89.175403036210497, 13.655868055036899 ], [ -89.175422407577699, 13.6560151635081 ], [ -89.175423530710304, 13.6560487523076 ], [ -89.175421221369803, 13.6561386462018 ], [ -89.1754206793306, 13.6561852043545 ], [ -89.1754129936011, 13.6561850615984 ], [ -89.175424299405506, 13.6562676341822 ], [ -89.175418617059805, 13.6562630844184 ], [ -89.175345824884602, 13.6563807139442 ], [ -89.175174063021799, 13.6566582811563 ], [ -89.1750562285727, 13.6566375764112 ], [ -89.175036952324206, 13.6566304439476 ], [ -89.175034149697197, 13.6566414607931 ], [ -89.175004538758003, 13.656698942400199 ], [ -89.174974908851695, 13.6567309513844 ], [ -89.174948361076105, 13.6567586456946 ], [ -89.174893497007801, 13.6568024557799 ], [ -89.1748487899727, 13.6568223786596 ], [ -89.174785768283897, 13.656829392482599 ], [ -89.1746962883999, 13.6568055760933 ], [ -89.174627151298907, 13.656798665215501 ], [ -89.174545843411295, 13.656818623067201 ], [ -89.174457960948004, 13.656856106634599 ], [ -89.174310264342495, 13.656925879892601 ], [ -89.174229928848206, 13.6569933664006 ], [ -89.174193509345699, 13.657033590168201 ], [ -89.174164104319004, 13.657088637340999 ], [ -89.174163546823493, 13.6570897025228 ], [ -89.174191233152101, 13.657103992456401 ], [ -89.174335417802297, 13.6571754931367 ], [ -89.1744115636847, 13.6572142957314 ], [ -89.174482304034399, 13.6572516116169 ], [ -89.174555516068196, 13.6572902399892 ], [ -89.174628737369204, 13.657328868333201 ], [ -89.174717742909394, 13.657375833804799 ], [ -89.174782821561294, 13.657410154506399 ], [ -89.174858216541395, 13.6574445419749 ], [ -89.174928622186698, 13.6575026556628 ], [ -89.1750008758017, 13.657525059689901 ], [ -89.175040078520098, 13.657537221701 ], [ -89.175088976747205, 13.6575523759227 ], [ -89.175161694274095, 13.6575882638601 ], [ -89.175179173008104, 13.6575968971541 ], [ -89.175245581489094, 13.657624496335201 ], [ -89.175328292548002, 13.6576588793494 ], [ -89.1753328742668, 13.657659977025499 ], [ -89.175423262456206, 13.6576816358439 ], [ -89.175427646077495, 13.657683576992399 ], [ -89.175520253252401, 13.657724634465501 ], [ -89.175516615997395, 13.6577331987438 ], [ -89.175602070643293, 13.657777677105599 ], [ -89.175687733375298, 13.6578222664678 ], [ -89.175778115052907, 13.6578350859828 ], [ -89.175785431774997, 13.657836117519 ], [ -89.175864369944605, 13.657874222572699 ], [ -89.175934641721398, 13.657903624784399 ], [ -89.175953851297393, 13.657911653887799 ], [ -89.1760271428506, 13.6579423130365 ], [ -89.176069169729701, 13.6579708649762 ], [ -89.176154995770503, 13.6578531978874 ], [ -89.176187200024401, 13.6578090521436 ], [ -89.176260556949998, 13.6577999109233 ], [ -89.176250415862398, 13.657719169741 ], [ -89.176268986582897, 13.657480363950899 ], [ -89.176279308794804, 13.657347729113001 ], [ -89.1762823646622, 13.6573083894626 ], [ -89.176285420528501, 13.657269049812101 ], [ -89.176295235490002, 13.6571428673303 ], [ -89.176363521201694, 13.6571247965315 ], [ -89.176390821501002, 13.6571294880456 ], [ -89.176415599568898, 13.657127073144901 ], [ -89.176598739065, 13.6570803296969 ], [ -89.176633119494497, 13.6570725848474 ], [ -89.176637477880604, 13.6571036910315 ], [ -89.176710896328899, 13.6571521394211 ], [ -89.176692399989903, 13.657174375845701 ], [ -89.176612817261599, 13.657285874086 ], [ -89.176646512885995, 13.657312691915401 ], [ -89.176682151645096, 13.657341035020799 ], [ -89.176731057611804, 13.657379930586201 ], [ -89.176765833492695, 13.657407589148001 ], [ -89.1768041895469, 13.657438105954901 ], [ -89.176855813744893, 13.657479174309501 ], [ -89.176899164132493, 13.6575173886851 ], [ -89.176940364064393, 13.657553688345301 ], [ -89.177028929564301, 13.657631762611 ], [ -89.176843145222705, 13.6582659976816 ], [ -89.1767609446173, 13.65843294902 ], [ -89.176740166296696, 13.6584678217147 ], [ -89.176778482070105, 13.6584949417204 ], [ -89.176812862180199, 13.658549203057101 ], [ -89.176841970480496, 13.658616398380699 ], [ -89.176893525647699, 13.658678393724299 ], [ -89.176956833107397, 13.6587115491002 ], [ -89.177093791549296, 13.6587353584999 ], [ -89.177224100962505, 13.6587794424332 ], [ -89.177340337820496, 13.658812689720801 ], [ -89.177375138653105, 13.658822809022 ], [ -89.177439182961606, 13.658853593732699 ] ] ] ] } },
{ "type": "Feature", "properties": { "qc_id": 126, "name": null, "descriptio": null, "timestamp": null, "begin": null, "end": null, "altitudemo": null, "tessellate": -1, "extrude": 0, "visibility": -1, "draworder": null, "icon": null, "objectid_1": 99, "fid_1": 101, "text_1": "COLONIA SANTO DOMINGO", "shape_leng": 1170.37649857, "shape_area": 42503.769578200001, "fid_2": 0, "zona": 0, "viviendas": null }, "geometry": { "type": "MultiPolygon", "coordinates": [ [ [ [ -89.177017056086996, 13.655752097651201 ], [ -89.176863681317997, 13.6557447752886 ], [ -89.176706016589307, 13.6557469440873 ], [ -89.176651241879199, 13.655745307621499 ], [ -89.176504220242094, 13.655740924453299 ], [ -89.176382304906696, 13.655755404630399 ], [ -89.176298918870202, 13.6557681080933 ], [ -89.176113693247601, 13.655796332029301 ], [ -89.175874029420498, 13.6558428479987 ], [ -89.175638064480594, 13.6558620092634 ], [ -89.1755358202401, 13.655830816578099 ], [ -89.175403036210497, 13.655868055036899 ], [ -89.175342057632704, 13.6558851477704 ], [ -89.175129806973899, 13.655935798666601 ], [ -89.175081197671702, 13.655837740002699 ], [ -89.175070361180602, 13.655775770425 ], [ -89.175067609486803, 13.655690053414 ], [ -89.175075909642899, 13.655600505967399 ], [ -89.175069927196802, 13.655535487714699 ], [ -89.175029541941399, 13.655473974845799 ], [ -89.174932205125401, 13.6554229515035 ], [ -89.174847949806903, 13.6554113954843 ], [ -89.174785052654997, 13.6553951863769 ], [ -89.174741136532106, 13.6553708287214 ], [ -89.174598695786699, 13.655288941295 ], [ -89.174479052432005, 13.655253483296701 ], [ -89.174410700357001, 13.655232631949101 ], [ -89.174316691114001, 13.6552013488536 ], [ -89.174192770747794, 13.655155444734 ], [ -89.174128657796103, 13.6551074147345 ], [ -89.174083766983202, 13.6550572795009 ], [ -89.174031163406397, 13.6549579001532 ], [ -89.173981528797896, 13.6548923387885 ], [ -89.173936888832699, 13.654823848880101 ], [ -89.173909276949004, 13.6547561061926 ], [ -89.173882118332102, 13.654686326708299 ], [ -89.173840679344195, 13.654581644413099 ], [ -89.173792106970197, 13.6544811693549 ], [ -89.173824874088893, 13.654429498599301 ], [ -89.173878971332599, 13.6542828749692 ], [ -89.1738846552621, 13.6542521692883 ], [ -89.173881786467604, 13.654249986605199 ], [ -89.173925743016497, 13.6542269270138 ], [ -89.173935055294606, 13.6542006153055 ], [ -89.1739506489143, 13.6541565367337 ], [ -89.174016748155395, 13.653997566428799 ], [ -89.174089764631205, 13.654030706638499 ], [ -89.174056280840105, 13.6541104881357 ], [ -89.1740390741261, 13.654149282788 ], [ -89.174060906480406, 13.6541585412876 ], [ -89.174026555136905, 13.654345025363099 ], [ -89.174165623779004, 13.654360218081599 ], [ -89.174289851942802, 13.654375522476199 ], [ -89.174371614810994, 13.6543831557467 ], [ -89.174447094726006, 13.6543938757255 ], [ -89.174546172263305, 13.6544061164564 ], [ -89.174624784208902, 13.6544137518793 ], [ -89.174693977535, 13.654421394871999 ], [ -89.174835986626306, 13.6544318270247 ], [ -89.174993142251694, 13.6544335564733 ], [ -89.175072524504102, 13.654421782794 ], [ -89.175072833608596, 13.654392505449 ], [ -89.175073836133606, 13.654353556848999 ], [ -89.175080205093394, 13.6541096781104 ], [ -89.175144579694404, 13.6541033013962 ], [ -89.175209863747497, 13.654096849897901 ], [ -89.175269459140296, 13.6540909483888 ], [ -89.175331127589004, 13.6540848510499 ], [ -89.175406026408098, 13.6540774390359 ], [ -89.175486286571697, 13.654075530599201 ], [ -89.175563097828004, 13.654068210273699 ], [ -89.175566240397501, 13.6540681429498 ], [ -89.175568785986997, 13.6540682333295 ], [ -89.175571540599705, 13.654068499819299 ], [ -89.175574248225701, 13.654068970622699 ], [ -89.175577419221995, 13.6540698379047 ], [ -89.175579899898196, 13.6540708819388 ], [ -89.175582011972594, 13.6540721856536 ], [ -89.175619976272003, 13.654074129936699 ], [ -89.175620247436896, 13.6540696410057 ], [ -89.175647406023799, 13.654011318640199 ], [ -89.175622709456107, 13.6538934630826 ], [ -89.175677089101598, 13.653811027977699 ], [ -89.175685047246503, 13.6538208340613 ], [ -89.175690507249698, 13.6538321957233 ], [ -89.175789421228401, 13.6539424091375 ], [ -89.175793340515597, 13.6539563552274 ], [ -89.175820444627604, 13.6540527261986 ], [ -89.175826565921696, 13.6540745192248 ], [ -89.175841562618402, 13.6541189276587 ], [ -89.175858161221697, 13.65416592641 ], [ -89.175870994543203, 13.654202218517399 ], [ -89.175877503610806, 13.6542370164911 ], [ -89.175880914926296, 13.6542551832237 ], [ -89.175877167722902, 13.654281019193 ], [ -89.175869564737894, 13.654328404943699 ], [ -89.175863394165802, 13.654366803156201 ], [ -89.1758450829156, 13.6544472582928 ], [ -89.175845026713702, 13.6544474996726 ], [ -89.175832886487399, 13.6545284873082 ], [ -89.175838579265303, 13.6545841206216 ], [ -89.175841658464606, 13.6546142560516 ], [ -89.175827914609897, 13.6546767611059 ], [ -89.176019160985206, 13.6546877494161 ], [ -89.176084263504805, 13.654705307950501 ], [ -89.176174236555497, 13.654718349971301 ], [ -89.176201527120696, 13.654722764018301 ], [ -89.176348867377698, 13.654710394368401 ], [ -89.176369194344801, 13.6547063068446 ], [ -89.176305540219104, 13.6545383773586 ], [ -89.176334920931296, 13.6545284243058 ], [ -89.176547342949107, 13.654455669323699 ], [ -89.176549116709495, 13.6544606286202 ], [ -89.176579581991106, 13.654545974106099 ], [ -89.176620486081404, 13.654680172981699 ], [ -89.176643818891506, 13.654770863786901 ], [ -89.176662651999806, 13.6548440457811 ], [ -89.176670311901205, 13.654873844372799 ], [ -89.176692849980896, 13.654964711099 ], [ -89.176718444902605, 13.655055779906199 ], [ -89.176728564945094, 13.655096155902401 ], [ -89.176743821006895, 13.655156984230199 ], [ -89.176769567064397, 13.655259696884199 ], [ -89.176794512230799, 13.655317528162399 ], [ -89.176799611462599, 13.6553517432082 ], [ -89.176820642219496, 13.6554267928613 ], [ -89.176825177925807, 13.655442960262 ], [ -89.1768358543695, 13.6554807904878 ], [ -89.176960591981498, 13.655454747251399 ], [ -89.176994944114796, 13.6554478086444 ], [ -89.177009197029506, 13.655509377062099 ], [ -89.177014552536406, 13.655658069178401 ], [ -89.177017056086996, 13.655752097651201 ] ] ] ] } },
{ "type": "Feature", "properties": { "qc_id": 127, "name": null, "descriptio": null, "timestamp": null, "begin": null, "end": null, "altitudemo": null, "tessellate": -1, "extrude": 0, "visibility": -1, "draworder": null, "icon": null, "objectid_1": 101, "fid_1": 103, "text_1": "COLONIA GRIMALDI", "shape_leng": 1122.24518883, "shape_area": 29484.6426856, "fid_2": 0, "zona": 0, "viviendas": null }, "geometry": { "type": "MultiPolygon", "coordinates": [ [ [ [ -89.177644394703407, 13.654681083249599 ], [ -89.177604397682799, 13.654783084030999 ], [ -89.177561760440994, 13.6548992760387 ], [ -89.177490264404796, 13.6550765125565 ], [ -89.177459703063803, 13.6551522483834 ], [ -89.177429296461597, 13.655257916542 ], [ -89.177358910629906, 13.6555029885519 ], [ -89.177315726557396, 13.6555832131614 ], [ -89.1772998802129, 13.655681234707201 ], [ -89.177308597208594, 13.6557815805311 ], [ -89.177017056086996, 13.655752097651201 ], [ -89.177014552536406, 13.655658069178401 ], [ -89.177009197029506, 13.655509377062099 ], [ -89.176994944114796, 13.6554478086444 ], [ -89.176960591981498, 13.655454747251399 ], [ -89.1768358543695, 13.6554807904878 ], [ -89.176825177925807, 13.655442960262 ], [ -89.176820642219496, 13.6554267928613 ], [ -89.176799611462599, 13.6553517432082 ], [ -89.176794512230799, 13.655317528162399 ], [ -89.176769567064397, 13.655259696884199 ], [ -89.176743821006895, 13.655156984230199 ], [ -89.176728564945094, 13.655096155902401 ], [ -89.176718444902605, 13.655055779906199 ], [ -89.176692849980896, 13.654964711099 ], [ -89.176670311901205, 13.654873844372799 ], [ -89.176662651999806, 13.6548440457811 ], [ -89.176643818891506, 13.654770863786901 ], [ -89.176620486081404, 13.654680172981699 ], [ -89.176579581991106, 13.654545974106099 ], [ -89.176549116709495, 13.6544606286202 ], [ -89.176547342949107, 13.654455669323699 ], [ -89.176334920931296, 13.6545284243058 ], [ -89.176305540219104, 13.6545383773586 ], [ -89.176304781696402, 13.654536350468399 ], [ -89.176228296201899, 13.6543211321016 ], [ -89.176189643709904, 13.6542235663679 ], [ -89.176101115967896, 13.6539790523442 ], [ -89.176078352298703, 13.653914832516 ], [ -89.176093466426707, 13.6538876560642 ], [ -89.176461038160696, 13.653743686089101 ], [ -89.1763384315026, 13.6534412913417 ], [ -89.176153515117207, 13.652944550632 ], [ -89.176043366396101, 13.6526698683293 ], [ -89.176016475835496, 13.6526438509113 ], [ -89.175996110585501, 13.6525842021552 ], [ -89.175968985560104, 13.652496809592 ], [ -89.175994902866506, 13.6524747242798 ], [ -89.176066871435495, 13.652447951847 ], [ -89.176131877919303, 13.652425728255 ], [ -89.176208427723793, 13.652399580705801 ], [ -89.1762731125893, 13.6523774404651 ], [ -89.176271122328004, 13.652373396966 ], [ -89.176309414051602, 13.652357505270899 ], [ -89.176387237501501, 13.6523252111772 ], [ -89.176467643521605, 13.6522918413794 ], [ -89.176563125186405, 13.6522418372163 ], [ -89.176631168891902, 13.6522062092745 ], [ -89.176720133163499, 13.6521757022063 ], [ -89.176831122385394, 13.652132916138401 ], [ -89.176922503813302, 13.652106341909301 ], [ -89.176956304444104, 13.6520967652366 ], [ -89.176983047245002, 13.6523046696395 ], [ -89.177020141716099, 13.6524075774875 ], [ -89.1770105596121, 13.652628679574599 ], [ -89.176977468627896, 13.652651584565101 ], [ -89.176864524177702, 13.652674537053899 ], [ -89.176806104875297, 13.6526841124338 ], [ -89.176811973221206, 13.6527222236172 ], [ -89.176854608475296, 13.6528430933019 ], [ -89.176809057484803, 13.6528850549886 ], [ -89.176809096217497, 13.652936573303601 ], [ -89.176817753897794, 13.653021138113401 ], [ -89.176831173632294, 13.6531574302557 ], [ -89.176825530641594, 13.653179342896101 ], [ -89.176809024586902, 13.6532433133998 ], [ -89.176801597317706, 13.653272095108999 ], [ -89.176808461698698, 13.653301106978599 ], [ -89.176824195198506, 13.653367645764799 ], [ -89.176842891231502, 13.653446676946 ], [ -89.176845198218501, 13.653456431014799 ], [ -89.176863062884905, 13.653512758782901 ], [ -89.176879089022904, 13.653554195314699 ], [ -89.176885433707, 13.6535705738295 ], [ -89.176901463304404, 13.653615370131201 ], [ -89.176900678002696, 13.653678504979 ], [ -89.176908987952402, 13.653716040429501 ], [ -89.176903717748999, 13.6537444969955 ], [ -89.1768930374365, 13.653802196615301 ], [ -89.176883646247802, 13.653836190687899 ], [ -89.176876205923094, 13.653847626682801 ], [ -89.176837031859407, 13.653899923429201 ], [ -89.176850252235496, 13.653934503232501 ], [ -89.176885702736001, 13.653978637474999 ], [ -89.176900593936196, 13.654007874964201 ], [ -89.176941012637499, 13.6540889550021 ], [ -89.176943321485496, 13.654099940171999 ], [ -89.176958631858994, 13.654158028747201 ], [ -89.176964259659997, 13.654265771568999 ], [ -89.176956603475006, 13.6543183231458 ], [ -89.176954673369707, 13.6543316162954 ], [ -89.176966846764103, 13.654333310471401 ], [ -89.177066588370394, 13.654347196603901 ], [ -89.1772192234302, 13.6543664028666 ], [ -89.177203811142405, 13.6544368978159 ], [ -89.177188239420602, 13.6545607804709 ], [ -89.177293911070095, 13.6545557618158 ], [ -89.177390591355902, 13.6545510731956 ], [ -89.177410209880094, 13.654548911390799 ], [ -89.177424697829494, 13.6545445974991 ], [ -89.177435901670606, 13.654554900133499 ], [ -89.177484794679401, 13.654588251077101 ], [ -89.177556980813407, 13.654623750923401 ], [ -89.177613277528295, 13.654648552889901 ], [ -89.177637922403903, 13.6546586144099 ], [ -89.177644394703407, 13.654681083249599 ] ] ] ] } },
{ "type": "Feature", "properties": { "qc_id": 129, "name": null, "descriptio": null, "timestamp": null, "begin": null, "end": null, "altitudemo": null, "tessellate": -1, "extrude": 0, "visibility": -1, "draworder": null, "icon": null, "objectid_1": 108, "fid_1": 110, "text_1": "LOTIFICAC ION LAS ALTURAS", "shape_leng": 4828.1115483200001, "shape_area": 655045.05044300004, "fid_2": 0, "zona": 0, "viviendas": null }, "geometry": { "type": "MultiPolygon", "coordinates": [ [ [ [ -89.228048608813495, 13.631177608644199 ], [ -89.228025353610306, 13.6312040655217 ], [ -89.227686559217105, 13.6315895815146 ], [ -89.227374933389896, 13.631944147861599 ], [ -89.227374630579405, 13.6319444907177 ], [ -89.227372446300393, 13.6319469829679 ], [ -89.227108711174196, 13.6321682750985 ], [ -89.226988822486803, 13.6323161192832 ], [ -89.226994412355594, 13.6323517772949 ], [ -89.226982278750995, 13.632360822021299 ], [ -89.226917263840804, 13.632471841450499 ], [ -89.2267486844909, 13.6327482200033 ], [ -89.226560822183998, 13.6330412316004 ], [ -89.226317592346504, 13.633438079222 ], [ -89.226247749479398, 13.6335585531337 ], [ -89.226211603142602, 13.6335939901426 ], [ -89.226182684861598, 13.633617628285499 ], [ -89.226008961443895, 13.633556402719201 ], [ -89.225831322886194, 13.633695136623199 ], [ -89.225638520175707, 13.6338605772316 ], [ -89.225453080394203, 13.6341551395411 ], [ -89.225113776101495, 13.634234995864499 ], [ -89.224959487997097, 13.6343177729381 ], [ -89.224756981022495, 13.634431278510499 ], [ -89.224679861754595, 13.634504534639101 ], [ -89.224646128190699, 13.6345399791545 ], [ -89.224585952314598, 13.6346651548561 ], [ -89.224533131884399, 13.6349215820024 ], [ -89.224482691377304, 13.6351529970977 ], [ -89.224639851339703, 13.635548755861601 ], [ -89.224596825476198, 13.6359423364775 ], [ -89.224695892606505, 13.6361280388225 ], [ -89.224901303908396, 13.636536276771199 ], [ -89.225101807304199, 13.6368488951101 ], [ -89.225314397251296, 13.637181579517099 ], [ -89.225459314334103, 13.637381160412501 ], [ -89.225678728537005, 13.6372983323115 ], [ -89.225907736486505, 13.637144668722801 ], [ -89.226064097993898, 13.637030862971701 ], [ -89.226091060278605, 13.6372958338983 ], [ -89.2261159332662, 13.6377111226208 ], [ -89.226133331141099, 13.637949574830101 ], [ -89.226153457694906, 13.638349808114899 ], [ -89.226172420200399, 13.6384631200838 ], [ -89.2261940187704, 13.6385236982191 ], [ -89.226253214000295, 13.6386779304434 ], [ -89.226304325081301, 13.6388399535297 ], [ -89.226376982013505, 13.639036416849599 ], [ -89.226421477961097, 13.639257443203 ], [ -89.226439344987895, 13.6394134814482 ], [ -89.226426257467494, 13.639621546543401 ], [ -89.226421974556303, 13.6397732637771 ], [ -89.226386756965397, 13.639998695885399 ], [ -89.226373583583197, 13.640107075938801 ], [ -89.226360400012595, 13.6402154460575 ], [ -89.226307452925596, 13.640427899178199 ], [ -89.226303154138407, 13.6405536068528 ], [ -89.226333522578599, 13.640639557356501 ], [ -89.226408312354806, 13.6408005218469 ], [ -89.226452517211001, 13.6409050725923 ], [ -89.226469520318005, 13.6409498828735 ], [ -89.226447574192207, 13.641059474994099 ], [ -89.226442459960793, 13.6411253347512 ], [ -89.226388427542901, 13.6411533003829 ], [ -89.226332754644801, 13.6412187999273 ], [ -89.226230751314404, 13.641378872286399 ], [ -89.226174727951602, 13.641463513892001 ], [ -89.226029614636502, 13.6417823451796 ], [ -89.225950366341095, 13.6419457101786 ], [ -89.225869097781995, 13.6420862527655 ], [ -89.225712341861097, 13.6423637766285 ], [ -89.225628211732101, 13.6425006835844 ], [ -89.225572788194199, 13.642579066836699 ], [ -89.225499098076298, 13.6426675461559 ], [ -89.225429909909494, 13.642753088187799 ], [ -89.225375777095294, 13.642825333671601 ], [ -89.225350220702495, 13.642862204353699 ], [ -89.225337888125395, 13.6429015160851 ], [ -89.225316702013799, 13.643103785511499 ], [ -89.225285945211198, 13.6432153940455 ], [ -89.225183925810796, 13.643341024879501 ], [ -89.225077133365602, 13.6434434091612 ], [ -89.224998840113599, 13.6435387883516 ], [ -89.224909096947798, 13.643596340062199 ], [ -89.2248903161355, 13.643454390665999 ], [ -89.224839543247796, 13.643041912299299 ], [ -89.224807648129399, 13.6429433473591 ], [ -89.2247121103441, 13.642839657650599 ], [ -89.224534301802393, 13.6426400413081 ], [ -89.224387641479396, 13.6424913688345 ], [ -89.224273368461994, 13.6423711556837 ], [ -89.224027332359597, 13.642182310532 ], [ -89.223816425191401, 13.642019209521999 ], [ -89.223640659284399, 13.641856087219301 ], [ -89.223639796676295, 13.6418548198397 ], [ -89.223577313069299, 13.641865021068 ], [ -89.222537449431499, 13.642117464861499 ], [ -89.222510150480204, 13.642124079860499 ], [ -89.222104847500205, 13.6422224844881 ], [ -89.221757830918804, 13.6423067297117 ], [ -89.221758081570101, 13.6423010376619 ], [ -89.221670170768107, 13.6422447202354 ], [ -89.2217122370281, 13.6421415443291 ], [ -89.221657721310095, 13.6420900290055 ], [ -89.221701569644097, 13.6419997446457 ], [ -89.221706809676903, 13.641965900821599 ], [ -89.221588998214301, 13.6418660896085 ], [ -89.221318827557297, 13.641543228586601 ], [ -89.221273046545207, 13.641449803475201 ], [ -89.221323697462495, 13.641125849084601 ], [ -89.2211214773058, 13.6409390992896 ], [ -89.220924879054493, 13.641124596983699 ], [ -89.220408535697999, 13.641155678871099 ], [ -89.220227499349207, 13.641081719913601 ], [ -89.220101011799599, 13.64091343128 ], [ -89.220121967290197, 13.6407732139551 ], [ -89.220127033861402, 13.6405637029275 ], [ -89.220223455553395, 13.640341216041801 ], [ -89.220328794724594, 13.640252496621599 ], [ -89.2203988762341, 13.6400381041391 ], [ -89.220363637993898, 13.6399350067708 ], [ -89.220247545038504, 13.639788461114 ], [ -89.220232592714495, 13.6396790047345 ], [ -89.220318958246295, 13.639491116145299 ], [ -89.220525018115893, 13.6394151543311 ], [ -89.220530600040703, 13.639362380861201 ], [ -89.220529098136495, 13.6392549308312 ], [ -89.220565613339403, 13.6391763622919 ], [ -89.220596549940097, 13.6391432727865 ], [ -89.220713312639305, 13.6390660106597 ], [ -89.220780592692407, 13.6390541119526 ], [ -89.220822799057402, 13.639040301410899 ], [ -89.2208607725793, 13.6390030675229 ], [ -89.220869179468096, 13.638954837193101 ], [ -89.220859299899899, 13.638925912399699 ], [ -89.220649383431805, 13.6387346053518 ], [ -89.220423965745994, 13.6385233386598 ], [ -89.220290160659502, 13.6384421731305 ], [ -89.220259566634496, 13.638395921131 ], [ -89.220231361838302, 13.6383339419324 ], [ -89.2202467799478, 13.638274690483 ], [ -89.220273446661693, 13.6381796085149 ], [ -89.220324059860999, 13.638117557804399 ], [ -89.220374710483497, 13.638095474559901 ], [ -89.220430999125796, 13.6380706275643 ], [ -89.220447812779497, 13.6379857539564 ], [ -89.220474509046795, 13.6379430237101 ], [ -89.220518126728706, 13.6379195574557 ], [ -89.2205673837029, 13.6379153851901 ], [ -89.220584279291302, 13.6379070957823 ], [ -89.220581356452598, 13.6377982676784 ], [ -89.220596525937495, 13.637765747305901 ], [ -89.220668270108703, 13.6377119436823 ], [ -89.220718915442106, 13.6376843520371 ], [ -89.220746974165806, 13.6375906481091 ], [ -89.220651104219598, 13.6374212683659 ], [ -89.220680618285897, 13.6373764710722 ], [ -89.220679188344107, 13.637344789943 ], [ -89.220653801919795, 13.637291082513 ], [ -89.220671996468198, 13.6371946287572 ], [ -89.220681813306797, 13.6371469521566 ], [ -89.220723994590301, 13.637095941867001 ], [ -89.220785868847301, 13.6370325115496 ], [ -89.220821030350294, 13.6370049256497 ], [ -89.220849175817904, 13.6369938855117 ], [ -89.220861815614199, 13.636959424020301 ], [ -89.220865999066604, 13.6369194717326 ], [ -89.2208589028169, 13.636850586868 ], [ -89.220874312908094, 13.636783069265899 ], [ -89.220907920330703, 13.6367422670971 ], [ -89.220920525170598, 13.636670614886 ], [ -89.220954277151705, 13.636643030233101 ], [ -89.221000687193097, 13.6365906367518 ], [ -89.221040034603902, 13.6365258472711 ], [ -89.221143840402306, 13.636449023216599 ], [ -89.221201507849102, 13.636391113045701 ], [ -89.221204289912293, 13.6363607875869 ], [ -89.221195798590799, 13.636318088911599 ], [ -89.221167631207805, 13.636305720947799 ], [ -89.221118347387502, 13.6362809687273 ], [ -89.221071856027706, 13.6362369248729 ], [ -89.221033813234598, 13.6361901056897 ], [ -89.221014286074094, 13.6360858183101 ], [ -89.221003335971901, 13.635995509182999 ], [ -89.220982924528499, 13.635927802310899 ], [ -89.220904116175802, 13.635816302684599 ], [ -89.220697812691498, 13.6357700051501 ], [ -89.220684063616602, 13.6355806144824 ], [ -89.220635148861405, 13.635515570725 ], [ -89.220576750139998, 13.6354598473894 ], [ -89.220489827787105, 13.6353842214509 ], [ -89.220462648459801, 13.635346120444501 ], [ -89.220459850195795, 13.635247835245799 ], [ -89.220538082368407, 13.635008463475 ], [ -89.220555996929093, 13.6349269866031 ], [ -89.220562607294795, 13.6347794876454 ], [ -89.220569266276499, 13.6346848221964 ], [ -89.220553399689194, 13.634548349221699 ], [ -89.220645578363204, 13.634507327321799 ], [ -89.220726515999701, 13.6344676306451 ], [ -89.220789433939899, 13.634408142172299 ], [ -89.220816371179794, 13.6343508788464 ], [ -89.220888147561595, 13.634150480561599 ], [ -89.221045455803903, 13.633996246829501 ], [ -89.221088010494796, 13.633820097324 ], [ -89.221271907191493, 13.6337109719083 ], [ -89.221415751647399, 13.6336007715368 ], [ -89.221431385412103, 13.6334796717098 ], [ -89.221555013674404, 13.6334091225363 ], [ -89.221570614176997, 13.633252805179501 ], [ -89.221590812610799, 13.633204359909 ], [ -89.221601497006304, 13.6330733795358 ], [ -89.221877990740495, 13.6329168259914 ], [ -89.221850914798097, 13.6328265965229 ], [ -89.221794550106495, 13.6326791452921 ], [ -89.221953976260295, 13.6324047308158 ], [ -89.222082153904296, 13.632371581340101 ], [ -89.222091063593098, 13.6322857249755 ], [ -89.222378199523007, 13.631684629371801 ], [ -89.222411723178993, 13.631687254694199 ], [ -89.222808338448303, 13.631718264392999 ], [ -89.223225028274697, 13.6317508370445 ], [ -89.224623513573306, 13.632077369989601 ], [ -89.224839816809194, 13.632112455833299 ], [ -89.2251138027829, 13.6321568928063 ], [ -89.225388698418598, 13.632201466936101 ], [ -89.225429515192403, 13.632210879739601 ], [ -89.225433587120605, 13.6322029994665 ], [ -89.225566055291296, 13.631927969203799 ], [ -89.225636867239999, 13.6317436190501 ], [ -89.225664463233898, 13.6315653528853 ], [ -89.225688180487197, 13.6313584160186 ], [ -89.225668803779996, 13.631176675905399 ], [ -89.225664765416496, 13.631169423143501 ], [ -89.225588619749004, 13.6310325990361 ], [ -89.225457171830499, 13.6308509616984 ], [ -89.225304932329806, 13.6306897153253 ], [ -89.225043858195804, 13.6305379635743 ], [ -89.225016639677307, 13.630508351577699 ], [ -89.225059312094103, 13.6304976311971 ], [ -89.225093560814997, 13.630467110567499 ], [ -89.225714762910002, 13.6305285645723 ], [ -89.225972044248195, 13.6305540232835 ], [ -89.226063701087696, 13.6305630837377 ], [ -89.226326130298006, 13.6306374814476 ], [ -89.226517874475206, 13.630691831439 ], [ -89.226637804777397, 13.630725837536099 ], [ -89.226690982148796, 13.6307251594049 ], [ -89.226942198307796, 13.6307219656083 ], [ -89.227101665452096, 13.630703380727001 ], [ -89.2274930500799, 13.6306699201069 ], [ -89.227862253586494, 13.6306383486746 ], [ -89.228323986558806, 13.630598870285599 ], [ -89.228352443659006, 13.6308318977991 ], [ -89.228048608813495, 13.631177608644199 ] ] ] ] } },
{ "type": "Feature", "properties": { "qc_id": 130, "name": null, "descriptio": null, "timestamp": null, "begin": null, "end": null, "altitudemo": null, "tessellate": -1, "extrude": 0, "visibility": -1, "draworder": null, "icon": null, "objectid_1": 109, "fid_1": 111, "text_1": "LOTIFICACION MOREIRA", "shape_leng": 886.450565267, "shape_area": 15506.088206599999, "fid_2": 0, "zona": 0, "viviendas": null }, "geometry": { "type": "MultiPolygon", "coordinates": [ [ [ [ -89.232187555685002, 13.6543567806879 ], [ -89.232143830008596, 13.6542821178311 ], [ -89.232106968607795, 13.654200359245801 ], [ -89.232051688785106, 13.6540793438354 ], [ -89.231974628933997, 13.653919086508701 ], [ -89.231877577366802, 13.6538242872333 ], [ -89.231902400173695, 13.6537725601766 ], [ -89.231851164142199, 13.6537600759962 ], [ -89.231792597250703, 13.6537332701851 ], [ -89.231754149740397, 13.653702873210101 ], [ -89.231646142466104, 13.6536313531148 ], [ -89.231576554517403, 13.653561592832601 ], [ -89.231519420198694, 13.6535271034109 ], [ -89.231496128844896, 13.653510233364001 ], [ -89.231475835780103, 13.6534904074705 ], [ -89.231445774076903, 13.653459576819101 ], [ -89.231430006864102, 13.653451511748401 ], [ -89.231383456379007, 13.6534486115701 ], [ -89.231353419792597, 13.653444234250401 ], [ -89.231301585462106, 13.653409749734401 ], [ -89.231073256561302, 13.653217228847801 ], [ -89.2309654566495, 13.653154066567 ], [ -89.230879213591706, 13.6530969183982 ], [ -89.230805258345299, 13.653012639129299 ], [ -89.230746636499504, 13.6528711072555 ], [ -89.230721823785501, 13.6526723135878 ], [ -89.230690902973294, 13.6525277565861 ], [ -89.230638477724895, 13.652431406349301 ], [ -89.230475134296299, 13.652314990587399 ], [ -89.230318841462207, 13.652217376343801 ], [ -89.230240699307899, 13.652167681104601 ], [ -89.230151622004399, 13.652085998220199 ], [ -89.230009813741006, 13.651933269735499 ], [ -89.229803649162307, 13.6517068046824 ], [ -89.230008355057194, 13.6517582798913 ], [ -89.230317352247098, 13.651856667003599 ], [ -89.230805671674503, 13.6520154563392 ], [ -89.230904337092198, 13.652117141298101 ], [ -89.230926548649705, 13.6522403347796 ], [ -89.230882586084405, 13.6524630359337 ], [ -89.230837811148106, 13.6526585993212 ], [ -89.230889525057094, 13.6527250629213 ], [ -89.231001023774695, 13.6527675171616 ], [ -89.231210370185096, 13.6528098875068 ], [ -89.231395235355293, 13.652828336554499 ], [ -89.231596419288294, 13.652857414352701 ], [ -89.231688868475302, 13.6528839288731 ], [ -89.231805852866401, 13.652979588926399 ], [ -89.231925577470903, 13.653099191400001 ], [ -89.232018093334901, 13.6531922187863 ], [ -89.232163687476898, 13.653295062037101 ], [ -89.232188851381295, 13.653675066117099 ], [ -89.232183590732902, 13.6540799695641 ], [ -89.232176367596495, 13.6542506361167 ], [ -89.232187555685002, 13.6543567806879 ] ] ] ] } },
{ "type": "Feature", "properties": { "qc_id": 131, "name": null, "descriptio": null, "timestamp": null, "begin": null, "end": null, "altitudemo": null, "tessellate": -1, "extrude": 0, "visibility": -1, "draworder": null, "icon": null, "objectid_1": 112, "fid_1": 114, "text_1": "COLONIA EL TRANSITO NO 1", "shape_leng": 851.16960833500002, "shape_area": 36411.111669700011, "fid_2": 0, "zona": 0, "viviendas": null }, "geometry": { "type": "MultiPolygon", "coordinates": [ [ [ [ -89.180060193846103, 13.658475345177299 ], [ -89.180031878658099, 13.6585168501143 ], [ -89.179960025187398, 13.658622188256899 ], [ -89.179957452915303, 13.6586259485297 ], [ -89.179931376749806, 13.658663092336599 ], [ -89.179987923629099, 13.658690708298399 ], [ -89.179958160793205, 13.6587223844411 ], [ -89.179910429248807, 13.658760165066701 ], [ -89.179843798406097, 13.6588127869791 ], [ -89.179842076753204, 13.658789074584501 ], [ -89.179813504216298, 13.658792696591201 ], [ -89.179777190340502, 13.658797304978799 ], [ -89.179734864934701, 13.6588252047707 ], [ -89.179684622100694, 13.6588583312308 ], [ -89.179619907972196, 13.658893690021999 ], [ -89.179612632914996, 13.6588976571022 ], [ -89.179584986923999, 13.6589126900647 ], [ -89.179556991671703, 13.6589278995384 ], [ -89.179484261450298, 13.658976110285099 ], [ -89.1794508992338, 13.6589787450778 ], [ -89.179385244150595, 13.6589839026907 ], [ -89.179308271417199, 13.658954746787501 ], [ -89.1792862967785, 13.658946423485199 ], [ -89.179263858055606, 13.6589379983791 ], [ -89.179177029515699, 13.658905434708499 ], [ -89.179125358310799, 13.658878833697401 ], [ -89.179077096425203, 13.6588539982091 ], [ -89.178976902205704, 13.658882043047701 ], [ -89.178877114775403, 13.6588968690067 ], [ -89.178842067389994, 13.658899319644499 ], [ -89.178783358697203, 13.658903425335801 ], [ -89.178782095311703, 13.658885396284999 ], [ -89.1786859261952, 13.658891205003201 ], [ -89.178688002599102, 13.6589209054442 ], [ -89.178607126380399, 13.658948694754701 ], [ -89.178596196829304, 13.6589530341515 ], [ -89.178591845643695, 13.658956138571099 ], [ -89.178547100465295, 13.6589880387415 ], [ -89.1784840975008, 13.659070276442 ], [ -89.178405987458007, 13.6591391781908 ], [ -89.178343446949697, 13.6591951104025 ], [ -89.178325154119705, 13.6592114696831 ], [ -89.178256160227704, 13.6592701833137 ], [ -89.178224822864294, 13.6592968446804 ], [ -89.178182942649897, 13.6592380541419 ], [ -89.177982773130097, 13.659297140201501 ], [ -89.1779441734937, 13.6593068958398 ], [ -89.177861544226204, 13.659282937350801 ], [ -89.177804156053597, 13.659143715033499 ], [ -89.177733155653996, 13.659038943604999 ], [ -89.177665060836304, 13.658946914958801 ], [ -89.177566591066807, 13.6588903309214 ], [ -89.177439182961606, 13.658853593732699 ], [ -89.177469698308897, 13.6587407612486 ], [ -89.177491904743405, 13.6586546195099 ], [ -89.177530815184497, 13.658541216024201 ], [ -89.177586577275093, 13.6584210808166 ], [ -89.177647405559298, 13.6583157233114 ], [ -89.177690824963705, 13.658207583530601 ], [ -89.177728049577894, 13.6581569458081 ], [ -89.177770436680603, 13.658047881171401 ], [ -89.1778436937892, 13.6579323982511 ], [ -89.177933794559905, 13.657811959726301 ], [ -89.178146851838704, 13.657625244499799 ], [ -89.178279279228803, 13.657516743638899 ], [ -89.178429967663803, 13.657436839504699 ], [ -89.178529922143994, 13.6573810654056 ], [ -89.178675023616904, 13.6572984064926 ], [ -89.178740247390493, 13.6573988874559 ], [ -89.178770540493502, 13.6573814275158 ], [ -89.178781524556499, 13.657374727100599 ], [ -89.178822914588594, 13.657349493734101 ], [ -89.178851642727594, 13.6574024066735 ], [ -89.178868374167905, 13.657398137164201 ], [ -89.178917434620402, 13.6573905394989 ], [ -89.178952502266696, 13.6573907173586 ], [ -89.178971470174702, 13.657390823772801 ], [ -89.179021865626694, 13.6573957576031 ], [ -89.179106318572096, 13.657404664543 ], [ -89.179105407575307, 13.6574136535269 ], [ -89.179138499642505, 13.657417044333799 ], [ -89.179157119514002, 13.6574820162172 ], [ -89.179168536496206, 13.6575218732332 ], [ -89.179240040819295, 13.657530826620601 ], [ -89.179295558546997, 13.6575377840951 ], [ -89.179320480913205, 13.6575391262833 ], [ -89.179316748446794, 13.657585074832699 ], [ -89.179313300254506, 13.6576050244763 ], [ -89.179293463068404, 13.6577195613852 ], [ -89.179273862438805, 13.6578328218213 ], [ -89.179267699477705, 13.657868470463301 ], [ -89.179364106249807, 13.6578888182233 ], [ -89.179472982077996, 13.657926160896199 ], [ -89.179555519240793, 13.657953377449401 ], [ -89.179598684464494, 13.6579602507733 ], [ -89.179640888964798, 13.6580102106984 ], [ -89.179659911932305, 13.6580327164121 ], [ -89.179664741628997, 13.6580849344451 ], [ -89.179714408742697, 13.658202170241401 ], [ -89.179750705444505, 13.658349349147899 ], [ -89.179842693779406, 13.658358241287701 ], [ -89.179893370910705, 13.658385528027299 ], [ -89.180060193846103, 13.658475345177299 ] ] ] ] } },
{ "type": "Feature", "properties": { "qc_id": 132, "name": null, "descriptio": null, "timestamp": null, "begin": null, "end": null, "altitudemo": null, "tessellate": -1, "extrude": 0, "visibility": -1, "draworder": null, "icon": null, "objectid_1": 114, "fid_1": 116, "text_1": "COLONIA EL TRANSITO 3", "shape_leng": 1480.38551327, "shape_area": 89030.576308000003, "fid_2": 0, "zona": 0, "viviendas": null }, "geometry": { "type": "MultiPolygon", "coordinates": [ [ [ [ -89.183135599631498, 13.6619718027691 ], [ -89.183033317935596, 13.662018315550499 ], [ -89.182859855619597, 13.662086651507 ], [ -89.182809460039294, 13.6621186217304 ], [ -89.182787244008793, 13.662153467979 ], [ -89.182797660857602, 13.6621969899474 ], [ -89.182740804567601, 13.662137887728999 ], [ -89.182693131087206, 13.662104379656 ], [ -89.182582733227903, 13.6620480098701 ], [ -89.182350326308807, 13.6619627968985 ], [ -89.182303489472105, 13.661947216860501 ], [ -89.182259957744094, 13.6619694080808 ], [ -89.1822285523549, 13.661968996581599 ], [ -89.182151578678003, 13.661953466865301 ], [ -89.182136103060401, 13.6619409268599 ], [ -89.182127246819405, 13.661932279540901 ], [ -89.182102470580304, 13.6619245045176 ], [ -89.182021961886505, 13.6619024883256 ], [ -89.181911176759499, 13.6618589664692 ], [ -89.1818791698051, 13.6618276864974 ], [ -89.181872754068607, 13.661806226479101 ], [ -89.181842585591994, 13.6617892555876 ], [ -89.181786836954004, 13.6617910919369 ], [ -89.181709185099507, 13.661815288710599 ], [ -89.1815904182683, 13.661867255416199 ], [ -89.181532848643002, 13.661876230197 ], [ -89.181458379439903, 13.6619031271841 ], [ -89.181400813948798, 13.6619174791944 ], [ -89.181364275598497, 13.6619264474602 ], [ -89.181233607316003, 13.6619489061222 ], [ -89.181153388267305, 13.661970420047799 ], [ -89.181015585216997, 13.661983516799401 ], [ -89.181012550434005, 13.662233029841 ], [ -89.180910010522794, 13.6622413614603 ], [ -89.180695089305303, 13.6622580128201 ], [ -89.180588334275498, 13.662274585489101 ], [ -89.180481591514905, 13.6622939158823 ], [ -89.180424812079593, 13.6622463087922 ], [ -89.180306101933695, 13.6621872043817 ], [ -89.180229290829701, 13.662148543305699 ], [ -89.180173443468902, 13.6621326458718 ], [ -89.180132592449297, 13.662171022582701 ], [ -89.180075195949399, 13.662133449083401 ], [ -89.179944429639505, 13.662052268491999 ], [ -89.179923167656199, 13.661974276217601 ], [ -89.179847446564807, 13.6619369465639 ], [ -89.179793271628597, 13.6619539983603 ], [ -89.179800446473195, 13.6619796320585 ], [ -89.179753907559999, 13.661993235332201 ], [ -89.179701631085294, 13.6620053242483 ], [ -89.179651531650293, 13.6620298337736 ], [ -89.179595518196194, 13.662055374430899 ], [ -89.179583918132806, 13.662012185823899 ], [ -89.179525862608003, 13.662028962899701 ], [ -89.179539548699594, 13.6620779719656 ], [ -89.179488893778796, 13.6620940955377 ], [ -89.179469464762406, 13.662023201067401 ], [ -89.179421826162795, 13.6620347686082 ], [ -89.179419377435707, 13.6620260604754 ], [ -89.179366050873, 13.662013881445301 ], [ -89.179310670100406, 13.6620012411078 ], [ -89.179246456727995, 13.6619865716274 ], [ -89.179188832222707, 13.661973414063 ], [ -89.179120472524005, 13.661957803002 ], [ -89.179103197494697, 13.6619563160244 ], [ -89.179007382466907, 13.6619820708303 ], [ -89.179250845408006, 13.6610879335975 ], [ -89.179279628082796, 13.661062524049701 ], [ -89.179279696540405, 13.6610904859514 ], [ -89.179302359716999, 13.6611202554377 ], [ -89.179332066093593, 13.6611134211298 ], [ -89.179397963604202, 13.6611150850408 ], [ -89.179390532519506, 13.660816459347 ], [ -89.179386482411402, 13.660756253037199 ], [ -89.179390333796803, 13.660704991318999 ], [ -89.179362876416107, 13.6606816032112 ], [ -89.1793383043711, 13.6605194951384 ], [ -89.179272711440404, 13.660519449862999 ], [ -89.179272759674504, 13.660433583539399 ], [ -89.179233129553197, 13.6604339920617 ], [ -89.179231429064302, 13.660350662434199 ], [ -89.179271560437698, 13.6603506241432 ], [ -89.179265440602606, 13.660281663320401 ], [ -89.1792645257202, 13.6602479722523 ], [ -89.179246124333005, 13.6602468377205 ], [ -89.179198297287996, 13.660233840236501 ], [ -89.179135508819101, 13.6602131434285 ], [ -89.179128223243595, 13.6601912311202 ], [ -89.179140849254296, 13.660079262932699 ], [ -89.179142907615798, 13.659886193344899 ], [ -89.179130402997203, 13.6598723466665 ], [ -89.179126199992297, 13.659858854594299 ], [ -89.179129141936897, 13.659794310822001 ], [ -89.179130174844701, 13.6596723268957 ], [ -89.179137037374204, 13.659672803672199 ], [ -89.179137575633405, 13.659646507202901 ], [ -89.179219232213796, 13.659647901168 ], [ -89.179303209462404, 13.6596525320652 ], [ -89.179380595476005, 13.659652448512601 ], [ -89.179471382350798, 13.6596621099772 ], [ -89.179551955564094, 13.659670677019401 ], [ -89.179637025058597, 13.659679732469099 ], [ -89.179714777028806, 13.659688005945499 ], [ -89.179811190295396, 13.6596904347346 ], [ -89.179886257049205, 13.659690157477399 ], [ -89.1799423373498, 13.6596899401895 ], [ -89.179972086574296, 13.6596898352614 ], [ -89.180043708381504, 13.6596895604773 ], [ -89.180095754194596, 13.6596992319942 ], [ -89.1801359679325, 13.659706709378201 ], [ -89.180215751056494, 13.659721524495399 ], [ -89.180300200841501, 13.659737216557801 ], [ -89.180395879926095, 13.659770587746999 ], [ -89.180426214139302, 13.6597811726863 ], [ -89.180471320065607, 13.6598003364841 ], [ -89.1805419254285, 13.659831726603 ], [ -89.180587216744598, 13.6598455310574 ], [ -89.180623635754799, 13.659841625702599 ], [ -89.180649906560802, 13.6598364325177 ], [ -89.180698066626704, 13.6598269189048 ], [ -89.180756188730598, 13.6598109938731 ], [ -89.180806940428397, 13.6598108914836 ], [ -89.180849599609203, 13.659810693798899 ], [ -89.180978598668204, 13.6598102834391 ], [ -89.180988422366795, 13.659833101334501 ], [ -89.181018918432699, 13.6598329586704 ], [ -89.181023791284005, 13.659843535159901 ], [ -89.181038107787202, 13.6599115453376 ], [ -89.181036232638405, 13.659934751478399 ], [ -89.181089625109607, 13.6599345919489 ], [ -89.181248005117695, 13.659935835629501 ], [ -89.181247495568201, 13.6600482487513 ], [ -89.181247011122295, 13.6601572550786 ], [ -89.1812999121464, 13.660157410420799 ], [ -89.181300851326498, 13.6601970626431 ], [ -89.181407632245794, 13.660204554910401 ], [ -89.181504172034394, 13.660211333383099 ], [ -89.181562035082095, 13.6602153907314 ], [ -89.181701571020398, 13.660229708392601 ], [ -89.181770736625396, 13.6602228907298 ], [ -89.1820198333224, 13.6602535012389 ], [ -89.182114758309893, 13.6602279953904 ], [ -89.182219250369997, 13.6602124704423 ], [ -89.182229532961003, 13.6602786052476 ], [ -89.182372960895407, 13.660270936947899 ], [ -89.182378119338395, 13.660270664665999 ], [ -89.182423717777795, 13.660265475035001 ], [ -89.182482979914099, 13.660389367553201 ], [ -89.182548184579701, 13.660559673300099 ], [ -89.182669611941904, 13.6605949217623 ], [ -89.182839316516194, 13.6613073594689 ], [ -89.182905324158597, 13.6615242023886 ], [ -89.182961311587803, 13.661696319949 ], [ -89.183045196675707, 13.661835642451001 ], [ -89.183135599631498, 13.6619718027691 ] ] ] ] } },
{ "type": "Feature", "properties": { "qc_id": 133, "name": null, "descriptio": null, "timestamp": null, "begin": null, "end": null, "altitudemo": null, "tessellate": -1, "extrude": 0, "visibility": -1, "draworder": null, "icon": null, "objectid_1": 122, "fid_1": 124, "text_1": "CONDOMINIOS RESIDENCIALES LAS ARAUCANAS", "shape_leng": 343.653936724, "shape_area": 5989.1681807699997, "fid_2": 0, "zona": 0, "viviendas": null }, "geometry": { "type": "MultiPolygon", "coordinates": [ [ [ [ -89.175875548384298, 13.6567479881637 ], [ -89.175851109496804, 13.6567478293817 ], [ -89.1755845080353, 13.656769114052899 ], [ -89.175586075183205, 13.6568142723749 ], [ -89.175587651589098, 13.656859449672099 ], [ -89.175588144597199, 13.656873536505801 ], [ -89.175498215146106, 13.656844425718999 ], [ -89.175454207603096, 13.656824362657099 ], [ -89.175174063021799, 13.6566582811563 ], [ -89.175345824884602, 13.6563807139442 ], [ -89.175418617059805, 13.6562630844184 ], [ -89.175424299405506, 13.6562676341822 ], [ -89.1754129936011, 13.6561850615984 ], [ -89.1754206793306, 13.6561852043545 ], [ -89.175421221369803, 13.6561386462018 ], [ -89.175423530710304, 13.6560487523076 ], [ -89.175422407577699, 13.6560151635081 ], [ -89.175403036210497, 13.655868055036899 ], [ -89.1755358202401, 13.655830816578099 ], [ -89.175638064480594, 13.6558620092634 ], [ -89.175874029420498, 13.6558428479987 ], [ -89.175887441368005, 13.656007555894099 ], [ -89.175883318803898, 13.656418899254501 ], [ -89.175872514509905, 13.6565634468427 ], [ -89.175874710758094, 13.656729180539299 ], [ -89.175875548384298, 13.6567479881637 ] ] ] ] } },
{ "type": "Feature", "properties": { "qc_id": 134, "name": null, "descriptio": null, "timestamp": null, "begin": null, "end": null, "altitudemo": null, "tessellate": -1, "extrude": 0, "visibility": -1, "draworder": null, "icon": null, "objectid_1": 125, "fid_1": 127, "text_1": "COLONIA SAN IGNACIO", "shape_leng": 684.06115668500001, "shape_area": 9495.0176020300005, "fid_2": 0, "zona": 0, "viviendas": null }, "geometry": { "type": "MultiPolygon", "coordinates": [ [ [ [ -89.177235121651705, 13.6561585699059 ], [ -89.177246893440497, 13.6562564142617 ], [ -89.177115178966901, 13.6562557408524 ], [ -89.177103371900799, 13.656173575459 ], [ -89.176889666849306, 13.6561779965567 ], [ -89.176894131895395, 13.656275920304299 ], [ -89.176896391347299, 13.6563354898051 ], [ -89.176870969434901, 13.656335859705701 ], [ -89.176871280602001, 13.656398105229799 ], [ -89.176603922291903, 13.6564066457436 ], [ -89.176574287539694, 13.656407240996799 ], [ -89.176573772157596, 13.656426215907 ], [ -89.176608129101496, 13.6564254789669 ], [ -89.176814591484202, 13.6564185830371 ], [ -89.176818699956101, 13.656468876353699 ], [ -89.176823647963204, 13.656529350527199 ], [ -89.176602332646198, 13.6565718000464 ], [ -89.176564872093905, 13.656574094815401 ], [ -89.176563471820202, 13.6565864800707 ], [ -89.176565064139794, 13.6566156719876 ], [ -89.176595927332102, 13.6566126226855 ], [ -89.176648117800596, 13.656600626685 ], [ -89.176902390847701, 13.656547814680099 ], [ -89.176910976988395, 13.6566378128314 ], [ -89.176914509159403, 13.656677638565901 ], [ -89.176916654288902, 13.6567363557759 ], [ -89.176918848159602, 13.6567959714212 ], [ -89.176921166763094, 13.656859206167599 ], [ -89.176815914084301, 13.6568930007248 ], [ -89.176648677075306, 13.6569292658215 ], [ -89.176613907267395, 13.6569354273307 ], [ -89.176633119494497, 13.6570725848474 ], [ -89.176598739065, 13.6570803296969 ], [ -89.176415599568898, 13.657127073144901 ], [ -89.176390821501002, 13.6571294880456 ], [ -89.176363521201694, 13.6571247965315 ], [ -89.176375317850699, 13.657065180791101 ], [ -89.176377332998996, 13.657027174224901 ], [ -89.176377603722301, 13.6570221113213 ], [ -89.176442488397598, 13.6569369107432 ], [ -89.176424202036202, 13.656860803345699 ], [ -89.176412609090903, 13.6568124316476 ], [ -89.176399503395601, 13.6567534249148 ], [ -89.176384915738595, 13.656687857878699 ], [ -89.176371230434398, 13.656626279078001 ], [ -89.176357118511405, 13.6565627752883 ], [ -89.176342875794901, 13.6564653583973 ], [ -89.176332848303304, 13.6563967799284 ], [ -89.176387075148895, 13.6563233783002 ], [ -89.176391774434705, 13.6562545018315 ], [ -89.176264583661705, 13.6562527698776 ], [ -89.176264691253607, 13.656244633851699 ], [ -89.176265219329906, 13.6562043333644 ], [ -89.176265278109895, 13.656193966563301 ], [ -89.1762636297981, 13.656141811259999 ], [ -89.176265785678495, 13.656063412286199 ], [ -89.176281271000803, 13.6560639380991 ], [ -89.176282645165998, 13.6560154739393 ], [ -89.176284009134804, 13.655966971823201 ], [ -89.176148525301201, 13.6559623297925 ], [ -89.176121805527899, 13.655962469148401 ], [ -89.176113693247601, 13.655796332029301 ], [ -89.176298918870202, 13.6557681080933 ], [ -89.176382304906696, 13.655755404630399 ], [ -89.176504220235302, 13.655740915414301 ], [ -89.176651241879199, 13.655745307621499 ], [ -89.176706025832402, 13.655746944080599 ], [ -89.176863672074902, 13.655744775295201 ], [ -89.177017056086996, 13.655752097651201 ], [ -89.177111855376197, 13.6561271697643 ], [ -89.177220880930307, 13.6561268046833 ], [ -89.177230155414193, 13.656125547914099 ], [ -89.177235121651705, 13.6561585699059 ] ] ] ] } },
{ "type": "Feature", "properties": { "qc_id": 137, "name": null, "descriptio": null, "timestamp": null, "begin": null, "end": null, "altitudemo": null, "tessellate": -1, "extrude": 0, "visibility": -1, "draworder": null, "icon": null, "objectid_1": 129, "fid_1": 171, "text_1": "COLONIA ALCAINE 2", "shape_leng": 1352.0172634400001, "shape_area": 57200.966160800002, "fid_2": 0, "zona": 0, "viviendas": null }, "geometry": { "type": "MultiPolygon", "coordinates": [ [ [ [ -89.185646133251893, 13.648671377154701 ], [ -89.185551209507807, 13.648811554205301 ], [ -89.185428482422495, 13.648992803443299 ], [ -89.185378769031701, 13.6490220339955 ], [ -89.185333685088295, 13.649136553406199 ], [ -89.185297789196099, 13.6491769366204 ], [ -89.1852685090047, 13.6492896950742 ], [ -89.185231574630293, 13.649357633370499 ], [ -89.185176488676305, 13.649451917575099 ], [ -89.185072025679403, 13.6496178526597 ], [ -89.185054665211297, 13.649603001185399 ], [ -89.185047353839394, 13.6495967490282 ], [ -89.185002322664602, 13.6496470981785 ], [ -89.184957502119801, 13.649700862074001 ], [ -89.1848983992504, 13.649766022151301 ], [ -89.184865680252699, 13.649802088625799 ], [ -89.184815180942707, 13.649867732125299 ], [ -89.184804231089601, 13.6498926019629 ], [ -89.184767822844407, 13.6499199251171 ], [ -89.184733765945595, 13.6499283921715 ], [ -89.184413681295993, 13.650110343163799 ], [ -89.184263787046604, 13.6500344931698 ], [ -89.184013309483703, 13.649907754108799 ], [ -89.183920139957095, 13.649860618843 ], [ -89.183809319113607, 13.649801251682501 ], [ -89.183665127655402, 13.6500219177241 ], [ -89.183605268832594, 13.650101988691601 ], [ -89.183538720420003, 13.650183786555599 ], [ -89.183534781502999, 13.6501819102995 ], [ -89.183534195182105, 13.6501826790472 ], [ -89.183482004613694, 13.650252692054201 ], [ -89.1834112645098, 13.6503475624157 ], [ -89.183401144187897, 13.650356631502399 ], [ -89.183360256481294, 13.6503932597626 ], [ -89.183345821948805, 13.650598408390501 ], [ -89.183475864639803, 13.6506188406407 ], [ -89.1832929685865, 13.6508250495247 ], [ -89.183105414375007, 13.6508230605804 ], [ -89.183073321289797, 13.650825454485499 ], [ -89.183063117350002, 13.6507152710635 ], [ -89.183062754740604, 13.6507113375862 ], [ -89.183053782017197, 13.6506617882714 ], [ -89.183034353958305, 13.650568539842601 ], [ -89.183004319508498, 13.6504548080259 ], [ -89.182981471584696, 13.650394763072001 ], [ -89.182965820790997, 13.650350976527999 ], [ -89.182955269053593, 13.6503152100573 ], [ -89.182951945899404, 13.650277929608899 ], [ -89.182951886388096, 13.650201430381999 ], [ -89.182963636208001, 13.650097283093899 ], [ -89.182972773868698, 13.650017926141 ], [ -89.182979954041798, 13.649976778249201 ], [ -89.182981886252904, 13.649929849339699 ], [ -89.182988196168395, 13.649877364550999 ], [ -89.182970120085798, 13.649818130452401 ], [ -89.182929708022797, 13.649735431607199 ], [ -89.182900853356699, 13.6496790573072 ], [ -89.1828584113414, 13.649492582968699 ], [ -89.183118892822407, 13.649547618874299 ], [ -89.1831546879353, 13.6493535424119 ], [ -89.183161101301707, 13.6493117198759 ], [ -89.183168630306199, 13.6492212841768 ], [ -89.183177860028195, 13.649161762198499 ], [ -89.183181348644595, 13.649132585511699 ], [ -89.183181395501293, 13.649132223919199 ], [ -89.1831916822414, 13.649046145646 ], [ -89.183202690647505, 13.6489740627317 ], [ -89.183150074840597, 13.648971371261201 ], [ -89.183163945316906, 13.648880930837899 ], [ -89.183177675045798, 13.6487913609683 ], [ -89.183283672355898, 13.6486491021444 ], [ -89.183280189548498, 13.648637081139899 ], [ -89.1832844209776, 13.6486134664622 ], [ -89.183289329716402, 13.648549291739901 ], [ -89.183392481305603, 13.648508174421 ], [ -89.183362468955494, 13.648422672141701 ], [ -89.183359310148901, 13.6484136689993 ], [ -89.183361333131103, 13.648399107563201 ], [ -89.183367516962406, 13.6483545915866 ], [ -89.183372863571094, 13.648341120480101 ], [ -89.183392274926902, 13.648292114938901 ], [ -89.183405301013593, 13.648259246862199 ], [ -89.183420499494304, 13.6482208977577 ], [ -89.183414681063795, 13.648199428283201 ], [ -89.183456645476298, 13.6482094112231 ], [ -89.183459081718794, 13.648190259503 ], [ -89.183475792149594, 13.6480995855435 ], [ -89.183480835604698, 13.6480742944363 ], [ -89.183498606307893, 13.647984989987201 ], [ -89.183512125407205, 13.6479171064827 ], [ -89.183514548602503, 13.647904933738801 ], [ -89.183515124013894, 13.6479020363285 ], [ -89.183538451166598, 13.6478502872453 ], [ -89.183562679652198, 13.6477644209037 ], [ -89.183584468245499, 13.647693033150899 ], [ -89.183596826558798, 13.6476525656192 ], [ -89.183605218751097, 13.6476250511405 ], [ -89.183611335527502, 13.647604831882999 ], [ -89.183629814572697, 13.6475373893834 ], [ -89.183632240358705, 13.6475285474865 ], [ -89.183641197363997, 13.6474964136852 ], [ -89.183653447551393, 13.6474524391214 ], [ -89.183635612725197, 13.647447658185699 ], [ -89.183650625838297, 13.6473176299244 ], [ -89.183653245678499, 13.6473028185647 ], [ -89.183686765471805, 13.6473100409521 ], [ -89.183707086343006, 13.6472991311347 ], [ -89.183726900595005, 13.647220635714699 ], [ -89.183733173183299, 13.647192845319299 ], [ -89.183815016694595, 13.647197661567599 ], [ -89.183883951388793, 13.647203117456201 ], [ -89.183957609531305, 13.6472090976663 ], [ -89.184057659737803, 13.647233263435201 ], [ -89.184017141413307, 13.647402130354999 ], [ -89.184099699093196, 13.6474725894844 ], [ -89.184036509745297, 13.647612594861499 ], [ -89.184026706780003, 13.6476159990323 ], [ -89.183942616982506, 13.647789433378099 ], [ -89.184008078171402, 13.647891430443799 ], [ -89.184090389149901, 13.6478153594693 ], [ -89.184193688345502, 13.647697769539899 ], [ -89.184243605769595, 13.6477486394667 ], [ -89.184268267836998, 13.647817771606499 ], [ -89.184304190705802, 13.6478837949468 ], [ -89.184341359325799, 13.6479330636688 ], [ -89.184435464313097, 13.6477985053972 ], [ -89.184474573985298, 13.6478619899954 ], [ -89.184474233319904, 13.647862490104499 ], [ -89.184528918936905, 13.6479212980105 ], [ -89.184588285135106, 13.647963645189 ], [ -89.184635296693799, 13.648000281787199 ], [ -89.184710420371403, 13.6480407568899 ], [ -89.184769627290294, 13.6481802818098 ], [ -89.184801896979593, 13.6483078404192 ], [ -89.184866931145393, 13.648275127511599 ], [ -89.184896802538802, 13.6482523820567 ], [ -89.185007803681799, 13.6481690697993 ], [ -89.1851067925504, 13.648094772032 ], [ -89.185150978883101, 13.648150422264999 ], [ -89.185165564472797, 13.648139322308401 ], [ -89.185254802710702, 13.6482546299598 ], [ -89.185295523458294, 13.6483072556357 ], [ -89.1853763950635, 13.648411758972101 ], [ -89.185433287788996, 13.6484852722746 ], [ -89.185408498880093, 13.6485559040844 ], [ -89.185487773683207, 13.648650134022001 ], [ -89.185510282498697, 13.6486769030427 ], [ -89.1855526281919, 13.6486427545114 ], [ -89.185646133251893, 13.648671377154701 ] ] ] ] } },
{ "type": "Feature", "properties": { "qc_id": 135, "name": null, "descriptio": null, "timestamp": null, "begin": null, "end": null, "altitudemo": null, "tessellate": -1, "extrude": 0, "visibility": -1, "draworder": null, "icon": null, "objectid_1": 127, "fid_1": 129, "text_1": "BARRIO CONCEPCION", "shape_leng": 2506.1674265699999, "shape_area": 87050.635138800004, "fid_2": 0, "zona": 0, "viviendas": null }, "geometry": { "type": "MultiPolygon", "coordinates": [ [ [ [ -89.181928481961293, 13.6585109565452 ], [ -89.1818717043585, 13.6586489752207 ], [ -89.181800019531707, 13.658714384267499 ], [ -89.181730778263599, 13.658745914451799 ], [ -89.181616952621496, 13.6586854747171 ], [ -89.181488191023604, 13.658513697082601 ], [ -89.181366809897298, 13.6582910816599 ], [ -89.181252336410694, 13.658200384387699 ], [ -89.181214049060799, 13.658050022750199 ], [ -89.181145716392294, 13.6578594021149 ], [ -89.181040511315402, 13.657869577890301 ], [ -89.180884597420899, 13.6578125005489 ], [ -89.180672130794505, 13.6577054739113 ], [ -89.180567080312301, 13.6578916492508 ], [ -89.180531081084595, 13.658022979818 ], [ -89.180511401716302, 13.6580208746332 ], [ -89.180326477635901, 13.6579992038666 ], [ -89.180331092546695, 13.6580314938972 ], [ -89.180341331516303, 13.658103034104199 ], [ -89.180363815211194, 13.658182201425101 ], [ -89.180377431076394, 13.658213226632601 ], [ -89.180480925700493, 13.658465966182 ], [ -89.180527208490702, 13.658562785335199 ], [ -89.180529032505106, 13.6585716511944 ], [ -89.180530667055393, 13.658580544309499 ], [ -89.180531611220005, 13.6585895409752 ], [ -89.180532308598202, 13.6585985459573 ], [ -89.180532457885505, 13.6586075893052 ], [ -89.180532190298095, 13.6586166230163 ], [ -89.180531108344695, 13.658625602187699 ], [ -89.180529496700501, 13.6586345076286 ], [ -89.180527942370801, 13.658643422066501 ], [ -89.180525554164305, 13.658652151818201 ], [ -89.180522692607994, 13.6586607526606 ], [ -89.180519708081803, 13.658669307494501 ], [ -89.180516004222696, 13.658677584457299 ], [ -89.180511893521995, 13.6586856773243 ], [ -89.180507252056699, 13.658693502124301 ], [ -89.180502458924593, 13.6587012248955 ], [ -89.180497032329299, 13.6587085504184 ], [ -89.180491263536993, 13.6587156167747 ], [ -89.180485022112805, 13.658722285764499 ], [ -89.180478515216905, 13.6587287045704 ], [ -89.180471733578301, 13.658734837043401 ], [ -89.180464601331707, 13.6587405901382 ], [ -89.180457080487699, 13.6587458436645 ], [ -89.180449483778503, 13.6587510050493 ], [ -89.180441385470701, 13.6587553614324 ], [ -89.180433201087396, 13.6587595696398 ], [ -89.180424751922303, 13.6587632221466 ], [ -89.180416633251596, 13.658766338401501 ], [ -89.180377358499697, 13.6588223742796 ], [ -89.1803687129607, 13.6588049978394 ], [ -89.180296264495396, 13.6587140849027 ], [ -89.180243050556101, 13.6587610974642 ], [ -89.180182095663895, 13.658687779400999 ], [ -89.180151687384196, 13.6586418468146 ], [ -89.180101842558798, 13.6585898741791 ], [ -89.180031878658099, 13.6585168501143 ], [ -89.180060193846103, 13.658475345177299 ], [ -89.179893370910705, 13.658385528027299 ], [ -89.179842693779406, 13.658358241287701 ], [ -89.179750705444505, 13.658349349147899 ], [ -89.179714408742697, 13.658202170241401 ], [ -89.179664741628997, 13.6580849344451 ], [ -89.179659911932305, 13.6580327164121 ], [ -89.179640888964798, 13.6580102106984 ], [ -89.179598684464494, 13.6579602507733 ], [ -89.179555519240793, 13.657953377449401 ], [ -89.179472982077996, 13.657926160896199 ], [ -89.179364106249807, 13.6578888182233 ], [ -89.179267699477705, 13.657868470463301 ], [ -89.179273862438805, 13.6578328218213 ], [ -89.179293463068404, 13.6577195613852 ], [ -89.179313300254506, 13.6576050244763 ], [ -89.179316748446794, 13.657585074832699 ], [ -89.179320480913205, 13.6575391262833 ], [ -89.179295558546997, 13.6575377840951 ], [ -89.179240040819295, 13.657530826620601 ], [ -89.179168536496206, 13.6575218732332 ], [ -89.179157119514002, 13.6574820162172 ], [ -89.179138499642505, 13.657417044333799 ], [ -89.179105407575307, 13.6574136535269 ], [ -89.179106318572096, 13.657404664543 ], [ -89.179021865626694, 13.6573957576031 ], [ -89.178971470174702, 13.657390823772801 ], [ -89.178952502266696, 13.6573907173586 ], [ -89.178917434620402, 13.6573905394989 ], [ -89.178868374167905, 13.657398137164201 ], [ -89.178851642727594, 13.6574024066735 ], [ -89.178822914588594, 13.657349493734101 ], [ -89.178781524556499, 13.657374727100599 ], [ -89.178770540493502, 13.6573814275158 ], [ -89.178740247390493, 13.6573988874559 ], [ -89.178675023616904, 13.6572984064926 ], [ -89.178529922143994, 13.6573810654056 ], [ -89.178429967663803, 13.657436839504699 ], [ -89.178279279228803, 13.657516743638899 ], [ -89.178146851838704, 13.657625244499799 ], [ -89.177933794559905, 13.657811959726301 ], [ -89.1778436937892, 13.6579323982511 ], [ -89.177770436680603, 13.658047881171401 ], [ -89.177728049577894, 13.6581569458081 ], [ -89.177690824963705, 13.658207583530601 ], [ -89.177647405559298, 13.6583157233114 ], [ -89.177586577275093, 13.6584210808166 ], [ -89.177530815184497, 13.658541216024201 ], [ -89.177491904743405, 13.6586546195099 ], [ -89.177469698308897, 13.6587407612486 ], [ -89.177439182961606, 13.658853593732699 ], [ -89.177375138653105, 13.658822809022 ], [ -89.177340337820496, 13.658812689720801 ], [ -89.177224100962505, 13.6587794424332 ], [ -89.177093791549296, 13.6587353584999 ], [ -89.176956833107397, 13.6587115491002 ], [ -89.176893525647699, 13.658678393724299 ], [ -89.176841970480496, 13.658616398380699 ], [ -89.176812862180199, 13.658549203057101 ], [ -89.176778482070105, 13.6584949417204 ], [ -89.176740166296696, 13.6584678217147 ], [ -89.1767609446173, 13.65843294902 ], [ -89.176843145222705, 13.6582659976816 ], [ -89.177028929564301, 13.657631762611 ], [ -89.177266456309098, 13.657271575109601 ], [ -89.177239445278104, 13.6572742321412 ], [ -89.177216613588996, 13.657271453756 ], [ -89.177180427338897, 13.657256281759601 ], [ -89.177160558417498, 13.657241690053599 ], [ -89.177088048599899, 13.657167667275599 ], [ -89.177050090352296, 13.6571118267362 ], [ -89.177033845823203, 13.657108478657699 ], [ -89.176990793969793, 13.657013674007899 ], [ -89.176981794561101, 13.6570157160539 ], [ -89.176914121548094, 13.6570310649593 ], [ -89.176864487451098, 13.657005934449201 ], [ -89.176797345858603, 13.6570089167685 ], [ -89.176784318642703, 13.6571688023586 ], [ -89.176779134237904, 13.6571971657551 ], [ -89.176710896328899, 13.6571521394211 ], [ -89.176637477880604, 13.6571036910315 ], [ -89.176633119494497, 13.6570725848474 ], [ -89.176613907267395, 13.6569354273307 ], [ -89.176648677075306, 13.6569292658215 ], [ -89.176815914084301, 13.6568930007248 ], [ -89.176921166763094, 13.656859206167599 ], [ -89.176918848159602, 13.6567959714212 ], [ -89.176916654288902, 13.6567363557759 ], [ -89.176914509159403, 13.656677638565901 ], [ -89.176910976988395, 13.6566378128314 ], [ -89.176902390847701, 13.656547814680099 ], [ -89.176648117800596, 13.656600626685 ], [ -89.176595927332102, 13.6566126226855 ], [ -89.176565064132404, 13.6566156620448 ], [ -89.176563481063297, 13.656586480064099 ], [ -89.176564872093905, 13.656574094815401 ], [ -89.176602332646198, 13.6565718000464 ], [ -89.176823647963204, 13.656529350527199 ], [ -89.176818699956101, 13.656468876353699 ], [ -89.176814591484202, 13.6564185830371 ], [ -89.176608129101496, 13.6564254789669 ], [ -89.176573772157596, 13.656426215907 ], [ -89.176574287539694, 13.656407240996799 ], [ -89.176603922291903, 13.6564066457436 ], [ -89.176871280602001, 13.656398105229799 ], [ -89.176870969434901, 13.656335859705701 ], [ -89.176896391347299, 13.6563354898051 ], [ -89.176894131895395, 13.656275920304299 ], [ -89.176889666849306, 13.6561779965567 ], [ -89.177103371900799, 13.656173575459 ], [ -89.177115178966901, 13.6562557408524 ], [ -89.177246893440497, 13.6562564142617 ], [ -89.177235121651705, 13.6561585699059 ], [ -89.177230155414193, 13.656125547914099 ], [ -89.177220890173402, 13.656126804676701 ], [ -89.177111855376197, 13.6561271697643 ], [ -89.177017056086996, 13.655752097651201 ], [ -89.177308597208594, 13.6557815805311 ], [ -89.1777672608616, 13.655825038536801 ], [ -89.178138287065707, 13.655852139954201 ], [ -89.178537604619606, 13.6559182983183 ], [ -89.178793179750002, 13.6559481201027 ], [ -89.178978893635104, 13.6559763266009 ], [ -89.179269076992796, 13.6560621668332 ], [ -89.179241736690003, 13.6561164728222 ], [ -89.179205088759304, 13.656191620345099 ], [ -89.179145496475996, 13.6563138042342 ], [ -89.179117799815899, 13.6563614641366 ], [ -89.179228745335195, 13.6564327457234 ], [ -89.179313296103203, 13.656519476880201 ], [ -89.179410518092894, 13.6566289588113 ], [ -89.179469955260402, 13.656725083421501 ], [ -89.179514577003005, 13.6567925446075 ], [ -89.179572228958193, 13.656892919700701 ], [ -89.179713856202795, 13.6571198996874 ], [ -89.179795090524706, 13.6572399072405 ], [ -89.180104257795193, 13.657257434384199 ], [ -89.180755668407201, 13.6572003193524 ], [ -89.180772079390707, 13.657198881848499 ], [ -89.180877688228193, 13.6571852629588 ], [ -89.181209440754799, 13.6570812146458 ], [ -89.181315583389704, 13.6570479255401 ], [ -89.181549830661396, 13.6569855259497 ], [ -89.181766833456393, 13.656974027203599 ], [ -89.181726688892994, 13.6572253818502 ], [ -89.181670759193096, 13.657211594502799 ], [ -89.181566550119896, 13.657187319661301 ], [ -89.181528314272299, 13.6571791649381 ], [ -89.181459025920603, 13.657197052612901 ], [ -89.181445351507904, 13.6572004685748 ], [ -89.181469938299799, 13.6572820322766 ], [ -89.1814657173733, 13.6572825623614 ], [ -89.1814665896745, 13.657296612747601 ], [ -89.181428046490595, 13.657307044101101 ], [ -89.181411836380406, 13.6573112682052 ], [ -89.181399471065006, 13.657317440979 ], [ -89.181404201615294, 13.6573281188031 ], [ -89.181423537257203, 13.6573747725787 ], [ -89.181429451409699, 13.6574100336341 ], [ -89.181423749430394, 13.6575024302544 ], [ -89.181423487437002, 13.6575066877877 ], [ -89.181399721014998, 13.657592350166 ], [ -89.181399120084293, 13.6575993756722 ], [ -89.181397338372705, 13.657620220778499 ], [ -89.181397518275205, 13.657620979916601 ], [ -89.181404260883994, 13.6576493996926 ], [ -89.181409527687507, 13.657667453798499 ], [ -89.181427720113007, 13.6577298533432 ], [ -89.181441747266902, 13.6577918383607 ], [ -89.181443570652803, 13.6577998527458 ], [ -89.181459583731396, 13.657846897643401 ], [ -89.181481336661605, 13.6579105157169 ], [ -89.181482816127598, 13.6579148370454 ], [ -89.181505517568894, 13.6579810458802 ], [ -89.181516711255696, 13.6580136745125 ], [ -89.181532923283697, 13.6580609687328 ], [ -89.181544109870799, 13.658096364188101 ], [ -89.181553739795802, 13.6581268183006 ], [ -89.181583315043696, 13.6581231130967 ], [ -89.181603977550594, 13.6581475047797 ], [ -89.181638176987306, 13.6581878636899 ], [ -89.181668994966699, 13.658236183878399 ], [ -89.181653357767104, 13.658247450715701 ], [ -89.181675618072603, 13.6582701762398 ], [ -89.181702331691994, 13.658298821687801 ], [ -89.181705239822904, 13.6583015131426 ], [ -89.181741353800305, 13.658271617284299 ], [ -89.181787922202702, 13.6582362812909 ], [ -89.181841286497402, 13.6582240889842 ], [ -89.181867731441201, 13.658346330106101 ], [ -89.181928481961293, 13.6585109565452 ] ] ] ] } },
{ "type": "Feature", "properties": { "qc_id": 136, "name": null, "descriptio": null, "timestamp": null, "begin": null, "end": null, "altitudemo": null, "tessellate": -1, "extrude": 0, "visibility": -1, "draworder": null, "icon": null, "objectid_1": 128, "fid_1": 130, "text_1": "COLONIA ALCAINE 1", "shape_leng": 1394.13933309, "shape_area": 54599.812095499998, "fid_2": 0, "zona": 0, "viviendas": null }, "geometry": { "type": "MultiPolygon", "coordinates": [ [ [ [ -89.183665127655402, 13.6500219177241 ], [ -89.183809319113607, 13.649801251682501 ], [ -89.183920139957095, 13.649860618843 ], [ -89.184013309483703, 13.649907754108799 ], [ -89.184263787046604, 13.6500344931698 ], [ -89.184413681295993, 13.650110343163799 ], [ -89.184157918849706, 13.650498661548699 ], [ -89.184099563995602, 13.6504678833578 ], [ -89.184038716370097, 13.650432395922399 ], [ -89.183951876162695, 13.650381747919401 ], [ -89.183927446666502, 13.6503691225218 ], [ -89.183862285017696, 13.650335442442101 ], [ -89.183712280999103, 13.650265746809801 ], [ -89.183628696657607, 13.6502262683913 ], [ -89.183542659322299, 13.650185643829801 ], [ -89.183538720412201, 13.6501837766127 ], [ -89.183605268825602, 13.6501019796527 ], [ -89.183665127655402, 13.6500219177241 ] ] ], [ [ [ -89.182542984350803, 13.6550058659725 ], [ -89.182565079918405, 13.6548654847825 ], [ -89.182592215285894, 13.6548162602645 ], [ -89.182713925303105, 13.654586216528999 ], [ -89.182764450427399, 13.6544672880026 ], [ -89.182796047364704, 13.654325381184901 ], [ -89.182811525309702, 13.654255903619401 ], [ -89.182854681605903, 13.654154566711799 ], [ -89.182922676531007, 13.653994944507 ], [ -89.183004403158506, 13.6538584146902 ], [ -89.183058306616203, 13.6537505906348 ], [ -89.183094603353297, 13.653761855056199 ], [ -89.183156841885193, 13.6537712869406 ], [ -89.183191808522494, 13.6537765649446 ], [ -89.183224771171396, 13.6537840743432 ], [ -89.183301380699803, 13.6538100909766 ], [ -89.183304562054602, 13.653811171470201 ], [ -89.183336483439206, 13.653819209504199 ], [ -89.1833767198994, 13.6538332766336 ], [ -89.183454778818799, 13.653860551262801 ], [ -89.183519800651794, 13.6538832627972 ], [ -89.183576936083, 13.6539032314602 ], [ -89.183588675133393, 13.653906174814299 ], [ -89.183646752859005, 13.6539207654923 ], [ -89.183646356588596, 13.6539222743873 ], [ -89.183663018500596, 13.6539264542039 ], [ -89.183740114644806, 13.6539458068307 ], [ -89.183812269241599, 13.653962468619 ], [ -89.183815147148906, 13.6539631886791 ], [ -89.183884656026805, 13.6539864517539 ], [ -89.183901516885001, 13.653992085771 ], [ -89.183960607878205, 13.654006925091799 ], [ -89.184050219387004, 13.654029016096301 ], [ -89.184081118197099, 13.654036601947899 ], [ -89.184217808356706, 13.6540709216788 ], [ -89.184251440307904, 13.653942804761201 ], [ -89.184254431640696, 13.6539313899543 ], [ -89.184261337058302, 13.653901868121901 ], [ -89.184378145197996, 13.6539299269247 ], [ -89.184593511158397, 13.6539823765038 ], [ -89.184607131562501, 13.6539340043353 ], [ -89.184618995272302, 13.6539403073205 ], [ -89.184775529241193, 13.653969919729199 ], [ -89.184783288244603, 13.6539434144388 ], [ -89.1852517480541, 13.654025402203899 ], [ -89.185253830835705, 13.6540258263691 ], [ -89.185204056231399, 13.6541946633513 ], [ -89.185393699121306, 13.6541542203384 ], [ -89.185388507274396, 13.654111943707401 ], [ -89.185405694712401, 13.654122593083001 ], [ -89.185408302323097, 13.654165001822699 ], [ -89.185449604447001, 13.654161185170899 ], [ -89.185440619390405, 13.6541694752311 ], [ -89.185442718384195, 13.6543111906663 ], [ -89.185498802596001, 13.6543058452206 ], [ -89.185504220894799, 13.6544312853473 ], [ -89.185506967941095, 13.6544582645102 ], [ -89.185562277756404, 13.6544542610129 ], [ -89.185564587660906, 13.6545269829634 ], [ -89.185566014382204, 13.6545721594114 ], [ -89.185562258070405, 13.6545979955355 ], [ -89.185571876477596, 13.654671943074099 ], [ -89.1855238340531, 13.6547575220405 ], [ -89.185233071432407, 13.654862998777199 ], [ -89.185109877624697, 13.6547914696964 ], [ -89.185099950673006, 13.654805638475301 ], [ -89.184970767257497, 13.654809068335901 ], [ -89.184803229317893, 13.654941154680699 ], [ -89.1846121348092, 13.654894815467699 ], [ -89.184602651282702, 13.6550029219765 ], [ -89.184594354395898, 13.655093163937799 ], [ -89.184588635798306, 13.6551380031779 ], [ -89.184580207262201, 13.6552041980424 ], [ -89.184572162266093, 13.6552891827659 ], [ -89.184583308269396, 13.655380798512899 ], [ -89.184585862157306, 13.6554750492321 ], [ -89.184569026096398, 13.655562408755101 ], [ -89.184585481602397, 13.6556779285103 ], [ -89.184582440497906, 13.655795517449601 ], [ -89.184577018458199, 13.6557966233659 ], [ -89.184597229260802, 13.655884825530199 ], [ -89.1846174313864, 13.6559749068944 ], [ -89.184673780188007, 13.656028187998199 ], [ -89.184664714640704, 13.6561036021556 ], [ -89.184706326481404, 13.6563854032159 ], [ -89.184648781224496, 13.6564353260086 ], [ -89.184614544549504, 13.656432640031801 ], [ -89.184519029564498, 13.6564036479148 ], [ -89.184415020328899, 13.656355956950501 ], [ -89.184347065587602, 13.656299935747301 ], [ -89.184257888473596, 13.656229398525401 ], [ -89.184192012991403, 13.6561090013011 ], [ -89.184157967935604, 13.655988580223701 ], [ -89.184126033372095, 13.6559405106531 ], [ -89.184079363721807, 13.655870266032601 ], [ -89.1840199009945, 13.6558038526401 ], [ -89.183833105221495, 13.6557354717684 ], [ -89.183334600421503, 13.655555900335701 ], [ -89.183169585429695, 13.6554780886652 ], [ -89.182551951686904, 13.655243680138801 ], [ -89.182527718410597, 13.6551295363228 ], [ -89.182542984350803, 13.6550058659725 ] ] ] ] } },
{ "type": "Feature", "properties": { "qc_id": 141, "name": null, "descriptio": null, "timestamp": null, "begin": null, "end": null, "altitudemo": null, "tessellate": -1, "extrude": 0, "visibility": -1, "draworder": null, "icon": null, "objectid_1": 143, "fid_1": 145, "text_1": "URB BRISAS DE SAN MARCOS", "shape_leng": 340.33946254300002, "shape_area": 3775.0363809800001, "fid_2": 0, "zona": 0, "viviendas": null }, "geometry": { "type": "MultiPolygon", "coordinates": [ [ [ [ -89.180430946934905, 13.6561673339042 ], [ -89.1802605834079, 13.6563088612928 ], [ -89.180033774376895, 13.656344689674301 ], [ -89.179891239235005, 13.656340749962 ], [ -89.179744539976497, 13.6562882930908 ], [ -89.179589549708098, 13.656211591617801 ], [ -89.179269266525395, 13.656062231775399 ], [ -89.179269077000399, 13.656062176776 ], [ -89.179272247126704, 13.6559987988483 ], [ -89.179335338138202, 13.655848012268301 ], [ -89.179376357025703, 13.655745000814701 ], [ -89.179453403782503, 13.655773203037599 ], [ -89.179535648335701, 13.655803141437399 ], [ -89.179635265455403, 13.655839388953799 ], [ -89.179620188868299, 13.655877829919801 ], [ -89.179699963727003, 13.6559089731513 ], [ -89.179740116627798, 13.655924789970401 ], [ -89.179741898105306, 13.656026816596199 ], [ -89.179870830041494, 13.656028369218699 ], [ -89.1798621347818, 13.6561186203453 ], [ -89.179862049434504, 13.656143593188199 ], [ -89.1800295194477, 13.6561281243323 ], [ -89.180038761914503, 13.6560476375649 ], [ -89.180048053676003, 13.6560061926501 ], [ -89.1800854913824, 13.6560237143369 ], [ -89.180184280682496, 13.656054167373201 ], [ -89.180329863611405, 13.656082884028001 ], [ -89.180354133762407, 13.656098128477799 ], [ -89.180430946934905, 13.6561673339042 ] ] ] ] } },
{ "type": "Feature", "properties": { "qc_id": 142, "name": null, "descriptio": null, "timestamp": null, "begin": null, "end": null, "altitudemo": null, "tessellate": -1, "extrude": 0, "visibility": -1, "draworder": null, "icon": null, "objectid_1": 144, "fid_1": 146, "text_1": "LOT BRISAS DE SAN MARCOS", "shape_leng": 702.99417544000005, "shape_area": 19153.904607799999, "fid_2": 0, "zona": 0, "viviendas": null }, "geometry": { "type": "MultiPolygon", "coordinates": [ [ [ [ -89.179740116627798, 13.655924789970401 ], [ -89.179699963727003, 13.6559089731513 ], [ -89.179620188868299, 13.655877829919801 ], [ -89.179635265455403, 13.655839388953799 ], [ -89.179535648335701, 13.655803141437399 ], [ -89.179453403782503, 13.655773203037599 ], [ -89.179376357025703, 13.655745000814701 ], [ -89.179335338138202, 13.655848012268301 ], [ -89.179272247126704, 13.6559987988483 ], [ -89.179269077000399, 13.656062176776 ], [ -89.178978883467707, 13.6559763266083 ], [ -89.178793170507006, 13.6559481201094 ], [ -89.178537604619606, 13.6559182983183 ], [ -89.178138287065707, 13.655852139954201 ], [ -89.1777672608616, 13.655825038536801 ], [ -89.177308597208594, 13.6557815805311 ], [ -89.177299870969804, 13.6556812347138 ], [ -89.177315735800406, 13.655583213154801 ], [ -89.177358919872901, 13.655502988545299 ], [ -89.177429286294199, 13.655257916549401 ], [ -89.177459703063803, 13.6551522483834 ], [ -89.1774902551618, 13.655076512563101 ], [ -89.177508023745801, 13.655081100557901 ], [ -89.177566501600595, 13.6550858896526 ], [ -89.177621240412705, 13.655090366879 ], [ -89.177676499652094, 13.6550948997587 ], [ -89.177731106292995, 13.6550993770561 ], [ -89.177784926297704, 13.655103780790901 ], [ -89.177954357601706, 13.6551170973352 ], [ -89.178009048875793, 13.655121028557801 ], [ -89.178063836225107, 13.6551273297086 ], [ -89.178121017052106, 13.655131786073801 ], [ -89.178176304802605, 13.6551361055015 ], [ -89.178284353644699, 13.6551464680694 ], [ -89.178394506721702, 13.655159938458601 ], [ -89.178559779355595, 13.655180163352201 ], [ -89.178614803677903, 13.655186889038299 ], [ -89.178669837253906, 13.6551936246482 ], [ -89.178747759660197, 13.655203157431201 ], [ -89.178849796340501, 13.655210376762099 ], [ -89.178922301073797, 13.655215821502299 ], [ -89.178977588732195, 13.6552199744335 ], [ -89.1790313243947, 13.6552240082642 ], [ -89.179032885635706, 13.6552241273455 ], [ -89.179088182533505, 13.655228270302301 ], [ -89.179143479440896, 13.6552324231894 ], [ -89.179198862317307, 13.6552365850404 ], [ -89.179254159221699, 13.655240728863699 ], [ -89.179309550420101, 13.655244889779899 ], [ -89.179368094606403, 13.6552492906273 ], [ -89.179350213939699, 13.6553838283939 ], [ -89.179347938980001, 13.6554295634699 ], [ -89.179414652013705, 13.6554349011098 ], [ -89.179449702260797, 13.6554005456439 ], [ -89.179489362751298, 13.655403496837501 ], [ -89.179519881121806, 13.655433324753499 ], [ -89.179728577880596, 13.6554535081184 ], [ -89.179718630938297, 13.655503663422801 ], [ -89.179731127693898, 13.6555449721844 ], [ -89.179735215371807, 13.6556797352599 ], [ -89.179736691739706, 13.655728438696499 ], [ -89.179740116627798, 13.655924789970401 ] ] ] ] } },
{ "type": "Feature", "properties": { "qc_id": 138, "name": null, "descriptio": null, "timestamp": null, "begin": null, "end": null, "altitudemo": null, "tessellate": -1, "extrude": 0, "visibility": -1, "draworder": null, "icon": null, "objectid_1": 130, "fid_1": 132, "text_1": "COLONIA PERLA ESCONDIDA", "shape_leng": 2063.1879226900001, "shape_area": 38631.757533299999, "fid_2": 0, "zona": 0, "viviendas": null }, "geometry": { "type": "MultiPolygon", "coordinates": [ [ [ [ -89.185802157760193, 13.6513197631475 ], [ -89.185519642143205, 13.651016087252 ], [ -89.185492811800898, 13.650993680975599 ], [ -89.1852412158796, 13.6507834567371 ], [ -89.185117042223794, 13.6506550689286 ], [ -89.184893522398497, 13.6504239613186 ], [ -89.184880376351103, 13.6504134652413 ], [ -89.184685168696802, 13.6502576133594 ], [ -89.184413681295993, 13.650110343163799 ], [ -89.184733765945595, 13.6499283921715 ], [ -89.184767822844407, 13.6499199251171 ], [ -89.184804231089601, 13.6498926019629 ], [ -89.184815180942707, 13.649867732125299 ], [ -89.184865680252699, 13.649802088625799 ], [ -89.1848983992504, 13.649766022151301 ], [ -89.184957502119801, 13.649700862074001 ], [ -89.185002322664602, 13.6496470981785 ], [ -89.185047353839394, 13.6495967490282 ], [ -89.185054665211297, 13.649603001185399 ], [ -89.185072025679403, 13.6496178526597 ], [ -89.185176497919201, 13.6494519175682 ], [ -89.185231574637399, 13.649357642409401 ], [ -89.1852685090047, 13.6492896950742 ], [ -89.185297789196099, 13.6491769366204 ], [ -89.185333685088295, 13.649136553406199 ], [ -89.185378759788904, 13.6490220340024 ], [ -89.185428482422495, 13.648992803443299 ], [ -89.185515037792698, 13.6489345273749 ], [ -89.185577768256096, 13.648956268411199 ], [ -89.185639617659504, 13.6489777145232 ], [ -89.185701030682196, 13.6489989937287 ], [ -89.185761725235906, 13.649019874844299 ], [ -89.185714049576305, 13.6491481607833 ], [ -89.185666202353403, 13.649275788806801 ], [ -89.185779743463797, 13.649316289709599 ], [ -89.185777195635197, 13.649349576633 ], [ -89.185765691368502, 13.649499687796 ], [ -89.185639027864497, 13.6494775693464 ], [ -89.185679763889993, 13.6493220579484 ], [ -89.185582661073497, 13.649292021631499 ], [ -89.1855782133985, 13.6493048629968 ], [ -89.185537371680695, 13.649422554622401 ], [ -89.185491103915894, 13.6495490253381 ], [ -89.185471369151401, 13.6495719385742 ], [ -89.185428607119505, 13.6497030897087 ], [ -89.185385071404895, 13.649836573465199 ], [ -89.185393257805003, 13.649871776682 ], [ -89.185303055942896, 13.650120318841401 ], [ -89.185347200764099, 13.650146211063699 ], [ -89.185425227141806, 13.650181537888001 ], [ -89.185510757891294, 13.6502157942391 ], [ -89.185641982632205, 13.6503075407953 ], [ -89.1856681386286, 13.650325829423601 ], [ -89.185679497029298, 13.650363112807399 ], [ -89.185683168807003, 13.650410592497201 ], [ -89.185637561786095, 13.650462117259201 ], [ -89.185687806511993, 13.6505658291949 ], [ -89.185646941449605, 13.650667035629301 ], [ -89.185638045294098, 13.6506917557143 ], [ -89.185625343823403, 13.650726983728701 ], [ -89.185624994285803, 13.6507279556788 ], [ -89.1856093365585, 13.6507486449793 ], [ -89.185954059400004, 13.6511552733785 ], [ -89.185958749564406, 13.651184906711499 ], [ -89.186077279975393, 13.6510828171191 ], [ -89.186224101223402, 13.650944969689 ], [ -89.1862390799526, 13.6508920977139 ], [ -89.186251649059002, 13.650880074537801 ], [ -89.186341345678599, 13.650844000866799 ], [ -89.186398815363304, 13.6509749559727 ], [ -89.186407264147903, 13.650971293316699 ], [ -89.186444787610498, 13.6510495972367 ], [ -89.186475901746107, 13.6511018322818 ], [ -89.186526447861993, 13.6511910119099 ], [ -89.186447196917797, 13.651235740649099 ], [ -89.186407614046999, 13.651257642183101 ], [ -89.186384682459902, 13.6512716635962 ], [ -89.186531872057401, 13.6514910924991 ], [ -89.1865146487782, 13.6515061644385 ], [ -89.186440455426904, 13.6515660322765 ], [ -89.186345193962197, 13.6516506475038 ], [ -89.1862940267048, 13.6516863313351 ], [ -89.186193141991893, 13.6518412954154 ], [ -89.185802157760193, 13.6513197631475 ] ] ], [ [ [ -89.185379805214197, 13.6560880052571 ], [ -89.185363244609903, 13.6560800761286 ], [ -89.185226109102004, 13.656237778786201 ], [ -89.185161125800306, 13.6562169098114 ], [ -89.185158572554897, 13.6562083039522 ], [ -89.185150192686507, 13.656180014766701 ], [ -89.185150755610593, 13.6561495160585 ], [ -89.185151536156695, 13.6561430182814 ], [ -89.185169229366096, 13.6561478453111 ], [ -89.185169840925298, 13.656142727003299 ], [ -89.185176168835696, 13.656088852872999 ], [ -89.185197430573695, 13.6560933997182 ], [ -89.185226230223506, 13.656054753736599 ], [ -89.185270507467607, 13.6560079872591 ], [ -89.185338134608102, 13.6558522243021 ], [ -89.185363972919006, 13.6558032689139 ], [ -89.185438517170596, 13.6556694282768 ], [ -89.185463453212506, 13.6556156512841 ], [ -89.185513224532897, 13.655550304694 ], [ -89.185570523323406, 13.655511840546399 ], [ -89.185600611866604, 13.6554153253535 ], [ -89.1856504631006, 13.6553670089405 ], [ -89.185683464929596, 13.655244649209701 ], [ -89.185679484446993, 13.6552019640158 ], [ -89.185581995324199, 13.655225436709699 ], [ -89.185529370207604, 13.6552361848501 ], [ -89.185541785124798, 13.6552088064785 ], [ -89.185584153701498, 13.655106126503 ], [ -89.185536403539899, 13.6551299503114 ], [ -89.185423512426695, 13.6550897073274 ], [ -89.185217180983997, 13.654972359317499 ], [ -89.185219320238005, 13.6549963588024 ], [ -89.185156179142794, 13.6550080132539 ], [ -89.185154808050797, 13.654985263275501 ], [ -89.185173999777106, 13.6549458743002 ], [ -89.185233071432407, 13.654862998777199 ], [ -89.1855238340531, 13.6547575220405 ], [ -89.185571876477596, 13.654671943074099 ], [ -89.185562258070405, 13.6545979955355 ], [ -89.185566014382204, 13.6545721594114 ], [ -89.185564587660906, 13.6545269829634 ], [ -89.185562277756404, 13.6544542610129 ], [ -89.185506967941095, 13.6544582645102 ], [ -89.185504220894799, 13.6544312853473 ], [ -89.185498802596001, 13.6543058452206 ], [ -89.185442718384195, 13.6543111906663 ], [ -89.185440619390405, 13.6541694752311 ], [ -89.185449604447001, 13.654161185170899 ], [ -89.185491577559901, 13.654157302925601 ], [ -89.185586042526793, 13.6541533159835 ], [ -89.185754615423207, 13.6541462097404 ], [ -89.185788276142105, 13.654150322338401 ], [ -89.185779946259998, 13.654029696747701 ], [ -89.185790386926698, 13.6539475149529 ], [ -89.185824320532703, 13.653734363762901 ], [ -89.185831578368905, 13.6536726765515 ], [ -89.185862531532905, 13.653676512786101 ], [ -89.185871703338606, 13.653677672780899 ], [ -89.185942593007198, 13.6536866156457 ], [ -89.185953336280207, 13.6536879769215 ], [ -89.185999396926505, 13.6536939222496 ], [ -89.186023639128706, 13.6536970503674 ], [ -89.186100709471305, 13.6537070071996 ], [ -89.186109095559601, 13.653708083718101 ], [ -89.186168604947895, 13.6537131013835 ], [ -89.186171552684101, 13.653765829616299 ], [ -89.186173694153297, 13.653804193776001 ], [ -89.186171113773298, 13.653880418398799 ], [ -89.186169744930098, 13.653921339620201 ], [ -89.186167887901703, 13.6539550598877 ], [ -89.186156121248601, 13.653952320053801 ], [ -89.186139328769102, 13.6541055446047 ], [ -89.186117900815702, 13.6542259613102 ], [ -89.186116433915004, 13.654225916321799 ], [ -89.186134899109206, 13.6542486623964 ], [ -89.186122845273601, 13.6543023465524 ], [ -89.186117855977798, 13.654324638546401 ], [ -89.186105010092007, 13.6543819325494 ], [ -89.186102831562906, 13.6543913383111 ], [ -89.186085503822895, 13.654466268868401 ], [ -89.186072552457901, 13.6545222767081 ], [ -89.1860678269625, 13.6545427173264 ], [ -89.186056659978107, 13.654580646839401 ], [ -89.186035166699298, 13.6546536453071 ], [ -89.185999352802, 13.6547752398094 ], [ -89.185952079628294, 13.6549357537984 ], [ -89.186051986194897, 13.655109252987399 ], [ -89.186156311622497, 13.6551141174309 ], [ -89.1861953139002, 13.655122722801901 ], [ -89.186179406112203, 13.6551851197988 ], [ -89.186254194038, 13.655204565581601 ], [ -89.186237947044901, 13.655270469947499 ], [ -89.186220559382704, 13.655340957918201 ], [ -89.186207827318995, 13.655386784135599 ], [ -89.186202518269695, 13.655411500615999 ], [ -89.1861888444936, 13.655475043866399 ], [ -89.1861805746816, 13.655513508103001 ], [ -89.1861724079792, 13.655551454329901 ], [ -89.186151187099398, 13.655623009079999 ], [ -89.1861313453268, 13.6556899619641 ], [ -89.186110671973395, 13.6557596380043 ], [ -89.186088309818899, 13.6558350532391 ], [ -89.186075471271295, 13.655878371223499 ], [ -89.186069676633707, 13.6558992013241 ], [ -89.186053994765601, 13.655972713323401 ], [ -89.186034880770706, 13.6560390094211 ], [ -89.185999132272897, 13.656111500733701 ], [ -89.185961484550404, 13.656187816044399 ], [ -89.185944577637599, 13.6562562942732 ], [ -89.185941611766694, 13.656264775040601 ], [ -89.185941095794405, 13.6562703569756 ], [ -89.185936328708195, 13.656322424869099 ], [ -89.185922768196306, 13.656325961212 ], [ -89.185931463425504, 13.656357850341999 ], [ -89.185928458085002, 13.6563748657054 ], [ -89.185928299259501, 13.65643819444 ], [ -89.185927348476298, 13.656467841071001 ], [ -89.185925407995896, 13.6565036349288 ], [ -89.185992292294898, 13.6565110731121 ], [ -89.1859827473819, 13.656613301691699 ], [ -89.185990010707201, 13.6566660176175 ], [ -89.185870312478499, 13.656683481863199 ], [ -89.185791494601006, 13.656739520476499 ], [ -89.185766049731896, 13.656699165470799 ], [ -89.1857802073458, 13.656648794327401 ], [ -89.185768675718293, 13.656584520816899 ], [ -89.185739439302907, 13.6565733617335 ], [ -89.185718544377195, 13.6565546623915 ], [ -89.185698502266504, 13.656536720770699 ], [ -89.185620295709896, 13.656466721710601 ], [ -89.185582653428995, 13.656430689273799 ], [ -89.185537863796995, 13.656392718851899 ], [ -89.185440988521094, 13.656341949699399 ], [ -89.185539853464505, 13.6561790268886 ], [ -89.185462637309399, 13.6561293348147 ], [ -89.185438963008806, 13.6561140985545 ], [ -89.185379805214197, 13.6560880052571 ] ] ] ] } },
{ "type": "Feature", "properties": { "qc_id": 139, "name": null, "descriptio": null, "timestamp": null, "begin": null, "end": null, "altitudemo": null, "tessellate": -1, "extrude": 0, "visibility": -1, "draworder": null, "icon": null, "objectid_1": 134, "fid_1": 136, "text_1": "COLONIA CALIFORNIA", "shape_leng": 2329.07659208, "shape_area": 123564.744538, "fid_2": 0, "zona": 0, "viviendas": null }, "geometry": { "type": "MultiPolygon", "coordinates": [ [ [ [ -89.194948406972898, 13.6730204497601 ], [ -89.194941783180795, 13.673399899454999 ], [ -89.194850589461197, 13.6738323409178 ], [ -89.194449325626593, 13.6750141698493 ], [ -89.193951689395604, 13.674673909872499 ], [ -89.194219059754204, 13.673370713298601 ], [ -89.194203240567106, 13.6733344805758 ], [ -89.194201008698798, 13.6732903126909 ], [ -89.194202707993995, 13.673250372825899 ], [ -89.194207055352905, 13.6732078665245 ], [ -89.194216880321505, 13.673161717727099 ], [ -89.194226705271205, 13.6731155508512 ], [ -89.194237387636406, 13.6730644227314 ], [ -89.194260421511103, 13.6729316379846 ], [ -89.194271091964495, 13.6728784182633 ], [ -89.194296054463393, 13.672753971307699 ], [ -89.194329321470406, 13.672588098685299 ], [ -89.194350475411696, 13.6724490125646 ], [ -89.194349832107804, 13.672392043391 ], [ -89.194043289248796, 13.6723575108671 ], [ -89.194008140437703, 13.6723535497166 ], [ -89.193902405564501, 13.6723371298218 ], [ -89.193979670602801, 13.671874932653401 ], [ -89.193924404724498, 13.671867515503299 ], [ -89.193806839020397, 13.6718510407196 ], [ -89.193787147666399, 13.671848279476499 ], [ -89.193649559675194, 13.67182900567 ], [ -89.193599897626797, 13.6718219275138 ], [ -89.193589738340293, 13.6719100696279 ], [ -89.193533523915704, 13.672279857751599 ], [ -89.193417730075495, 13.6731186506223 ], [ -89.193382617880602, 13.67333244266 ], [ -89.193378822876895, 13.6733555111919 ], [ -89.193359286781899, 13.673357349705199 ], [ -89.193318948918801, 13.673350661874499 ], [ -89.193314755433093, 13.673397259059501 ], [ -89.193301734451893, 13.673504942864501 ], [ -89.193188252437096, 13.6741518878517 ], [ -89.192410735513704, 13.6736202480041 ], [ -89.192216885176805, 13.673487698122401 ], [ -89.191426707844499, 13.672665421783799 ], [ -89.191358279830197, 13.672535467164501 ], [ -89.191295283589398, 13.6724158470318 ], [ -89.191267316961302, 13.6723627397449 ], [ -89.191119947076302, 13.672082892352201 ], [ -89.191117302073494, 13.6720778778 ], [ -89.190914969227904, 13.671382085921 ], [ -89.190808638997296, 13.6707120165033 ], [ -89.191201532649202, 13.6706409591034 ], [ -89.191242255277601, 13.670632662238701 ], [ -89.191300575505693, 13.6705783498349 ], [ -89.191310885217206, 13.6705684559335 ], [ -89.191344454121705, 13.670538515466999 ], [ -89.191353401951901, 13.6705305388773 ], [ -89.191401479313001, 13.670487665054299 ], [ -89.191443892564706, 13.6704498402599 ], [ -89.191460122789493, 13.670435369850599 ], [ -89.191516213146201, 13.670385344489601 ], [ -89.191531781993405, 13.6703714585057 ], [ -89.191653291388903, 13.6703611173076 ], [ -89.191689606297501, 13.670309376361301 ], [ -89.191825699481996, 13.670342267776499 ], [ -89.191814646818003, 13.6703807433872 ], [ -89.191894160432796, 13.670397508235601 ], [ -89.191985158476498, 13.6704166802002 ], [ -89.191992391249798, 13.670417350666 ], [ -89.192040466138593, 13.6704168964351 ], [ -89.192078872177007, 13.670445865148499 ], [ -89.192170490419898, 13.6704592796632 ], [ -89.192265652360803, 13.6704779484171 ], [ -89.192421160961899, 13.670546847185101 ], [ -89.192538764137097, 13.670575004520099 ], [ -89.1924444980027, 13.6708999032251 ], [ -89.192420395915093, 13.6709663519175 ], [ -89.192749239783595, 13.6711541918944 ], [ -89.1928983977553, 13.671258157358301 ], [ -89.193017533103799, 13.6713415980895 ], [ -89.193069442715299, 13.671192843389001 ], [ -89.193096917539293, 13.6710035483614 ], [ -89.193109890661603, 13.670998604725 ], [ -89.193069715778904, 13.670948988118599 ], [ -89.192890435045598, 13.670597535076899 ], [ -89.193176984640999, 13.670597726853799 ], [ -89.193255331730597, 13.6706109380697 ], [ -89.193357365258905, 13.670628129462999 ], [ -89.193448454659205, 13.670643487288 ], [ -89.193539544063995, 13.6706588360405 ], [ -89.193631816834895, 13.670674387203601 ], [ -89.193774740182903, 13.670655123842799 ], [ -89.193818696641003, 13.670665363760101 ], [ -89.194012596429602, 13.6707105646224 ], [ -89.194164840637001, 13.670745634846201 ], [ -89.194370044484501, 13.6707929000329 ], [ -89.194446816009005, 13.6708121193897 ], [ -89.194583811567895, 13.6708589475043 ], [ -89.194733757667294, 13.670909264259301 ], [ -89.194860737392304, 13.6708975567857 ], [ -89.194901701202497, 13.670893728876599 ], [ -89.194934318133306, 13.6712346434589 ], [ -89.194911693184807, 13.6715746292306 ], [ -89.194896583316094, 13.6717651828206 ], [ -89.194816224996501, 13.6718732897618 ], [ -89.194866430208904, 13.6721475852189 ], [ -89.194911997527797, 13.672455926767 ], [ -89.194936405301505, 13.672690876287099 ], [ -89.194945316165104, 13.6727755052703 ], [ -89.194948406972898, 13.6730204497601 ] ] ] ] } },
{ "type": "Feature", "properties": { "qc_id": 140, "name": null, "descriptio": null, "timestamp": null, "begin": null, "end": null, "altitudemo": null, "tessellate": -1, "extrude": 0, "visibility": -1, "draworder": null, "icon": null, "objectid_1": 137, "fid_1": 139, "text_1": "COLONIA EL MIRADOR", "shape_leng": 1198.780301, "shape_area": 45280.524287599997, "fid_2": 0, "zona": 0, "viviendas": null }, "geometry": { "type": "MultiPolygon", "coordinates": [ [ [ [ -89.184766557017497, 13.665836796969399 ], [ -89.184645866710298, 13.666031871911899 ], [ -89.184583071605303, 13.666088916769599 ], [ -89.184511071815706, 13.666129465229499 ], [ -89.184446727863701, 13.6661670088076 ], [ -89.184368593814895, 13.666206071306 ], [ -89.184295359364398, 13.666228183008201 ], [ -89.184196096019406, 13.666192252585899 ], [ -89.184075901542002, 13.666163102530501 ], [ -89.184027635681105, 13.666159390206801 ], [ -89.183941848320202, 13.6662284476753 ], [ -89.183808059310095, 13.666340997483699 ], [ -89.183658638338599, 13.666497116617199 ], [ -89.1835488791736, 13.666607074951299 ], [ -89.183450126073794, 13.6667157668063 ], [ -89.183409569032406, 13.666778227172401 ], [ -89.183387367305201, 13.666808158988101 ], [ -89.183312450469202, 13.6669550496271 ], [ -89.183254530180704, 13.6671110080913 ], [ -89.183230174956194, 13.667194699657299 ], [ -89.183205753431494, 13.667205176803 ], [ -89.183193554456906, 13.667232074009499 ], [ -89.183179862595495, 13.6672873789873 ], [ -89.183185987785606, 13.667324721495 ], [ -89.183192119835098, 13.6673471352929 ], [ -89.183207402478999, 13.667366542251401 ], [ -89.183219637612098, 13.6673979108939 ], [ -89.1832258127274, 13.6674755905126 ], [ -89.183237765525405, 13.667619121695299 ], [ -89.183249787113496, 13.667826000389301 ], [ -89.1832489531498, 13.6679336926831 ], [ -89.183245352134605, 13.667977929199401 ], [ -89.183158479302506, 13.667965887166501 ], [ -89.183118811508393, 13.6679563372441 ], [ -89.183065227725393, 13.6679434369989 ], [ -89.183020835634906, 13.667931603726901 ], [ -89.182920415146299, 13.667904855402799 ], [ -89.182831317593099, 13.6678811248551 ], [ -89.182786631523996, 13.667869217640201 ], [ -89.182739863383901, 13.6678567569738 ], [ -89.182739152798106, 13.6678439845835 ], [ -89.182623731329201, 13.6677949961396 ], [ -89.182588281582895, 13.6677797132187 ], [ -89.182592713902096, 13.667771434783401 ], [ -89.182772436163901, 13.667482629347599 ], [ -89.182737233576603, 13.6674689470596 ], [ -89.182731873910697, 13.667466221283799 ], [ -89.182622130264505, 13.6674151912437 ], [ -89.182518043591202, 13.6673711648421 ], [ -89.182284719159398, 13.6672454851954 ], [ -89.182253414006198, 13.6672286164364 ], [ -89.182222400715503, 13.667210248801799 ], [ -89.1822156935892, 13.667007411038 ], [ -89.182203853742806, 13.666752318473399 ], [ -89.182135418946999, 13.666703859915099 ], [ -89.182029640083698, 13.6665522151924 ], [ -89.181930607503602, 13.6664212076483 ], [ -89.181959982723001, 13.6664025440157 ], [ -89.181882637092698, 13.666286810666801 ], [ -89.1820210290728, 13.666237235471501 ], [ -89.182151701072996, 13.666143802676199 ], [ -89.182222756039295, 13.6660930000318 ], [ -89.182259754718899, 13.6660665472871 ], [ -89.182350644023998, 13.665985620308099 ], [ -89.182387299316403, 13.6658835381243 ], [ -89.182410206724001, 13.6657873432478 ], [ -89.1824123009266, 13.6657785305404 ], [ -89.182416327418295, 13.665709469184501 ], [ -89.182178503428901, 13.665735710151701 ], [ -89.182175769748497, 13.665713729486299 ], [ -89.182427743207896, 13.665685793168301 ], [ -89.182473698929002, 13.6655416920033 ], [ -89.182478307919098, 13.6655419570398 ], [ -89.182582250619504, 13.6655587528716 ], [ -89.1828141807935, 13.665269779351799 ], [ -89.182885706717798, 13.6652533801595 ], [ -89.182873125567994, 13.665190504737399 ], [ -89.182855409472396, 13.665096432535 ], [ -89.182989673639597, 13.665070980260101 ], [ -89.183020581615693, 13.6650517052309 ], [ -89.183088027995396, 13.6650360592472 ], [ -89.183143303344806, 13.6650213469925 ], [ -89.183225357232303, 13.6650082444955 ], [ -89.183304516233306, 13.6649491052143 ], [ -89.183316519142707, 13.665023032048699 ], [ -89.183320789112599, 13.665036626136599 ], [ -89.183334251740703, 13.6650645319492 ], [ -89.183364815057203, 13.665113019321799 ], [ -89.1833924338451, 13.665147818514599 ], [ -89.183476972586405, 13.6652747552122 ], [ -89.183644196553303, 13.665167003788699 ], [ -89.183677770912894, 13.665228993043399 ], [ -89.183685177750206, 13.665248017182099 ], [ -89.183716912232398, 13.6653295382332 ], [ -89.183746750799799, 13.6654061914221 ], [ -89.183748788281804, 13.6654100305434 ], [ -89.183787037284205, 13.6654816978934 ], [ -89.183833418637505, 13.665568659364 ], [ -89.183872330507, 13.6656415853284 ], [ -89.183893288644597, 13.665679990556001 ], [ -89.183946706013501, 13.665734810616501 ], [ -89.184215322949896, 13.665445964706199 ], [ -89.184257220349394, 13.6653310583915 ], [ -89.184375903231398, 13.665435802109499 ], [ -89.184538867658205, 13.665606209335399 ], [ -89.184594162086597, 13.665664026965899 ], [ -89.184678933977395, 13.6657489781224 ], [ -89.184766557017497, 13.665836796969399 ] ] ] ] } },
{ "type": "Feature", "properties": { "qc_id": 143, "name": null, "descriptio": null, "timestamp": null, "begin": null, "end": null, "altitudemo": null, "tessellate": -1, "extrude": 0, "visibility": -1, "draworder": null, "icon": null, "objectid_1": 151, "fid_1": 153, "text_1": "COLONIA LOS ALPES1", "shape_leng": 2682.4903820099998, "shape_area": 210850.88289899999, "fid_2": 0, "zona": 0, "viviendas": null }, "geometry": { "type": "MultiPolygon", "coordinates": [ [ [ [ -89.175129806973899, 13.655935798666601 ], [ -89.175106436080696, 13.656251394492401 ], [ -89.175106258129901, 13.656253227715901 ], [ -89.175089570370204, 13.656251591799601 ], [ -89.175081353472805, 13.656250625963899 ], [ -89.174980136551, 13.6562387485288 ], [ -89.174943983036201, 13.656395152410999 ], [ -89.174820385873105, 13.6565425750081 ], [ -89.1746055530609, 13.656532425960799 ], [ -89.1746048390266, 13.6565392662327 ], [ -89.174572406082504, 13.6565955096493 ], [ -89.1745463748247, 13.6566416963141 ], [ -89.174535955813596, 13.656657633030701 ], [ -89.174523050155997, 13.6566769683447 ], [ -89.174520554267701, 13.6566803669491 ], [ -89.174510961837697, 13.6566866775122 ], [ -89.174500835123695, 13.656687961900399 ], [ -89.174492157207993, 13.656689791212001 ], [ -89.174451654263095, 13.6566864972344 ], [ -89.174377428861703, 13.656697017873601 ], [ -89.174215068894995, 13.656699178461199 ], [ -89.174137892858596, 13.656892894189699 ], [ -89.174115925549501, 13.656932663899701 ], [ -89.174084912805, 13.6570009940178 ], [ -89.174027650429906, 13.657015501368701 ], [ -89.174008783914005, 13.6570499467476 ], [ -89.173967739790498, 13.6571210796922 ], [ -89.173975357919105, 13.657144750898 ], [ -89.173987432243095, 13.6572172617583 ], [ -89.173994039928303, 13.657256937118699 ], [ -89.173993663774496, 13.6572607409701 ], [ -89.173989943279807, 13.657298035550401 ], [ -89.173989914906898, 13.657298415205901 ], [ -89.1739325440046, 13.657343754429901 ], [ -89.173950734405807, 13.6574323755846 ], [ -89.173950765886502, 13.657448693557599 ], [ -89.173950952834105, 13.657535235835899 ], [ -89.173951084810298, 13.6575986945124 ], [ -89.173967034215593, 13.6576766639577 ], [ -89.173970865147794, 13.657712425614299 ], [ -89.173975411843003, 13.657754897272101 ], [ -89.173980206691397, 13.6578391874015 ], [ -89.173963861851107, 13.657892669707 ], [ -89.1739535511024, 13.6579263877204 ], [ -89.173946629962899, 13.6579490595613 ], [ -89.173939714622605, 13.6579658271634 ], [ -89.173921545620203, 13.658009925626599 ], [ -89.173929943572801, 13.658089399973299 ], [ -89.173910248527207, 13.658104769250199 ], [ -89.173903652506795, 13.6581196294095 ], [ -89.173901423084502, 13.6581246665784 ], [ -89.173900517419696, 13.658179887898999 ], [ -89.173916601271799, 13.658248397097999 ], [ -89.173935024846401, 13.658306020855701 ], [ -89.173936277444696, 13.6583099717935 ], [ -89.173943839584993, 13.658386614830601 ], [ -89.173950069762199, 13.658453224684401 ], [ -89.173956204998703, 13.6585189370386 ], [ -89.173929615146207, 13.658516419520399 ], [ -89.173923909468698, 13.658646579741401 ], [ -89.173922499668294, 13.658672534240599 ], [ -89.173929967373397, 13.6586727232961 ], [ -89.174012618608202, 13.658700969354999 ], [ -89.174053947795599, 13.6587211547871 ], [ -89.174130416701303, 13.6587736647872 ], [ -89.174167643714298, 13.6588262025591 ], [ -89.174200753884705, 13.6589050212414 ], [ -89.174223547818301, 13.6590101324588 ], [ -89.174223642180394, 13.6591375027743 ], [ -89.174224142134193, 13.6594293127696 ], [ -89.174235147261101, 13.6597064903175 ], [ -89.174209761684196, 13.659705249178201 ], [ -89.174210602761093, 13.6597301282575 ], [ -89.174164617353597, 13.659966750496 ], [ -89.174142449624995, 13.6600807616563 ], [ -89.173961300617407, 13.660071911491 ], [ -89.173947480556805, 13.6600712361154 ], [ -89.173879566210402, 13.660067924371701 ], [ -89.173658776189399, 13.6600571495986 ], [ -89.173620454833895, 13.6598432918989 ], [ -89.173614714237999, 13.6598112429759 ], [ -89.1735947656245, 13.659699955199301 ], [ -89.1739039972272, 13.659711990803199 ], [ -89.173897064991095, 13.6596684840684 ], [ -89.173878745369393, 13.6595340645211 ], [ -89.173871646056796, 13.6594820983617 ], [ -89.173789575580798, 13.659469595867099 ], [ -89.173355828949397, 13.659403565251401 ], [ -89.173375252735397, 13.6595604295493 ], [ -89.173115038402599, 13.659546257226401 ], [ -89.173108703594806, 13.659568271498401 ], [ -89.173043155790396, 13.6595651250781 ], [ -89.172928591082993, 13.659668640035401 ], [ -89.172805530398904, 13.659634460832899 ], [ -89.172800655814797, 13.659609695761899 ], [ -89.172722724926899, 13.6595764293711 ], [ -89.172641394272503, 13.65954172092 ], [ -89.172639152039594, 13.659580985830599 ], [ -89.172759045691805, 13.659645017528099 ], [ -89.172754900665097, 13.6597879585801 ], [ -89.172595517480204, 13.6597609328924 ], [ -89.172522514011604, 13.6596708035443 ], [ -89.172373600920096, 13.6595948615808 ], [ -89.172424053584393, 13.6594454089596 ], [ -89.172438003643194, 13.6594040903299 ], [ -89.172377886369304, 13.6593594539129 ], [ -89.172283951649007, 13.659276587487801 ], [ -89.172291005188498, 13.659227452305 ], [ -89.1722224876155, 13.659214162443201 ], [ -89.172134152324503, 13.659204247111701 ], [ -89.172107153848799, 13.6593280072555 ], [ -89.172025799610097, 13.6593644305359 ], [ -89.171940195671496, 13.659360881155701 ], [ -89.171860765101897, 13.6593216823814 ], [ -89.171851883750307, 13.6593703560353 ], [ -89.1717776193737, 13.659354145065301 ], [ -89.171704498926601, 13.659272836654001 ], [ -89.171670347971201, 13.659323361040499 ], [ -89.171622772675406, 13.659292256915499 ], [ -89.171605866392994, 13.6594575601478 ], [ -89.171550879047103, 13.659437994865399 ], [ -89.171552860876105, 13.6593392792467 ], [ -89.171529444003099, 13.659299810790699 ], [ -89.171513510226006, 13.6592549860624 ], [ -89.171406816262802, 13.6591590588008 ], [ -89.171396362884593, 13.659153650859199 ], [ -89.171370484726907, 13.659217108677399 ], [ -89.171324413538997, 13.6593283504422 ], [ -89.1713006879597, 13.659319305435201 ], [ -89.170959568188806, 13.659189349575801 ], [ -89.170945004020496, 13.659283917833299 ], [ -89.170936931447201, 13.6594027872803 ], [ -89.170942781842797, 13.6595088370665 ], [ -89.170958310217401, 13.6596598361832 ], [ -89.170940585017405, 13.6596897999276 ], [ -89.171047652220096, 13.6597523598926 ], [ -89.171076369555394, 13.6599741201856 ], [ -89.170983548457102, 13.6599644380545 ], [ -89.170834006551601, 13.6598825994982 ], [ -89.170763022121093, 13.6598607682441 ], [ -89.170593885095997, 13.6598660875419 ], [ -89.170439139916098, 13.6599570596611 ], [ -89.170355940548603, 13.6599938913226 ], [ -89.170051229337901, 13.660042815762599 ], [ -89.170051610766393, 13.660033429466599 ], [ -89.170054902898698, 13.6599524753723 ], [ -89.170045193458506, 13.659811376141 ], [ -89.170040032106698, 13.659728373341 ], [ -89.170020465324697, 13.6596340330186 ], [ -89.169988258573596, 13.65955902668 ], [ -89.169870314604594, 13.6592844311416 ], [ -89.169829035538399, 13.659150258547299 ], [ -89.1698144911648, 13.659102619832 ], [ -89.169794916310906, 13.6590877959324 ], [ -89.169702717115399, 13.659073484952399 ], [ -89.169667440721398, 13.658941890611899 ], [ -89.169661411371393, 13.6589815847466 ], [ -89.169599509211395, 13.6589937061784 ], [ -89.169539612295395, 13.658951253626499 ], [ -89.169481215681898, 13.6588371320973 ], [ -89.169497862783899, 13.658833455334699 ], [ -89.169475586977498, 13.658774834194899 ], [ -89.169458151344699, 13.658707834237999 ], [ -89.169441806874701, 13.6586440351196 ], [ -89.169381933020702, 13.6585153736442 ], [ -89.169338120206305, 13.658450955287501 ], [ -89.169302960564593, 13.658402802861501 ], [ -89.169262681435598, 13.658355051667399 ], [ -89.169223039460107, 13.658258882053801 ], [ -89.169172432160906, 13.6581174692461 ], [ -89.169139821831905, 13.6579947311499 ], [ -89.169130500599294, 13.657956852660201 ], [ -89.169087084859797, 13.6578659535116 ], [ -89.169057621909403, 13.6578280888672 ], [ -89.169006504472094, 13.657793276185499 ], [ -89.168835634609806, 13.657728694646901 ], [ -89.168953909889296, 13.657598781724399 ], [ -89.169039972144304, 13.657488641873 ], [ -89.169122767231698, 13.657403421878801 ], [ -89.169179873477901, 13.6573704871908 ], [ -89.169168932496007, 13.657332091884699 ], [ -89.169178647829597, 13.6573113706665 ], [ -89.1692003082198, 13.6572651875794 ], [ -89.169222562398204, 13.6572156904069 ], [ -89.169242113113995, 13.657170268038501 ], [ -89.169260382340894, 13.657120458145799 ], [ -89.169274390566301, 13.6570810369249 ], [ -89.169276402412393, 13.6570753717413 ], [ -89.169282242503797, 13.6570757744734 ], [ -89.169285570592194, 13.657030335247301 ], [ -89.169289852664505, 13.6569965854233 ], [ -89.169290240148896, 13.656995576410999 ], [ -89.169294953611299, 13.656983290152899 ], [ -89.169305940626202, 13.6569546635022 ], [ -89.169309277445393, 13.6569483212935 ], [ -89.169318035107395, 13.6569249532238 ], [ -89.1693241606974, 13.6569020958582 ], [ -89.169336811110298, 13.6568562895583 ], [ -89.169338047391406, 13.656851818048001 ], [ -89.169351263173994, 13.6568158592814 ], [ -89.169361389476904, 13.656788288064901 ], [ -89.169362778588606, 13.6567842611651 ], [ -89.169382474619795, 13.6567186691973 ], [ -89.169383306120807, 13.6567155773077 ], [ -89.169401713328796, 13.656646969932099 ], [ -89.169401949304898, 13.656646071299001 ], [ -89.169414433898893, 13.656607493548 ], [ -89.169437840491597, 13.6565681309224 ], [ -89.169459760974902, 13.6565418567977 ], [ -89.169527397298197, 13.656462311811699 ], [ -89.169521293300505, 13.656436862368601 ], [ -89.169593449603894, 13.656326778905999 ], [ -89.169672811788402, 13.6562987432229 ], [ -89.1697433032802, 13.656293640905201 ], [ -89.169540542262098, 13.656249981697799 ], [ -89.169490890877199, 13.6562392975506 ], [ -89.169492589260201, 13.6562321971976 ], [ -89.169504300167802, 13.6561833553559 ], [ -89.169512991221097, 13.656147149319599 ], [ -89.169521871214599, 13.6561101938248 ], [ -89.1695337333895, 13.6560609261431 ], [ -89.169539338198007, 13.6560375792199 ], [ -89.169548160738501, 13.656011971247199 ], [ -89.169564140786505, 13.655964116222499 ], [ -89.169577089684395, 13.6559401441631 ], [ -89.169587487179598, 13.655920865975499 ], [ -89.169605399434005, 13.655887689755801 ], [ -89.169620822906793, 13.6558550431255 ], [ -89.169642539625698, 13.655809091354399 ], [ -89.169658502088097, 13.6557753425031 ], [ -89.169665791391793, 13.655764119247101 ], [ -89.169689222277796, 13.6557188885002 ], [ -89.169705923405502, 13.655686638696 ], [ -89.169722615272505, 13.6556543708191 ], [ -89.169745649218996, 13.6556098797258 ], [ -89.169753153347003, 13.655595361625601 ], [ -89.169801143812606, 13.655534610325001 ], [ -89.169870371322901, 13.655562468430199 ], [ -89.170147442426199, 13.6556739954531 ], [ -89.170183324277701, 13.6556884374454 ], [ -89.170400749250703, 13.6557361959684 ], [ -89.170557115057605, 13.6557705467145 ], [ -89.170726347404994, 13.655783452585201 ], [ -89.170755813160198, 13.6557856999965 ], [ -89.170933851284005, 13.655816249945699 ], [ -89.171262939150097, 13.6558727132011 ], [ -89.171373039464996, 13.655891240442299 ], [ -89.171963210979797, 13.655990542409899 ], [ -89.171980761114497, 13.655993492196901 ], [ -89.172022182331403, 13.655997591308701 ], [ -89.172404980631498, 13.6560354756907 ], [ -89.172505987981594, 13.6560454660984 ], [ -89.1728158955586, 13.6560947213292 ], [ -89.173293108907899, 13.6561356482592 ], [ -89.173559872318194, 13.656154147230399 ], [ -89.173689964950498, 13.6561766210903 ], [ -89.174038949107299, 13.6561673037781 ], [ -89.174493482121406, 13.6560898614478 ], [ -89.174806753821699, 13.6560546799591 ], [ -89.174984031581502, 13.656016382439001 ], [ -89.175129806973899, 13.655935798666601 ] ] ] ] } },
{ "type": "Feature", "properties": { "qc_id": 144, "name": null, "descriptio": null, "timestamp": null, "begin": null, "end": null, "altitudemo": null, "tessellate": -1, "extrude": 0, "visibility": -1, "draworder": null, "icon": null, "objectid_1": 154, "fid_1": 156, "text_1": "COLONIA LOMAS DE SAN JACINTO", "shape_leng": 315.97035083899999, "shape_area": 5618.8015157099999, "fid_2": 0, "zona": 0, "viviendas": null }, "geometry": { "type": "MultiPolygon", "coordinates": [ [ [ [ -89.195708909416894, 13.6597813053111 ], [ -89.195652526398405, 13.659689874315401 ], [ -89.1956838169842, 13.659678177437801 ], [ -89.195785891842107, 13.6596372501352 ], [ -89.195862427153102, 13.6596145864214 ], [ -89.195926526505701, 13.6596283911488 ], [ -89.195964553773507, 13.6596480485599 ], [ -89.196001128662701, 13.6597183911601 ], [ -89.196045232167407, 13.659872985117399 ], [ -89.196063956521797, 13.6599776166862 ], [ -89.1960610926226, 13.6601191135998 ], [ -89.196052419214496, 13.6601828468345 ], [ -89.196034617122294, 13.660286434599399 ], [ -89.196013782805394, 13.6603185412439 ], [ -89.195972063752194, 13.660345564761601 ], [ -89.195922886753706, 13.6603609131949 ], [ -89.195848369439105, 13.6603741070321 ], [ -89.195802912048507, 13.660378520787599 ], [ -89.195750018587205, 13.660397519356801 ], [ -89.195707662098002, 13.6604205716277 ], [ -89.195413132169406, 13.660562652087799 ], [ -89.195404238703404, 13.6605664636434 ], [ -89.195398950748498, 13.660513200481301 ], [ -89.195393265818396, 13.6604271434644 ], [ -89.195391904617196, 13.6604064028955 ], [ -89.195384352355205, 13.660339016383601 ], [ -89.195376141748795, 13.660265790336799 ], [ -89.195372680338807, 13.6602348600337 ], [ -89.195361745792496, 13.6601861551729 ], [ -89.195344199203006, 13.6601080862469 ], [ -89.195332247874703, 13.6600548844167 ], [ -89.195331897342697, 13.6600434992489 ], [ -89.195329669516894, 13.6599709165392 ], [ -89.195328716751803, 13.6599400122633 ], [ -89.195325172519205, 13.6598894783763 ], [ -89.195389562672702, 13.6598772092921 ], [ -89.195458127542906, 13.6598655198845 ], [ -89.195509636958704, 13.6598662472485 ], [ -89.195589980696596, 13.659837055382599 ], [ -89.195680800895701, 13.659795895735501 ], [ -89.195708909416894, 13.6597813053111 ] ] ] ] } },
{ "type": "Feature", "properties": { "qc_id": 145, "name": null, "descriptio": null, "timestamp": null, "begin": null, "end": null, "altitudemo": null, "tessellate": -1, "extrude": 0, "visibility": -1, "draworder": null, "icon": null, "objectid_1": 157, "fid_1": 159, "text_1": "COMUNIDAD MONTELIZ", "shape_leng": 559.24839384699999, "shape_area": 11653.6373009, "fid_2": 0, "zona": 0, "viviendas": null }, "geometry": { "type": "MultiPolygon", "coordinates": [ [ [ [ -89.175647097883996, 13.6441204346037 ], [ -89.175248523947104, 13.644020782618901 ], [ -89.174201867625598, 13.643759058009501 ], [ -89.174126477951006, 13.643764479634299 ], [ -89.173995869223901, 13.643738544448899 ], [ -89.173863125895707, 13.6437706732594 ], [ -89.173772219368104, 13.643808112644299 ], [ -89.173650416294606, 13.643877607830801 ], [ -89.173633679315103, 13.6438857185427 ], [ -89.173561762696707, 13.6438895367451 ], [ -89.173546768426704, 13.643887029982199 ], [ -89.173518473315795, 13.643827146161801 ], [ -89.173553112685696, 13.643749446461401 ], [ -89.173591067908205, 13.6436900338129 ], [ -89.1737566552424, 13.643584732486801 ], [ -89.173837157177601, 13.6435046032064 ], [ -89.173915185299904, 13.643457620550301 ], [ -89.174020219832798, 13.6434051303124 ], [ -89.174139677246899, 13.643363718791701 ], [ -89.174208677359204, 13.643344519108499 ], [ -89.174447003612201, 13.6432970529745 ], [ -89.174493240116803, 13.643289031550699 ], [ -89.174552172079501, 13.643284557026901 ], [ -89.174635636071699, 13.643281850259299 ], [ -89.174784655645496, 13.6432975905535 ], [ -89.175021169323003, 13.643371913163399 ], [ -89.175101552239894, 13.643399503353301 ], [ -89.175268018587005, 13.643471552586799 ], [ -89.175338016884695, 13.643509442745801 ], [ -89.1754609949502, 13.643582448441499 ], [ -89.175511120200795, 13.6435972130356 ], [ -89.175555561984694, 13.6436055116015 ], [ -89.175627392705493, 13.643587078713599 ], [ -89.175629112749306, 13.643621730986199 ], [ -89.175647097883996, 13.6441204346037 ] ] ] ] } },
{ "type": "Feature", "properties": { "qc_id": 152, "name": null, "descriptio": null, "timestamp": null, "begin": null, "end": null, "altitudemo": null, "tessellate": -1, "extrude": 0, "visibility": -1, "draworder": null, "icon": null, "objectid_1": 167, "fid_1": 169, "text_1": "QUINTA VISTA ALEGRE", "shape_leng": 1063.0496414, "shape_area": 59479.852292399999, "fid_2": 0, "zona": 0, "viviendas": null }, "geometry": { "type": "MultiPolygon", "coordinates": [ [ [ [ -89.194901701202497, 13.670893728876599 ], [ -89.194860737392304, 13.6708975567857 ], [ -89.194733757667294, 13.670909264259301 ], [ -89.194583811567895, 13.6708589475043 ], [ -89.194446816009005, 13.6708121193897 ], [ -89.194370044484501, 13.6707929000329 ], [ -89.194164840637001, 13.670745634846201 ], [ -89.194012596429602, 13.6707105646224 ], [ -89.193818696641003, 13.670665363760101 ], [ -89.193774740182903, 13.670655123842799 ], [ -89.193631816834895, 13.670674387203601 ], [ -89.193539544063995, 13.6706588360405 ], [ -89.193448454659205, 13.670643487288 ], [ -89.193357365258905, 13.670628129462999 ], [ -89.193255331730597, 13.6706109380697 ], [ -89.193176984640999, 13.670597726853799 ], [ -89.192890435045598, 13.670597535076899 ], [ -89.1927429718247, 13.6706085633977 ], [ -89.192576247301702, 13.6705864989079 ], [ -89.192538764137097, 13.670575004520099 ], [ -89.192421160961899, 13.670546847185101 ], [ -89.192265652360803, 13.6704779484171 ], [ -89.192170490419898, 13.6704592796632 ], [ -89.192078872177007, 13.670445865148499 ], [ -89.192040466138593, 13.6704168964351 ], [ -89.192127536118704, 13.670054229795801 ], [ -89.192251140672298, 13.6694692915805 ], [ -89.192259611166193, 13.669363721959799 ], [ -89.1922879985473, 13.6693414585644 ], [ -89.192301589717999, 13.669281922940799 ], [ -89.192353558348799, 13.669297987871399 ], [ -89.192486365920402, 13.6693298167056 ], [ -89.192497253486593, 13.669286332718601 ], [ -89.192508245160994, 13.6692424328584 ], [ -89.192519246067505, 13.6691985239516 ], [ -89.192530236816793, 13.669154633129899 ], [ -89.192541228478802, 13.6691107332682 ], [ -89.192552219212502, 13.669066833406401 ], [ -89.192563220117293, 13.669022942575101 ], [ -89.192568965632503, 13.669000001780701 ], [ -89.192574211767095, 13.6689790427115 ], [ -89.192585202488402, 13.668935142848101 ], [ -89.192596194137394, 13.6688912520223 ], [ -89.192607185774804, 13.6688473521569 ], [ -89.192618195857605, 13.668803406178 ], [ -89.192629309130297, 13.6687590524617 ], [ -89.192640367081793, 13.668714875047501 ], [ -89.1926515558701, 13.668670187734101 ], [ -89.192681377580101, 13.6686770692128 ], [ -89.192691622562506, 13.668634604407201 ], [ -89.192692047454798, 13.6686330954761 ], [ -89.192725777566196, 13.6685127987918 ], [ -89.192691903542197, 13.668503717705301 ], [ -89.192652151010293, 13.6684725563907 ], [ -89.192680510318297, 13.668450051631501 ], [ -89.192722218599499, 13.668396390047899 ], [ -89.192740436412606, 13.668335092698801 ], [ -89.192748159197507, 13.668207401753101 ], [ -89.192754794958105, 13.668115828529499 ], [ -89.192758869376505, 13.668108892473001 ], [ -89.192798887077402, 13.6681298169695 ], [ -89.193177498356604, 13.668262582013501 ], [ -89.193701653959295, 13.668411420612101 ], [ -89.193701298844701, 13.668416835213501 ], [ -89.193785983789098, 13.6684482845505 ], [ -89.194220431547095, 13.668557087866599 ], [ -89.194311062393197, 13.668556479361399 ], [ -89.194318297362997, 13.668605733125901 ], [ -89.194392243067796, 13.6690551393124 ], [ -89.194473154031101, 13.669662047904801 ], [ -89.194575563287202, 13.6700085991704 ], [ -89.194696972980495, 13.6703694629603 ], [ -89.1947620110613, 13.6704964853114 ], [ -89.194825813562503, 13.670639400876601 ], [ -89.194892887811207, 13.6708016869778 ], [ -89.194901701202497, 13.670893728876599 ] ] ] ] } },
{ "type": "Feature", "properties": { "qc_id": 146, "name": null, "descriptio": null, "timestamp": null, "begin": null, "end": null, "altitudemo": null, "tessellate": -1, "extrude": 0, "visibility": -1, "draworder": null, "icon": null, "objectid_1": 159, "fid_1": 161, "text_1": "COLONIA LOS ANDES", "shape_leng": 2644.2023441000001, "shape_area": 179986.44984799999, "fid_2": 0, "zona": 0, "viviendas": null }, "geometry": { "type": "MultiPolygon", "coordinates": [ [ [ [ -89.188801552932006, 13.667950669857399 ], [ -89.188781397851798, 13.6679696788431 ], [ -89.188624054109795, 13.6680986224699 ], [ -89.188435740779894, 13.668230117013 ], [ -89.188242269327304, 13.668361605416401 ], [ -89.188097804033006, 13.668462744122801 ], [ -89.187847589343306, 13.668644804154001 ], [ -89.187649471315396, 13.668742594875001 ], [ -89.187509057359804, 13.6686077054928 ], [ -89.187375786789602, 13.6684795210919 ], [ -89.187182311763806, 13.6685366842175 ], [ -89.186936801842094, 13.6685776058213 ], [ -89.186749558185198, 13.6686144018623 ], [ -89.186610138864594, 13.668610425711099 ], [ -89.186526923418697, 13.668628824319301 ], [ -89.186410422273994, 13.668675737948501 ], [ -89.186293979225098, 13.6687715412654 ], [ -89.186191167540997, 13.668988697262501 ], [ -89.186103068898205, 13.669116171336499 ], [ -89.185995864254593, 13.669224546099199 ], [ -89.185848475845305, 13.669317854357599 ], [ -89.1857060928305, 13.6693246724204 ], [ -89.185516270675905, 13.669310330795399 ], [ -89.185515662991307, 13.669272354173099 ], [ -89.185515373290897, 13.669264847557001 ], [ -89.185511084211896, 13.669154640878901 ], [ -89.185510165987495, 13.669130780593701 ], [ -89.185479965603193, 13.6691241019073 ], [ -89.185396796945994, 13.6691048755346 ], [ -89.185373240752497, 13.669096886604001 ], [ -89.185347752109706, 13.669087038915 ], [ -89.185230946990202, 13.669060784754601 ], [ -89.185148545890996, 13.669056024533599 ], [ -89.185066481432202, 13.6690326881185 ], [ -89.184996050538302, 13.6690099801699 ], [ -89.184928190516999, 13.6689828475174 ], [ -89.184842442968403, 13.668958883783301 ], [ -89.184809489835104, 13.668954493029901 ], [ -89.184726156883798, 13.6689671992999 ], [ -89.184664145317001, 13.668974196811799 ], [ -89.184629249465104, 13.668966633019499 ], [ -89.184611154251598, 13.668958427501099 ], [ -89.184565480101796, 13.668954037225101 ], [ -89.184528004649195, 13.6689515389651 ], [ -89.184471785669899, 13.668934503883801 ], [ -89.1844064386773, 13.668925741739701 ], [ -89.184363045678396, 13.6689211273578 ], [ -89.184334812755694, 13.6689243510158 ], [ -89.184282307884502, 13.668935645645799 ], [ -89.184238988427396, 13.6689411294841 ], [ -89.184216259207105, 13.6689373709481 ], [ -89.184204673964899, 13.6689382211508 ], [ -89.184134355569398, 13.668950436600401 ], [ -89.184087624246402, 13.668973565157801 ], [ -89.183993557566694, 13.6689992274869 ], [ -89.184003006213501, 13.669013215399 ], [ -89.184002816778104, 13.669013289660001 ], [ -89.183958881303795, 13.6690301123484 ], [ -89.183948302487806, 13.6690342582854 ], [ -89.183909979236802, 13.669049290673801 ], [ -89.183952464411803, 13.6692120971009 ], [ -89.183955892048502, 13.669225238050799 ], [ -89.183954663740593, 13.6693128922228 ], [ -89.183972742586207, 13.669385240787699 ], [ -89.183971989865498, 13.6693907758899 ], [ -89.183957298843794, 13.669499274874299 ], [ -89.183911329904106, 13.6695412020017 ], [ -89.183848496456307, 13.6695754586347 ], [ -89.183854847421898, 13.669599879797399 ], [ -89.183795920159596, 13.6696540616338 ], [ -89.1837779570306, 13.669704899174199 ], [ -89.183735027949794, 13.6697381683137 ], [ -89.183624932591698, 13.669819591906201 ], [ -89.183635993035196, 13.6699219712638 ], [ -89.183606698958201, 13.669960895802401 ], [ -89.183560175883898, 13.6699846902722 ], [ -89.183569927706998, 13.6699998259186 ], [ -89.183567167404505, 13.670076595641399 ], [ -89.183555726080897, 13.6700558435587 ], [ -89.183533540430304, 13.6700700313566 ], [ -89.183436214935597, 13.6701171046168 ], [ -89.183358713353996, 13.6701547688953 ], [ -89.183334796666898, 13.6701100810648 ], [ -89.183307477062201, 13.670059018800799 ], [ -89.183284973951203, 13.670016967472399 ], [ -89.183251814996297, 13.669955005888401 ], [ -89.183196062192707, 13.669989562593701 ], [ -89.1831784264715, 13.670000488434701 ], [ -89.183157016545906, 13.670013749130099 ], [ -89.183136836691901, 13.6700266853139 ], [ -89.183117111390999, 13.6700393246805 ], [ -89.183097792613196, 13.6700517142683 ], [ -89.183093526034398, 13.670054448106599 ], [ -89.183041859715402, 13.6700746551391 ], [ -89.182990288582005, 13.6700948431081 ], [ -89.182937978114396, 13.670112866791699 ], [ -89.182935347152707, 13.6701137663149 ], [ -89.182886537225698, 13.670130583397601 ], [ -89.182840501578795, 13.6701608293593 ], [ -89.182772278321593, 13.670140988995 ], [ -89.182751538336305, 13.6701516296742 ], [ -89.182696225241799, 13.6701800213864 ], [ -89.182652842755502, 13.6702022866753 ], [ -89.182626993066904, 13.670215550621799 ], [ -89.182591805315795, 13.6700500639356 ], [ -89.1825820676506, 13.6700042726969 ], [ -89.182576919919498, 13.670006710703399 ], [ -89.182527821937796, 13.670029932917201 ], [ -89.182451913171604, 13.669902323348101 ], [ -89.182435082482002, 13.6699250868297 ], [ -89.182418271193697, 13.669947841257001 ], [ -89.182407585678405, 13.669962287975199 ], [ -89.182395378421703, 13.6699788093529 ], [ -89.182393940129202, 13.6699788294013 ], [ -89.182316759568906, 13.6699800345752 ], [ -89.182320674257198, 13.669987204970701 ], [ -89.182299016672403, 13.6700232719081 ], [ -89.182286882110503, 13.670035804345099 ], [ -89.1822753063486, 13.670047771434101 ], [ -89.182260163532206, 13.6700633974146 ], [ -89.182244737579396, 13.670078662950599 ], [ -89.182234891006203, 13.670087870073701 ], [ -89.182210610802301, 13.6701105839224 ], [ -89.182210487976306, 13.670110731348 ], [ -89.182193598532294, 13.6701316807425 ], [ -89.182177655646697, 13.6701514543733 ], [ -89.182172367413401, 13.6701562896006 ], [ -89.182158254952398, 13.6701691470901 ], [ -89.182140652699104, 13.670185172598 ], [ -89.182140557561794, 13.670185265769399 ], [ -89.182137058670904, 13.6701886190934 ], [ -89.182133048069403, 13.6701924717454 ], [ -89.182111010033196, 13.6702135822246 ], [ -89.182094759880499, 13.6702293021158 ], [ -89.182089620790094, 13.6702417181843 ], [ -89.181853734619594, 13.670001860232601 ], [ -89.181788223762098, 13.669976287809501 ], [ -89.181710772437995, 13.669835239161401 ], [ -89.181760996077003, 13.6697865725846 ], [ -89.181781631451003, 13.669774514761199 ], [ -89.181820520254604, 13.669878503348601 ], [ -89.181871816513805, 13.6698458574659 ], [ -89.181839084661803, 13.6697965941731 ], [ -89.182051228998901, 13.669704156037101 ], [ -89.182077615301296, 13.6696879667546 ], [ -89.182025392994603, 13.669600129804 ], [ -89.182001864842903, 13.669616344986499 ], [ -89.181910359979497, 13.669699326827001 ], [ -89.181864267595003, 13.669741123501799 ], [ -89.181791520233801, 13.6697589207145 ], [ -89.181720257166802, 13.6696520310472 ], [ -89.181665208877902, 13.6696187786129 ], [ -89.1816503857941, 13.669594807463501 ], [ -89.181416455570897, 13.6697153805447 ], [ -89.181401345642897, 13.669687410767599 ], [ -89.181363306546203, 13.669616983951199 ], [ -89.181405953051197, 13.669562101536 ], [ -89.181445862308905, 13.669528529515199 ], [ -89.1814912670078, 13.6694903336333 ], [ -89.181530038873603, 13.6694550405212 ], [ -89.181582171866097, 13.6694274929431 ], [ -89.181586190089803, 13.669433516233299 ], [ -89.181655644185099, 13.669404160717299 ], [ -89.181667787423905, 13.6694279856078 ], [ -89.181676961396505, 13.669345036670901 ], [ -89.181680053931899, 13.669317035385101 ], [ -89.181583324587194, 13.6692898851724 ], [ -89.181527437789896, 13.6692743116727 ], [ -89.181500290201498, 13.669261049900401 ], [ -89.181413260466897, 13.6692306438693 ], [ -89.181271930001301, 13.6691784153691 ], [ -89.181244772807702, 13.6691526581536 ], [ -89.181254336469607, 13.6691325837681 ], [ -89.181264684655005, 13.669098986559 ], [ -89.181260616121193, 13.669003691174099 ], [ -89.181277388271994, 13.668952891753699 ], [ -89.181309450148504, 13.668907987099599 ], [ -89.181347657569304, 13.6688900021822 ], [ -89.1814256128267, 13.668874987057301 ], [ -89.181531082037296, 13.6688689299729 ], [ -89.181605986427897, 13.668862886376999 ], [ -89.181679348990301, 13.6688448844837 ], [ -89.181758831008594, 13.668822380272401 ], [ -89.181897019555393, 13.668776720970399 ], [ -89.1819040225446, 13.6687744018235 ], [ -89.181995363707699, 13.6687383475365 ], [ -89.182043950238494, 13.6687138486047 ], [ -89.182089073444899, 13.6686920639078 ], [ -89.182182579388396, 13.668651231775399 ], [ -89.182287412732194, 13.668619212307201 ], [ -89.182404607215005, 13.668586859128601 ], [ -89.182483037226206, 13.6685620595737 ], [ -89.182543161276698, 13.668537283525399 ], [ -89.182642497511196, 13.6684971130595 ], [ -89.182681821407598, 13.6684898644549 ], [ -89.182782468066506, 13.6684552934825 ], [ -89.182869161778996, 13.6684305437037 ], [ -89.182933784262303, 13.6684089016287 ], [ -89.182945895048306, 13.6684027931468 ], [ -89.182988945763796, 13.6683810839455 ], [ -89.183022038174599, 13.668357919648299 ], [ -89.183070882702296, 13.6683254778095 ], [ -89.183110274302095, 13.6682853336926 ], [ -89.183171701399999, 13.668208140644101 ], [ -89.183196225823906, 13.6681706171264 ], [ -89.183233276186797, 13.668089211998399 ], [ -89.183241639392804, 13.668023508080701 ], [ -89.183245352134605, 13.667977929199401 ], [ -89.1832489531498, 13.6679336926831 ], [ -89.183249787113496, 13.667826000389301 ], [ -89.183237765525405, 13.667619121695299 ], [ -89.1832258127274, 13.6674755905126 ], [ -89.183219637612098, 13.6673979108939 ], [ -89.183207402478999, 13.667366542251401 ], [ -89.183192119835098, 13.6673471352929 ], [ -89.183185987785606, 13.667324721495 ], [ -89.183179862595495, 13.6672873789873 ], [ -89.183193554456906, 13.667232074009499 ], [ -89.183205753431494, 13.667205176803 ], [ -89.183230174956194, 13.667194699657299 ], [ -89.183254530180704, 13.6671110080913 ], [ -89.183312450469202, 13.6669550496271 ], [ -89.183387367305201, 13.666808158988101 ], [ -89.183409569032406, 13.666778227172401 ], [ -89.183450126073794, 13.6667157668063 ], [ -89.1835488791736, 13.666607074951299 ], [ -89.183658638338599, 13.666497116617199 ], [ -89.183808059310095, 13.666340997483699 ], [ -89.183941848320202, 13.6662284476753 ], [ -89.184027635681105, 13.666159390206801 ], [ -89.184075901542002, 13.666163102530501 ], [ -89.184196096019406, 13.666192252585899 ], [ -89.184295359364398, 13.666228183008201 ], [ -89.184368593814895, 13.666206071306 ], [ -89.184446727863701, 13.6661670088076 ], [ -89.184511071815706, 13.666129465229499 ], [ -89.184583071605303, 13.666088916769599 ], [ -89.184645866710298, 13.666031871911899 ], [ -89.184766557017497, 13.665836796969399 ], [ -89.184678933977395, 13.6657489781224 ], [ -89.185176115026394, 13.665625010373599 ], [ -89.185285557537, 13.6656074348892 ], [ -89.185479027309299, 13.6656175717404 ], [ -89.185646618175497, 13.665687392181299 ], [ -89.1857047276971, 13.665726694793401 ], [ -89.185798609989106, 13.665805317756901 ], [ -89.185879147481401, 13.6659692150478 ], [ -89.185861452631102, 13.6661913231949 ], [ -89.185881685053403, 13.666353082244701 ], [ -89.186107069230601, 13.666623321469901 ], [ -89.186276935562702, 13.6667324862408 ], [ -89.186386459364996, 13.6668285901792 ], [ -89.186511647068002, 13.666946544661201 ], [ -89.186636826214098, 13.6670535592626 ], [ -89.186761131520896, 13.667169329575801 ], [ -89.186866164569096, 13.6672238964769 ], [ -89.186984597286596, 13.667274084628 ], [ -89.187127587624701, 13.667317690866501 ], [ -89.187237051677201, 13.6673263635656 ], [ -89.187350954431295, 13.667297852080299 ], [ -89.187440287692993, 13.66727373773 ], [ -89.187482700050595, 13.667247473507601 ], [ -89.187556401890305, 13.6672168087646 ], [ -89.187592107976201, 13.6671730656261 ], [ -89.187634497626505, 13.667118386599199 ], [ -89.187670200709505, 13.6670593351115 ], [ -89.187722251097597, 13.666869661242499 ], [ -89.187737276736499, 13.666804071395401 ], [ -89.187743394653793, 13.6667723653722 ], [ -89.187770934117097, 13.6666951879973 ], [ -89.187829808622695, 13.6669438845854 ], [ -89.1878619684977, 13.6671774505028 ], [ -89.187999955535801, 13.667356474146199 ], [ -89.188085886517698, 13.667456399848099 ], [ -89.188323909200506, 13.667582263827599 ], [ -89.188406260919507, 13.667657478806399 ], [ -89.188483246814201, 13.6677326888311 ], [ -89.188515481845997, 13.667786940213899 ], [ -89.188589751063304, 13.6679093102167 ], [ -89.188639749786603, 13.667972027384399 ], [ -89.188801552932006, 13.667950669857399 ] ] ] ] } },
{ "type": "Feature", "properties": { "qc_id": 147, "name": null, "descriptio": null, "timestamp": null, "begin": null, "end": null, "altitudemo": null, "tessellate": -1, "extrude": 0, "visibility": -1, "draworder": null, "icon": null, "objectid_1": 160, "fid_1": 162, "text_1": "COLONIA EL MILAGRO", "shape_leng": 3218.2560945199998, "shape_area": 221836.25404100001, "fid_2": 0, "zona": 0, "viviendas": null }, "geometry": { "type": "MultiPolygon", "coordinates": [ [ [ [ -89.185498587458298, 13.6637287023288 ], [ -89.185471671743898, 13.6637440418189 ], [ -89.185297795535902, 13.6638649800823 ], [ -89.185267665666601, 13.663885930631499 ], [ -89.185231083750395, 13.663911374772599 ], [ -89.185193413546003, 13.6639375690555 ], [ -89.185286904235596, 13.6640728567009 ], [ -89.185241247266703, 13.6640890888697 ], [ -89.185197823806305, 13.6641045419995 ], [ -89.185102190813694, 13.6641340104275 ], [ -89.1851094155911, 13.6641494534349 ], [ -89.184732708248006, 13.664269294705999 ], [ -89.184737238434593, 13.6642892926603 ], [ -89.184767205096506, 13.6644451945031 ], [ -89.184780425436202, 13.6645139564093 ], [ -89.1847653408079, 13.6645182711804 ], [ -89.184782167375104, 13.6645745620689 ], [ -89.184788022778903, 13.6645941802949 ], [ -89.184799701216704, 13.6646157465551 ], [ -89.184843550924995, 13.664696730485201 ], [ -89.184888965071195, 13.664780601171101 ], [ -89.184903307712503, 13.6648083390163 ], [ -89.184904388078706, 13.6648104487955 ], [ -89.184946307891707, 13.664891508277 ], [ -89.184988008357905, 13.6649721783378 ], [ -89.185004114866501, 13.665003692221401 ], [ -89.185051188515601, 13.6650795820554 ], [ -89.185097761997199, 13.6651576578712 ], [ -89.185125281488894, 13.665185756381399 ], [ -89.185169594131295, 13.665265083066 ], [ -89.185186674219906, 13.6652956787522 ], [ -89.185193337972393, 13.665307614168 ], [ -89.185225112273599, 13.665367428895101 ], [ -89.185085263404005, 13.6654165161785 ], [ -89.184829536777798, 13.6655091289122 ], [ -89.184538867658205, 13.665606209335399 ], [ -89.184375903231398, 13.665435802109499 ], [ -89.184257220349394, 13.6653310583915 ], [ -89.184215322949896, 13.665445964706199 ], [ -89.183946706013501, 13.665734810616501 ], [ -89.183893288644597, 13.665679990556001 ], [ -89.183872330507, 13.6656415853284 ], [ -89.183833418637505, 13.665568659364 ], [ -89.183787037284205, 13.6654816978934 ], [ -89.183748788281804, 13.6654100305434 ], [ -89.183746750799799, 13.6654061914221 ], [ -89.183716912232398, 13.6653295382332 ], [ -89.183685177750206, 13.665248017182099 ], [ -89.183677770912894, 13.665228993043399 ], [ -89.183644196553303, 13.665167003788699 ], [ -89.183476972586405, 13.6652747552122 ], [ -89.1833924338451, 13.665147818514599 ], [ -89.183364815057203, 13.665113019321799 ], [ -89.183334251740703, 13.6650645319492 ], [ -89.183320789112599, 13.665036626136599 ], [ -89.183316519142707, 13.665023032048699 ], [ -89.183304516233306, 13.6649491052143 ], [ -89.183360752977094, 13.6649416495554 ], [ -89.183345361123102, 13.664830590590199 ], [ -89.183319675390393, 13.664834006570601 ], [ -89.183312536647307, 13.6647829563678 ], [ -89.183311003829701, 13.6647719526062 ], [ -89.183301628629195, 13.664704872613701 ], [ -89.183300838531494, 13.664699218444399 ], [ -89.183292233951093, 13.6646377004379 ], [ -89.183289187918405, 13.664615933335501 ], [ -89.183282848594303, 13.6645706213558 ], [ -89.183232263334006, 13.6645780447656 ], [ -89.183197034883406, 13.6643740161318 ], [ -89.1831890563071, 13.664325790313599 ], [ -89.183044261732107, 13.6643443167691 ], [ -89.182798406850097, 13.6643993225941 ], [ -89.182659028000202, 13.664395353212999 ], [ -89.182636228616701, 13.6643982490474 ], [ -89.182641724954195, 13.664442552924699 ], [ -89.182646490485098, 13.664473019637899 ], [ -89.182662946681404, 13.664577941324399 ], [ -89.182712207407505, 13.664570555171601 ], [ -89.182719851806993, 13.664626593605099 ], [ -89.182735130377495, 13.664738578281501 ], [ -89.182750323434306, 13.664849933909901 ], [ -89.182765945036806, 13.664964389573401 ], [ -89.182773874861397, 13.665022520305699 ], [ -89.182257048440704, 13.665103151546401 ], [ -89.182175734061701, 13.664506689951301 ], [ -89.182174876944103, 13.6645003967752 ], [ -89.182180080321103, 13.6644482355496 ], [ -89.181864538712105, 13.6644992010325 ], [ -89.181870084918202, 13.664547216277001 ], [ -89.1818710181103, 13.6645538799942 ], [ -89.181953223103903, 13.665141177356499 ], [ -89.181985052181105, 13.665136702129001 ], [ -89.181994385046394, 13.6652104556476 ], [ -89.182003365419902, 13.665281403740799 ], [ -89.182039983646604, 13.665570807867599 ], [ -89.1818210375219, 13.665601653410601 ], [ -89.181769608254896, 13.6656081244393 ], [ -89.181803406923507, 13.6657898380953 ], [ -89.181944460625402, 13.6657926768557 ], [ -89.182183246380404, 13.665774062456 ], [ -89.182178503428901, 13.665735710151701 ], [ -89.182416327418295, 13.665709469184501 ], [ -89.1824123009266, 13.6657785305404 ], [ -89.182410206724001, 13.6657873432478 ], [ -89.182387299316403, 13.6658835381243 ], [ -89.182350644023998, 13.665985620308099 ], [ -89.182259754718899, 13.6660665472871 ], [ -89.182222756039295, 13.6660930000318 ], [ -89.182151701072996, 13.666143802676199 ], [ -89.1820210290728, 13.666237235471501 ], [ -89.181882637092698, 13.666286810666801 ], [ -89.181825349858897, 13.666307336159701 ], [ -89.181747944681703, 13.6663464533273 ], [ -89.181646750101706, 13.666382727220199 ], [ -89.181411270924798, 13.6664671393935 ], [ -89.181465056461406, 13.666520441178299 ], [ -89.181462255186801, 13.666522192279199 ], [ -89.181741801713102, 13.666823995644201 ], [ -89.181797381697194, 13.666884635644401 ], [ -89.181776570551605, 13.666900959977999 ], [ -89.181556335717602, 13.667042191513699 ], [ -89.181591134258895, 13.667096609132299 ], [ -89.181628473240195, 13.667155013751501 ], [ -89.181660163165802, 13.6672045743247 ], [ -89.181758399995104, 13.667358223284699 ], [ -89.181815488616195, 13.667447509259601 ], [ -89.181888127994696, 13.6675611174356 ], [ -89.181816322965901, 13.667608467661299 ], [ -89.181741290775605, 13.667657931745801 ], [ -89.181684801817099, 13.667695181354899 ], [ -89.181611621799803, 13.667715691420501 ], [ -89.181487524715294, 13.6676703831767 ], [ -89.181370736153497, 13.6675538634662 ], [ -89.181253871909306, 13.667547673893999 ], [ -89.181175741489895, 13.667543539208101 ], [ -89.181052346096806, 13.667488538682001 ], [ -89.180938784317405, 13.667370249278299 ], [ -89.180682376705803, 13.6674319983634 ], [ -89.180509966962205, 13.667101468091801 ], [ -89.180176649858396, 13.666515446309999 ], [ -89.179648686277304, 13.6658747614582 ], [ -89.179124286893796, 13.665287238974599 ], [ -89.179423753165693, 13.664671884953201 ], [ -89.179495365064994, 13.6645210081111 ], [ -89.179596083174403, 13.6643819021883 ], [ -89.179668194384803, 13.6642895773474 ], [ -89.179683797953402, 13.6642711473076 ], [ -89.179661723564394, 13.6642563350613 ], [ -89.179734096975395, 13.6641600581861 ], [ -89.179761239193795, 13.664130919415699 ], [ -89.179763817836701, 13.664123318497399 ], [ -89.179783178006304, 13.664066334643801 ], [ -89.179794767784401, 13.663997961987199 ], [ -89.179814099867201, 13.6639042692247 ], [ -89.179832633653604, 13.6638315790119 ], [ -89.179880156679701, 13.6637542667765 ], [ -89.179917981909497, 13.6637076632767 ], [ -89.180003049929994, 13.6636512794153 ], [ -89.180044127502896, 13.6636247309144 ], [ -89.1800723219161, 13.663571970790899 ], [ -89.180004352971295, 13.6635362001511 ], [ -89.179824952879002, 13.6634417642421 ], [ -89.179887795789497, 13.663322169312201 ], [ -89.179907643829907, 13.663284409099299 ], [ -89.179910829506397, 13.663278909287699 ], [ -89.179973595798103, 13.6631704304747 ], [ -89.180054077310402, 13.6632314792905 ], [ -89.180103157518602, 13.6631238248724 ], [ -89.180212577789902, 13.663214554385499 ], [ -89.180294560579895, 13.6631334403453 ], [ -89.180383579556704, 13.663045361135399 ], [ -89.180461235744104, 13.6629767185213 ], [ -89.180418766221507, 13.662928488993799 ], [ -89.180394538277795, 13.6629077370995 ], [ -89.180366676101301, 13.662948769902 ], [ -89.180251945997597, 13.662797066779801 ], [ -89.180229290499597, 13.6627656233665 ], [ -89.180202722775107, 13.6627179100206 ], [ -89.180152791774901, 13.662628192676401 ], [ -89.1803318465888, 13.662569527097 ], [ -89.1803511005037, 13.662559951590399 ], [ -89.180345138194696, 13.662548635599 ], [ -89.180308861308703, 13.662478059066901 ], [ -89.180232410339201, 13.6623293080008 ], [ -89.180481591514905, 13.6622939158823 ], [ -89.180588334275498, 13.662274585489101 ], [ -89.180695089305303, 13.6622580128201 ], [ -89.180910010522794, 13.6622413614603 ], [ -89.181012550434005, 13.662233029841 ], [ -89.181015585216997, 13.661983516799401 ], [ -89.181153388267305, 13.661970420047799 ], [ -89.181233607316003, 13.6619489061222 ], [ -89.181364275598497, 13.6619264474602 ], [ -89.181400813948798, 13.6619174791944 ], [ -89.181458379439903, 13.6619031271841 ], [ -89.181532848643002, 13.661876230197 ], [ -89.1815904182683, 13.661867255416199 ], [ -89.181709185099507, 13.661815288710599 ], [ -89.181786836954004, 13.6617910919369 ], [ -89.181842585591994, 13.6617892555876 ], [ -89.181872754068607, 13.661806226479101 ], [ -89.1818791698051, 13.6618276864974 ], [ -89.181911176759499, 13.6618589664692 ], [ -89.182021961886505, 13.6619024883256 ], [ -89.182102470580304, 13.6619245045176 ], [ -89.182127246819405, 13.661932279540901 ], [ -89.182136103060401, 13.6619409268599 ], [ -89.182151578678003, 13.661953466865301 ], [ -89.1822285523549, 13.661968996581599 ], [ -89.182259957744094, 13.6619694080808 ], [ -89.182303489472105, 13.661947216860501 ], [ -89.182350326308807, 13.6619627968985 ], [ -89.182582733227903, 13.6620480098701 ], [ -89.182693131087206, 13.662104379656 ], [ -89.182740804567601, 13.662137887728999 ], [ -89.182797660857602, 13.6621969899474 ], [ -89.182787244008793, 13.662153467979 ], [ -89.182809460039294, 13.6621186217304 ], [ -89.182859855619597, 13.662086651507 ], [ -89.183033317935596, 13.662018315550499 ], [ -89.183135599631498, 13.6619718027691 ], [ -89.183252129630006, 13.6622085089877 ], [ -89.183439448456596, 13.6624789182641 ], [ -89.183634570218402, 13.6627424818052 ], [ -89.183721287422799, 13.6629446487769 ], [ -89.183796925010697, 13.6632370126962 ], [ -89.183841761700293, 13.6634674783837 ], [ -89.184137124768398, 13.6634444503596 ], [ -89.184537689639697, 13.663393567313101 ], [ -89.184757337078096, 13.6633301659945 ], [ -89.184989881334104, 13.663249899874 ], [ -89.185244824379197, 13.6631267811422 ], [ -89.185276182535603, 13.6631867073606 ], [ -89.185301072806595, 13.6632427056074 ], [ -89.185275818799596, 13.663254155273799 ], [ -89.185444575738401, 13.663520208478699 ], [ -89.185480886018397, 13.663630965009 ], [ -89.185498587458298, 13.6637287023288 ] ] ] ] } },
{ "type": "Feature", "properties": { "qc_id": 148, "name": null, "descriptio": null, "timestamp": null, "begin": null, "end": null, "altitudemo": null, "tessellate": -1, "extrude": 0, "visibility": -1, "draworder": null, "icon": null, "objectid_1": 161, "fid_1": 163, "text_1": "COLONIA JARDINES DE SAN MARCOS NO 1", "shape_leng": 691.95928111199999, "shape_area": 22093.575192799999, "fid_2": 0, "zona": 0, "viviendas": null }, "geometry": { "type": "MultiPolygon", "coordinates": [ [ [ [ -89.190486705896006, 13.6680329597173 ], [ -89.190230917444296, 13.6678866374846 ], [ -89.190008025804602, 13.6679206587993 ], [ -89.189991188914405, 13.667923226210201 ], [ -89.189968143686301, 13.668267461101401 ], [ -89.189951851423601, 13.668322924837 ], [ -89.189915980848696, 13.6684327828247 ], [ -89.189892054841806, 13.6684946402658 ], [ -89.189851828595394, 13.668602150579501 ], [ -89.189822478880899, 13.6686874745621 ], [ -89.189773639640606, 13.668772370673199 ], [ -89.189749150365103, 13.668804118036499 ], [ -89.189717299079703, 13.6688273292839 ], [ -89.189687513230894, 13.668841902232399 ], [ -89.189680023823499, 13.668827829869 ], [ -89.189499277842103, 13.668658318356901 ], [ -89.189335001994607, 13.668478084701899 ], [ -89.189362245767796, 13.6684450571531 ], [ -89.189367635971394, 13.668438518757 ], [ -89.189301074551196, 13.668379508700401 ], [ -89.189207271437198, 13.668296333205401 ], [ -89.189197817790202, 13.6681926096671 ], [ -89.189139588035204, 13.6682294094771 ], [ -89.188992276114803, 13.6680739689945 ], [ -89.188897673754596, 13.667937971365101 ], [ -89.188801552924801, 13.6679506608185 ], [ -89.188884548816105, 13.6678723388956 ], [ -89.188945104285594, 13.667808038207699 ], [ -89.1890712421053, 13.667658023301399 ], [ -89.189096769600894, 13.6676092811046 ], [ -89.189156964944004, 13.6675099746542 ], [ -89.189206697822996, 13.6673478936051 ], [ -89.1892335265252, 13.667258674946 ], [ -89.189240776793596, 13.6672111489748 ], [ -89.1892596271922, 13.667087226941501 ], [ -89.189263906637095, 13.6670179429236 ], [ -89.189262590591596, 13.6669941100727 ], [ -89.189338509107401, 13.6669903402478 ], [ -89.190008270613006, 13.6669354915492 ], [ -89.190114199714202, 13.666926810943799 ], [ -89.190146114497793, 13.666924194807001 ], [ -89.190366103448696, 13.666894507973399 ], [ -89.190441472517307, 13.6674507544843 ], [ -89.190486705896006, 13.6680329597173 ] ] ] ] } },
{ "type": "Feature", "properties": { "qc_id": 149, "name": null, "descriptio": null, "timestamp": null, "begin": null, "end": null, "altitudemo": null, "tessellate": -1, "extrude": 0, "visibility": -1, "draworder": null, "icon": null, "objectid_1": 162, "fid_1": 164, "text_1": "EL PEÑON", "shape_leng": 2613.8519849899999, "shape_area": 165357.599495, "fid_2": 0, "zona": 0, "viviendas": null }, "geometry": { "type": "MultiPolygon", "coordinates": [ [ [ [ -89.188058450800398, 13.6693843721907 ], [ -89.188145014972406, 13.6693655004786 ], [ -89.188182822912196, 13.669360584199399 ], [ -89.188227938080502, 13.6693547177531 ], [ -89.188274013864699, 13.6693479566124 ], [ -89.188318839775505, 13.669341025584499 ], [ -89.188365042805401, 13.6693338765592 ], [ -89.188511744874702, 13.6693069456336 ], [ -89.188558839632805, 13.6693052282876 ], [ -89.188604224391298, 13.6692920689537 ], [ -89.188593709835601, 13.6692287231288 ], [ -89.188685653398394, 13.669214108958201 ], [ -89.188680498294204, 13.669183064175 ], [ -89.188862953820106, 13.6691093110447 ], [ -89.188857621832597, 13.6690767297821 ], [ -89.188851235314601, 13.669077728969199 ], [ -89.1888209106543, 13.668897967854701 ], [ -89.188830670623105, 13.6688964056641 ], [ -89.188827726364806, 13.6688789175873 ], [ -89.188747792954402, 13.668715961770801 ], [ -89.188732097544502, 13.6686321105846 ], [ -89.188678112713305, 13.668640677531201 ], [ -89.188663007829305, 13.6685589211123 ], [ -89.188678516549004, 13.668556441585199 ], [ -89.188670836589793, 13.6685236813404 ], [ -89.1886578880342, 13.668525779267799 ], [ -89.188644795673298, 13.6684407962117 ], [ -89.188540513881705, 13.668457444548601 ], [ -89.188524250186603, 13.668371415400699 ], [ -89.188538843834095, 13.6683689998564 ], [ -89.188516472548599, 13.6682859582383 ], [ -89.188468348588302, 13.668207348258999 ], [ -89.188624054109795, 13.6680986224699 ], [ -89.188781397851798, 13.6679696788431 ], [ -89.188801552932006, 13.667950669857399 ], [ -89.188897673754596, 13.667937971365101 ], [ -89.188992276114803, 13.6680739689945 ], [ -89.189139588035204, 13.6682294094771 ], [ -89.189197817790202, 13.6681926096671 ], [ -89.189207271437198, 13.668296333205401 ], [ -89.189301074551196, 13.668379508700401 ], [ -89.189367635971394, 13.668438518757 ], [ -89.189362245767796, 13.6684450571531 ], [ -89.189335001994607, 13.668478084701899 ], [ -89.189499277842103, 13.668658318356901 ], [ -89.189680023823499, 13.668827829869 ], [ -89.189687513238198, 13.6688419112714 ], [ -89.189717299086993, 13.668827338322799 ], [ -89.189749150365103, 13.668804118036499 ], [ -89.189773649808501, 13.668772370665399 ], [ -89.189822478880899, 13.6686874745621 ], [ -89.189851828595394, 13.668602150579501 ], [ -89.189892054849096, 13.6684946493047 ], [ -89.189915980848696, 13.6684327828247 ], [ -89.189951851423601, 13.668322924837 ], [ -89.1899681538615, 13.6682674701325 ], [ -89.189991188914405, 13.667923226210201 ], [ -89.190008025804602, 13.6679206587993 ], [ -89.190230917444296, 13.6678866374846 ], [ -89.190486695728097, 13.668032959725201 ], [ -89.190441472525393, 13.6674507644271 ], [ -89.190366103448696, 13.666894507973399 ], [ -89.190309989272393, 13.666480341299099 ], [ -89.190523413087803, 13.666456389185299 ], [ -89.190663979783594, 13.666383510489 ], [ -89.190752270101697, 13.666356479782101 ], [ -89.190770105793803, 13.6663489871321 ], [ -89.190832844173897, 13.666304676597999 ], [ -89.190851228734104, 13.6662741730985 ], [ -89.1909408706953, 13.6661052209513 ], [ -89.190983383202607, 13.666028874016201 ], [ -89.191058554920502, 13.6659562121859 ], [ -89.191086500161106, 13.665937355139899 ], [ -89.191112385321105, 13.665946155218601 ], [ -89.191182265152605, 13.6659429264295 ], [ -89.191203153327606, 13.6659995101958 ], [ -89.191263522170104, 13.666056025294401 ], [ -89.191366797967603, 13.6661723094937 ], [ -89.191382801268404, 13.666238273133001 ], [ -89.1915158674488, 13.6662539696012 ], [ -89.191589810325198, 13.666264907871099 ], [ -89.191586011377694, 13.6662026560676 ], [ -89.191671817116799, 13.6662519038293 ], [ -89.191765944022094, 13.666407884955399 ], [ -89.191790476554004, 13.6664060146504 ], [ -89.191793987628799, 13.6664745053479 ], [ -89.191794660151601, 13.6664876112794 ], [ -89.191652429541094, 13.6666904627674 ], [ -89.191601243521504, 13.666717492912399 ], [ -89.191551374725194, 13.666721872257099 ], [ -89.1914418538517, 13.666736360178099 ], [ -89.191389325902307, 13.6667773393043 ], [ -89.191362656767595, 13.6667594222912 ], [ -89.191333448023201, 13.6667955148883 ], [ -89.191297190478707, 13.6668012999924 ], [ -89.191265743216604, 13.6668434115418 ], [ -89.191245251611306, 13.666832431613599 ], [ -89.191227031420496, 13.666845672455599 ], [ -89.191181769844306, 13.666951603289601 ], [ -89.191020234323503, 13.667185245179599 ], [ -89.1910670786541, 13.6672205663908 ], [ -89.191036144860206, 13.667300904070499 ], [ -89.191006061477395, 13.667379000333501 ], [ -89.190975693990794, 13.6674578560838 ], [ -89.190945742480096, 13.667535619603701 ], [ -89.190889379007302, 13.6677028520162 ], [ -89.190818767522401, 13.667912311814501 ], [ -89.1908302491684, 13.6679479190195 ], [ -89.191010083798503, 13.6680783061428 ], [ -89.191036415602497, 13.668088179707199 ], [ -89.191240939717602, 13.6681648073997 ], [ -89.191266483759094, 13.6681380295765 ], [ -89.191439825314802, 13.668128925365901 ], [ -89.191573695536306, 13.6681295062701 ], [ -89.191608328721301, 13.6681288221582 ], [ -89.191610638683599, 13.668128820358501 ], [ -89.191612938469902, 13.6681288086238 ], [ -89.191632115086705, 13.6681287385441 ], [ -89.191523393289003, 13.668567893999599 ], [ -89.191507430368304, 13.668632345897599 ], [ -89.191496731953293, 13.6686755973942 ], [ -89.191485844591696, 13.6687195251496 ], [ -89.191474966469599, 13.668763452897201 ], [ -89.191464098503303, 13.6688073706935 ], [ -89.191453079420995, 13.668851881561 ], [ -89.191442059410306, 13.668896392428501 ], [ -89.191430936199097, 13.668941311031899 ], [ -89.191427134805707, 13.668956678371201 ], [ -89.191419593777397, 13.668983794716301 ], [ -89.191419357902504, 13.6689847295257 ], [ -89.191408394699394, 13.6690286383543 ], [ -89.191397478454107, 13.6690723256919 ], [ -89.191386515235394, 13.6691162254804 ], [ -89.1913816753313, 13.669135583412601 ], [ -89.191375287601204, 13.669160070336501 ], [ -89.191363851004695, 13.6692038502744 ], [ -89.191352961770406, 13.6692455372725 ], [ -89.191352395924099, 13.669247639265 ], [ -89.191340174600001, 13.6692926319332 ], [ -89.191340146035301, 13.669292743134299 ], [ -89.191327648967103, 13.6693362554389 ], [ -89.191315151894301, 13.6693797677428 ], [ -89.191302712006603, 13.669423131763001 ], [ -89.191302664984903, 13.669423280038099 ], [ -89.191290177146399, 13.669466792333401 ], [ -89.191277680991504, 13.669510313673401 ], [ -89.1912651839002, 13.6695538259744 ], [ -89.191252686804305, 13.6695973382747 ], [ -89.191246504635799, 13.669618881958 ], [ -89.1912401998718, 13.669640850566401 ], [ -89.191227712010203, 13.669684362858099 ], [ -89.191215556065302, 13.6697279679919 ], [ -89.191209534766301, 13.6697495576477 ], [ -89.191203181921196, 13.6697715172534 ], [ -89.191190599745497, 13.669815010634499 ], [ -89.191178018483001, 13.669858495879099 ], [ -89.191171741234101, 13.669880214989499 ], [ -89.191165237500101, 13.669901915294 ], [ -89.191152238326296, 13.669945289683101 ], [ -89.191152191319006, 13.669945456035901 ], [ -89.1911408592985, 13.669989485355099 ], [ -89.19113517852, 13.6700115284986 ], [ -89.191129686662293, 13.670032867362099 ], [ -89.1911181758867, 13.6700776099908 ], [ -89.191140859494993, 13.6700829795661 ], [ -89.191130386617502, 13.670125249240201 ], [ -89.191119499188005, 13.6701692601346 ], [ -89.191072645167793, 13.6701568752394 ], [ -89.190740921761105, 13.6702549394321 ], [ -89.190762733256506, 13.6704227041037 ], [ -89.190781086040204, 13.670538342117901 ], [ -89.190808638997296, 13.6707120165033 ], [ -89.190914969227904, 13.671382085921 ], [ -89.191117302073494, 13.6720778778 ], [ -89.191119947076302, 13.672082892352201 ], [ -89.190732449458395, 13.672062950493199 ], [ -89.190525950753198, 13.6721475793853 ], [ -89.1902918131223, 13.6722435408115 ], [ -89.190264813821301, 13.6722512158694 ], [ -89.190292781626098, 13.672352907533 ], [ -89.190380686922097, 13.672538252414 ], [ -89.1904704757129, 13.672664756871599 ], [ -89.190432543029502, 13.6726714696338 ], [ -89.190393870287593, 13.672629542658999 ], [ -89.190325611956794, 13.672650272955799 ], [ -89.190100489528007, 13.6727055285223 ], [ -89.189815658060098, 13.672760839917499 ], [ -89.189453979577706, 13.672833360664599 ], [ -89.1895349221179, 13.6729534763278 ], [ -89.189594572532499, 13.6730688050904 ], [ -89.189356395515901, 13.673134399729999 ], [ -89.189318720139397, 13.673143953058499 ], [ -89.189284665622097, 13.673123754660301 ], [ -89.188993036218207, 13.6732131868794 ], [ -89.188861520558604, 13.672811287719201 ], [ -89.188807834925896, 13.672627257406999 ], [ -89.188705587909396, 13.672473706569299 ], [ -89.188611892053601, 13.6723727511991 ], [ -89.188510846680302, 13.672253446065501 ], [ -89.188446404678999, 13.6721699332317 ], [ -89.188305708987897, 13.6719345261832 ], [ -89.188252556527999, 13.6718002727381 ], [ -89.188228218604394, 13.6717388239113 ], [ -89.188187515155803, 13.671405301259201 ], [ -89.188158340905005, 13.6710491480365 ], [ -89.188166537593702, 13.670468493341099 ], [ -89.188157512153396, 13.670013389941399 ], [ -89.188090716617296, 13.6695659378892 ], [ -89.188064579639104, 13.6693963440914 ], [ -89.188058450800398, 13.6693843721907 ] ] ] ] } },
{ "type": "Feature", "properties": { "qc_id": 150, "name": null, "descriptio": null, "timestamp": null, "begin": null, "end": null, "altitudemo": null, "tessellate": -1, "extrude": 0, "visibility": -1, "draworder": null, "icon": null, "objectid_1": 165, "fid_1": 167, "text_1": "ZONA INDUSTRIAL", "shape_leng": 2773.4822791900001, "shape_area": 234610.767853, "fid_2": 0, "zona": 0, "viviendas": null }, "geometry": { "type": "MultiPolygon", "coordinates": [ [ [ [ -89.190992033746596, 13.6633708678571 ], [ -89.190970374474801, 13.663425234898501 ], [ -89.190941279597894, 13.663473628455 ], [ -89.190911126862702, 13.663523800787701 ], [ -89.1908689421726, 13.6635730279438 ], [ -89.190843027787693, 13.663621280724 ], [ -89.190816037897406, 13.6636734861587 ], [ -89.190793012155595, 13.6637241518957 ], [ -89.190763665475004, 13.663765326227299 ], [ -89.190746269821901, 13.663790877427299 ], [ -89.190710956480302, 13.6638627761092 ], [ -89.190690424966505, 13.663907099992 ], [ -89.190683849259798, 13.6639459056285 ], [ -89.190677342675698, 13.6640106836903 ], [ -89.190666515220002, 13.6640463362262 ], [ -89.190645297529102, 13.6640971397463 ], [ -89.190602685839394, 13.6641568821808 ], [ -89.190551303037495, 13.6641504248126 ], [ -89.190520968902604, 13.664199383307301 ], [ -89.1904769714818, 13.6643012319653 ], [ -89.190471463205995, 13.6643250339425 ], [ -89.190465309103402, 13.6643925595612 ], [ -89.190459275863702, 13.6644586695885 ], [ -89.1906327972832, 13.664545901879899 ], [ -89.190624326235195, 13.6645921787595 ], [ -89.190666158605396, 13.664599485946001 ], [ -89.190691874857393, 13.6646566671049 ], [ -89.190682718256497, 13.664710154877 ], [ -89.1906713297506, 13.6647082564917 ], [ -89.190662153859293, 13.664761901555501 ], [ -89.190673542374995, 13.664763808980201 ], [ -89.190664385773005, 13.6648173057904 ], [ -89.190635738806506, 13.664974964328 ], [ -89.190633221650103, 13.6649986989092 ], [ -89.190610172739497, 13.664997040956299 ], [ -89.190600859994404, 13.665068901386499 ], [ -89.190588292603394, 13.6651658202682 ], [ -89.190608565987702, 13.665164379115501 ], [ -89.190611660357206, 13.6651867761038 ], [ -89.190622042008599, 13.6652430806264 ], [ -89.190619894905794, 13.6652683506353 ], [ -89.1906215252409, 13.6652943218494 ], [ -89.190625025491897, 13.665349900455499 ], [ -89.190628650273098, 13.6654074413179 ], [ -89.190631938954795, 13.6654597253956 ], [ -89.190641157487306, 13.6655179280909 ], [ -89.190595556336405, 13.665509401757101 ], [ -89.190584830304701, 13.665565371023799 ], [ -89.190574764638001, 13.6656183967008 ], [ -89.190554774477704, 13.6656192076174 ], [ -89.190420190985904, 13.6657759313065 ], [ -89.190207619401207, 13.6658459676852 ], [ -89.189944922944093, 13.664233502560601 ], [ -89.189920618938501, 13.6640842975351 ], [ -89.189844086530002, 13.663608124002 ], [ -89.189603210005103, 13.6636130489482 ], [ -89.188932187693496, 13.6636182574973 ], [ -89.188961063631695, 13.6636983266139 ], [ -89.188829085685896, 13.663751195489899 ], [ -89.186461864689207, 13.663814609333 ], [ -89.186269599497393, 13.663840208680799 ], [ -89.186051964727895, 13.663635467073201 ], [ -89.185776210571305, 13.6639429053645 ], [ -89.185753010153604, 13.663977456144901 ], [ -89.185675903304599, 13.6639372142778 ], [ -89.185612242808602, 13.6638805430107 ], [ -89.185529245011196, 13.663800217862001 ], [ -89.185498587458298, 13.6637287023288 ], [ -89.185480886018397, 13.663630965009 ], [ -89.185444575738401, 13.663520208478699 ], [ -89.185275818799596, 13.663254155273799 ], [ -89.185301072806595, 13.6632427056074 ], [ -89.185276182535603, 13.6631867073606 ], [ -89.185244824379197, 13.6631267811422 ], [ -89.185278384396696, 13.6631105671251 ], [ -89.185539621030401, 13.662974679462801 ], [ -89.185517038588898, 13.662892642842101 ], [ -89.185514880589196, 13.6627723642458 ], [ -89.185516758721704, 13.6626105242853 ], [ -89.185511976118605, 13.6624510403757 ], [ -89.1855072666159, 13.6623842163578 ], [ -89.185498219838493, 13.662326373987099 ], [ -89.185537670434201, 13.6623135984215 ], [ -89.185541826510601, 13.662243658320699 ], [ -89.185555905346504, 13.6619969046092 ], [ -89.185556503571704, 13.661986593442601 ], [ -89.185568419649798, 13.661890035950901 ], [ -89.185576564457904, 13.661823942521499 ], [ -89.185563813060995, 13.6618224435451 ], [ -89.185566013674304, 13.661804597215299 ], [ -89.185630440309595, 13.6616206062246 ], [ -89.185645808376606, 13.6616290080662 ], [ -89.185647579662202, 13.661582514956599 ], [ -89.185707777257804, 13.661425304987301 ], [ -89.185741643391694, 13.6613534722867 ], [ -89.185835346078505, 13.661195310485001 ], [ -89.185934522336098, 13.661040441008399 ], [ -89.185940212853296, 13.6610315414877 ], [ -89.185988226892505, 13.660956560638899 ], [ -89.186105555706106, 13.6608237703327 ], [ -89.186121788804996, 13.660812188207601 ], [ -89.186110340830197, 13.6608061064357 ], [ -89.186175367515702, 13.660724781801999 ], [ -89.186226985274402, 13.6606590260284 ], [ -89.186236327342101, 13.660647235795 ], [ -89.186307623230306, 13.6605933955945 ], [ -89.186478075054794, 13.660455484069701 ], [ -89.186587365383502, 13.660297023619799 ], [ -89.186587367001806, 13.6601907202894 ], [ -89.186646685170203, 13.659988832182499 ], [ -89.1866019853816, 13.6599346912318 ], [ -89.186577115668797, 13.6599045543977 ], [ -89.186566438716596, 13.6598916142198 ], [ -89.186571462525194, 13.6598171928343 ], [ -89.1866714493909, 13.6597672744458 ], [ -89.186804173132998, 13.659701317768899 ], [ -89.186905988437005, 13.659665642357901 ], [ -89.187020545303298, 13.6596192759021 ], [ -89.187084173681598, 13.6595889606211 ], [ -89.187195046883801, 13.659505221782 ], [ -89.187317409347102, 13.6593252040292 ], [ -89.187498737433302, 13.659060236709999 ], [ -89.187669816800806, 13.658808679108899 ], [ -89.187714862311793, 13.6587516478961 ], [ -89.187751937130599, 13.658704692137601 ], [ -89.187947724769899, 13.6584958687476 ], [ -89.188161567867397, 13.658271130084801 ], [ -89.188248470656205, 13.658324747638799 ], [ -89.188300370666198, 13.6583531416921 ], [ -89.188299671881495, 13.658401624380801 ], [ -89.188355762163894, 13.6584500364623 ], [ -89.188480260636993, 13.6585150467376 ], [ -89.188586734388906, 13.6585654837347 ], [ -89.188719959370403, 13.658630366978301 ], [ -89.188829995314507, 13.658683966572299 ], [ -89.188896131616502, 13.6586188932735 ], [ -89.188924783600896, 13.658631523968999 ], [ -89.189094545373493, 13.6585932130158 ], [ -89.189116633578493, 13.658683746306 ], [ -89.189127738506699, 13.6587448726244 ], [ -89.189238952374396, 13.659356960901199 ], [ -89.189328842470005, 13.659851674133501 ], [ -89.189396379900799, 13.6602682195361 ], [ -89.189581805360902, 13.6614119171292 ], [ -89.189647714111899, 13.662049698000899 ], [ -89.189678029234202, 13.662517050024601 ], [ -89.189935840335593, 13.6624916098089 ], [ -89.189937960734596, 13.662492728095399 ], [ -89.189954967356101, 13.6625016562759 ], [ -89.189978678238703, 13.6625141053654 ], [ -89.190019395750298, 13.662535482628501 ], [ -89.190060113277298, 13.662556869827799 ], [ -89.190100821560307, 13.6625782470845 ], [ -89.190141539101404, 13.662599633366399 ], [ -89.190182256642601, 13.662621010602599 ], [ -89.190206686987494, 13.662633838748899 ], [ -89.190313957612602, 13.662694197319199 ], [ -89.1903925636487, 13.6627384254567 ], [ -89.190370011118404, 13.662765053545501 ], [ -89.190678628539402, 13.662958613768399 ], [ -89.1906811655372, 13.662993580735399 ], [ -89.190690994155105, 13.6630336788759 ], [ -89.190992033746596, 13.6633708678571 ] ] ], [ [ [ -89.189569060947605, 13.6642008691607 ], [ -89.189155250034304, 13.6641426353789 ], [ -89.189393524433797, 13.6641736164342 ], [ -89.189569060947605, 13.6642008691607 ] ] ], [ [ [ -89.1890223557442, 13.663986062969601 ], [ -89.189017635510794, 13.6640486178435 ], [ -89.188995489651106, 13.663793764884501 ], [ -89.189014129897899, 13.663927220394299 ], [ -89.1890223557442, 13.663986062969601 ] ] ] ] } },
{ "type": "Feature", "properties": { "qc_id": 151, "name": null, "descriptio": null, "timestamp": null, "begin": null, "end": null, "altitudemo": null, "tessellate": -1, "extrude": 0, "visibility": -1, "draworder": null, "icon": null, "objectid_1": 166, "fid_1": 168, "text_1": "COLONIA SAN ANTONIO 1", "shape_leng": 576.85738927299997, "shape_area": 11346.5557799, "fid_2": 0, "zona": 0, "viviendas": null }, "geometry": { "type": "MultiPolygon", "coordinates": [ [ [ [ -89.1903389489228, 13.6576694424558 ], [ -89.190274345392893, 13.6577454367094 ], [ -89.190201824472894, 13.657803555337299 ], [ -89.190111019461, 13.657876311274 ], [ -89.190127900965194, 13.6579183853285 ], [ -89.190045443115594, 13.6579896722867 ], [ -89.189956315982201, 13.658019397002199 ], [ -89.189833417220697, 13.6580710192771 ], [ -89.189726132792401, 13.6581191033544 ], [ -89.189428234408993, 13.658252599498301 ], [ -89.189411573154104, 13.658260072167799 ], [ -89.189466112680904, 13.658686003681099 ], [ -89.189322352781701, 13.6587149838639 ], [ -89.189127738506699, 13.6587448726244 ], [ -89.189116633570507, 13.6586837363631 ], [ -89.189094545373493, 13.6585932130158 ], [ -89.189053682572606, 13.6584257962935 ], [ -89.188941189183595, 13.6581055924871 ], [ -89.188902336103297, 13.6578703658832 ], [ -89.188899921474899, 13.6577272813402 ], [ -89.189072485676604, 13.657749445978 ], [ -89.189168502162602, 13.657719105250701 ], [ -89.189246194866897, 13.657724182302699 ], [ -89.189403558414597, 13.6577344559311 ], [ -89.189574643012804, 13.6577167008837 ], [ -89.189757721280003, 13.657666615025899 ], [ -89.189856732006604, 13.6576048478489 ], [ -89.189913710990893, 13.657546048039 ], [ -89.190024684661907, 13.657425505798701 ], [ -89.190093634635602, 13.657316761078601 ], [ -89.190135065834298, 13.6571804733729 ], [ -89.190248303703996, 13.6572266470831 ], [ -89.190334576512797, 13.6572612338078 ], [ -89.190471711743598, 13.657339487997101 ], [ -89.190494839738705, 13.657357547056099 ], [ -89.190514880457698, 13.6573846420201 ], [ -89.190522602218294, 13.657417789961199 ], [ -89.190525703448401, 13.65743738217 ], [ -89.190522648605196, 13.657475047082899 ], [ -89.1903389489228, 13.6576694424558 ] ] ] ] } }
]
}
