{
"type": "FeatureCollection",
"name": "SAN SALVADOR  SUR",
"crs": { "type": "name", "properties": { "name": "urn:ogc:def:crs:OGC:1.3:CRS84" } },
"features": [
{ "type": "Feature", "properties": { "fid": 13762.0, "OBJECTID": 1242.0, "Name": "SAN SALVADOR", "FolderPath": "Población/Población", "PopupInfo": "<html><body><table border=\"1\"><tr><th>Field Name</th><th>Field Value</th></tr><tr><td>FID</td><td>6241</td></tr><tr><td>DEPTO</td><td>SAN SALVADOR</td></tr><tr><td>MPIO</td><td>SANTO TOMAS</td></tr><tr><td>CANTON</td><td>EL CARMEN</td></tr><tr><td>Hombre", "Municipio": "SANTO TOMAS", "Canton": null, "Hombres": 305, "Mujeres": 678, "Total": 983, "Shape_Leng": 0.060595613720562998, "Shape_Area": 0.0001014955885, "PobTotal": 983.0 }, "geometry": { "type": "MultiPolygon", "coordinates": [ [ [ [ -89.12425, 13.630936, 0.0 ], [ -89.124302, 13.630936, 0.0 ], [ -89.124309, 13.630936, 0.0 ], [ -89.12454, 13.630939, 0.0 ], [ -89.124549, 13.63091, 0.0 ], [ -89.124555, 13.630891, 0.0 ], [ -89.124632, 13.630637, 0.0 ], [ -89.124634, 13.630634, 0.0 ], [ -89.124644, 13.630615, 0.0 ], [ -89.124728, 13.630458, 0.0 ], [ -89.124735, 13.630446, 0.0 ], [ -89.124741, 13.630408, 0.0 ], [ -89.124807, 13.629987, 0.0 ], [ -89.124819, 13.629908, 0.0 ], [ -89.124835, 13.629904, 0.0 ], [ -89.12526, 13.629812, 0.0 ], [ -89.125381, 13.629786, 0.0 ], [ -89.125391, 13.629784, 0.0 ], [ -89.125466, 13.629588, 0.0 ], [ -89.125494, 13.629517, 0.0 ], [ -89.1255, 13.6295, 0.0 ], [ -89.125674, 13.629181, 0.0 ], [ -89.125786, 13.628976, 0.0 ], [ -89.125842, 13.628976, 0.0 ], [ -89.12587, 13.628811, 0.0 ], [ -89.125895, 13.628735, 0.0 ], [ -89.125912, 13.628559, 0.0 ], [ -89.125908, 13.628183, 0.0 ], [ -89.125873, 13.627974, 0.0 ], [ -89.125852, 13.627816, 0.0 ], [ -89.125894, 13.627688, 0.0 ], [ -89.125993, 13.627519, 0.0 ], [ -89.126098, 13.62735, 0.0 ], [ -89.126147, 13.627209, 0.0 ], [ -89.126186, 13.627039, 0.0 ], [ -89.126203, 13.626746, 0.0 ], [ -89.126069, 13.626439, 0.0 ], [ -89.126062, 13.62636, 0.0 ], [ -89.126122, 13.626177, 0.0 ], [ -89.126122, 13.626139, 0.0 ], [ -89.126037, 13.626015, 0.0 ], [ -89.126068, 13.625481, 0.0 ], [ -89.12609, 13.625422, 0.0 ], [ -89.126125, 13.625366, 0.0 ], [ -89.12609, 13.625207, 0.0 ], [ -89.12603, 13.625169, 0.0 ], [ -89.125974, 13.625166, 0.0 ], [ -89.125871, 13.625114, 0.0 ], [ -89.125808, 13.62508, 0.0 ], [ -89.12578, 13.625045, 0.0 ], [ -89.125769, 13.625004, 0.0 ], [ -89.125748, 13.624876, 0.0 ], [ -89.125758, 13.624811, 0.0 ], [ -89.125709, 13.62459, 0.0 ], [ -89.12573, 13.624487, 0.0 ], [ -89.125772, 13.624321, 0.0 ], [ -89.12579, 13.624249, 0.0 ], [ -89.125836, 13.624111, 0.0 ], [ -89.125864, 13.624066, 0.0 ], [ -89.12593, 13.623958, 0.0 ], [ -89.126026, 13.623858, 0.0 ], [ -89.126145, 13.623744, 0.0 ], [ -89.126195, 13.623723, 0.0 ], [ -89.1263, 13.623664, 0.0 ], [ -89.126346, 13.623609, 0.0 ], [ -89.126381, 13.623554, 0.0 ], [ -89.126381, 13.623516, 0.0 ], [ -89.126402, 13.623364, 0.0 ], [ -89.126434, 13.623257, 0.0 ], [ -89.126515, 13.623123, 0.0 ], [ -89.126691, 13.622926, 0.0 ], [ -89.126684, 13.622836, 0.0 ], [ -89.126663, 13.62274, 0.0 ], [ -89.12662, 13.622705, 0.0 ], [ -89.126589, 13.622699, 0.0 ], [ -89.126437, 13.622695, 0.0 ], [ -89.126336, 13.622712, 0.0 ], [ -89.126263, 13.622723, 0.0 ], [ -89.126173, 13.622715, 0.0 ], [ -89.126111, 13.622697, 0.0 ], [ -89.126053, 13.622684, 0.0 ], [ -89.125912, 13.622617, 0.0 ], [ -89.125903, 13.622547, 0.0 ], [ -89.125992, 13.622451, 0.0 ], [ -89.126061, 13.62229, 0.0 ], [ -89.126115, 13.622201, 0.0 ], [ -89.12612, 13.622097, 0.0 ], [ -89.126111, 13.621931, 0.0 ], [ -89.126116, 13.621867, 0.0 ], [ -89.126189, 13.621778, 0.0 ], [ -89.126262, 13.621703, 0.0 ], [ -89.126339, 13.621674, 0.0 ], [ -89.126404, 13.62166, 0.0 ], [ -89.126479, 13.62166, 0.0 ], [ -89.126557, 13.621644, 0.0 ], [ -89.1266, 13.621619, 0.0 ], [ -89.126636, 13.621585, 0.0 ], [ -89.126654, 13.621539, 0.0 ], [ -89.126656, 13.621482, 0.0 ], [ -89.126638, 13.621367, 0.0 ], [ -89.126656, 13.621263, 0.0 ], [ -89.126817, 13.621046, 0.0 ], [ -89.126931, 13.620977, 0.0 ], [ -89.126975, 13.620879, 0.0 ], [ -89.126933, 13.620754, 0.0 ], [ -89.12679, 13.620564, 0.0 ], [ -89.126555, 13.620231, 0.0 ], [ -89.126549, 13.619954, 0.0 ], [ -89.12662, 13.619789, 0.0 ], [ -89.126645, 13.619727, 0.0 ], [ -89.12666, 13.619579, 0.0 ], [ -89.12666, 13.619376, 0.0 ], [ -89.126638, 13.619139, 0.0 ], [ -89.126822, 13.618865, 0.0 ], [ -89.127092, 13.618814, 0.0 ], [ -89.127278, 13.618786, 0.0 ], [ -89.127565, 13.618697, 0.0 ], [ -89.127656, 13.618615, 0.0 ], [ -89.127804, 13.618394, 0.0 ], [ -89.127895, 13.618175, 0.0 ], [ -89.127923, 13.618033, 0.0 ], [ -89.127961, 13.617836, 0.0 ], [ -89.128035, 13.617703, 0.0 ], [ -89.128155, 13.617463, 0.0 ], [ -89.12832, 13.617328, 0.0 ], [ -89.128461, 13.617228, 0.0 ], [ -89.128584, 13.617019, 0.0 ], [ -89.128589, 13.616881, 0.0 ], [ -89.128526, 13.616697, 0.0 ], [ -89.128512, 13.616545, 0.0 ], [ -89.128497, 13.616431, 0.0 ], [ -89.128515, 13.616311, 0.0 ], [ -89.12858, 13.616182, 0.0 ], [ -89.128703, 13.616097, 0.0 ], [ -89.128843, 13.616086, 0.0 ], [ -89.128964, 13.616089, 0.0 ], [ -89.129172, 13.616146, 0.0 ], [ -89.12929, 13.616175, 0.0 ], [ -89.129436, 13.616147, 0.0 ], [ -89.129498, 13.616087, 0.0 ], [ -89.129544, 13.616016, 0.0 ], [ -89.129544, 13.615926, 0.0 ], [ -89.129502, 13.615737, 0.0 ], [ -89.129334, 13.615042, 0.0 ], [ -89.129307, 13.614822, 0.0 ], [ -89.129327, 13.614734, 0.0 ], [ -89.129568, 13.614538, 0.0 ], [ -89.129827, 13.614317, 0.0 ], [ -89.130094, 13.614098, 0.0 ], [ -89.130079, 13.61375, 0.0 ], [ -89.130037, 13.613586, 0.0 ], [ -89.129976, 13.613385, 0.0 ], [ -89.129756, 13.613087, 0.0 ], [ -89.129631, 13.612792, 0.0 ], [ -89.12958, 13.612616, 0.0 ], [ -89.129523, 13.612391, 0.0 ], [ -89.129551, 13.612104, 0.0 ], [ -89.129608, 13.611917, 0.0 ], [ -89.129661, 13.611766, 0.0 ], [ -89.129709, 13.611643, 0.0 ], [ -89.129734, 13.611416, 0.0 ], [ -89.129719, 13.611311, 0.0 ], [ -89.129659, 13.611162, 0.0 ], [ -89.129474, 13.610861, 0.0 ], [ -89.129333, 13.610596, 0.0 ], [ -89.129376, 13.610399, 0.0 ], [ -89.12948, 13.60992, 0.0 ], [ -89.129551, 13.609591, 0.0 ], [ -89.129545, 13.609307, 0.0 ], [ -89.129456, 13.609133, 0.0 ], [ -89.12933, 13.609022, 0.0 ], [ -89.129159, 13.608827, 0.0 ], [ -89.129059, 13.608709, 0.0 ], [ -89.12906, 13.608709, 0.0 ], [ -89.12906, 13.608708, 0.0 ], [ -89.129066, 13.608703, 0.0 ], [ -89.129079, 13.608688, 0.0 ], [ -89.129083, 13.608684, 0.0 ], [ -89.129089, 13.608677, 0.0 ], [ -89.129097, 13.608672, 0.0 ], [ -89.129333, 13.608513, 0.0 ], [ -89.129592, 13.608339, 0.0 ], [ -89.129607, 13.608329, 0.0 ], [ -89.129714, 13.608303, 0.0 ], [ -89.129828, 13.608276, 0.0 ], [ -89.129846, 13.608271, 0.0 ], [ -89.130235, 13.60818, 0.0 ], [ -89.130652, 13.608083, 0.0 ], [ -89.130759, 13.608058, 0.0 ], [ -89.131022, 13.607986, 0.0 ], [ -89.131122, 13.60796, 0.0 ], [ -89.131307, 13.607909, 0.0 ], [ -89.131412, 13.607881, 0.0 ], [ -89.131655, 13.607798, 0.0 ], [ -89.13192, 13.607708, 0.0 ], [ -89.132051, 13.607664, 0.0 ], [ -89.132036, 13.607593, 0.0 ], [ -89.132019, 13.607515, 0.0 ], [ -89.132008, 13.607465, 0.0 ], [ -89.131935, 13.607238, 0.0 ], [ -89.131853, 13.606986, 0.0 ], [ -89.131789, 13.606787, 0.0 ], [ -89.131769, 13.606643, 0.0 ], [ -89.131747, 13.60648, 0.0 ], [ -89.131725, 13.606325, 0.0 ], [ -89.131656, 13.606168, 0.0 ], [ -89.131577, 13.60599, 0.0 ], [ -89.131485, 13.605784, 0.0 ], [ -89.131367, 13.605597, 0.0 ], [ -89.131229, 13.60538, 0.0 ], [ -89.13104, 13.605081, 0.0 ], [ -89.131011, 13.604943, 0.0 ], [ -89.130976, 13.60478, 0.0 ], [ -89.13092, 13.604516, 0.0 ], [ -89.130919, 13.604461, 0.0 ], [ -89.130918, 13.604395, 0.0 ], [ -89.130917, 13.604269, 0.0 ], [ -89.13104, 13.604174, 0.0 ], [ -89.131192, 13.604057, 0.0 ], [ -89.131537, 13.603793, 0.0 ], [ -89.131693, 13.603712, 0.0 ], [ -89.131893, 13.603609, 0.0 ], [ -89.131931, 13.603589, 0.0 ], [ -89.132427, 13.603333, 0.0 ], [ -89.132534, 13.603279, 0.0 ], [ -89.132676, 13.603207, 0.0 ], [ -89.133127, 13.602979, 0.0 ], [ -89.133157, 13.602956, 0.0 ], [ -89.133199, 13.602924, 0.0 ], [ -89.133356, 13.602804, 0.0 ], [ -89.133387, 13.602804, 0.0 ], [ -89.133433, 13.602805, 0.0 ], [ -89.133643, 13.602809, 0.0 ], [ -89.133645, 13.602809, 0.0 ], [ -89.133649, 13.602809, 0.0 ], [ -89.133669, 13.60281, 0.0 ], [ -89.13367, 13.602812, 0.0 ], [ -89.133671, 13.602818, 0.0 ], [ -89.133679, 13.602854, 0.0 ], [ -89.13368, 13.602856, 0.0 ], [ -89.13368, 13.602861, 0.0 ], [ -89.133685, 13.602903, 0.0 ], [ -89.133685, 13.602904, 0.0 ], [ -89.133684, 13.602908, 0.0 ], [ -89.133683, 13.60295, 0.0 ], [ -89.133682, 13.602952, 0.0 ], [ -89.133672, 13.602997, 0.0 ], [ -89.133671, 13.602998, 0.0 ], [ -89.133674, 13.602999, 0.0 ], [ -89.134201, 13.603144, 0.0 ], [ -89.134209, 13.603146, 0.0 ], [ -89.134231, 13.603152, 0.0 ], [ -89.134384, 13.603586, 0.0 ], [ -89.134385, 13.60359, 0.0 ], [ -89.134398, 13.603626, 0.0 ], [ -89.134475, 13.603833, 0.0 ], [ -89.134477, 13.60384, 0.0 ], [ -89.134486, 13.603863, 0.0 ], [ -89.134696, 13.604283, 0.0 ], [ -89.134709, 13.604309, 0.0 ], [ -89.134739, 13.60437, 0.0 ], [ -89.134987, 13.604746, 0.0 ], [ -89.13501, 13.60478, 0.0 ], [ -89.135055, 13.604848, 0.0 ], [ -89.135379, 13.605295, 0.0 ], [ -89.135419, 13.605351, 0.0 ], [ -89.135492, 13.605451, 0.0 ], [ -89.135629, 13.605618, 0.0 ], [ -89.135651, 13.605646, 0.0 ], [ -89.135688, 13.605691, 0.0 ], [ -89.135799, 13.605777, 0.0 ], [ -89.135821, 13.605795, 0.0 ], [ -89.135857, 13.605823, 0.0 ], [ -89.135973, 13.605888, 0.0 ], [ -89.136002, 13.605905, 0.0 ], [ -89.136046, 13.60593, 0.0 ], [ -89.136236, 13.606004, 0.0 ], [ -89.136295, 13.606026, 0.0 ], [ -89.136381, 13.60606, 0.0 ], [ -89.136466, 13.605667, 0.0 ], [ -89.136498, 13.605519, 0.0 ], [ -89.136544, 13.605308, 0.0 ], [ -89.136635, 13.604993, 0.0 ], [ -89.136677, 13.604849, 0.0 ], [ -89.136735, 13.604649, 0.0 ], [ -89.136771, 13.604564, 0.0 ], [ -89.136791, 13.604516, 0.0 ], [ -89.136818, 13.604452, 0.0 ], [ -89.136893, 13.604607, 0.0 ], [ -89.136943, 13.60471, 0.0 ], [ -89.13701, 13.604848, 0.0 ], [ -89.136922, 13.605033, 0.0 ], [ -89.136851, 13.605184, 0.0 ], [ -89.136757, 13.605382, 0.0 ], [ -89.136821, 13.605598, 0.0 ], [ -89.136886, 13.605814, 0.0 ], [ -89.136969, 13.606095, 0.0 ], [ -89.137, 13.606147, 0.0 ], [ -89.13704, 13.606211, 0.0 ], [ -89.13709, 13.606295, 0.0 ], [ -89.13717, 13.606275, 0.0 ], [ -89.137298, 13.606244, 0.0 ], [ -89.137461, 13.606205, 0.0 ], [ -89.137589, 13.606197, 0.0 ], [ -89.137865, 13.606182, 0.0 ], [ -89.138212, 13.606162, 0.0 ], [ -89.138239, 13.606142, 0.0 ], [ -89.138323, 13.606083, 0.0 ], [ -89.138427, 13.60601, 0.0 ], [ -89.13844, 13.606014, 0.0 ], [ -89.138505, 13.606033, 0.0 ], [ -89.138585, 13.606058, 0.0 ], [ -89.138613, 13.60606, 0.0 ], [ -89.138915, 13.606085, 0.0 ], [ -89.139285, 13.606115, 0.0 ], [ -89.139288, 13.606115, 0.0 ], [ -89.139355, 13.606192, 0.0 ], [ -89.13943, 13.606279, 0.0 ], [ -89.139437, 13.606287, 0.0 ], [ -89.139447, 13.606487, 0.0 ], [ -89.139457, 13.606715, 0.0 ], [ -89.139459, 13.606758, 0.0 ], [ -89.139429, 13.60692, 0.0 ], [ -89.139394, 13.607106, 0.0 ], [ -89.139384, 13.607161, 0.0 ], [ -89.139362, 13.607224, 0.0 ], [ -89.139337, 13.607298, 0.0 ], [ -89.139327, 13.607328, 0.0 ], [ -89.139296, 13.607387, 0.0 ], [ -89.139259, 13.607456, 0.0 ], [ -89.139239, 13.607493, 0.0 ], [ -89.139539, 13.607585, 0.0 ], [ -89.139898, 13.607696, 0.0 ], [ -89.140139, 13.60777, 0.0 ], [ -89.140355, 13.607811, 0.0 ], [ -89.14062, 13.607861, 0.0 ], [ -89.140837, 13.607902, 0.0 ], [ -89.141101, 13.607966, 0.0 ], [ -89.141429, 13.608045, 0.0 ], [ -89.141756, 13.608125, 0.0 ], [ -89.141864, 13.608153, 0.0 ], [ -89.142003, 13.608188, 0.0 ], [ -89.142167, 13.608231, 0.0 ], [ -89.142325, 13.608287, 0.0 ], [ -89.142532, 13.60836, 0.0 ], [ -89.142822, 13.608463, 0.0 ], [ -89.142853, 13.60847, 0.0 ], [ -89.142844, 13.608349, 0.0 ], [ -89.142824, 13.608276, 0.0 ], [ -89.142804, 13.608165, 0.0 ], [ -89.142739, 13.60801, 0.0 ], [ -89.142711, 13.607959, 0.0 ], [ -89.142686, 13.607924, 0.0 ], [ -89.142715, 13.607911, 0.0 ], [ -89.142734, 13.607902, 0.0 ], [ -89.142874, 13.607836, 0.0 ], [ -89.14405, 13.607288, 0.0 ], [ -89.144062, 13.607282, 0.0 ], [ -89.144065, 13.60728, 0.0 ], [ -89.144082, 13.607269, 0.0 ], [ -89.144106, 13.607316, 0.0 ], [ -89.144194, 13.60747, 0.0 ], [ -89.144314, 13.607657, 0.0 ], [ -89.144386, 13.607775, 0.0 ], [ -89.144435, 13.607795, 0.0 ], [ -89.145151, 13.607445, 0.0 ], [ -89.145153, 13.607444, 0.0 ], [ -89.145232, 13.607405, 0.0 ], [ -89.145975, 13.606884, 0.0 ], [ -89.145995, 13.60687, 0.0 ], [ -89.146102, 13.606795, 0.0 ], [ -89.146651, 13.606434, 0.0 ], [ -89.146681, 13.606414, 0.0 ], [ -89.14678, 13.606349, 0.0 ], [ -89.146861, 13.606209, 0.0 ], [ -89.146868, 13.606198, 0.0 ], [ -89.146886, 13.606167, 0.0 ], [ -89.147059, 13.606391, 0.0 ], [ -89.14708, 13.606417, 0.0 ], [ -89.147125, 13.606477, 0.0 ], [ -89.147345, 13.60666, 0.0 ], [ -89.14738, 13.606689, 0.0 ], [ -89.147449, 13.606746, 0.0 ], [ -89.147498, 13.606851, 0.0 ], [ -89.147508, 13.606978, 0.0 ], [ -89.147533, 13.607111, 0.0 ], [ -89.147575, 13.607227, 0.0 ], [ -89.14762, 13.607388, 0.0 ], [ -89.14769, 13.607669, 0.0 ], [ -89.147734, 13.607668, 0.0 ], [ -89.14778, 13.607646, 0.0 ], [ -89.148118, 13.60749, 0.0 ], [ -89.148274, 13.607417, 0.0 ], [ -89.148515, 13.607305, 0.0 ], [ -89.148966, 13.607102, 0.0 ], [ -89.14922, 13.606988, 0.0 ], [ -89.149601, 13.606817, 0.0 ], [ -89.149744, 13.607238, 0.0 ], [ -89.149841, 13.607527, 0.0 ], [ -89.149984, 13.607951, 0.0 ], [ -89.150123, 13.607706, 0.0 ], [ -89.15024, 13.6075, 0.0 ], [ -89.150407, 13.607205, 0.0 ], [ -89.150662, 13.607442, 0.0 ], [ -89.150928, 13.607689, 0.0 ], [ -89.151304, 13.608038, 0.0 ], [ -89.151381, 13.607977, 0.0 ], [ -89.151484, 13.607895, 0.0 ], [ -89.151626, 13.607783, 0.0 ], [ -89.151655, 13.60776, 0.0 ], [ -89.151704, 13.607721, 0.0 ], [ -89.151772, 13.607667, 0.0 ], [ -89.151899, 13.607554, 0.0 ], [ -89.152199, 13.607288, 0.0 ], [ -89.152604, 13.606929, 0.0 ], [ -89.152617, 13.60694, 0.0 ], [ -89.152664, 13.606981, 0.0 ], [ -89.152727, 13.607035, 0.0 ], [ -89.152748, 13.607027, 0.0 ], [ -89.152878, 13.606975, 0.0 ], [ -89.15305, 13.606906, 0.0 ], [ -89.153055, 13.606905, 0.0 ], [ -89.153156, 13.60687, 0.0 ], [ -89.153284, 13.606827, 0.0 ], [ -89.15329, 13.606825, 0.0 ], [ -89.153372, 13.606832, 0.0 ], [ -89.153471, 13.606839, 0.0 ], [ -89.153484, 13.60684, 0.0 ], [ -89.153668, 13.606857, 0.0 ], [ -89.153894, 13.606879, 0.0 ], [ -89.153946, 13.606884, 0.0 ], [ -89.153996, 13.606879, 0.0 ], [ -89.154059, 13.606873, 0.0 ], [ -89.15408, 13.606871, 0.0 ], [ -89.154101, 13.606869, 0.0 ], [ -89.154128, 13.606866, 0.0 ], [ -89.15414, 13.606865, 0.0 ], [ -89.154166, 13.606845, 0.0 ], [ -89.1542, 13.606818, 0.0 ], [ -89.154219, 13.606803, 0.0 ], [ -89.154248, 13.606823, 0.0 ], [ -89.154286, 13.60685, 0.0 ], [ -89.154313, 13.606869, 0.0 ], [ -89.15449, 13.606822, 0.0 ], [ -89.154729, 13.606758, 0.0 ], [ -89.154934, 13.606704, 0.0 ], [ -89.154936, 13.606724, 0.0 ], [ -89.15494, 13.606752, 0.0 ], [ -89.154943, 13.606782, 0.0 ], [ -89.15491, 13.606847, 0.0 ], [ -89.154864, 13.606941, 0.0 ], [ -89.154807, 13.607055, 0.0 ], [ -89.154813, 13.607129, 0.0 ], [ -89.154824, 13.607239, 0.0 ], [ -89.154838, 13.607397, 0.0 ], [ -89.154846, 13.607435, 0.0 ], [ -89.154859, 13.607495, 0.0 ], [ -89.15488, 13.607595, 0.0 ], [ -89.154934, 13.607589, 0.0 ], [ -89.155021, 13.60758, 0.0 ], [ -89.155194, 13.607563, 0.0 ], [ -89.155214, 13.6075, 0.0 ], [ -89.155248, 13.607391, 0.0 ], [ -89.155328, 13.607141, 0.0 ], [ -89.155336, 13.607108, 0.0 ], [ -89.155351, 13.607046, 0.0 ], [ -89.155393, 13.606879, 0.0 ], [ -89.15541, 13.606877, 0.0 ], [ -89.155445, 13.606873, 0.0 ], [ -89.155556, 13.606859, 0.0 ], [ -89.155565, 13.606921, 0.0 ], [ -89.155585, 13.60707, 0.0 ], [ -89.155662, 13.607628, 0.0 ], [ -89.15569, 13.607648, 0.0 ], [ -89.155776, 13.607709, 0.0 ], [ -89.156156, 13.607978, 0.0 ], [ -89.156158, 13.607983, 0.0 ], [ -89.156164, 13.608003, 0.0 ], [ -89.1562, 13.608111, 0.0 ], [ -89.156203, 13.608118, 0.0 ], [ -89.156234, 13.608187, 0.0 ], [ -89.156437, 13.608637, 0.0 ], [ -89.156506, 13.608579, 0.0 ], [ -89.157112, 13.608064, 0.0 ], [ -89.157136, 13.608044, 0.0 ], [ -89.15714, 13.608041, 0.0 ], [ -89.157199, 13.607991, 0.0 ], [ -89.157203, 13.607987, 0.0 ], [ -89.157234, 13.607961, 0.0 ], [ -89.157235, 13.60796, 0.0 ], [ -89.157237, 13.607959, 0.0 ], [ -89.157292, 13.607911, 0.0 ], [ -89.157337, 13.607874, 0.0 ], [ -89.15734, 13.607871, 0.0 ], [ -89.157348, 13.607864, 0.0 ], [ -89.157373, 13.607863, 0.0 ], [ -89.15738, 13.607863, 0.0 ], [ -89.157384, 13.607863, 0.0 ], [ -89.157404, 13.607854, 0.0 ], [ -89.157409, 13.607852, 0.0 ], [ -89.157414, 13.60785, 0.0 ], [ -89.15743, 13.607836, 0.0 ], [ -89.157433, 13.607833, 0.0 ], [ -89.157438, 13.607829, 0.0 ], [ -89.157457, 13.607811, 0.0 ], [ -89.15746, 13.607808, 0.0 ], [ -89.157468, 13.607801, 0.0 ], [ -89.157476, 13.607793, 0.0 ], [ -89.157477, 13.607792, 0.0 ], [ -89.157481, 13.607788, 0.0 ], [ -89.157494, 13.607776, 0.0 ], [ -89.157496, 13.607775, 0.0 ], [ -89.157504, 13.607768, 0.0 ], [ -89.157556, 13.607747, 0.0 ], [ -89.15756, 13.607745, 0.0 ], [ -89.157596, 13.607731, 0.0 ], [ -89.157615, 13.607742, 0.0 ], [ -89.157615, 13.607743, 0.0 ], [ -89.15763, 13.607752, 0.0 ], [ -89.157646, 13.607763, 0.0 ], [ -89.157661, 13.607773, 0.0 ], [ -89.157671, 13.607802, 0.0 ], [ -89.157672, 13.607804, 0.0 ], [ -89.157683, 13.607833, 0.0 ], [ -89.157663, 13.607888, 0.0 ], [ -89.157661, 13.607894, 0.0 ], [ -89.157637, 13.607958, 0.0 ], [ -89.157645, 13.608017, 0.0 ], [ -89.157646, 13.608027, 0.0 ], [ -89.157657, 13.608108, 0.0 ], [ -89.157654, 13.608132, 0.0 ], [ -89.157654, 13.608139, 0.0 ], [ -89.15765, 13.608178, 0.0 ], [ -89.157655, 13.608228, 0.0 ], [ -89.157657, 13.608246, 0.0 ], [ -89.157666, 13.608339, 0.0 ], [ -89.157669, 13.608365, 0.0 ], [ -89.15767, 13.608379, 0.0 ], [ -89.157676, 13.608438, 0.0 ], [ -89.15768, 13.608451, 0.0 ], [ -89.157682, 13.60846, 0.0 ], [ -89.157692, 13.608497, 0.0 ], [ -89.157695, 13.608505, 0.0 ], [ -89.157698, 13.608513, 0.0 ], [ -89.157708, 13.608541, 0.0 ], [ -89.157712, 13.608546, 0.0 ], [ -89.157717, 13.608554, 0.0 ], [ -89.157734, 13.608579, 0.0 ], [ -89.157737, 13.608584, 0.0 ], [ -89.157744, 13.608596, 0.0 ], [ -89.157768, 13.608631, 0.0 ], [ -89.157769, 13.608633, 0.0 ], [ -89.157774, 13.608639, 0.0 ], [ -89.157788, 13.608658, 0.0 ], [ -89.157798, 13.608674, 0.0 ], [ -89.157822, 13.608713, 0.0 ], [ -89.157823, 13.608716, 0.0 ], [ -89.157827, 13.608725, 0.0 ], [ -89.157838, 13.608748, 0.0 ], [ -89.15784, 13.608751, 0.0 ], [ -89.157843, 13.608765, 0.0 ], [ -89.157852, 13.608801, 0.0 ], [ -89.157854, 13.608809, 0.0 ], [ -89.157854, 13.608818, 0.0 ], [ -89.157856, 13.608845, 0.0 ], [ -89.157857, 13.608852, 0.0 ], [ -89.157856, 13.608862, 0.0 ], [ -89.157855, 13.608891, 0.0 ], [ -89.157854, 13.608902, 0.0 ], [ -89.15785, 13.608913, 0.0 ], [ -89.157835, 13.608952, 0.0 ], [ -89.157829, 13.60897, 0.0 ], [ -89.157826, 13.608978, 0.0 ], [ -89.157813, 13.609006, 0.0 ], [ -89.157807, 13.609022, 0.0 ], [ -89.157803, 13.60903, 0.0 ], [ -89.157789, 13.609066, 0.0 ], [ -89.15778, 13.609089, 0.0 ], [ -89.157778, 13.609094, 0.0 ], [ -89.157771, 13.609117, 0.0 ], [ -89.157765, 13.609134, 0.0 ], [ -89.157765, 13.609137, 0.0 ], [ -89.157766, 13.609152, 0.0 ], [ -89.157767, 13.609167, 0.0 ], [ -89.157768, 13.609169, 0.0 ], [ -89.157774, 13.609184, 0.0 ], [ -89.157781, 13.6092, 0.0 ], [ -89.157782, 13.609201, 0.0 ], [ -89.157797, 13.609212, 0.0 ], [ -89.157815, 13.609226, 0.0 ], [ -89.157815, 13.609227, 0.0 ], [ -89.157832, 13.609237, 0.0 ], [ -89.157855, 13.60925, 0.0 ], [ -89.157863, 13.609261, 0.0 ], [ -89.157875, 13.609277, 0.0 ], [ -89.157875, 13.609278, 0.0 ], [ -89.157882, 13.609291, 0.0 ], [ -89.157893, 13.609314, 0.0 ], [ -89.157894, 13.609316, 0.0 ], [ -89.157897, 13.609328, 0.0 ], [ -89.157903, 13.609353, 0.0 ], [ -89.157903, 13.609356, 0.0 ], [ -89.157906, 13.609383, 0.0 ], [ -89.157914, 13.609452, 0.0 ], [ -89.157915, 13.609461, 0.0 ], [ -89.157928, 13.609484, 0.0 ], [ -89.157968, 13.609559, 0.0 ], [ -89.157974, 13.609571, 0.0 ], [ -89.157982, 13.609581, 0.0 ], [ -89.158018, 13.609625, 0.0 ], [ -89.158025, 13.609633, 0.0 ], [ -89.15803, 13.609638, 0.0 ], [ -89.158062, 13.609666, 0.0 ], [ -89.158069, 13.609672, 0.0 ], [ -89.15807, 13.609674, 0.0 ], [ -89.158081, 13.609686, 0.0 ], [ -89.158084, 13.609689, 0.0 ], [ -89.158085, 13.60969, 0.0 ], [ -89.158103, 13.609709, 0.0 ], [ -89.158108, 13.609714, 0.0 ], [ -89.158144, 13.609753, 0.0 ], [ -89.158152, 13.609761, 0.0 ], [ -89.158154, 13.609763, 0.0 ], [ -89.15819, 13.609803, 0.0 ], [ -89.158196, 13.609811, 0.0 ], [ -89.158201, 13.609816, 0.0 ], [ -89.158219, 13.609857, 0.0 ], [ -89.158222, 13.609864, 0.0 ], [ -89.158226, 13.609871, 0.0 ], [ -89.158239, 13.609917, 0.0 ], [ -89.15824, 13.609923, 0.0 ], [ -89.158244, 13.609934, 0.0 ], [ -89.158261, 13.610021, 0.0 ], [ -89.158262, 13.61003, 0.0 ], [ -89.158268, 13.610058, 0.0 ], [ -89.158273, 13.610116, 0.0 ], [ -89.158273, 13.610121, 0.0 ], [ -89.158275, 13.610144, 0.0 ], [ -89.158283, 13.610219, 0.0 ], [ -89.158284, 13.610222, 0.0 ], [ -89.158288, 13.610259, 0.0 ], [ -89.158331, 13.61042, 0.0 ], [ -89.158331, 13.610421, 0.0 ], [ -89.158356, 13.610512, 0.0 ], [ -89.158362, 13.610626, 0.0 ], [ -89.158363, 13.610629, 0.0 ], [ -89.158367, 13.610702, 0.0 ], [ -89.158372, 13.61076, 0.0 ], [ -89.158373, 13.610764, 0.0 ], [ -89.158377, 13.610806, 0.0 ], [ -89.158384, 13.610867, 0.0 ], [ -89.158385, 13.610875, 0.0 ], [ -89.158391, 13.610926, 0.0 ], [ -89.15837, 13.611162, 0.0 ], [ -89.158367, 13.611206, 0.0 ], [ -89.158347, 13.611432, 0.0 ], [ -89.158388, 13.611552, 0.0 ], [ -89.158399, 13.611583, 0.0 ], [ -89.158444, 13.611716, 0.0 ], [ -89.158461, 13.611795, 0.0 ], [ -89.158468, 13.611822, 0.0 ], [ -89.15849, 13.611924, 0.0 ], [ -89.158505, 13.611969, 0.0 ], [ -89.158512, 13.611991, 0.0 ], [ -89.158536, 13.61206, 0.0 ], [ -89.158557, 13.612153, 0.0 ], [ -89.15857, 13.612209, 0.0 ], [ -89.158609, 13.612378, 0.0 ], [ -89.158605, 13.612433, 0.0 ], [ -89.158603, 13.612478, 0.0 ], [ -89.158595, 13.612602, 0.0 ], [ -89.158587, 13.612634, 0.0 ], [ -89.158578, 13.61267, 0.0 ], [ -89.158554, 13.612761, 0.0 ], [ -89.158539, 13.612786, 0.0 ], [ -89.158515, 13.612825, 0.0 ], [ -89.158459, 13.61292, 0.0 ], [ -89.158451, 13.612932, 0.0 ], [ -89.158434, 13.612962, 0.0 ], [ -89.158394, 13.61303, 0.0 ], [ -89.158402, 13.613047, 0.0 ], [ -89.158434, 13.613119, 0.0 ], [ -89.158505, 13.613275, 0.0 ], [ -89.158505, 13.613276, 0.0 ], [ -89.15851, 13.613288, 0.0 ], [ -89.15852, 13.613311, 0.0 ], [ -89.158521, 13.613312, 0.0 ], [ -89.158531, 13.613328, 0.0 ], [ -89.15855, 13.61336, 0.0 ], [ -89.158552, 13.613363, 0.0 ], [ -89.158576, 13.613411, 0.0 ], [ -89.158624, 13.613508, 0.0 ], [ -89.158632, 13.613526, 0.0 ], [ -89.158648, 13.613555, 0.0 ], [ -89.15868, 13.613615, 0.0 ], [ -89.158688, 13.613631, 0.0 ], [ -89.158823, 13.613719, 0.0 ], [ -89.159112, 13.613908, 0.0 ], [ -89.159214, 13.613974, 0.0 ], [ -89.159261, 13.613964, 0.0 ], [ -89.159367, 13.61394, 0.0 ], [ -89.159414, 13.613929, 0.0 ], [ -89.159473, 13.61399, 0.0 ], [ -89.159613, 13.614134, 0.0 ], [ -89.15969, 13.614213, 0.0 ], [ -89.159732, 13.614243, 0.0 ], [ -89.159837, 13.614316, 0.0 ], [ -89.159908, 13.614365, 0.0 ], [ -89.159934, 13.614368, 0.0 ], [ -89.160004, 13.614377, 0.0 ], [ -89.160061, 13.614383, 0.0 ], [ -89.16011, 13.614408, 0.0 ], [ -89.160254, 13.614482, 0.0 ], [ -89.16039, 13.614551, 0.0 ], [ -89.160451, 13.61456, 0.0 ], [ -89.160646, 13.614589, 0.0 ], [ -89.16086, 13.614621, 0.0 ], [ -89.1609, 13.614607, 0.0 ], [ -89.161048, 13.614558, 0.0 ], [ -89.161236, 13.614495, 0.0 ], [ -89.16124, 13.614496, 0.0 ], [ -89.161256, 13.614499, 0.0 ], [ -89.16128, 13.614504, 0.0 ], [ -89.161301, 13.614501, 0.0 ], [ -89.16141, 13.614487, 0.0 ], [ -89.161596, 13.614463, 0.0 ], [ -89.161607, 13.614469, 0.0 ], [ -89.161691, 13.614515, 0.0 ], [ -89.161854, 13.614604, 0.0 ], [ -89.161867, 13.614611, 0.0 ], [ -89.162034, 13.614703, 0.0 ], [ -89.162409, 13.614908, 0.0 ], [ -89.162426, 13.61491, 0.0 ], [ -89.162439, 13.614912, 0.0 ], [ -89.162452, 13.615047, 0.0 ], [ -89.162476, 13.615177, 0.0 ], [ -89.162484, 13.615277, 0.0 ], [ -89.162513, 13.615416, 0.0 ], [ -89.162525, 13.615484, 0.0 ], [ -89.162537, 13.615563, 0.0 ], [ -89.162558, 13.61566, 0.0 ], [ -89.162597, 13.615764, 0.0 ], [ -89.162614, 13.615828, 0.0 ], [ -89.162661, 13.615892, 0.0 ], [ -89.1627, 13.615979, 0.0 ], [ -89.162733, 13.616055, 0.0 ], [ -89.162754, 13.616214, 0.0 ], [ -89.162793, 13.616305, 0.0 ], [ -89.162767, 13.616388, 0.0 ], [ -89.162726, 13.616457, 0.0 ], [ -89.1627, 13.616518, 0.0 ], [ -89.16269, 13.61664, 0.0 ], [ -89.162693, 13.616772, 0.0 ], [ -89.162851, 13.616942, 0.0 ], [ -89.162887, 13.617024, 0.0 ], [ -89.162987, 13.617284, 0.0 ], [ -89.163025, 13.61738, 0.0 ], [ -89.163081, 13.617475, 0.0 ], [ -89.163215, 13.617641, 0.0 ], [ -89.16331, 13.617753, 0.0 ], [ -89.163424, 13.617937, 0.0 ], [ -89.163492, 13.618078, 0.0 ], [ -89.163545, 13.618208, 0.0 ], [ -89.163603, 13.618293, 0.0 ], [ -89.163699, 13.618413, 0.0 ], [ -89.163748, 13.618481, 0.0 ], [ -89.163797, 13.618555, 0.0 ], [ -89.163919, 13.61873, 0.0 ], [ -89.163949, 13.618852, 0.0 ], [ -89.163977, 13.618973, 0.0 ], [ -89.16406, 13.619183, 0.0 ], [ -89.164109, 13.61927, 0.0 ], [ -89.164147, 13.619336, 0.0 ], [ -89.164158, 13.619376, 0.0 ], [ -89.164161, 13.619456, 0.0 ], [ -89.164133, 13.619571, 0.0 ], [ -89.164051, 13.619821, 0.0 ], [ -89.163903, 13.620191, 0.0 ], [ -89.163878, 13.620313, 0.0 ], [ -89.163869, 13.620506, 0.0 ], [ -89.163851, 13.6206, 0.0 ], [ -89.163826, 13.620703, 0.0 ], [ -89.163746, 13.620894, 0.0 ], [ -89.163716, 13.620994, 0.0 ], [ -89.163709, 13.621078, 0.0 ], [ -89.163716, 13.621152, 0.0 ], [ -89.163749, 13.621282, 0.0 ], [ -89.163787, 13.621426, 0.0 ], [ -89.163812, 13.621613, 0.0 ], [ -89.163821, 13.621786, 0.0 ], [ -89.163809, 13.621837, 0.0 ], [ -89.163796, 13.621892, 0.0 ], [ -89.163751, 13.622096, 0.0 ], [ -89.163706, 13.62233, 0.0 ], [ -89.163679, 13.622454, 0.0 ], [ -89.163706, 13.622539, 0.0 ], [ -89.163814, 13.622687, 0.0 ], [ -89.16375, 13.622664, 0.0 ], [ -89.163563, 13.622656, 0.0 ], [ -89.163525, 13.622654, 0.0 ], [ -89.163478, 13.622661, 0.0 ], [ -89.163357, 13.622702, 0.0 ], [ -89.1633, 13.622737, 0.0 ], [ -89.163192, 13.622775, 0.0 ], [ -89.163038, 13.622851, 0.0 ], [ -89.163001, 13.622863, 0.0 ], [ -89.162631, 13.62284, 0.0 ], [ -89.162383, 13.622822, 0.0 ], [ -89.162268, 13.622814, 0.0 ], [ -89.161981, 13.622775, 0.0 ], [ -89.161725, 13.622733, 0.0 ], [ -89.161499, 13.622701, 0.0 ], [ -89.161497, 13.622716, 0.0 ], [ -89.161466, 13.622782, 0.0 ], [ -89.161452, 13.62281, 0.0 ], [ -89.16143, 13.622856, 0.0 ], [ -89.161377, 13.622928, 0.0 ], [ -89.161349, 13.622965, 0.0 ], [ -89.161305, 13.623024, 0.0 ], [ -89.161305, 13.623281, 0.0 ], [ -89.161304, 13.623443, 0.0 ], [ -89.161304, 13.623694, 0.0 ], [ -89.161333, 13.623681, 0.0 ], [ -89.161356, 13.623672, 0.0 ], [ -89.16139, 13.623657, 0.0 ], [ -89.161411, 13.623652, 0.0 ], [ -89.161431, 13.623646, 0.0 ], [ -89.16146, 13.623638, 0.0 ], [ -89.161478, 13.623634, 0.0 ], [ -89.1615, 13.623628, 0.0 ], [ -89.161531, 13.623619, 0.0 ], [ -89.161577, 13.623622, 0.0 ], [ -89.161651, 13.623626, 0.0 ], [ -89.161753, 13.623631, 0.0 ], [ -89.161781, 13.623624, 0.0 ], [ -89.161841, 13.62361, 0.0 ], [ -89.161922, 13.62359, 0.0 ], [ -89.161945, 13.623595, 0.0 ], [ -89.162014, 13.62361, 0.0 ], [ -89.162107, 13.623629, 0.0 ], [ -89.162109, 13.623631, 0.0 ], [ -89.162119, 13.623638, 0.0 ], [ -89.162132, 13.623648, 0.0 ], [ -89.162144, 13.623655, 0.0 ], [ -89.162298, 13.623757, 0.0 ], [ -89.162492, 13.623885, 0.0 ], [ -89.162496, 13.623888, 0.0 ], [ -89.162555, 13.623917, 0.0 ], [ -89.162623, 13.623951, 0.0 ], [ -89.162631, 13.623955, 0.0 ], [ -89.162825, 13.623955, 0.0 ], [ -89.162874, 13.623948, 0.0 ], [ -89.162932, 13.623939, 0.0 ], [ -89.16295, 13.623937, 0.0 ], [ -89.162986, 13.623918, 0.0 ], [ -89.163029, 13.623895, 0.0 ], [ -89.163047, 13.623886, 0.0 ], [ -89.163112, 13.623859, 0.0 ], [ -89.163189, 13.623827, 0.0 ], [ -89.163232, 13.623809, 0.0 ], [ -89.163235, 13.623801, 0.0 ], [ -89.163238, 13.623791, 0.0 ], [ -89.163241, 13.623784, 0.0 ], [ -89.163277, 13.623688, 0.0 ], [ -89.16332, 13.623573, 0.0 ], [ -89.163356, 13.623475, 0.0 ], [ -89.163381, 13.623526, 0.0 ], [ -89.163412, 13.623589, 0.0 ], [ -89.163444, 13.623653, 0.0 ], [ -89.163446, 13.623658, 0.0 ], [ -89.16345, 13.623665, 0.0 ], [ -89.163454, 13.623672, 0.0 ], [ -89.163461, 13.623686, 0.0 ], [ -89.16347, 13.623702, 0.0 ], [ -89.163483, 13.623727, 0.0 ], [ -89.163495, 13.623751, 0.0 ], [ -89.163511, 13.62378, 0.0 ], [ -89.163539, 13.623833, 0.0 ], [ -89.16355, 13.623854, 0.0 ], [ -89.163564, 13.62388, 0.0 ], [ -89.163593, 13.623936, 0.0 ], [ -89.163606, 13.623958, 0.0 ], [ -89.163622, 13.623987, 0.0 ], [ -89.163663, 13.624058, 0.0 ], [ -89.163672, 13.624073, 0.0 ], [ -89.163684, 13.624094, 0.0 ], [ -89.16372, 13.624156, 0.0 ], [ -89.163767, 13.624259, 0.0 ], [ -89.163832, 13.624401, 0.0 ], [ -89.164059, 13.624896, 0.0 ], [ -89.164071, 13.624927, 0.0 ], [ -89.164089, 13.624971, 0.0 ], [ -89.164164, 13.625155, 0.0 ], [ -89.164165, 13.625158, 0.0 ], [ -89.164166, 13.625162, 0.0 ], [ -89.164174, 13.625181, 0.0 ], [ -89.164178, 13.625188, 0.0 ], [ -89.164185, 13.625201, 0.0 ], [ -89.164228, 13.625284, 0.0 ], [ -89.164232, 13.625289, 0.0 ], [ -89.164237, 13.625298, 0.0 ], [ -89.164285, 13.625373, 0.0 ], [ -89.164288, 13.625379, 0.0 ], [ -89.164297, 13.625393, 0.0 ], [ -89.1644, 13.625555, 0.0 ], [ -89.1644, 13.625556, 0.0 ], [ -89.164399, 13.625562, 0.0 ], [ -89.164397, 13.625662, 0.0 ], [ -89.164397, 13.625663, 0.0 ], [ -89.164396, 13.625666, 0.0 ], [ -89.164391, 13.625819, 0.0 ], [ -89.164391, 13.62582, 0.0 ], [ -89.164391, 13.625824, 0.0 ], [ -89.164388, 13.626223, 0.0 ], [ -89.164388, 13.626228, 0.0 ], [ -89.164388, 13.62625, 0.0 ], [ -89.164269, 13.626481, 0.0 ], [ -89.164264, 13.62649, 0.0 ], [ -89.164255, 13.626509, 0.0 ], [ -89.164122, 13.626627, 0.0 ], [ -89.164113, 13.626635, 0.0 ], [ -89.164098, 13.626648, 0.0 ], [ -89.163943, 13.62677, 0.0 ], [ -89.163927, 13.626782, 0.0 ], [ -89.163905, 13.6268, 0.0 ], [ -89.163828, 13.626878, 0.0 ], [ -89.163818, 13.626889, 0.0 ], [ -89.163804, 13.626903, 0.0 ], [ -89.163448, 13.627125, 0.0 ], [ -89.163385, 13.627165, 0.0 ], [ -89.163331, 13.627198, 0.0 ], [ -89.163307, 13.627213, 0.0 ], [ -89.163293, 13.627234, 0.0 ], [ -89.16329, 13.627239, 0.0 ], [ -89.163287, 13.627244, 0.0 ], [ -89.163254, 13.62727, 0.0 ], [ -89.163244, 13.627277, 0.0 ], [ -89.163234, 13.627285, 0.0 ], [ -89.163195, 13.627302, 0.0 ], [ -89.163182, 13.627308, 0.0 ], [ -89.163167, 13.627314, 0.0 ], [ -89.163136, 13.627301, 0.0 ], [ -89.163123, 13.627295, 0.0 ], [ -89.16311, 13.62729, 0.0 ], [ -89.163082, 13.627276, 0.0 ], [ -89.163069, 13.62727, 0.0 ], [ -89.163055, 13.627262, 0.0 ], [ -89.163029, 13.627254, 0.0 ], [ -89.163014, 13.62725, 0.0 ], [ -89.162998, 13.627244, 0.0 ], [ -89.162949, 13.627229, 0.0 ], [ -89.162915, 13.627218, 0.0 ], [ -89.162879, 13.627207, 0.0 ], [ -89.162858, 13.627198, 0.0 ], [ -89.16284, 13.62719, 0.0 ], [ -89.162821, 13.627182, 0.0 ], [ -89.162783, 13.627157, 0.0 ], [ -89.162744, 13.627131, 0.0 ], [ -89.162703, 13.627103, 0.0 ], [ -89.162669, 13.627095, 0.0 ], [ -89.162626, 13.627084, 0.0 ], [ -89.16258, 13.627073, 0.0 ], [ -89.162548, 13.627066, 0.0 ], [ -89.162495, 13.627054, 0.0 ], [ -89.162441, 13.627042, 0.0 ], [ -89.162422, 13.627032, 0.0 ], [ -89.162381, 13.627011, 0.0 ], [ -89.162339, 13.626988, 0.0 ], [ -89.162336, 13.626988, 0.0 ], [ -89.162327, 13.626986, 0.0 ], [ -89.162318, 13.626984, 0.0 ], [ -89.162303, 13.626987, 0.0 ], [ -89.162235, 13.626998, 0.0 ], [ -89.162166, 13.627009, 0.0 ], [ -89.162156, 13.627012, 0.0 ], [ -89.162077, 13.627031, 0.0 ], [ -89.161996, 13.627051, 0.0 ], [ -89.161996, 13.62705, 0.0 ], [ -89.161977, 13.627023, 0.0 ], [ -89.16196, 13.626998, 0.0 ], [ -89.161959, 13.626996, 0.0 ], [ -89.161782, 13.62697, 0.0 ], [ -89.161619, 13.626945, 0.0 ], [ -89.161592, 13.626941, 0.0 ], [ -89.16153, 13.627071, 0.0 ], [ -89.161473, 13.62719, 0.0 ], [ -89.161457, 13.627223, 0.0 ], [ -89.161464, 13.627306, 0.0 ], [ -89.16147, 13.627382, 0.0 ], [ -89.161472, 13.627413, 0.0 ], [ -89.161448, 13.62753, 0.0 ], [ -89.161426, 13.627636, 0.0 ], [ -89.161414, 13.627694, 0.0 ], [ -89.161443, 13.627848, 0.0 ], [ -89.16147, 13.627986, 0.0 ], [ -89.161488, 13.628083, 0.0 ], [ -89.161579, 13.62819, 0.0 ], [ -89.161658, 13.628284, 0.0 ], [ -89.161729, 13.628368, 0.0 ], [ -89.161809, 13.628303, 0.0 ], [ -89.161879, 13.628247, 0.0 ], [ -89.161955, 13.628186, 0.0 ], [ -89.162027, 13.628159, 0.0 ], [ -89.162087, 13.628136, 0.0 ], [ -89.162169, 13.628105, 0.0 ], [ -89.162343, 13.628087, 0.0 ], [ -89.16249, 13.628072, 0.0 ], [ -89.162726, 13.628047, 0.0 ], [ -89.16278, 13.628052, 0.0 ], [ -89.162824, 13.628056, 0.0 ], [ -89.16291, 13.628063, 0.0 ], [ -89.16295, 13.628071, 0.0 ], [ -89.162982, 13.628077, 0.0 ], [ -89.163058, 13.628092, 0.0 ], [ -89.163154, 13.628142, 0.0 ], [ -89.163228, 13.628181, 0.0 ], [ -89.163441, 13.628293, 0.0 ], [ -89.163483, 13.628316, 0.0 ], [ -89.163514, 13.628334, 0.0 ], [ -89.163624, 13.628397, 0.0 ], [ -89.163704, 13.628442, 0.0 ], [ -89.163761, 13.628475, 0.0 ], [ -89.164009, 13.628617, 0.0 ], [ -89.164095, 13.628665, 0.0 ], [ -89.164154, 13.628697, 0.0 ], [ -89.164476, 13.628875, 0.0 ], [ -89.164496, 13.62889, 0.0 ], [ -89.164509, 13.628899, 0.0 ], [ -89.164599, 13.628965, 0.0 ], [ -89.164558, 13.629039, 0.0 ], [ -89.164535, 13.629081, 0.0 ], [ -89.16431, 13.629483, 0.0 ], [ -89.164292, 13.629504, 0.0 ], [ -89.164283, 13.629514, 0.0 ], [ -89.164162, 13.629657, 0.0 ], [ -89.164107, 13.629691, 0.0 ], [ -89.164088, 13.629703, 0.0 ], [ -89.163617, 13.629996, 0.0 ], [ -89.163605, 13.630003, 0.0 ], [ -89.163603, 13.630004, 0.0 ], [ -89.16347, 13.630085, 0.0 ], [ -89.163476, 13.630091, 0.0 ], [ -89.163478, 13.630093, 0.0 ], [ -89.163602, 13.630214, 0.0 ], [ -89.163603, 13.630216, 0.0 ], [ -89.163614, 13.630228, 0.0 ], [ -89.163915, 13.630576, 0.0 ], [ -89.163928, 13.630591, 0.0 ], [ -89.163938, 13.630584, 0.0 ], [ -89.164477, 13.630228, 0.0 ], [ -89.164524, 13.630197, 0.0 ], [ -89.164527, 13.630195, 0.0 ], [ -89.164472, 13.630118, 0.0 ], [ -89.164465, 13.630108, 0.0 ], [ -89.164464, 13.630106, 0.0 ], [ -89.164721, 13.630066, 0.0 ], [ -89.164759, 13.63006, 0.0 ], [ -89.164774, 13.630057, 0.0 ], [ -89.164805, 13.629986, 0.0 ], [ -89.164811, 13.629973, 0.0 ], [ -89.164814, 13.629967, 0.0 ], [ -89.164739, 13.629825, 0.0 ], [ -89.164722, 13.629792, 0.0 ], [ -89.164713, 13.629775, 0.0 ], [ -89.164589, 13.629653, 0.0 ], [ -89.164555, 13.62962, 0.0 ], [ -89.164535, 13.629601, 0.0 ], [ -89.164682, 13.629605, 0.0 ], [ -89.16473, 13.629606, 0.0 ], [ -89.16476, 13.629607, 0.0 ], [ -89.1649, 13.629594, 0.0 ], [ -89.164955, 13.629588, 0.0 ], [ -89.16499, 13.629585, 0.0 ], [ -89.165044, 13.629559, 0.0 ], [ -89.165069, 13.629547, 0.0 ], [ -89.165085, 13.629539, 0.0 ], [ -89.165143, 13.629529, 0.0 ], [ -89.165174, 13.629524, 0.0 ], [ -89.165195, 13.62952, 0.0 ], [ -89.165368, 13.629491, 0.0 ], [ -89.165478, 13.629472, 0.0 ], [ -89.165556, 13.629459, 0.0 ], [ -89.16582, 13.629436, 0.0 ], [ -89.16602, 13.629419, 0.0 ], [ -89.166164, 13.629406, 0.0 ], [ -89.166215, 13.62939, 0.0 ], [ -89.166262, 13.629376, 0.0 ], [ -89.166296, 13.629365, 0.0 ], [ -89.166335, 13.629421, 0.0 ], [ -89.166377, 13.629482, 0.0 ], [ -89.166409, 13.629527, 0.0 ], [ -89.166413, 13.629533, 0.0 ], [ -89.166415, 13.629537, 0.0 ], [ -89.166418, 13.629541, 0.0 ], [ -89.166422, 13.629546, 0.0 ], [ -89.166426, 13.62956, 0.0 ], [ -89.166432, 13.629581, 0.0 ], [ -89.166436, 13.629597, 0.0 ], [ -89.166439, 13.629608, 0.0 ], [ -89.166445, 13.629629, 0.0 ], [ -89.16645, 13.629646, 0.0 ], [ -89.166453, 13.629658, 0.0 ], [ -89.166463, 13.629693, 0.0 ], [ -89.16647, 13.62972, 0.0 ], [ -89.166474, 13.629752, 0.0 ], [ -89.166486, 13.629875, 0.0 ], [ -89.166496, 13.629972, 0.0 ], [ -89.166494, 13.629992, 0.0 ], [ -89.16648, 13.630116, 0.0 ], [ -89.166469, 13.630215, 0.0 ], [ -89.166467, 13.630222, 0.0 ], [ -89.166444, 13.630319, 0.0 ], [ -89.166426, 13.630395, 0.0 ], [ -89.166426, 13.630396, 0.0 ], [ -89.166473, 13.630473, 0.0 ], [ -89.166507, 13.630529, 0.0 ], [ -89.166511, 13.630536, 0.0 ], [ -89.166512, 13.630543, 0.0 ], [ -89.166513, 13.630548, 0.0 ], [ -89.166514, 13.630549, 0.0 ], [ -89.166512, 13.630558, 0.0 ], [ -89.16651, 13.630565, 0.0 ], [ -89.16651, 13.630567, 0.0 ], [ -89.166467, 13.630767, 0.0 ], [ -89.166437, 13.630903, 0.0 ], [ -89.166421, 13.630977, 0.0 ], [ -89.166473, 13.631072, 0.0 ], [ -89.166508, 13.631134, 0.0 ], [ -89.166533, 13.63118, 0.0 ], [ -89.166597, 13.631415, 0.0 ], [ -89.166638, 13.631566, 0.0 ], [ -89.166677, 13.631708, 0.0 ], [ -89.166777, 13.632077, 0.0 ], [ -89.166839, 13.632308, 0.0 ], [ -89.166913, 13.63258, 0.0 ], [ -89.166901, 13.632639, 0.0 ], [ -89.166902, 13.632642, 0.0 ], [ -89.166919, 13.632686, 0.0 ], [ -89.166935, 13.632744, 0.0 ], [ -89.166984, 13.632846, 0.0 ], [ -89.167025, 13.633035, 0.0 ], [ -89.167111, 13.63334, 0.0 ], [ -89.167182, 13.633529, 0.0 ], [ -89.167305, 13.633803, 0.0 ], [ -89.167424, 13.634073, 0.0 ], [ -89.167518, 13.634353, 0.0 ], [ -89.167689, 13.63493, 0.0 ], [ -89.167693, 13.635003, 0.0 ], [ -89.167702, 13.635073, 0.0 ], [ -89.167787, 13.635093, 0.0 ], [ -89.167796, 13.635121, 0.0 ], [ -89.167799, 13.635132, 0.0 ], [ -89.167818, 13.635197, 0.0 ], [ -89.167851, 13.63536, 0.0 ], [ -89.167862, 13.635413, 0.0 ], [ -89.16795, 13.635838, 0.0 ], [ -89.167959, 13.635898, 0.0 ], [ -89.167962, 13.635914, 0.0 ], [ -89.16799, 13.636098, 0.0 ], [ -89.167999, 13.636134, 0.0 ], [ -89.168001, 13.63614, 0.0 ], [ -89.168032, 13.636269, 0.0 ], [ -89.168048, 13.63637, 0.0 ], [ -89.168049, 13.636378, 0.0 ], [ -89.168113, 13.6368, 0.0 ], [ -89.168124, 13.636858, 0.0 ], [ -89.168124, 13.636861, 0.0 ], [ -89.16818, 13.637162, 0.0 ], [ -89.168188, 13.637205, 0.0 ], [ -89.16819, 13.637216, 0.0 ], [ -89.168248, 13.637525, 0.0 ], [ -89.16825, 13.637537, 0.0 ], [ -89.168252, 13.637547, 0.0 ], [ -89.168274, 13.637699, 0.0 ], [ -89.168284, 13.637733, 0.0 ], [ -89.168308, 13.637821, 0.0 ], [ -89.168588, 13.638833, 0.0 ], [ -89.168593, 13.63885, 0.0 ], [ -89.168611, 13.638949, 0.0 ], [ -89.168793, 13.639951, 0.0 ], [ -89.168805, 13.64002, 0.0 ], [ -89.168818, 13.640023, 0.0 ], [ -89.168983, 13.640068, 0.0 ], [ -89.169004, 13.640074, 0.0 ], [ -89.169087, 13.640181, 0.0 ], [ -89.170695, 13.642224, 0.0 ], [ -89.170985, 13.642592, 0.0 ], [ -89.170986, 13.642593, 0.0 ], [ -89.171001, 13.642613, 0.0 ], [ -89.170876, 13.64262, 0.0 ], [ -89.170761, 13.642632, 0.0 ], [ -89.170556, 13.642678, 0.0 ], [ -89.170477, 13.642718, 0.0 ], [ -89.170387, 13.642783, 0.0 ], [ -89.170154, 13.642951, 0.0 ], [ -89.170028, 13.642974, 0.0 ], [ -89.169846, 13.642985, 0.0 ], [ -89.169752, 13.642964, 0.0 ], [ -89.169664, 13.642953, 0.0 ], [ -89.169598, 13.642965, 0.0 ], [ -89.169432, 13.642995, 0.0 ], [ -89.169145, 13.643075, 0.0 ], [ -89.169059, 13.643082, 0.0 ], [ -89.168863, 13.643072, 0.0 ], [ -89.168778, 13.643062, 0.0 ], [ -89.168658, 13.643067, 0.0 ], [ -89.16861, 13.643067, 0.0 ], [ -89.168563, 13.643067, 0.0 ], [ -89.168515, 13.643077, 0.0 ], [ -89.168473, 13.643109, 0.0 ], [ -89.168323, 13.643232, 0.0 ], [ -89.168255, 13.643321, 0.0 ], [ -89.16816, 13.643484, 0.0 ], [ -89.168111, 13.64363, 0.0 ], [ -89.168061, 13.643763, 0.0 ], [ -89.168037, 13.643804, 0.0 ], [ -89.167991, 13.643857, 0.0 ], [ -89.167931, 13.643887, 0.0 ], [ -89.167762, 13.643928, 0.0 ], [ -89.167635, 13.643926, 0.0 ], [ -89.167459, 13.643898, 0.0 ], [ -89.167359, 13.643852, 0.0 ], [ -89.167272, 13.643797, 0.0 ], [ -89.1672, 13.643748, 0.0 ], [ -89.167061, 13.643668, 0.0 ], [ -89.167018, 13.643661, 0.0 ], [ -89.166885, 13.643654, 0.0 ], [ -89.16673, 13.643699, 0.0 ], [ -89.166625, 13.643753, 0.0 ], [ -89.166429, 13.643868, 0.0 ], [ -89.1663, 13.643919, 0.0 ], [ -89.166202, 13.643915, 0.0 ], [ -89.166049, 13.643936, 0.0 ], [ -89.165906, 13.643928, 0.0 ], [ -89.165677, 13.643948, 0.0 ], [ -89.165559, 13.64403, 0.0 ], [ -89.165472, 13.644127, 0.0 ], [ -89.165303, 13.644241, 0.0 ], [ -89.164968, 13.644425, 0.0 ], [ -89.164848, 13.644471, 0.0 ], [ -89.164584, 13.64453, 0.0 ], [ -89.164419, 13.644563, 0.0 ], [ -89.164255, 13.644585, 0.0 ], [ -89.164153, 13.644595, 0.0 ], [ -89.163908, 13.644645, 0.0 ], [ -89.163676, 13.644665, 0.0 ], [ -89.163499, 13.644703, 0.0 ], [ -89.163271, 13.644714, 0.0 ], [ -89.163267, 13.644714, 0.0 ], [ -89.16306, 13.644784, 0.0 ], [ -89.162899, 13.644843, 0.0 ], [ -89.162774, 13.644892, 0.0 ], [ -89.162767, 13.644919, 0.0 ], [ -89.162377, 13.646474, 0.0 ], [ -89.162166, 13.647316, 0.0 ], [ -89.162014, 13.64792, 0.0 ], [ -89.161993, 13.647976, 0.0 ], [ -89.161979, 13.648012, 0.0 ], [ -89.161969, 13.648039, 0.0 ], [ -89.161783, 13.648606, 0.0 ], [ -89.161643, 13.64903, 0.0 ], [ -89.161536, 13.649357, 0.0 ], [ -89.161419, 13.649684, 0.0 ], [ -89.161316, 13.649975, 0.0 ], [ -89.161235, 13.650204, 0.0 ], [ -89.161196, 13.650267, 0.0 ], [ -89.161179, 13.650296, 0.0 ], [ -89.161156, 13.650334, 0.0 ], [ -89.161123, 13.650388, 0.0 ], [ -89.161113, 13.65045, 0.0 ], [ -89.1611, 13.650531, 0.0 ], [ -89.16109, 13.650597, 0.0 ], [ -89.161085, 13.650623, 0.0 ], [ -89.161079, 13.650665, 0.0 ], [ -89.161073, 13.6507, 0.0 ], [ -89.161068, 13.650713, 0.0 ], [ -89.161056, 13.650739, 0.0 ], [ -89.161046, 13.650762, 0.0 ], [ -89.161044, 13.650771, 0.0 ], [ -89.161036, 13.650795, 0.0 ], [ -89.16103, 13.650816, 0.0 ], [ -89.161028, 13.650823, 0.0 ], [ -89.161021, 13.650853, 0.0 ], [ -89.161015, 13.650878, 0.0 ], [ -89.161012, 13.650888, 0.0 ], [ -89.160994, 13.650947, 0.0 ], [ -89.160978, 13.651, 0.0 ], [ -89.160977, 13.651002, 0.0 ], [ -89.160967, 13.651035, 0.0 ], [ -89.160958, 13.651063, 0.0 ], [ -89.160958, 13.651064, 0.0 ], [ -89.160938, 13.651129, 0.0 ], [ -89.160922, 13.651182, 0.0 ], [ -89.16092, 13.651189, 0.0 ], [ -89.160907, 13.651217, 0.0 ], [ -89.160896, 13.651241, 0.0 ], [ -89.160894, 13.651247, 0.0 ], [ -89.160886, 13.651274, 0.0 ], [ -89.16088, 13.651296, 0.0 ], [ -89.160878, 13.651303, 0.0 ], [ -89.160871, 13.651331, 0.0 ], [ -89.160864, 13.651354, 0.0 ], [ -89.160861, 13.651365, 0.0 ], [ -89.160853, 13.651396, 0.0 ], [ -89.160846, 13.651421, 0.0 ], [ -89.160841, 13.651438, 0.0 ], [ -89.16083, 13.65148, 0.0 ], [ -89.160821, 13.651515, 0.0 ], [ -89.160813, 13.651543, 0.0 ], [ -89.160797, 13.651591, 0.0 ], [ -89.160784, 13.651628, 0.0 ], [ -89.160771, 13.651667, 0.0 ], [ -89.160637, 13.651674, 0.0 ], [ -89.160692, 13.651739, 0.0 ], [ -89.160805, 13.651886, 0.0 ], [ -89.160849, 13.651943, 0.0 ], [ -89.161071, 13.652154, 0.0 ], [ -89.161082, 13.652197, 0.0 ], [ -89.161138, 13.652266, 0.0 ], [ -89.161194, 13.652319, 0.0 ], [ -89.161296, 13.652408, 0.0 ], [ -89.161388, 13.652495, 0.0 ], [ -89.161613, 13.652728, 0.0 ], [ -89.161706, 13.652808, 0.0 ], [ -89.161776, 13.652835, 0.0 ], [ -89.161864, 13.652856, 0.0 ], [ -89.16194, 13.652867, 0.0 ], [ -89.161953, 13.652869, 0.0 ], [ -89.162128, 13.652882, 0.0 ], [ -89.16223, 13.652887, 0.0 ], [ -89.16234, 13.652876, 0.0 ], [ -89.162509, 13.652837, 0.0 ], [ -89.162383, 13.652945, 0.0 ], [ -89.1623, 13.652992, 0.0 ], [ -89.162297, 13.652992, 0.0 ], [ -89.162232, 13.653, 0.0 ], [ -89.162149, 13.652995, 0.0 ], [ -89.162063, 13.652979, 0.0 ], [ -89.162012, 13.652976, 0.0 ], [ -89.161894, 13.653, 0.0 ], [ -89.161873, 13.653001, 0.0 ], [ -89.161824, 13.653003, 0.0 ], [ -89.161768, 13.653024, 0.0 ], [ -89.161636, 13.653053, 0.0 ], [ -89.16158, 13.653074, 0.0 ], [ -89.161525, 13.653107, 0.0 ], [ -89.161499, 13.653157, 0.0 ], [ -89.161502, 13.653213, 0.0 ], [ -89.161537, 13.65341, 0.0 ], [ -89.161637, 13.653526, 0.0 ], [ -89.161742, 13.653679, 0.0 ], [ -89.161396, 13.653902, 0.0 ], [ -89.161328, 13.653945, 0.0 ], [ -89.161324, 13.653948, 0.0 ], [ -89.161028, 13.654159, 0.0 ], [ -89.160839, 13.654311, 0.0 ], [ -89.160805, 13.654946, 0.0 ], [ -89.160803, 13.654989, 0.0 ], [ -89.160733, 13.655363, 0.0 ], [ -89.160727, 13.655604, 0.0 ], [ -89.160717, 13.656029, 0.0 ], [ -89.160666, 13.656538, 0.0 ], [ -89.160749, 13.656575, 0.0 ], [ -89.160805, 13.656602, 0.0 ], [ -89.160894, 13.65666, 0.0 ], [ -89.160914, 13.65667, 0.0 ], [ -89.160935, 13.656673, 0.0 ], [ -89.160956, 13.65667, 0.0 ], [ -89.16108, 13.65662, 0.0 ], [ -89.161101, 13.656615, 0.0 ], [ -89.161111, 13.656617, 0.0 ], [ -89.161183, 13.656646, 0.0 ], [ -89.161178, 13.656663, 0.0 ], [ -89.161161, 13.65673, 0.0 ], [ -89.161111, 13.656929, 0.0 ], [ -89.161111, 13.656931, 0.0 ], [ -89.16111, 13.656935, 0.0 ], [ -89.161104, 13.656959, 0.0 ], [ -89.161102, 13.656966, 0.0 ], [ -89.161097, 13.656988, 0.0 ], [ -89.16106, 13.657134, 0.0 ], [ -89.161059, 13.657135, 0.0 ], [ -89.161058, 13.657142, 0.0 ], [ -89.161043, 13.6572, 0.0 ], [ -89.161042, 13.657201, 0.0 ], [ -89.161033, 13.657214, 0.0 ], [ -89.161033, 13.657215, 0.0 ], [ -89.161014, 13.657214, 0.0 ], [ -89.161014, 13.657228, 0.0 ], [ -89.160974, 13.65733, 0.0 ], [ -89.160942, 13.657417, 0.0 ], [ -89.160908, 13.657492, 0.0 ], [ -89.160868, 13.657555, 0.0 ], [ -89.160856, 13.657595, 0.0 ], [ -89.160844, 13.657635, 0.0 ], [ -89.160781, 13.657759, 0.0 ], [ -89.160718, 13.657883, 0.0 ], [ -89.160675, 13.657968, 0.0 ], [ -89.160632, 13.658053, 0.0 ], [ -89.160626, 13.658067, 0.0 ], [ -89.16062, 13.658081, 0.0 ], [ -89.16064, 13.658125, 0.0 ], [ -89.160621, 13.658146, 0.0 ], [ -89.16061, 13.658157, 0.0 ], [ -89.160594, 13.658175, 0.0 ], [ -89.160557, 13.658228, 0.0 ], [ -89.160533, 13.658263, 0.0 ], [ -89.160496, 13.658317, 0.0 ], [ -89.160482, 13.658341, 0.0 ], [ -89.160471, 13.658361, 0.0 ], [ -89.160454, 13.65839, 0.0 ], [ -89.160443, 13.658407, 0.0 ], [ -89.160432, 13.658425, 0.0 ], [ -89.160416, 13.65845, 0.0 ], [ -89.160402, 13.658469, 0.0 ], [ -89.160384, 13.658493, 0.0 ], [ -89.160358, 13.658528, 0.0 ], [ -89.160355, 13.658531, 0.0 ], [ -89.16035, 13.658536, 0.0 ], [ -89.160155, 13.65838, 0.0 ], [ -89.160134, 13.658345, 0.0 ], [ -89.159972, 13.658331, 0.0 ], [ -89.159861, 13.658283, 0.0 ], [ -89.159789, 13.65825, 0.0 ], [ -89.159749, 13.658243, 0.0 ], [ -89.159608, 13.65813, 0.0 ], [ -89.159531, 13.658028, 0.0 ], [ -89.159319, 13.658025, 0.0 ], [ -89.159089, 13.657901, 0.0 ], [ -89.158848, 13.65801, 0.0 ], [ -89.15875, 13.658, 0.0 ], [ -89.158718, 13.657994, 0.0 ], [ -89.158533, 13.657951, 0.0 ], [ -89.15853, 13.657962, 0.0 ], [ -89.158515, 13.65803, 0.0 ], [ -89.158476, 13.658206, 0.0 ], [ -89.158475, 13.658209, 0.0 ], [ -89.158472, 13.658224, 0.0 ], [ -89.158467, 13.658245, 0.0 ], [ -89.158458, 13.658284, 0.0 ], [ -89.158457, 13.65829, 0.0 ], [ -89.158448, 13.658339, 0.0 ], [ -89.158403, 13.658576, 0.0 ], [ -89.158403, 13.658577, 0.0 ], [ -89.158398, 13.65861, 0.0 ], [ -89.158371, 13.658801, 0.0 ], [ -89.15837, 13.658807, 0.0 ], [ -89.158357, 13.658899, 0.0 ], [ -89.158248, 13.659674, 0.0 ], [ -89.158241, 13.65972, 0.0 ], [ -89.158238, 13.659756, 0.0 ], [ -89.158189, 13.660317, 0.0 ], [ -89.158185, 13.660364, 0.0 ], [ -89.158188, 13.660364, 0.0 ], [ -89.158423, 13.660358, 0.0 ], [ -89.158441, 13.660357, 0.0 ], [ -89.158449, 13.660357, 0.0 ], [ -89.15829, 13.66099, 0.0 ], [ -89.158281, 13.661022, 0.0 ], [ -89.158268, 13.661075, 0.0 ], [ -89.158585, 13.661066, 0.0 ], [ -89.158594, 13.661066, 0.0 ], [ -89.158638, 13.661065, 0.0 ], [ -89.159178, 13.661167, 0.0 ], [ -89.15918, 13.661167, 0.0 ], [ -89.159285, 13.661187, 0.0 ], [ -89.159653, 13.661458, 0.0 ], [ -89.159661, 13.661464, 0.0 ], [ -89.159748, 13.661528, 0.0 ], [ -89.160055, 13.661832, 0.0 ], [ -89.16007, 13.661847, 0.0 ], [ -89.160157, 13.661933, 0.0 ], [ -89.160243, 13.662116, 0.0 ], [ -89.160251, 13.662132, 0.0 ], [ -89.160279, 13.662193, 0.0 ], [ -89.160392, 13.662527, 0.0 ], [ -89.160405, 13.662567, 0.0 ], [ -89.160449, 13.662698, 0.0 ], [ -89.160449, 13.662724, 0.0 ], [ -89.160449, 13.662728, 0.0 ], [ -89.160449, 13.66274, 0.0 ], [ -89.160879, 13.662759, 0.0 ], [ -89.16097, 13.662763, 0.0 ], [ -89.161198, 13.662773, 0.0 ], [ -89.161557, 13.662863, 0.0 ], [ -89.161653, 13.662887, 0.0 ], [ -89.161875, 13.662943, 0.0 ], [ -89.161844, 13.663068, 0.0 ], [ -89.161833, 13.663109, 0.0 ], [ -89.16181, 13.6632, 0.0 ], [ -89.16182, 13.663267, 0.0 ], [ -89.161825, 13.663295, 0.0 ], [ -89.161833, 13.663352, 0.0 ], [ -89.161868, 13.663397, 0.0 ], [ -89.161886, 13.66342, 0.0 ], [ -89.161921, 13.663465, 0.0 ], [ -89.161961, 13.66347, 0.0 ], [ -89.161985, 13.663473, 0.0 ], [ -89.162032, 13.66348, 0.0 ], [ -89.162052, 13.663465, 0.0 ], [ -89.162068, 13.663453, 0.0 ], [ -89.162097, 13.663432, 0.0 ], [ -89.162115, 13.663419, 0.0 ], [ -89.162132, 13.663406, 0.0 ], [ -89.162162, 13.663384, 0.0 ], [ -89.162155, 13.663647, 0.0 ], [ -89.162145, 13.663986, 0.0 ], [ -89.162128, 13.664564, 0.0 ], [ -89.162109, 13.664744, 0.0 ], [ -89.162075, 13.665053, 0.0 ], [ -89.162019, 13.665569, 0.0 ], [ -89.162017, 13.665569, 0.0 ], [ -89.162012, 13.665569, 0.0 ], [ -89.162003, 13.66557, 0.0 ], [ -89.161959, 13.665575, 0.0 ], [ -89.16179, 13.665593, 0.0 ], [ -89.161518, 13.665623, 0.0 ], [ -89.161504, 13.66562, 0.0 ], [ -89.161391, 13.665596, 0.0 ], [ -89.161213, 13.665557, 0.0 ], [ -89.161212, 13.665557, 0.0 ], [ -89.161097, 13.665537, 0.0 ], [ -89.160929, 13.665507, 0.0 ], [ -89.160918, 13.665505, 0.0 ], [ -89.160857, 13.665445, 0.0 ], [ -89.160769, 13.665356, 0.0 ], [ -89.160755, 13.665343, 0.0 ], [ -89.160657, 13.665208, 0.0 ], [ -89.160509, 13.665006, 0.0 ], [ -89.160473, 13.664956, 0.0 ], [ -89.160381, 13.664831, 0.0 ], [ -89.160238, 13.664637, 0.0 ], [ -89.16019, 13.66457, 0.0 ], [ -89.159987, 13.66454, 0.0 ], [ -89.159663, 13.664492, 0.0 ], [ -89.159519, 13.664471, 0.0 ], [ -89.159133, 13.664605, 0.0 ], [ -89.15849, 13.664827, 0.0 ], [ -89.15813, 13.664952, 0.0 ], [ -89.158011, 13.665008, 0.0 ], [ -89.157804, 13.665106, 0.0 ], [ -89.157662, 13.665173, 0.0 ], [ -89.157556, 13.665127, 0.0 ], [ -89.157364, 13.665044, 0.0 ], [ -89.157205, 13.664976, 0.0 ], [ -89.157201, 13.664991, 0.0 ], [ -89.15702, 13.665614, 0.0 ], [ -89.156665, 13.666837, 0.0 ], [ -89.156317, 13.668032, 0.0 ], [ -89.156285, 13.668004, 0.0 ], [ -89.15622, 13.667946, 0.0 ], [ -89.156146, 13.667881, 0.0 ], [ -89.15612, 13.667863, 0.0 ], [ -89.156062, 13.667825, 0.0 ], [ -89.155984, 13.667773, 0.0 ], [ -89.155954, 13.667758, 0.0 ], [ -89.155879, 13.66772, 0.0 ], [ -89.155763, 13.667662, 0.0 ], [ -89.155722, 13.667644, 0.0 ], [ -89.155609, 13.667596, 0.0 ], [ -89.155408, 13.66751, 0.0 ], [ -89.155369, 13.66749, 0.0 ], [ -89.155242, 13.667425, 0.0 ], [ -89.15498, 13.667292, 0.0 ], [ -89.154976, 13.667289, 0.0 ], [ -89.154956, 13.667277, 0.0 ], [ -89.154911, 13.667249, 0.0 ], [ -89.154909, 13.667248, 0.0 ], [ -89.1549, 13.667244, 0.0 ], [ -89.154874, 13.667233, 0.0 ], [ -89.154836, 13.667217, 0.0 ], [ -89.154762, 13.667185, 0.0 ], [ -89.154724, 13.667169, 0.0 ], [ -89.154663, 13.667144, 0.0 ], [ -89.154516, 13.667083, 0.0 ], [ -89.154438, 13.667051, 0.0 ], [ -89.154356, 13.667035, 0.0 ], [ -89.154099, 13.666984, 0.0 ], [ -89.153955, 13.666956, 0.0 ], [ -89.153894, 13.666944, 0.0 ], [ -89.153629, 13.666891, 0.0 ], [ -89.153473, 13.666861, 0.0 ], [ -89.15347, 13.66686, 0.0 ], [ -89.153468, 13.66686, 0.0 ], [ -89.153387, 13.666852, 0.0 ], [ -89.152141, 13.66672, 0.0 ], [ -89.151368, 13.666639, 0.0 ], [ -89.151356, 13.666637, 0.0 ], [ -89.15078, 13.666575, 0.0 ], [ -89.150449, 13.666539, 0.0 ], [ -89.150402, 13.666534, 0.0 ], [ -89.15008, 13.666388, 0.0 ], [ -89.149898, 13.666306, 0.0 ], [ -89.149846, 13.666282, 0.0 ], [ -89.149638, 13.666148, 0.0 ], [ -89.149522, 13.666073, 0.0 ], [ -89.14947, 13.66604, 0.0 ], [ -89.149216, 13.665935, 0.0 ], [ -89.149078, 13.665878, 0.0 ], [ -89.148991, 13.665842, 0.0 ], [ -89.148774, 13.665754, 0.0 ], [ -89.148658, 13.665707, 0.0 ], [ -89.148561, 13.665668, 0.0 ], [ -89.148232, 13.665525, 0.0 ], [ -89.148062, 13.665451, 0.0 ], [ -89.147878, 13.665372, 0.0 ], [ -89.147654, 13.665356, 0.0 ], [ -89.147541, 13.665348, 0.0 ], [ -89.147388, 13.665337, 0.0 ], [ -89.147344, 13.665329, 0.0 ], [ -89.147342, 13.665328, 0.0 ], [ -89.147323, 13.665324, 0.0 ], [ -89.147287, 13.665317, 0.0 ], [ -89.147222, 13.66528, 0.0 ], [ -89.147191, 13.665263, 0.0 ], [ -89.147126, 13.665227, 0.0 ], [ -89.147246, 13.665142, 0.0 ], [ -89.1473, 13.665104, 0.0 ], [ -89.147439, 13.665005, 0.0 ], [ -89.14747, 13.664992, 0.0 ], [ -89.147483, 13.664986, 0.0 ], [ -89.147526, 13.664967, 0.0 ], [ -89.147546, 13.664959, 0.0 ], [ -89.147555, 13.664956, 0.0 ], [ -89.147588, 13.664943, 0.0 ], [ -89.147592, 13.664954, 0.0 ], [ -89.147594, 13.664958, 0.0 ], [ -89.147601, 13.664979, 0.0 ], [ -89.14764, 13.664935, 0.0 ], [ -89.147653, 13.66492, 0.0 ], [ -89.147737, 13.664824, 0.0 ], [ -89.14776, 13.6648, 0.0 ], [ -89.147766, 13.664793, 0.0 ], [ -89.147823, 13.664731, 0.0 ], [ -89.147855, 13.66465, 0.0 ], [ -89.147862, 13.664631, 0.0 ], [ -89.147957, 13.664389, 0.0 ], [ -89.147977, 13.66437, 0.0 ], [ -89.14798, 13.664367, 0.0 ], [ -89.148049, 13.664301, 0.0 ], [ -89.148067, 13.664285, 0.0 ], [ -89.148068, 13.664283, 0.0 ], [ -89.148142, 13.664214, 0.0 ], [ -89.148154, 13.664199, 0.0 ], [ -89.148217, 13.664125, 0.0 ], [ -89.14822, 13.664117, 0.0 ], [ -89.14822, 13.664116, 0.0 ], [ -89.148242, 13.664062, 0.0 ], [ -89.148244, 13.664058, 0.0 ], [ -89.148245, 13.664055, 0.0 ], [ -89.148267, 13.664, 0.0 ], [ -89.148268, 13.663997, 0.0 ], [ -89.148269, 13.663991, 0.0 ], [ -89.148283, 13.663902, 0.0 ], [ -89.148283, 13.6639, 0.0 ], [ -89.148282, 13.663897, 0.0 ], [ -89.148269, 13.663845, 0.0 ], [ -89.148268, 13.663841, 0.0 ], [ -89.148268, 13.663839, 0.0 ], [ -89.148255, 13.663788, 0.0 ], [ -89.148253, 13.663782, 0.0 ], [ -89.148252, 13.663779, 0.0 ], [ -89.148196, 13.663651, 0.0 ], [ -89.148187, 13.66363, 0.0 ], [ -89.148186, 13.663628, 0.0 ], [ -89.148182, 13.663549, 0.0 ], [ -89.148181, 13.663534, 0.0 ], [ -89.148181, 13.663531, 0.0 ], [ -89.148167, 13.663385, 0.0 ], [ -89.148164, 13.663352, 0.0 ], [ -89.148163, 13.663341, 0.0 ], [ -89.14811, 13.663256, 0.0 ], [ -89.148096, 13.663233, 0.0 ], [ -89.14809, 13.663223, 0.0 ], [ -89.148036, 13.663094, 0.0 ], [ -89.148019, 13.663052, 0.0 ], [ -89.14801, 13.663032, 0.0 ], [ -89.14795, 13.662931, 0.0 ], [ -89.147928, 13.662893, 0.0 ], [ -89.147916, 13.662873, 0.0 ], [ -89.14785, 13.662764, 0.0 ], [ -89.147821, 13.662716, 0.0 ], [ -89.147804, 13.662688, 0.0 ], [ -89.147789, 13.662682, 0.0 ], [ -89.147781, 13.66268, 0.0 ], [ -89.147776, 13.662678, 0.0 ], [ -89.147762, 13.662673, 0.0 ], [ -89.147754, 13.66267, 0.0 ], [ -89.147748, 13.662668, 0.0 ], [ -89.147723, 13.662646, 0.0 ], [ -89.147707, 13.66263, 0.0 ], [ -89.147694, 13.662619, 0.0 ], [ -89.147672, 13.662599, 0.0 ], [ -89.147654, 13.662583, 0.0 ], [ -89.147641, 13.66257, 0.0 ], [ -89.147616, 13.662556, 0.0 ], [ -89.147593, 13.662541, 0.0 ], [ -89.147574, 13.66253, 0.0 ], [ -89.147516, 13.662514, 0.0 ], [ -89.14745, 13.662495, 0.0 ], [ -89.147396, 13.66248, 0.0 ], [ -89.14737, 13.66248, 0.0 ], [ -89.147334, 13.662481, 0.0 ], [ -89.147304, 13.662481, 0.0 ], [ -89.147247, 13.662488, 0.0 ], [ -89.147149, 13.662498, 0.0 ], [ -89.147066, 13.662508, 0.0 ], [ -89.14705, 13.662485, 0.0 ], [ -89.147016, 13.662434, 0.0 ], [ -89.146986, 13.662389, 0.0 ], [ -89.146974, 13.662371, 0.0 ], [ -89.146939, 13.662318, 0.0 ], [ -89.146907, 13.66227, 0.0 ], [ -89.146848, 13.662245, 0.0 ], [ -89.146589, 13.662137, 0.0 ], [ -89.146355, 13.662038, 0.0 ], [ -89.146331, 13.662014, 0.0 ], [ -89.146142, 13.661826, 0.0 ], [ -89.145968, 13.661654, 0.0 ], [ -89.145966, 13.661657, 0.0 ], [ -89.145919, 13.661738, 0.0 ], [ -89.145877, 13.66181, 0.0 ], [ -89.145874, 13.661814, 0.0 ], [ -89.145809, 13.66192, 0.0 ], [ -89.145753, 13.662011, 0.0 ], [ -89.145744, 13.662025, 0.0 ], [ -89.145688, 13.662023, 0.0 ], [ -89.145639, 13.662022, 0.0 ], [ -89.145626, 13.662021, 0.0 ], [ -89.145543, 13.661965, 0.0 ], [ -89.145471, 13.661916, 0.0 ], [ -89.145442, 13.661897, 0.0 ], [ -89.145405, 13.661889, 0.0 ], [ -89.145374, 13.661883, 0.0 ], [ -89.145357, 13.66188, 0.0 ], [ -89.145285, 13.661879, 0.0 ], [ -89.145222, 13.661878, 0.0 ], [ -89.145179, 13.661878, 0.0 ], [ -89.145119, 13.66194, 0.0 ], [ -89.145067, 13.661995, 0.0 ], [ -89.145022, 13.662043, 0.0 ], [ -89.145003, 13.662062, 0.0 ], [ -89.144987, 13.662079, 0.0 ], [ -89.144969, 13.662096, 0.0 ], [ -89.144957, 13.662109, 0.0 ], [ -89.144946, 13.662121, 0.0 ], [ -89.144931, 13.662135, 0.0 ], [ -89.144899, 13.662153, 0.0 ], [ -89.14487, 13.662168, 0.0 ], [ -89.144826, 13.662191, 0.0 ], [ -89.144796, 13.662207, 0.0 ], [ -89.144769, 13.662221, 0.0 ], [ -89.14472, 13.662247, 0.0 ], [ -89.144703, 13.66225, 0.0 ], [ -89.144686, 13.662252, 0.0 ], [ -89.144651, 13.662256, 0.0 ], [ -89.144635, 13.662258, 0.0 ], [ -89.14462, 13.66226, 0.0 ], [ -89.144581, 13.662265, 0.0 ], [ -89.144458, 13.662265, 0.0 ], [ -89.144451, 13.662263, 0.0 ], [ -89.144444, 13.662261, 0.0 ], [ -89.14442, 13.662254, 0.0 ], [ -89.144414, 13.662252, 0.0 ], [ -89.144408, 13.66225, 0.0 ], [ -89.144382, 13.662242, 0.0 ], [ -89.144374, 13.662234, 0.0 ], [ -89.144366, 13.662226, 0.0 ], [ -89.144324, 13.662183, 0.0 ], [ -89.144312, 13.662167, 0.0 ], [ -89.144299, 13.662151, 0.0 ], [ -89.144214, 13.662041, 0.0 ], [ -89.144205, 13.662029, 0.0 ], [ -89.144194, 13.662015, 0.0 ], [ -89.144105, 13.661899, 0.0 ], [ -89.144095, 13.661895, 0.0 ], [ -89.144083, 13.661891, 0.0 ], [ -89.143951, 13.661838, 0.0 ], [ -89.143941, 13.661834, 0.0 ], [ -89.143925, 13.661827, 0.0 ], [ -89.143689, 13.661723, 0.0 ], [ -89.143686, 13.661722, 0.0 ], [ -89.143675, 13.661717, 0.0 ], [ -89.14343, 13.661609, 0.0 ], [ -89.143427, 13.661608, 0.0 ], [ -89.143426, 13.661608, 0.0 ], [ -89.143354, 13.661578, 0.0 ], [ -89.143351, 13.661577, 0.0 ], [ -89.143298, 13.661556, 0.0 ], [ -89.143297, 13.661555, 0.0 ], [ -89.143294, 13.661554, 0.0 ], [ -89.143119, 13.661486, 0.0 ], [ -89.143112, 13.661483, 0.0 ], [ -89.143095, 13.661477, 0.0 ], [ -89.142861, 13.661504, 0.0 ], [ -89.142845, 13.661506, 0.0 ], [ -89.142815, 13.66151, 0.0 ], [ -89.142598, 13.661568, 0.0 ], [ -89.142578, 13.661574, 0.0 ], [ -89.142541, 13.661584, 0.0 ], [ -89.142473, 13.661602, 0.0 ], [ -89.142464, 13.661605, 0.0 ], [ -89.14245, 13.661609, 0.0 ], [ -89.142373, 13.661619, 0.0 ], [ -89.142361, 13.66162, 0.0 ], [ -89.142341, 13.661623, 0.0 ], [ -89.142209, 13.661636, 0.0 ], [ -89.142182, 13.661639, 0.0 ], [ -89.14214, 13.661643, 0.0 ], [ -89.142001, 13.661658, 0.0 ], [ -89.141967, 13.661661, 0.0 ], [ -89.141914, 13.661667, 0.0 ], [ -89.141905, 13.661668, 0.0 ], [ -89.141902, 13.661668, 0.0 ], [ -89.141898, 13.661669, 0.0 ], [ -89.141788, 13.661671, 0.0 ], [ -89.141748, 13.661673, 0.0 ], [ -89.141689, 13.661674, 0.0 ], [ -89.141605, 13.661676, 0.0 ], [ -89.141568, 13.661677, 0.0 ], [ -89.141515, 13.661679, 0.0 ], [ -89.14148, 13.66168, 0.0 ], [ -89.141461, 13.661681, 0.0 ], [ -89.141434, 13.661682, 0.0 ], [ -89.141353, 13.661716, 0.0 ], [ -89.141302, 13.661738, 0.0 ], [ -89.14123, 13.661768, 0.0 ], [ -89.141169, 13.661794, 0.0 ], [ -89.141123, 13.661813, 0.0 ], [ -89.141058, 13.661841, 0.0 ], [ -89.140984, 13.661877, 0.0 ], [ -89.140915, 13.661911, 0.0 ], [ -89.140818, 13.661959, 0.0 ], [ -89.140789, 13.661978, 0.0 ], [ -89.140754, 13.662, 0.0 ], [ -89.140706, 13.66203, 0.0 ], [ -89.140649, 13.66209, 0.0 ], [ -89.140565, 13.66218, 0.0 ], [ -89.140449, 13.662304, 0.0 ], [ -89.140429, 13.662322, 0.0 ], [ -89.14039, 13.662358, 0.0 ], [ -89.140336, 13.662408, 0.0 ], [ -89.140273, 13.66246, 0.0 ], [ -89.140097, 13.662602, 0.0 ], [ -89.139857, 13.662797, 0.0 ], [ -89.139852, 13.6628, 0.0 ], [ -89.139828, 13.662812, 0.0 ], [ -89.139796, 13.662829, 0.0 ], [ -89.139794, 13.662832, 0.0 ], [ -89.13978, 13.662866, 0.0 ], [ -89.139774, 13.662883, 0.0 ], [ -89.139762, 13.662913, 0.0 ], [ -89.139762, 13.662924, 0.0 ], [ -89.139762, 13.662938, 0.0 ], [ -89.139762, 13.662939, 0.0 ], [ -89.139763, 13.66298, 0.0 ], [ -89.139764, 13.663033, 0.0 ], [ -89.139765, 13.663042, 0.0 ], [ -89.139789, 13.663074, 0.0 ], [ -89.13982, 13.663116, 0.0 ], [ -89.139828, 13.663128, 0.0 ], [ -89.139891, 13.663175, 0.0 ], [ -89.139975, 13.663239, 0.0 ], [ -89.140006, 13.663263, 0.0 ], [ -89.140015, 13.663294, 0.0 ], [ -89.140029, 13.663337, 0.0 ], [ -89.140035, 13.663358, 0.0 ], [ -89.14004, 13.663382, 0.0 ], [ -89.140048, 13.663416, 0.0 ], [ -89.140052, 13.663437, 0.0 ], [ -89.140067, 13.663448, 0.0 ], [ -89.140088, 13.663464, 0.0 ], [ -89.140104, 13.663477, 0.0 ], [ -89.140108, 13.663485, 0.0 ], [ -89.140113, 13.663498, 0.0 ], [ -89.140118, 13.66351, 0.0 ], [ -89.140119, 13.663537, 0.0 ], [ -89.140121, 13.663581, 0.0 ], [ -89.140122, 13.663627, 0.0 ], [ -89.140134, 13.663643, 0.0 ], [ -89.140155, 13.663671, 0.0 ], [ -89.14018, 13.663705, 0.0 ], [ -89.140191, 13.663716, 0.0 ], [ -89.140212, 13.663736, 0.0 ], [ -89.140241, 13.663765, 0.0 ], [ -89.140254, 13.663779, 0.0 ], [ -89.140281, 13.663808, 0.0 ], [ -89.140325, 13.663855, 0.0 ], [ -89.140334, 13.663864, 0.0 ], [ -89.140354, 13.663882, 0.0 ], [ -89.140392, 13.663918, 0.0 ], [ -89.140395, 13.663924, 0.0 ], [ -89.140403, 13.663939, 0.0 ], [ -89.140421, 13.663973, 0.0 ], [ -89.140422, 13.663976, 0.0 ], [ -89.140426, 13.663988, 0.0 ], [ -89.140434, 13.664019, 0.0 ], [ -89.140434, 13.664022, 0.0 ], [ -89.140433, 13.664035, 0.0 ], [ -89.14043, 13.664073, 0.0 ], [ -89.140431, 13.664074, 0.0 ], [ -89.140434, 13.664081, 0.0 ], [ -89.140435, 13.664082, 0.0 ], [ -89.140446, 13.664103, 0.0 ], [ -89.140445, 13.664104, 0.0 ], [ -89.140435, 13.664123, 0.0 ], [ -89.140396, 13.664197, 0.0 ], [ -89.140395, 13.664199, 0.0 ], [ -89.140378, 13.664227, 0.0 ], [ -89.1403, 13.664361, 0.0 ], [ -89.140296, 13.664368, 0.0 ], [ -89.140287, 13.664404, 0.0 ], [ -89.14023, 13.664641, 0.0 ], [ -89.140226, 13.664659, 0.0 ], [ -89.140218, 13.664674, 0.0 ], [ -89.140141, 13.664833, 0.0 ], [ -89.140132, 13.66485, 0.0 ], [ -89.140089, 13.664887, 0.0 ], [ -89.139027, 13.665777, 0.0 ], [ -89.138896, 13.665887, 0.0 ], [ -89.138885, 13.665896, 0.0 ], [ -89.138776, 13.666103, 0.0 ], [ -89.138765, 13.666124, 0.0 ], [ -89.138759, 13.666137, 0.0 ], [ -89.138684, 13.666189, 0.0 ], [ -89.138678, 13.666193, 0.0 ], [ -89.13867, 13.666199, 0.0 ], [ -89.138568, 13.666258, 0.0 ], [ -89.138562, 13.666262, 0.0 ], [ -89.138544, 13.666272, 0.0 ], [ -89.138337, 13.666276, 0.0 ], [ -89.13833, 13.666276, 0.0 ], [ -89.138281, 13.666277, 0.0 ], [ -89.138272, 13.666456, 0.0 ], [ -89.138272, 13.666458, 0.0 ], [ -89.138269, 13.666512, 0.0 ], [ -89.138262, 13.666551, 0.0 ], [ -89.138262, 13.666552, 0.0 ], [ -89.138259, 13.666566, 0.0 ], [ -89.13825, 13.66659, 0.0 ], [ -89.138249, 13.666591, 0.0 ], [ -89.138245, 13.666601, 0.0 ], [ -89.138232, 13.666617, 0.0 ], [ -89.138231, 13.666618, 0.0 ], [ -89.138224, 13.666625, 0.0 ], [ -89.137914, 13.666882, 0.0 ], [ -89.137878, 13.666912, 0.0 ], [ -89.137705, 13.667056, 0.0 ], [ -89.137653, 13.667104, 0.0 ], [ -89.137645, 13.667112, 0.0 ], [ -89.137612, 13.667144, 0.0 ], [ -89.13758, 13.667183, 0.0 ], [ -89.137573, 13.667191, 0.0 ], [ -89.137548, 13.667221, 0.0 ], [ -89.137533, 13.667243, 0.0 ], [ -89.137528, 13.66725, 0.0 ], [ -89.137515, 13.66727, 0.0 ], [ -89.137506, 13.667343, 0.0 ], [ -89.137503, 13.667368, 0.0 ], [ -89.137494, 13.667444, 0.0 ], [ -89.137492, 13.667472, 0.0 ], [ -89.137492, 13.667484, 0.0 ], [ -89.13749, 13.667518, 0.0 ], [ -89.137417, 13.667573, 0.0 ], [ -89.137377, 13.667605, 0.0 ], [ -89.137272, 13.667685, 0.0 ], [ -89.13724, 13.667748, 0.0 ], [ -89.137218, 13.667792, 0.0 ], [ -89.137163, 13.667901, 0.0 ], [ -89.137133, 13.667938, 0.0 ], [ -89.137106, 13.667972, 0.0 ], [ -89.137042, 13.668052, 0.0 ], [ -89.137006, 13.668073, 0.0 ], [ -89.136963, 13.668098, 0.0 ], [ -89.136865, 13.668155, 0.0 ], [ -89.136849, 13.668173, 0.0 ], [ -89.136822, 13.668203, 0.0 ], [ -89.136763, 13.668269, 0.0 ], [ -89.136753, 13.668272, 0.0 ], [ -89.136728, 13.668279, 0.0 ], [ -89.136674, 13.668295, 0.0 ], [ -89.136667, 13.668297, 0.0 ], [ -89.13664, 13.668305, 0.0 ], [ -89.136584, 13.668321, 0.0 ], [ -89.136583, 13.668321, 0.0 ], [ -89.136575, 13.668329, 0.0 ], [ -89.13656, 13.668345, 0.0 ], [ -89.136559, 13.668346, 0.0 ], [ -89.136554, 13.668354, 0.0 ], [ -89.136545, 13.668368, 0.0 ], [ -89.136544, 13.66837, 0.0 ], [ -89.136541, 13.668374, 0.0 ], [ -89.136536, 13.668381, 0.0 ], [ -89.136535, 13.668383, 0.0 ], [ -89.136531, 13.668395, 0.0 ], [ -89.136523, 13.668421, 0.0 ], [ -89.136521, 13.668427, 0.0 ], [ -89.136517, 13.668444, 0.0 ], [ -89.13651, 13.668481, 0.0 ], [ -89.136507, 13.668494, 0.0 ], [ -89.136506, 13.668498, 0.0 ], [ -89.136504, 13.668509, 0.0 ], [ -89.136503, 13.668513, 0.0 ], [ -89.136501, 13.668524, 0.0 ], [ -89.136496, 13.66855, 0.0 ], [ -89.136493, 13.668564, 0.0 ], [ -89.136489, 13.66857, 0.0 ], [ -89.13648, 13.668587, 0.0 ], [ -89.136473, 13.668597, 0.0 ], [ -89.136472, 13.6686, 0.0 ], [ -89.136468, 13.668609, 0.0 ], [ -89.136466, 13.668616, 0.0 ], [ -89.136465, 13.668619, 0.0 ], [ -89.136463, 13.66863, 0.0 ], [ -89.136461, 13.66864, 0.0 ], [ -89.136461, 13.668644, 0.0 ], [ -89.136461, 13.668657, 0.0 ], [ -89.136461, 13.668672, 0.0 ], [ -89.136461, 13.668676, 0.0 ], [ -89.136461, 13.66868, 0.0 ], [ -89.136459, 13.668684, 0.0 ], [ -89.136445, 13.668716, 0.0 ], [ -89.136427, 13.668758, 0.0 ], [ -89.136426, 13.66876, 0.0 ], [ -89.136419, 13.668774, 0.0 ], [ -89.136408, 13.668795, 0.0 ], [ -89.136405, 13.668808, 0.0 ], [ -89.136399, 13.668828, 0.0 ], [ -89.136399, 13.668829, 0.0 ], [ -89.136397, 13.66884, 0.0 ], [ -89.136394, 13.668861, 0.0 ], [ -89.136394, 13.668863, 0.0 ], [ -89.136395, 13.668866, 0.0 ], [ -89.136398, 13.668873, 0.0 ], [ -89.136399, 13.668874, 0.0 ], [ -89.136405, 13.668882, 0.0 ], [ -89.136425, 13.668906, 0.0 ], [ -89.136427, 13.668909, 0.0 ], [ -89.136432, 13.668914, 0.0 ], [ -89.136451, 13.668932, 0.0 ], [ -89.136454, 13.668935, 0.0 ], [ -89.136459, 13.668939, 0.0 ], [ -89.136486, 13.668959, 0.0 ], [ -89.136491, 13.668963, 0.0 ], [ -89.136496, 13.668967, 0.0 ], [ -89.136533, 13.668995, 0.0 ], [ -89.136541, 13.669001, 0.0 ], [ -89.136543, 13.669003, 0.0 ], [ -89.136566, 13.669034, 0.0 ], [ -89.136572, 13.669041, 0.0 ], [ -89.13658, 13.669047, 0.0 ], [ -89.136581, 13.669049, 0.0 ], [ -89.136582, 13.669049, 0.0 ], [ -89.136604, 13.669051, 0.0 ], [ -89.136609, 13.669051, 0.0 ], [ -89.136611, 13.669051, 0.0 ], [ -89.136624, 13.669054, 0.0 ], [ -89.136627, 13.669055, 0.0 ], [ -89.136629, 13.669056, 0.0 ], [ -89.136653, 13.669065, 0.0 ], [ -89.136657, 13.669067, 0.0 ], [ -89.136662, 13.669069, 0.0 ], [ -89.136674, 13.669079, 0.0 ], [ -89.136676, 13.66908, 0.0 ], [ -89.13668, 13.669083, 0.0 ], [ -89.136683, 13.669087, 0.0 ], [ -89.136684, 13.669088, 0.0 ], [ -89.136685, 13.669089, 0.0 ], [ -89.136692, 13.669102, 0.0 ], [ -89.136693, 13.669103, 0.0 ], [ -89.136696, 13.669108, 0.0 ], [ -89.136705, 13.669125, 0.0 ], [ -89.136706, 13.669127, 0.0 ], [ -89.13671, 13.669136, 0.0 ], [ -89.136728, 13.669191, 0.0 ], [ -89.136729, 13.669194, 0.0 ], [ -89.13674, 13.66923, 0.0 ], [ -89.136743, 13.669242, 0.0 ], [ -89.136744, 13.669242, 0.0 ], [ -89.136746, 13.669251, 0.0 ], [ -89.136746, 13.669252, 0.0 ], [ -89.136747, 13.669253, 0.0 ], [ -89.136748, 13.669255, 0.0 ], [ -89.13675, 13.669258, 0.0 ], [ -89.136754, 13.669259, 0.0 ], [ -89.136759, 13.66926, 0.0 ], [ -89.136764, 13.669259, 0.0 ], [ -89.136765, 13.669259, 0.0 ], [ -89.136772, 13.669257, 0.0 ], [ -89.136779, 13.669256, 0.0 ], [ -89.136781, 13.669256, 0.0 ], [ -89.136792, 13.669255, 0.0 ], [ -89.136799, 13.669257, 0.0 ], [ -89.136801, 13.669258, 0.0 ], [ -89.136814, 13.669262, 0.0 ], [ -89.136818, 13.669265, 0.0 ], [ -89.13682, 13.669266, 0.0 ], [ -89.136829, 13.669271, 0.0 ], [ -89.136831, 13.669274, 0.0 ], [ -89.136833, 13.669276, 0.0 ], [ -89.136839, 13.669285, 0.0 ], [ -89.136841, 13.669287, 0.0 ], [ -89.136842, 13.669289, 0.0 ], [ -89.136846, 13.669297, 0.0 ], [ -89.136846, 13.6693, 0.0 ], [ -89.136845, 13.669304, 0.0 ], [ -89.136844, 13.669318, 0.0 ], [ -89.136843, 13.66932, 0.0 ], [ -89.136842, 13.669323, 0.0 ], [ -89.136839, 13.669335, 0.0 ], [ -89.136839, 13.669336, 0.0 ], [ -89.136838, 13.669339, 0.0 ], [ -89.136834, 13.669348, 0.0 ], [ -89.13683, 13.669355, 0.0 ], [ -89.136817, 13.669377, 0.0 ], [ -89.136816, 13.669378, 0.0 ], [ -89.136812, 13.669383, 0.0 ], [ -89.136801, 13.669401, 0.0 ], [ -89.1368, 13.669403, 0.0 ], [ -89.136793, 13.669411, 0.0 ], [ -89.136771, 13.669439, 0.0 ], [ -89.136767, 13.669444, 0.0 ], [ -89.136765, 13.669445, 0.0 ], [ -89.136758, 13.669451, 0.0 ], [ -89.136756, 13.669452, 0.0 ], [ -89.13675, 13.669455, 0.0 ], [ -89.136725, 13.669469, 0.0 ], [ -89.136716, 13.669474, 0.0 ], [ -89.136711, 13.669477, 0.0 ], [ -89.136682, 13.669494, 0.0 ], [ -89.13667, 13.669501, 0.0 ], [ -89.136665, 13.669506, 0.0 ], [ -89.136634, 13.669533, 0.0 ], [ -89.136619, 13.669547, 0.0 ], [ -89.136618, 13.669549, 0.0 ], [ -89.13661, 13.669559, 0.0 ], [ -89.136605, 13.669565, 0.0 ], [ -89.136604, 13.669566, 0.0 ], [ -89.136596, 13.669577, 0.0 ], [ -89.136591, 13.669584, 0.0 ], [ -89.136591, 13.669585, 0.0 ], [ -89.136584, 13.669596, 0.0 ], [ -89.136579, 13.669604, 0.0 ], [ -89.136574, 13.669613, 0.0 ], [ -89.13657, 13.669621, 0.0 ], [ -89.136567, 13.669627, 0.0 ], [ -89.136564, 13.669633, 0.0 ], [ -89.136561, 13.669644, 0.0 ], [ -89.136559, 13.669656, 0.0 ], [ -89.136558, 13.669658, 0.0 ], [ -89.136557, 13.669666, 0.0 ], [ -89.136556, 13.669676, 0.0 ], [ -89.136556, 13.669678, 0.0 ], [ -89.136555, 13.66968, 0.0 ], [ -89.136555, 13.669682, 0.0 ], [ -89.136555, 13.669683, 0.0 ], [ -89.136554, 13.669692, 0.0 ], [ -89.136553, 13.669709, 0.0 ], [ -89.136552, 13.669713, 0.0 ], [ -89.136552, 13.669719, 0.0 ], [ -89.136551, 13.669733, 0.0 ], [ -89.136551, 13.669737, 0.0 ], [ -89.13655, 13.669744, 0.0 ], [ -89.136549, 13.669765, 0.0 ], [ -89.136549, 13.669772, 0.0 ], [ -89.136549, 13.669774, 0.0 ], [ -89.136548, 13.669781, 0.0 ], [ -89.136547, 13.669784, 0.0 ], [ -89.136546, 13.669791, 0.0 ], [ -89.136539, 13.669826, 0.0 ], [ -89.136536, 13.66984, 0.0 ], [ -89.136535, 13.669841, 0.0 ], [ -89.136531, 13.669854, 0.0 ], [ -89.13653, 13.669859, 0.0 ], [ -89.136529, 13.66986, 0.0 ], [ -89.136523, 13.669876, 0.0 ], [ -89.13652, 13.669883, 0.0 ], [ -89.136517, 13.66989, 0.0 ], [ -89.136516, 13.669893, 0.0 ], [ -89.136512, 13.669901, 0.0 ], [ -89.13651, 13.669904, 0.0 ], [ -89.13651, 13.669905, 0.0 ], [ -89.136504, 13.669912, 0.0 ], [ -89.136502, 13.669914, 0.0 ], [ -89.136501, 13.669916, 0.0 ], [ -89.136493, 13.669926, 0.0 ], [ -89.13649, 13.66993, 0.0 ], [ -89.136488, 13.669933, 0.0 ], [ -89.136486, 13.669934, 0.0 ], [ -89.136485, 13.669935, 0.0 ], [ -89.136484, 13.669936, 0.0 ], [ -89.136483, 13.66994, 0.0 ], [ -89.136483, 13.669941, 0.0 ], [ -89.136483, 13.669943, 0.0 ], [ -89.136483, 13.669953, 0.0 ], [ -89.136483, 13.669964, 0.0 ], [ -89.136484, 13.669966, 0.0 ], [ -89.136484, 13.669973, 0.0 ], [ -89.136484, 13.669987, 0.0 ], [ -89.136479, 13.670003, 0.0 ], [ -89.136478, 13.670006, 0.0 ], [ -89.136474, 13.670021, 0.0 ], [ -89.136471, 13.670028, 0.0 ], [ -89.136471, 13.67003, 0.0 ], [ -89.136468, 13.670038, 0.0 ], [ -89.136466, 13.670042, 0.0 ], [ -89.136466, 13.670043, 0.0 ], [ -89.136464, 13.670047, 0.0 ], [ -89.136463, 13.670051, 0.0 ], [ -89.136463, 13.670052, 0.0 ], [ -89.136461, 13.670058, 0.0 ], [ -89.13646, 13.670062, 0.0 ], [ -89.13646, 13.670063, 0.0 ], [ -89.13646, 13.670071, 0.0 ], [ -89.13646, 13.670074, 0.0 ], [ -89.136461, 13.670079, 0.0 ], [ -89.136461, 13.67009, 0.0 ], [ -89.136461, 13.670093, 0.0 ], [ -89.13646, 13.6701, 0.0 ], [ -89.13646, 13.670111, 0.0 ], [ -89.13646, 13.670113, 0.0 ], [ -89.136459, 13.670114, 0.0 ], [ -89.136458, 13.67012, 0.0 ], [ -89.136458, 13.670122, 0.0 ], [ -89.136457, 13.670123, 0.0 ], [ -89.136454, 13.670134, 0.0 ], [ -89.136453, 13.670136, 0.0 ], [ -89.136452, 13.67014, 0.0 ], [ -89.136446, 13.670166, 0.0 ], [ -89.136446, 13.670167, 0.0 ], [ -89.136445, 13.670171, 0.0 ], [ -89.136441, 13.670197, 0.0 ], [ -89.13644, 13.670204, 0.0 ], [ -89.136439, 13.670238, 0.0 ], [ -89.136438, 13.67024, 0.0 ], [ -89.136438, 13.670241, 0.0 ], [ -89.136438, 13.670245, 0.0 ], [ -89.136438, 13.670249, 0.0 ], [ -89.136436, 13.670279, 0.0 ], [ -89.136436, 13.670284, 0.0 ], [ -89.136436, 13.670286, 0.0 ], [ -89.136436, 13.670304, 0.0 ], [ -89.136436, 13.670309, 0.0 ], [ -89.136435, 13.670311, 0.0 ], [ -89.136425, 13.670336, 0.0 ], [ -89.136422, 13.670344, 0.0 ], [ -89.136421, 13.670345, 0.0 ], [ -89.136409, 13.670367, 0.0 ], [ -89.136404, 13.670376, 0.0 ], [ -89.136389, 13.6704, 0.0 ], [ -89.136383, 13.67041, 0.0 ], [ -89.136382, 13.670411, 0.0 ], [ -89.136378, 13.670425, 0.0 ], [ -89.136376, 13.670432, 0.0 ], [ -89.136376, 13.670433, 0.0 ], [ -89.136372, 13.670447, 0.0 ], [ -89.136371, 13.670455, 0.0 ], [ -89.13637, 13.670457, 0.0 ], [ -89.136367, 13.670465, 0.0 ], [ -89.136365, 13.67047, 0.0 ], [ -89.136365, 13.670472, 0.0 ], [ -89.136359, 13.670478, 0.0 ], [ -89.136355, 13.670482, 0.0 ], [ -89.136354, 13.670484, 0.0 ], [ -89.136347, 13.670491, 0.0 ], [ -89.136341, 13.670496, 0.0 ], [ -89.136339, 13.670499, 0.0 ], [ -89.136334, 13.670504, 0.0 ], [ -89.136329, 13.67051, 0.0 ], [ -89.136327, 13.670512, 0.0 ], [ -89.136324, 13.67052, 0.0 ], [ -89.136321, 13.670529, 0.0 ], [ -89.13632, 13.670533, 0.0 ], [ -89.136318, 13.670541, 0.0 ], [ -89.136316, 13.670551, 0.0 ], [ -89.136314, 13.670556, 0.0 ], [ -89.13631, 13.67056, 0.0 ], [ -89.136303, 13.670567, 0.0 ], [ -89.136299, 13.670571, 0.0 ], [ -89.136299, 13.670573, 0.0 ], [ -89.136297, 13.670577, 0.0 ], [ -89.136296, 13.670579, 0.0 ], [ -89.136295, 13.670582, 0.0 ], [ -89.136295, 13.670587, 0.0 ], [ -89.136294, 13.670591, 0.0 ], [ -89.136294, 13.670594, 0.0 ], [ -89.136293, 13.670605, 0.0 ], [ -89.136293, 13.670612, 0.0 ], [ -89.136293, 13.670613, 0.0 ], [ -89.136298, 13.670621, 0.0 ], [ -89.136301, 13.670627, 0.0 ], [ -89.136302, 13.670628, 0.0 ], [ -89.13631, 13.670637, 0.0 ], [ -89.136316, 13.670644, 0.0 ], [ -89.136324, 13.670658, 0.0 ], [ -89.136329, 13.670666, 0.0 ], [ -89.136329, 13.670667, 0.0 ], [ -89.136337, 13.670685, 0.0 ], [ -89.136341, 13.670696, 0.0 ], [ -89.136342, 13.670699, 0.0 ], [ -89.136348, 13.670707, 0.0 ], [ -89.136351, 13.670712, 0.0 ], [ -89.136353, 13.670713, 0.0 ], [ -89.136361, 13.670717, 0.0 ], [ -89.136367, 13.670719, 0.0 ], [ -89.136369, 13.67072, 0.0 ], [ -89.136381, 13.670724, 0.0 ], [ -89.136388, 13.670727, 0.0 ], [ -89.136392, 13.670729, 0.0 ], [ -89.13641, 13.670736, 0.0 ], [ -89.136421, 13.67074, 0.0 ], [ -89.13643, 13.670744, 0.0 ], [ -89.136446, 13.670748, 0.0 ], [ -89.136455, 13.67075, 0.0 ], [ -89.136465, 13.670752, 0.0 ], [ -89.136481, 13.670757, 0.0 ], [ -89.13649, 13.67076, 0.0 ], [ -89.136503, 13.670764, 0.0 ], [ -89.136511, 13.670766, 0.0 ], [ -89.136515, 13.670768, 0.0 ], [ -89.136522, 13.67077, 0.0 ], [ -89.136532, 13.670777, 0.0 ], [ -89.136536, 13.67078, 0.0 ], [ -89.136547, 13.670788, 0.0 ], [ -89.136552, 13.670793, 0.0 ], [ -89.136554, 13.670796, 0.0 ], [ -89.136561, 13.670803, 0.0 ], [ -89.136564, 13.670807, 0.0 ], [ -89.136565, 13.670809, 0.0 ], [ -89.136569, 13.670815, 0.0 ], [ -89.136571, 13.670819, 0.0 ], [ -89.136571, 13.67082, 0.0 ], [ -89.136573, 13.670826, 0.0 ], [ -89.136573, 13.670828, 0.0 ], [ -89.136573, 13.670829, 0.0 ], [ -89.136574, 13.670832, 0.0 ], [ -89.136574, 13.670836, 0.0 ], [ -89.136574, 13.670837, 0.0 ], [ -89.136575, 13.670846, 0.0 ], [ -89.136575, 13.670867, 0.0 ], [ -89.136575, 13.670872, 0.0 ], [ -89.136574, 13.670873, 0.0 ], [ -89.136572, 13.670888, 0.0 ], [ -89.13657, 13.670891, 0.0 ], [ -89.136569, 13.670892, 0.0 ], [ -89.136561, 13.670904, 0.0 ], [ -89.136559, 13.670906, 0.0 ], [ -89.136551, 13.670917, 0.0 ], [ -89.13655, 13.670917, 0.0 ], [ -89.136547, 13.670922, 0.0 ], [ -89.136543, 13.670924, 0.0 ], [ -89.136515, 13.670942, 0.0 ], [ -89.136513, 13.670942, 0.0 ], [ -89.136512, 13.670943, 0.0 ], [ -89.136474, 13.670958, 0.0 ], [ -89.136473, 13.670959, 0.0 ], [ -89.136452, 13.67097, 0.0 ], [ -89.136451, 13.67097, 0.0 ], [ -89.136449, 13.670971, 0.0 ], [ -89.136407, 13.670995, 0.0 ], [ -89.136403, 13.670997, 0.0 ], [ -89.136379, 13.671019, 0.0 ], [ -89.136376, 13.671022, 0.0 ], [ -89.13636, 13.671047, 0.0 ], [ -89.136358, 13.671051, 0.0 ], [ -89.136357, 13.671052, 0.0 ], [ -89.136355, 13.671072, 0.0 ], [ -89.136354, 13.671076, 0.0 ], [ -89.136354, 13.671078, 0.0 ], [ -89.136353, 13.671104, 0.0 ], [ -89.136353, 13.67111, 0.0 ], [ -89.136353, 13.671113, 0.0 ], [ -89.13636, 13.671151, 0.0 ], [ -89.136362, 13.671161, 0.0 ], [ -89.136364, 13.671167, 0.0 ], [ -89.136373, 13.671196, 0.0 ], [ -89.136376, 13.671206, 0.0 ], [ -89.136378, 13.671211, 0.0 ], [ -89.136391, 13.671244, 0.0 ], [ -89.136395, 13.671256, 0.0 ], [ -89.136399, 13.671264, 0.0 ], [ -89.136412, 13.671289, 0.0 ], [ -89.136418, 13.671299, 0.0 ], [ -89.136422, 13.671307, 0.0 ], [ -89.136403, 13.671317, 0.0 ], [ -89.136394, 13.671322, 0.0 ], [ -89.136386, 13.671326, 0.0 ], [ -89.136353, 13.671344, 0.0 ], [ -89.136333, 13.671354, 0.0 ], [ -89.136318, 13.671363, 0.0 ], [ -89.136299, 13.671381, 0.0 ], [ -89.136286, 13.671394, 0.0 ], [ -89.136275, 13.671405, 0.0 ], [ -89.136245, 13.671429, 0.0 ], [ -89.13622, 13.671449, 0.0 ], [ -89.136199, 13.671466, 0.0 ], [ -89.136161, 13.671497, 0.0 ], [ -89.136123, 13.671527, 0.0 ], [ -89.13609, 13.671553, 0.0 ], [ -89.136048, 13.67158, 0.0 ], [ -89.135998, 13.671612, 0.0 ], [ -89.135953, 13.67164, 0.0 ], [ -89.135932, 13.671652, 0.0 ], [ -89.135903, 13.671668, 0.0 ], [ -89.135875, 13.671683, 0.0 ], [ -89.135873, 13.671683, 0.0 ], [ -89.135868, 13.671684, 0.0 ], [ -89.135864, 13.671684, 0.0 ], [ -89.135832, 13.671683, 0.0 ], [ -89.135757, 13.671682, 0.0 ], [ -89.135687, 13.67168, 0.0 ], [ -89.135675, 13.67168, 0.0 ], [ -89.135638, 13.671681, 0.0 ], [ -89.135603, 13.671681, 0.0 ], [ -89.13559, 13.67168, 0.0 ], [ -89.135523, 13.671676, 0.0 ], [ -89.135458, 13.671672, 0.0 ], [ -89.135457, 13.671672, 0.0 ], [ -89.135455, 13.671672, 0.0 ], [ -89.135453, 13.671671, 0.0 ], [ -89.135373, 13.671655, 0.0 ], [ -89.135301, 13.67164, 0.0 ], [ -89.135295, 13.671638, 0.0 ], [ -89.135273, 13.671641, 0.0 ], [ -89.135254, 13.671643, 0.0 ], [ -89.13525, 13.671643, 0.0 ], [ -89.135231, 13.671655, 0.0 ], [ -89.135213, 13.671666, 0.0 ], [ -89.135207, 13.67167, 0.0 ], [ -89.135192, 13.671704, 0.0 ], [ -89.135179, 13.671736, 0.0 ], [ -89.135173, 13.67175, 0.0 ], [ -89.135037, 13.671758, 0.0 ], [ -89.135032, 13.671758, 0.0 ], [ -89.134993, 13.67176, 0.0 ], [ -89.133413, 13.671928, 0.0 ], [ -89.133395, 13.671929, 0.0 ], [ -89.132833, 13.671989, 0.0 ], [ -89.132641, 13.670862, 0.0 ], [ -89.132637, 13.670839, 0.0 ], [ -89.132557, 13.67037, 0.0 ], [ -89.132554, 13.670351, 0.0 ], [ -89.132448, 13.669729, 0.0 ], [ -89.132438, 13.669671, 0.0 ], [ -89.132382, 13.66934, 0.0 ], [ -89.131921, 13.669621, 0.0 ], [ -89.131856, 13.669661, 0.0 ], [ -89.131566, 13.669837, 0.0 ], [ -89.131353, 13.669409, 0.0 ], [ -89.131311, 13.669324, 0.0 ], [ -89.131157, 13.669014, 0.0 ], [ -89.131215, 13.668648, 0.0 ], [ -89.131231, 13.668552, 0.0 ], [ -89.13128, 13.668246, 0.0 ], [ -89.131177, 13.668085, 0.0 ], [ -89.131142, 13.668031, 0.0 ], [ -89.131043, 13.667875, 0.0 ], [ -89.130773, 13.66783, 0.0 ], [ -89.130656, 13.66781, 0.0 ], [ -89.13035, 13.667759, 0.0 ], [ -89.130263, 13.667744, 0.0 ], [ -89.130188, 13.667731, 0.0 ], [ -89.130173, 13.667753, 0.0 ], [ -89.130128, 13.66782, 0.0 ], [ -89.130072, 13.667904, 0.0 ], [ -89.129883, 13.667842, 0.0 ], [ -89.129688, 13.667779, 0.0 ], [ -89.129565, 13.667844, 0.0 ], [ -89.129442, 13.66791, 0.0 ], [ -89.129427, 13.667918, 0.0 ], [ -89.129371, 13.667953, 0.0 ], [ -89.129302, 13.667997, 0.0 ], [ -89.129238, 13.668032, 0.0 ], [ -89.129152, 13.668079, 0.0 ], [ -89.129116, 13.668027, 0.0 ], [ -89.129065, 13.667952, 0.0 ], [ -89.129018, 13.66787, 0.0 ], [ -89.128944, 13.667738, 0.0 ], [ -89.128901, 13.667692, 0.0 ], [ -89.128885, 13.667676, 0.0 ], [ -89.128824, 13.667612, 0.0 ], [ -89.128741, 13.667634, 0.0 ], [ -89.128581, 13.667676, 0.0 ], [ -89.128479, 13.667773, 0.0 ], [ -89.128263, 13.667979, 0.0 ], [ -89.128156, 13.66806, 0.0 ], [ -89.127907, 13.668252, 0.0 ], [ -89.127877, 13.668264, 0.0 ], [ -89.127798, 13.668295, 0.0 ], [ -89.127781, 13.668287, 0.0 ], [ -89.127706, 13.668254, 0.0 ], [ -89.127437, 13.668134, 0.0 ], [ -89.127404, 13.668151, 0.0 ], [ -89.127294, 13.668205, 0.0 ], [ -89.127282, 13.668206, 0.0 ], [ -89.12726, 13.668207, 0.0 ], [ -89.127136, 13.668213, 0.0 ], [ -89.127128, 13.668214, 0.0 ], [ -89.127094, 13.66822, 0.0 ], [ -89.127082, 13.668249, 0.0 ], [ -89.12705, 13.668325, 0.0 ], [ -89.12702, 13.668394, 0.0 ], [ -89.126994, 13.668438, 0.0 ], [ -89.126841, 13.668693, 0.0 ], [ -89.126814, 13.668696, 0.0 ], [ -89.126626, 13.668716, 0.0 ], [ -89.126594, 13.668717, 0.0 ], [ -89.126312, 13.668723, 0.0 ], [ -89.126295, 13.668725, 0.0 ], [ -89.126105, 13.668745, 0.0 ], [ -89.126092, 13.668746, 0.0 ], [ -89.126073, 13.668749, 0.0 ], [ -89.125897, 13.668775, 0.0 ], [ -89.125882, 13.668792, 0.0 ], [ -89.125518, 13.669212, 0.0 ], [ -89.125514, 13.669213, 0.0 ], [ -89.125271, 13.669262, 0.0 ], [ -89.12527, 13.669263, 0.0 ], [ -89.124982, 13.669196, 0.0 ], [ -89.124974, 13.669195, 0.0 ], [ -89.124865, 13.669169, 0.0 ], [ -89.124827, 13.66916, 0.0 ], [ -89.124819, 13.669158, 0.0 ], [ -89.124654, 13.669172, 0.0 ], [ -89.124641, 13.669173, 0.0 ], [ -89.124538, 13.669149, 0.0 ], [ -89.124528, 13.669147, 0.0 ], [ -89.124403, 13.669236, 0.0 ], [ -89.124387, 13.669248, 0.0 ], [ -89.124286, 13.66939, 0.0 ], [ -89.12427, 13.669413, 0.0 ], [ -89.124245, 13.669461, 0.0 ], [ -89.124187, 13.669571, 0.0 ], [ -89.124172, 13.669601, 0.0 ], [ -89.124095, 13.669904, 0.0 ], [ -89.124079, 13.669969, 0.0 ], [ -89.124, 13.670057, 0.0 ], [ -89.12398, 13.670079, 0.0 ], [ -89.123802, 13.670105, 0.0 ], [ -89.123751, 13.670112, 0.0 ], [ -89.123666, 13.670136, 0.0 ], [ -89.12366, 13.670138, 0.0 ], [ -89.123639, 13.670144, 0.0 ], [ -89.123327, 13.670221, 0.0 ], [ -89.123215, 13.670249, 0.0 ], [ -89.122945, 13.67037, 0.0 ], [ -89.122836, 13.670419, 0.0 ], [ -89.122723, 13.670498, 0.0 ], [ -89.122672, 13.670534, 0.0 ], [ -89.122628, 13.670635, 0.0 ], [ -89.122607, 13.670685, 0.0 ], [ -89.122622, 13.67074, 0.0 ], [ -89.122634, 13.670783, 0.0 ], [ -89.122649, 13.670836, 0.0 ], [ -89.122702, 13.670942, 0.0 ], [ -89.122733, 13.671006, 0.0 ], [ -89.122793, 13.671075, 0.0 ], [ -89.122832, 13.67112, 0.0 ], [ -89.122927, 13.671238, 0.0 ], [ -89.122995, 13.671322, 0.0 ], [ -89.122953, 13.671425, 0.0 ], [ -89.122926, 13.671491, 0.0 ], [ -89.12292, 13.671506, 0.0 ], [ -89.122828, 13.671598, 0.0 ], [ -89.122749, 13.671677, 0.0 ], [ -89.122585, 13.671684, 0.0 ], [ -89.122432, 13.67169, 0.0 ], [ -89.122355, 13.671618, 0.0 ], [ -89.122276, 13.671545, 0.0 ], [ -89.122264, 13.671539, 0.0 ], [ -89.122251, 13.671531, 0.0 ], [ -89.122213, 13.671521, 0.0 ], [ -89.122212, 13.671521, 0.0 ], [ -89.122168, 13.671509, 0.0 ], [ -89.122142, 13.671528, 0.0 ], [ -89.122108, 13.671554, 0.0 ], [ -89.122086, 13.671585, 0.0 ], [ -89.122053, 13.67163, 0.0 ], [ -89.122048, 13.671689, 0.0 ], [ -89.12204, 13.671783, 0.0 ], [ -89.122082, 13.671995, 0.0 ], [ -89.122155, 13.672361, 0.0 ], [ -89.122152, 13.672367, 0.0 ], [ -89.122115, 13.67244, 0.0 ], [ -89.12204, 13.67259, 0.0 ], [ -89.121962, 13.672589, 0.0 ], [ -89.121797, 13.672586, 0.0 ], [ -89.121728, 13.672552, 0.0 ], [ -89.121568, 13.672474, 0.0 ], [ -89.121531, 13.672415, 0.0 ], [ -89.121435, 13.672263, 0.0 ], [ -89.121424, 13.672193, 0.0 ], [ -89.121411, 13.672108, 0.0 ], [ -89.121393, 13.671994, 0.0 ], [ -89.121372, 13.671949, 0.0 ], [ -89.121302, 13.671805, 0.0 ], [ -89.121286, 13.671782, 0.0 ], [ -89.121227, 13.671697, 0.0 ], [ -89.121227, 13.6717, 0.0 ], [ -89.121227, 13.67171, 0.0 ], [ -89.121199, 13.6717, 0.0 ], [ -89.121068, 13.671653, 0.0 ], [ -89.121049, 13.671658, 0.0 ], [ -89.121046, 13.671659, 0.0 ], [ -89.120918, 13.671694, 0.0 ], [ -89.1209, 13.671711, 0.0 ], [ -89.120778, 13.671822, 0.0 ], [ -89.120771, 13.671835, 0.0 ], [ -89.120717, 13.671942, 0.0 ], [ -89.120712, 13.671949, 0.0 ], [ -89.120652, 13.672024, 0.0 ], [ -89.120644, 13.672032, 0.0 ], [ -89.120573, 13.672111, 0.0 ], [ -89.120536, 13.672151, 0.0 ], [ -89.12053, 13.67216, 0.0 ], [ -89.12039, 13.672358, 0.0 ], [ -89.120388, 13.672364, 0.0 ], [ -89.120267, 13.672627, 0.0 ], [ -89.120056, 13.672728, 0.0 ], [ -89.120051, 13.67273, 0.0 ], [ -89.119901, 13.672743, 0.0 ], [ -89.119894, 13.672744, 0.0 ], [ -89.119847, 13.672733, 0.0 ], [ -89.11971, 13.672701, 0.0 ], [ -89.119697, 13.672698, 0.0 ], [ -89.119522, 13.672564, 0.0 ], [ -89.119505, 13.672552, 0.0 ], [ -89.119317, 13.672388, 0.0 ], [ -89.119294, 13.672368, 0.0 ], [ -89.119102, 13.672062, 0.0 ], [ -89.119073, 13.672015, 0.0 ], [ -89.118925, 13.671734, 0.0 ], [ -89.118914, 13.671713, 0.0 ], [ -89.118885, 13.671658, 0.0 ], [ -89.118885, 13.671475, 0.0 ], [ -89.118968, 13.671313, 0.0 ], [ -89.118988, 13.671273, 0.0 ], [ -89.119083, 13.671108, 0.0 ], [ -89.11911, 13.671062, 0.0 ], [ -89.119202, 13.670902, 0.0 ], [ -89.119231, 13.670852, 0.0 ], [ -89.119166, 13.670773, 0.0 ], [ -89.119091, 13.670682, 0.0 ], [ -89.119041, 13.670622, 0.0 ], [ -89.11888, 13.670561, 0.0 ], [ -89.118816, 13.670537, 0.0 ], [ -89.118583, 13.670418, 0.0 ], [ -89.118481, 13.670366, 0.0 ], [ -89.118526, 13.670194, 0.0 ], [ -89.118547, 13.67011, 0.0 ], [ -89.118498, 13.669935, 0.0 ], [ -89.11848, 13.66987, 0.0 ], [ -89.118472, 13.669841, 0.0 ], [ -89.1184, 13.669774, 0.0 ], [ -89.118357, 13.669734, 0.0 ], [ -89.118216, 13.669712, 0.0 ], [ -89.118126, 13.669698, 0.0 ], [ -89.117813, 13.669757, 0.0 ], [ -89.117592, 13.669799, 0.0 ], [ -89.117481, 13.669833, 0.0 ], [ -89.117395, 13.669859, 0.0 ], [ -89.117323, 13.669823, 0.0 ], [ -89.117308, 13.669815, 0.0 ], [ -89.117235, 13.669778, 0.0 ], [ -89.117216, 13.669507, 0.0 ], [ -89.117199, 13.669258, 0.0 ], [ -89.117123, 13.669012, 0.0 ], [ -89.117046, 13.668766, 0.0 ], [ -89.116913, 13.668666, 0.0 ], [ -89.116769, 13.668557, 0.0 ], [ -89.116682, 13.668529, 0.0 ], [ -89.11658, 13.668495, 0.0 ], [ -89.1166, 13.668475, 0.0 ], [ -89.116679, 13.668398, 0.0 ], [ -89.116684, 13.668393, 0.0 ], [ -89.116494, 13.668393, 0.0 ], [ -89.116121, 13.668391, 0.0 ], [ -89.115224, 13.668388, 0.0 ], [ -89.115083, 13.668388, 0.0 ], [ -89.115049, 13.668374, 0.0 ], [ -89.114282, 13.668056, 0.0 ], [ -89.114202, 13.668023, 0.0 ], [ -89.114161, 13.668006, 0.0 ], [ -89.113619, 13.667792, 0.0 ], [ -89.113587, 13.667779, 0.0 ], [ -89.113504, 13.667746, 0.0 ], [ -89.112958, 13.667508, 0.0 ], [ -89.11295, 13.667504, 0.0 ], [ -89.112805, 13.667441, 0.0 ], [ -89.112472, 13.667325, 0.0 ], [ -89.11246, 13.667321, 0.0 ], [ -89.112337, 13.667278, 0.0 ], [ -89.111823, 13.667185, 0.0 ], [ -89.11177, 13.667175, 0.0 ], [ -89.111519, 13.66713, 0.0 ], [ -89.111492, 13.66711, 0.0 ], [ -89.111487, 13.667107, 0.0 ], [ -89.11147, 13.667094, 0.0 ], [ -89.111488, 13.667074, 0.0 ], [ -89.111494, 13.667067, 0.0 ], [ -89.11151, 13.66705, 0.0 ], [ -89.111568, 13.666984, 0.0 ], [ -89.111588, 13.666962, 0.0 ], [ -89.111635, 13.666978, 0.0 ], [ -89.111718, 13.666881, 0.0 ], [ -89.11184, 13.666741, 0.0 ], [ -89.112047, 13.666501, 0.0 ], [ -89.112469, 13.666062, 0.0 ], [ -89.112685, 13.665901, 0.0 ], [ -89.113254, 13.665628, 0.0 ], [ -89.113437, 13.66556, 0.0 ], [ -89.113533, 13.665503, 0.0 ], [ -89.113659, 13.665392, 0.0 ], [ -89.113755, 13.665221, 0.0 ], [ -89.113813, 13.665071, 0.0 ], [ -89.113902, 13.664873, 0.0 ], [ -89.114046, 13.664722, 0.0 ], [ -89.114128, 13.664528, 0.0 ], [ -89.114258, 13.664373, 0.0 ], [ -89.114442, 13.664241, 0.0 ], [ -89.114627, 13.66418, 0.0 ], [ -89.114993, 13.664177, 0.0 ], [ -89.115089, 13.66416, 0.0 ], [ -89.115181, 13.664113, 0.0 ], [ -89.115274, 13.663701, 0.0 ], [ -89.115342, 13.663644, 0.0 ], [ -89.115613, 13.663547, 0.0 ], [ -89.115892, 13.663441, 0.0 ], [ -89.116008, 13.663273, 0.0 ], [ -89.116118, 13.663095, 0.0 ], [ -89.116159, 13.662911, 0.0 ], [ -89.116193, 13.662821, 0.0 ], [ -89.116248, 13.66274, 0.0 ], [ -89.116327, 13.66266, 0.0 ], [ -89.116431, 13.662286, 0.0 ], [ -89.116743, 13.661981, 0.0 ], [ -89.116883, 13.661854, 0.0 ], [ -89.117088, 13.66172, 0.0 ], [ -89.117386, 13.661622, 0.0 ], [ -89.117553, 13.661236, 0.0 ], [ -89.117505, 13.661051, 0.0 ], [ -89.117477, 13.660941, 0.0 ], [ -89.117481, 13.66078, 0.0 ], [ -89.117535, 13.660619, 0.0 ], [ -89.11771, 13.660359, 0.0 ], [ -89.117833, 13.660121, 0.0 ], [ -89.118028, 13.660047, 0.0 ], [ -89.118192, 13.66, 0.0 ], [ -89.11837, 13.659936, 0.0 ], [ -89.118658, 13.659698, 0.0 ], [ -89.118921, 13.659604, 0.0 ], [ -89.119031, 13.659517, 0.0 ], [ -89.119096, 13.659397, 0.0 ], [ -89.119187, 13.659177, 0.0 ], [ -89.119327, 13.658893, 0.0 ], [ -89.119406, 13.658732, 0.0 ], [ -89.119532, 13.658541, 0.0 ], [ -89.119655, 13.658441, 0.0 ], [ -89.119788, 13.658304, 0.0 ], [ -89.119823, 13.658156, 0.0 ], [ -89.119952, 13.657855, 0.0 ], [ -89.120151, 13.65767, 0.0 ], [ -89.120579, 13.657502, 0.0 ], [ -89.120773, 13.6573, 0.0 ], [ -89.12104, 13.657129, 0.0 ], [ -89.121266, 13.657028, 0.0 ], [ -89.12141, 13.656958, 0.0 ], [ -89.121497, 13.65687, 0.0 ], [ -89.121523, 13.656844, 0.0 ], [ -89.121605, 13.65671, 0.0 ], [ -89.121752, 13.656412, 0.0 ], [ -89.121926, 13.656245, 0.0 ], [ -89.121997, 13.656122, 0.0 ], [ -89.122018, 13.656068, 0.0 ], [ -89.121991, 13.655853, 0.0 ], [ -89.121867, 13.655629, 0.0 ], [ -89.121737, 13.65532, 0.0 ], [ -89.121747, 13.655186, 0.0 ], [ -89.121771, 13.655015, 0.0 ], [ -89.121843, 13.654874, 0.0 ], [ -89.121928, 13.65477, 0.0 ], [ -89.122051, 13.654669, 0.0 ], [ -89.122445, 13.654622, 0.0 ], [ -89.122531, 13.654559, 0.0 ], [ -89.122675, 13.654411, 0.0 ], [ -89.122945, 13.654039, 0.0 ], [ -89.12308, 13.653736, 0.0 ], [ -89.123141, 13.653619, 0.0 ], [ -89.123182, 13.653594, 0.0 ], [ -89.123525, 13.653639, 0.0 ], [ -89.123602, 13.653623, 0.0 ], [ -89.12366, 13.653562, 0.0 ], [ -89.123721, 13.653508, 0.0 ], [ -89.123919, 13.653274, 0.0 ], [ -89.124142, 13.653205, 0.0 ], [ -89.124398, 13.653138, 0.0 ], [ -89.124585, 13.653083, 0.0 ], [ -89.12471, 13.652996, 0.0 ], [ -89.124827, 13.65285, 0.0 ], [ -89.124927, 13.652707, 0.0 ], [ -89.125102, 13.65248, 0.0 ], [ -89.125383, 13.652161, 0.0 ], [ -89.125461, 13.652056, 0.0 ], [ -89.125519, 13.651957, 0.0 ], [ -89.125562, 13.651868, 0.0 ], [ -89.125689, 13.651514, 0.0 ], [ -89.125778, 13.651409, 0.0 ], [ -89.125835, 13.651398, 0.0 ], [ -89.126064, 13.6514, 0.0 ], [ -89.126235, 13.651398, 0.0 ], [ -89.126362, 13.651387, 0.0 ], [ -89.126446, 13.651373, 0.0 ], [ -89.126496, 13.651338, 0.0 ], [ -89.126528, 13.651282, 0.0 ], [ -89.126557, 13.651186, 0.0 ], [ -89.126587, 13.651169, 0.0 ], [ -89.126681, 13.65117, 0.0 ], [ -89.126854, 13.651176, 0.0 ], [ -89.127036, 13.651174, 0.0 ], [ -89.127154, 13.651127, 0.0 ], [ -89.127238, 13.651043, 0.0 ], [ -89.127263, 13.650976, 0.0 ], [ -89.127295, 13.650782, 0.0 ], [ -89.127336, 13.650618, 0.0 ], [ -89.127342, 13.650371, 0.0 ], [ -89.127374, 13.650315, 0.0 ], [ -89.127426, 13.650246, 0.0 ], [ -89.127439, 13.650163, 0.0 ], [ -89.127421, 13.650096, 0.0 ], [ -89.127371, 13.650028, 0.0 ], [ -89.127287, 13.649954, 0.0 ], [ -89.127096, 13.649819, 0.0 ], [ -89.127012, 13.649754, 0.0 ], [ -89.126971, 13.649702, 0.0 ], [ -89.126948, 13.649651, 0.0 ], [ -89.126926, 13.649568, 0.0 ], [ -89.126912, 13.649517, 0.0 ], [ -89.126928, 13.649468, 0.0 ], [ -89.126928, 13.649467, 0.0 ], [ -89.126895, 13.64943, 0.0 ], [ -89.126883, 13.649438, 0.0 ], [ -89.126848, 13.649408, 0.0 ], [ -89.126785, 13.649358, 0.0 ], [ -89.126736, 13.649328, 0.0 ], [ -89.126673, 13.649281, 0.0 ], [ -89.126563, 13.64918, 0.0 ], [ -89.126491, 13.649111, 0.0 ], [ -89.12638, 13.649003, 0.0 ], [ -89.126262, 13.648887, 0.0 ], [ -89.126189, 13.648812, 0.0 ], [ -89.126107, 13.64872, 0.0 ], [ -89.126023, 13.648622, 0.0 ], [ -89.125861, 13.648505, 0.0 ], [ -89.125742, 13.648378, 0.0 ], [ -89.125699, 13.648293, 0.0 ], [ -89.125626, 13.648146, 0.0 ], [ -89.12561, 13.64809, 0.0 ], [ -89.125607, 13.648008, 0.0 ], [ -89.125605, 13.647905, 0.0 ], [ -89.125603, 13.647842, 0.0 ], [ -89.12559, 13.647706, 0.0 ], [ -89.125578, 13.647595, 0.0 ], [ -89.125549, 13.647496, 0.0 ], [ -89.125499, 13.647393, 0.0 ], [ -89.125485, 13.647328, 0.0 ], [ -89.125462, 13.64726, 0.0 ], [ -89.12546, 13.647187, 0.0 ], [ -89.125458, 13.647146, 0.0 ], [ -89.12548, 13.647002, 0.0 ], [ -89.125496, 13.646922, 0.0 ], [ -89.125522, 13.646861, 0.0 ], [ -89.125565, 13.646789, 0.0 ], [ -89.125579, 13.646726, 0.0 ], [ -89.125588, 13.64666, 0.0 ], [ -89.125592, 13.646621, 0.0 ], [ -89.125565, 13.646519, 0.0 ], [ -89.125536, 13.646448, 0.0 ], [ -89.125518, 13.646409, 0.0 ], [ -89.125481, 13.646344, 0.0 ], [ -89.125449, 13.646282, 0.0 ], [ -89.125435, 13.646216, 0.0 ], [ -89.125427, 13.646155, 0.0 ], [ -89.125423, 13.64611, 0.0 ], [ -89.125414, 13.646064, 0.0 ], [ -89.125408, 13.646043, 0.0 ], [ -89.125406, 13.646006, 0.0 ], [ -89.12541, 13.645986, 0.0 ], [ -89.125424, 13.645956, 0.0 ], [ -89.125424, 13.645933, 0.0 ], [ -89.12542, 13.645915, 0.0 ], [ -89.125406, 13.645894, 0.0 ], [ -89.125389, 13.64588, 0.0 ], [ -89.125369, 13.645853, 0.0 ], [ -89.125359, 13.645838, 0.0 ], [ -89.125355, 13.645812, 0.0 ], [ -89.125355, 13.645783, 0.0 ], [ -89.125351, 13.645761, 0.0 ], [ -89.12534, 13.64573, 0.0 ], [ -89.12534, 13.645706, 0.0 ], [ -89.125337, 13.645673, 0.0 ], [ -89.12533, 13.645652, 0.0 ], [ -89.125295, 13.645604, 0.0 ], [ -89.125259, 13.645546, 0.0 ], [ -89.125241, 13.645516, 0.0 ], [ -89.125236, 13.645482, 0.0 ], [ -89.125233, 13.645438, 0.0 ], [ -89.125233, 13.645384, 0.0 ], [ -89.125224, 13.645342, 0.0 ], [ -89.125206, 13.645297, 0.0 ], [ -89.125162, 13.645218, 0.0 ], [ -89.125109, 13.645157, 0.0 ], [ -89.125046, 13.645066, 0.0 ], [ -89.124997, 13.644987, 0.0 ], [ -89.125007, 13.644857, 0.0 ], [ -89.125015, 13.644679, 0.0 ], [ -89.125013, 13.644501, 0.0 ], [ -89.125013, 13.644495, 0.0 ], [ -89.125014, 13.644495, 0.0 ], [ -89.125041, 13.644503, 0.0 ], [ -89.125124, 13.644496, 0.0 ], [ -89.125269, 13.644484, 0.0 ], [ -89.125482, 13.644466, 0.0 ], [ -89.125503, 13.644462, 0.0 ], [ -89.125575, 13.64445, 0.0 ], [ -89.125678, 13.644433, 0.0 ], [ -89.125682, 13.644431, 0.0 ], [ -89.125736, 13.644402, 0.0 ], [ -89.125806, 13.644365, 0.0 ], [ -89.125814, 13.644361, 0.0 ], [ -89.126014, 13.644216, 0.0 ], [ -89.126262, 13.644036, 0.0 ], [ -89.126334, 13.643984, 0.0 ], [ -89.126389, 13.64392, 0.0 ], [ -89.126459, 13.643836, 0.0 ], [ -89.126494, 13.643795, 0.0 ], [ -89.126647, 13.643616, 0.0 ], [ -89.126853, 13.643374, 0.0 ], [ -89.127008, 13.643192, 0.0 ], [ -89.127019, 13.64319, 0.0 ], [ -89.127035, 13.643187, 0.0 ], [ -89.127052, 13.643183, 0.0 ], [ -89.127069, 13.64318, 0.0 ], [ -89.127088, 13.643176, 0.0 ], [ -89.127002, 13.643124, 0.0 ], [ -89.126942, 13.643069, 0.0 ], [ -89.126899, 13.642948, 0.0 ], [ -89.12686, 13.642808, 0.0 ], [ -89.126817, 13.64269, 0.0 ], [ -89.126766, 13.642562, 0.0 ], [ -89.126711, 13.642441, 0.0 ], [ -89.126636, 13.642238, 0.0 ], [ -89.126579, 13.642117, 0.0 ], [ -89.126563, 13.642016, 0.0 ], [ -89.126562, 13.64201, 0.0 ], [ -89.126539, 13.641883, 0.0 ], [ -89.126521, 13.641752, 0.0 ], [ -89.126506, 13.64172, 0.0 ], [ -89.126451, 13.64164, 0.0 ], [ -89.126375, 13.641551, 0.0 ], [ -89.126348, 13.641465, 0.0 ], [ -89.126336, 13.641417, 0.0 ], [ -89.126351, 13.641349, 0.0 ], [ -89.126366, 13.641287, 0.0 ], [ -89.126381, 13.641237, 0.0 ], [ -89.126433, 13.641179, 0.0 ], [ -89.126496, 13.641093, 0.0 ], [ -89.126529, 13.641025, 0.0 ], [ -89.126566, 13.640915, 0.0 ], [ -89.126603, 13.640766, 0.0 ], [ -89.126641, 13.640613, 0.0 ], [ -89.126638, 13.640565, 0.0 ], [ -89.126611, 13.64047, 0.0 ], [ -89.126556, 13.640435, 0.0 ], [ -89.126363, 13.640352, 0.0 ], [ -89.126154, 13.64026, 0.0 ], [ -89.126029, 13.640201, 0.0 ], [ -89.125981, 13.640151, 0.0 ], [ -89.125955, 13.640067, 0.0 ], [ -89.125985, 13.639886, 0.0 ], [ -89.126006, 13.639788, 0.0 ], [ -89.126021, 13.639661, 0.0 ], [ -89.126012, 13.639566, 0.0 ], [ -89.125991, 13.639503, 0.0 ], [ -89.1259, 13.639361, 0.0 ], [ -89.125862, 13.639309, 0.0 ], [ -89.125832, 13.639256, 0.0 ], [ -89.125825, 13.639158, 0.0 ], [ -89.125833, 13.639104, 0.0 ], [ -89.125819, 13.638983, 0.0 ], [ -89.125816, 13.638854, 0.0 ], [ -89.125799, 13.638773, 0.0 ], [ -89.125785, 13.638658, 0.0 ], [ -89.12579, 13.63852, 0.0 ], [ -89.125802, 13.638421, 0.0 ], [ -89.125816, 13.638356, 0.0 ], [ -89.125839, 13.638303, 0.0 ], [ -89.125899, 13.638247, 0.0 ], [ -89.125962, 13.638165, 0.0 ], [ -89.125985, 13.638115, 0.0 ], [ -89.125988, 13.638022, 0.0 ], [ -89.12597, 13.63796, 0.0 ], [ -89.125922, 13.63782, 0.0 ], [ -89.12589, 13.637753, 0.0 ], [ -89.125756, 13.637592, 0.0 ], [ -89.125612, 13.637427, 0.0 ], [ -89.125489, 13.637211, 0.0 ], [ -89.125406, 13.637112, 0.0 ], [ -89.125219, 13.636944, 0.0 ], [ -89.125013, 13.6367, 0.0 ], [ -89.124936, 13.636651, 0.0 ], [ -89.124876, 13.636637, 0.0 ], [ -89.124701, 13.63662, 0.0 ], [ -89.124597, 13.636599, 0.0 ], [ -89.124482, 13.636465, 0.0 ], [ -89.124377, 13.636343, 0.0 ], [ -89.124302, 13.636216, 0.0 ], [ -89.124274, 13.636104, 0.0 ], [ -89.12409, 13.63539, 0.0 ], [ -89.12397, 13.634933, 0.0 ], [ -89.123901, 13.634699, 0.0 ], [ -89.123961, 13.634368, 0.0 ], [ -89.123737, 13.63429, 0.0 ], [ -89.123602, 13.634235, 0.0 ], [ -89.12359, 13.63423, 0.0 ], [ -89.123471, 13.63417, 0.0 ], [ -89.123222, 13.633999, 0.0 ], [ -89.123104, 13.633909, 0.0 ], [ -89.123035, 13.633833, 0.0 ], [ -89.122958, 13.633714, 0.0 ], [ -89.12295, 13.633624, 0.0 ], [ -89.122947, 13.633383, 0.0 ], [ -89.122955, 13.633271, 0.0 ], [ -89.122993, 13.633133, 0.0 ], [ -89.123107, 13.632881, 0.0 ], [ -89.123164, 13.632762, 0.0 ], [ -89.12327, 13.632453, 0.0 ], [ -89.12328, 13.632413, 0.0 ], [ -89.123304, 13.632319, 0.0 ], [ -89.123324, 13.63215, 0.0 ], [ -89.123333, 13.632027, 0.0 ], [ -89.123318, 13.631873, 0.0 ], [ -89.123293, 13.631634, 0.0 ], [ -89.123291, 13.631616, 0.0 ], [ -89.123351, 13.631631, 0.0 ], [ -89.123358, 13.631632, 0.0 ], [ -89.123372, 13.631636, 0.0 ], [ -89.12338, 13.631638, 0.0 ], [ -89.123383, 13.631635, 0.0 ], [ -89.123395, 13.631625, 0.0 ], [ -89.123402, 13.631619, 0.0 ], [ -89.12341, 13.631613, 0.0 ], [ -89.123466, 13.631562, 0.0 ], [ -89.123502, 13.631531, 0.0 ], [ -89.123502, 13.63153, 0.0 ], [ -89.123519, 13.631475, 0.0 ], [ -89.123528, 13.631446, 0.0 ], [ -89.12353, 13.631438, 0.0 ], [ -89.123533, 13.631423, 0.0 ], [ -89.123535, 13.631415, 0.0 ], [ -89.123536, 13.63141, 0.0 ], [ -89.123569, 13.631321, 0.0 ], [ -89.123585, 13.631279, 0.0 ], [ -89.123601, 13.631236, 0.0 ], [ -89.123622, 13.631165, 0.0 ], [ -89.123631, 13.631134, 0.0 ], [ -89.123646, 13.631084, 0.0 ], [ -89.123643, 13.630973, 0.0 ], [ -89.123641, 13.630929, 0.0 ], [ -89.123638, 13.63082, 0.0 ], [ -89.123641, 13.630819, 0.0 ], [ -89.123642, 13.630819, 0.0 ], [ -89.123647, 13.630817, 0.0 ], [ -89.123659, 13.630814, 0.0 ], [ -89.123662, 13.630813, 0.0 ], [ -89.123684, 13.630808, 0.0 ], [ -89.123723, 13.630812, 0.0 ], [ -89.12373, 13.630812, 0.0 ], [ -89.123819, 13.63082, 0.0 ], [ -89.123926, 13.630848, 0.0 ], [ -89.123932, 13.63085, 0.0 ], [ -89.124028, 13.630876, 0.0 ], [ -89.12425, 13.630936, 0.0 ] ] ] ] } },
{ "type": "Feature", "properties": { "fid": 13763.0, "OBJECTID": 2206.0, "Name": "SAN SALVADOR", "FolderPath": "Población/Población", "PopupInfo": "<html><body><table border=\"1\"><tr><th>Field Name</th><th>Field Value</th></tr><tr><td>FID</td><td>7205</td></tr><tr><td>DEPTO</td><td>SAN SALVADOR</td></tr><tr><td>MPIO</td><td>SANTIAGO TEXACUANGOS</td></tr><tr><td>CANTON</td><td>ASINO</td></tr><tr><td>H", "Municipio": "SANTIAGO TEXACUANGOS", "Canton": null, "Hombres": 69, "Mujeres": 146, "Total": 215, "Shape_Leng": 0.037104717581245998, "Shape_Area": 4.241745e-05, "PobTotal": 215.0 }, "geometry": { "type": "MultiPolygon", "coordinates": [ [ [ [ -89.081834, 13.638488, 0.0 ], [ -89.085383, 13.635988, 0.0 ], [ -89.085408, 13.636026, 0.0 ], [ -89.08556, 13.635912, 0.0 ], [ -89.086753, 13.635018, 0.0 ], [ -89.086837, 13.634929, 0.0 ], [ -89.086991, 13.634608, 0.0 ], [ -89.087227, 13.63409, 0.0 ], [ -89.087498, 13.63371, 0.0 ], [ -89.087664, 13.633469, 0.0 ], [ -89.087702, 13.633358, 0.0 ], [ -89.087726, 13.633017, 0.0 ], [ -89.087791, 13.632997, 0.0 ], [ -89.087853, 13.632549, 0.0 ], [ -89.087846, 13.632524, 0.0 ], [ -89.087945, 13.63216, 0.0 ], [ -89.088035, 13.631959, 0.0 ], [ -89.088127, 13.631752, 0.0 ], [ -89.088357, 13.631546, 0.0 ], [ -89.088496, 13.631452, 0.0 ], [ -89.088644, 13.63135, 0.0 ], [ -89.08882, 13.631254, 0.0 ], [ -89.088897, 13.631249, 0.0 ], [ -89.089356, 13.631254, 0.0 ], [ -89.08978, 13.631235, 0.0 ], [ -89.089925, 13.630967, 0.0 ], [ -89.090152, 13.630584, 0.0 ], [ -89.090064, 13.630282, 0.0 ], [ -89.09006, 13.630267, 0.0 ], [ -89.090078, 13.630128, 0.0 ], [ -89.090098, 13.629957, 0.0 ], [ -89.090343, 13.629615, 0.0 ], [ -89.090515, 13.629431, 0.0 ], [ -89.090687, 13.629246, 0.0 ], [ -89.090946, 13.629045, 0.0 ], [ -89.091196, 13.628852, 0.0 ], [ -89.09123, 13.628822, 0.0 ], [ -89.091443, 13.628447, 0.0 ], [ -89.091867, 13.628129, 0.0 ], [ -89.092216, 13.627816, 0.0 ], [ -89.092396, 13.627824, 0.0 ], [ -89.092388, 13.627801, 0.0 ], [ -89.092381, 13.627778, 0.0 ], [ -89.09238, 13.627775, 0.0 ], [ -89.092368, 13.627737, 0.0 ], [ -89.092353, 13.627695, 0.0 ], [ -89.092264, 13.627674, 0.0 ], [ -89.092133, 13.627644, 0.0 ], [ -89.092137, 13.627642, 0.0 ], [ -89.092176, 13.627623, 0.0 ], [ -89.092187, 13.627618, 0.0 ], [ -89.092267, 13.627581, 0.0 ], [ -89.092294, 13.627549, 0.0 ], [ -89.092378, 13.627452, 0.0 ], [ -89.092409, 13.627392, 0.0 ], [ -89.092571, 13.62708, 0.0 ], [ -89.092607, 13.627032, 0.0 ], [ -89.092741, 13.626857, 0.0 ], [ -89.093029, 13.626478, 0.0 ], [ -89.09303, 13.626477, 0.0 ], [ -89.093458, 13.625966, 0.0 ], [ -89.093497, 13.625919, 0.0 ], [ -89.093715, 13.625699, 0.0 ], [ -89.093759, 13.625655, 0.0 ], [ -89.093807, 13.625641, 0.0 ], [ -89.093831, 13.625634, 0.0 ], [ -89.093868, 13.625624, 0.0 ], [ -89.093903, 13.625614, 0.0 ], [ -89.094037, 13.625544, 0.0 ], [ -89.094102, 13.62551, 0.0 ], [ -89.094395, 13.625417, 0.0 ], [ -89.094598, 13.625352, 0.0 ], [ -89.094959, 13.625242, 0.0 ], [ -89.095203, 13.625169, 0.0 ], [ -89.095788, 13.624991, 0.0 ], [ -89.095959, 13.624917, 0.0 ], [ -89.096189, 13.624818, 0.0 ], [ -89.096204, 13.624811, 0.0 ], [ -89.096232, 13.624798, 0.0 ], [ -89.096241, 13.624795, 0.0 ], [ -89.096264, 13.624785, 0.0 ], [ -89.096264, 13.624784, 0.0 ], [ -89.096263, 13.624783, 0.0 ], [ -89.096261, 13.624778, 0.0 ], [ -89.096263, 13.624778, 0.0 ], [ -89.09627, 13.624776, 0.0 ], [ -89.096345, 13.624762, 0.0 ], [ -89.096347, 13.624761, 0.0 ], [ -89.096369, 13.624757, 0.0 ], [ -89.096439, 13.624744, 0.0 ], [ -89.096446, 13.624742, 0.0 ], [ -89.096515, 13.624728, 0.0 ], [ -89.096526, 13.624726, 0.0 ], [ -89.096594, 13.624713, 0.0 ], [ -89.096613, 13.624709, 0.0 ], [ -89.096625, 13.624707, 0.0 ], [ -89.096652, 13.624702, 0.0 ], [ -89.096669, 13.624698, 0.0 ], [ -89.096759, 13.624679, 0.0 ], [ -89.096817, 13.624667, 0.0 ], [ -89.096882, 13.624654, 0.0 ], [ -89.096939, 13.624642, 0.0 ], [ -89.096995, 13.624631, 0.0 ], [ -89.097085, 13.624613, 0.0 ], [ -89.097267, 13.624577, 0.0 ], [ -89.097293, 13.624574, 0.0 ], [ -89.097338, 13.624567, 0.0 ], [ -89.097368, 13.624547, 0.0 ], [ -89.097445, 13.624496, 0.0 ], [ -89.097463, 13.624484, 0.0 ], [ -89.097471, 13.624479, 0.0 ], [ -89.09757, 13.624413, 0.0 ], [ -89.09758, 13.624407, 0.0 ], [ -89.097648, 13.62436, 0.0 ], [ -89.097652, 13.624357, 0.0 ], [ -89.097756, 13.624289, 0.0 ], [ -89.097761, 13.624285, 0.0 ], [ -89.097789, 13.624267, 0.0 ], [ -89.097995, 13.62413, 0.0 ], [ -89.098029, 13.624108, 0.0 ], [ -89.09805, 13.624092, 0.0 ], [ -89.098055, 13.624088, 0.0 ], [ -89.098074, 13.624074, 0.0 ], [ -89.098081, 13.624068, 0.0 ], [ -89.098083, 13.624067, 0.0 ], [ -89.098094, 13.62406, 0.0 ], [ -89.098102, 13.624056, 0.0 ], [ -89.098106, 13.624053, 0.0 ], [ -89.098109, 13.624051, 0.0 ], [ -89.098117, 13.624046, 0.0 ], [ -89.098127, 13.624039, 0.0 ], [ -89.098128, 13.624039, 0.0 ], [ -89.098134, 13.624035, 0.0 ], [ -89.098146, 13.624027, 0.0 ], [ -89.098155, 13.624022, 0.0 ], [ -89.098176, 13.624008, 0.0 ], [ -89.09818, 13.624006, 0.0 ], [ -89.098183, 13.624004, 0.0 ], [ -89.098195, 13.623996, 0.0 ], [ -89.098196, 13.623996, 0.0 ], [ -89.098199, 13.623994, 0.0 ], [ -89.09822, 13.623981, 0.0 ], [ -89.098221, 13.623981, 0.0 ], [ -89.098244, 13.623966, 0.0 ], [ -89.098253, 13.62396, 0.0 ], [ -89.098254, 13.623959, 0.0 ], [ -89.098255, 13.623959, 0.0 ], [ -89.09827, 13.62395, 0.0 ], [ -89.098274, 13.623947, 0.0 ], [ -89.098279, 13.623944, 0.0 ], [ -89.098294, 13.623934, 0.0 ], [ -89.098299, 13.623931, 0.0 ], [ -89.098317, 13.62392, 0.0 ], [ -89.098321, 13.623917, 0.0 ], [ -89.098331, 13.623911, 0.0 ], [ -89.098333, 13.62391, 0.0 ], [ -89.098342, 13.623904, 0.0 ], [ -89.098346, 13.623901, 0.0 ], [ -89.098356, 13.623895, 0.0 ], [ -89.098367, 13.623888, 0.0 ], [ -89.098378, 13.623881, 0.0 ], [ -89.098386, 13.623876, 0.0 ], [ -89.098395, 13.623871, 0.0 ], [ -89.098397, 13.623869, 0.0 ], [ -89.098406, 13.623864, 0.0 ], [ -89.098421, 13.623855, 0.0 ], [ -89.098424, 13.623853, 0.0 ], [ -89.09843, 13.623849, 0.0 ], [ -89.098447, 13.623838, 0.0 ], [ -89.098451, 13.623836, 0.0 ], [ -89.098454, 13.623834, 0.0 ], [ -89.098465, 13.623827, 0.0 ], [ -89.098466, 13.623826, 0.0 ], [ -89.098468, 13.623825, 0.0 ], [ -89.09847, 13.623824, 0.0 ], [ -89.098484, 13.623814, 0.0 ], [ -89.098488, 13.623812, 0.0 ], [ -89.098506, 13.623801, 0.0 ], [ -89.098509, 13.623799, 0.0 ], [ -89.098511, 13.623798, 0.0 ], [ -89.098537, 13.623781, 0.0 ], [ -89.098539, 13.62378, 0.0 ], [ -89.098545, 13.623777, 0.0 ], [ -89.09856, 13.623767, 0.0 ], [ -89.098565, 13.623764, 0.0 ], [ -89.098582, 13.623753, 0.0 ], [ -89.098583, 13.623752, 0.0 ], [ -89.098584, 13.623752, 0.0 ], [ -89.09859, 13.623748, 0.0 ], [ -89.098593, 13.623746, 0.0 ], [ -89.098597, 13.623744, 0.0 ], [ -89.098598, 13.623743, 0.0 ], [ -89.098602, 13.623741, 0.0 ], [ -89.098616, 13.623732, 0.0 ], [ -89.098621, 13.623729, 0.0 ], [ -89.09863, 13.623723, 0.0 ], [ -89.098648, 13.623721, 0.0 ], [ -89.098658, 13.62372, 0.0 ], [ -89.098672, 13.623718, 0.0 ], [ -89.09871, 13.623714, 0.0 ], [ -89.098745, 13.623709, 0.0 ], [ -89.098784, 13.623705, 0.0 ], [ -89.098842, 13.623698, 0.0 ], [ -89.098924, 13.623689, 0.0 ], [ -89.099005, 13.62368, 0.0 ], [ -89.099017, 13.623664, 0.0 ], [ -89.099046, 13.623625, 0.0 ], [ -89.099072, 13.62359, 0.0 ], [ -89.099078, 13.623582, 0.0 ], [ -89.099109, 13.623543, 0.0 ], [ -89.099134, 13.623511, 0.0 ], [ -89.099134, 13.62351, 0.0 ], [ -89.099148, 13.623493, 0.0 ], [ -89.099157, 13.623482, 0.0 ], [ -89.099158, 13.62348, 0.0 ], [ -89.099237, 13.623413, 0.0 ], [ -89.099281, 13.623376, 0.0 ], [ -89.099302, 13.623358, 0.0 ], [ -89.099378, 13.623292, 0.0 ], [ -89.099413, 13.623261, 0.0 ], [ -89.099446, 13.623232, 0.0 ], [ -89.099647, 13.623065, 0.0 ], [ -89.099719, 13.623006, 0.0 ], [ -89.099842, 13.622904, 0.0 ], [ -89.100048, 13.622734, 0.0 ], [ -89.100099, 13.622692, 0.0 ], [ -89.100264, 13.622556, 0.0 ], [ -89.100307, 13.622522, 0.0 ], [ -89.100313, 13.622517, 0.0 ], [ -89.100356, 13.622482, 0.0 ], [ -89.100576, 13.62246, 0.0 ], [ -89.100849, 13.622433, 0.0 ], [ -89.100859, 13.622425, 0.0 ], [ -89.100861, 13.622424, 0.0 ], [ -89.100876, 13.622412, 0.0 ], [ -89.100939, 13.622379, 0.0 ], [ -89.100966, 13.622364, 0.0 ], [ -89.101098, 13.622293, 0.0 ], [ -89.101106, 13.622289, 0.0 ], [ -89.101114, 13.622286, 0.0 ], [ -89.10114, 13.622273, 0.0 ], [ -89.101152, 13.622249, 0.0 ], [ -89.101174, 13.622199, 0.0 ], [ -89.101235, 13.622067, 0.0 ], [ -89.101237, 13.622064, 0.0 ], [ -89.101258, 13.622036, 0.0 ], [ -89.101301, 13.621979, 0.0 ], [ -89.101304, 13.621975, 0.0 ], [ -89.101328, 13.621941, 0.0 ], [ -89.101368, 13.621883, 0.0 ], [ -89.101378, 13.62187, 0.0 ], [ -89.101453, 13.62187, 0.0 ], [ -89.101454, 13.621869, 0.0 ], [ -89.101455, 13.621869, 0.0 ], [ -89.101456, 13.621868, 0.0 ], [ -89.101543, 13.62187, 0.0 ], [ -89.10167, 13.621873, 0.0 ], [ -89.101797, 13.621876, 0.0 ], [ -89.101806, 13.621876, 0.0 ], [ -89.101818, 13.621876, 0.0 ], [ -89.101836, 13.621877, 0.0 ], [ -89.101838, 13.621873, 0.0 ], [ -89.10184, 13.621868, 0.0 ], [ -89.101844, 13.621859, 0.0 ], [ -89.101855, 13.621815, 0.0 ], [ -89.101867, 13.621773, 0.0 ], [ -89.101904, 13.621636, 0.0 ], [ -89.101909, 13.621617, 0.0 ], [ -89.101913, 13.621604, 0.0 ], [ -89.101935, 13.62153, 0.0 ], [ -89.101947, 13.621512, 0.0 ], [ -89.101953, 13.621504, 0.0 ], [ -89.102016, 13.621412, 0.0 ], [ -89.102025, 13.6214, 0.0 ], [ -89.102026, 13.621399, 0.0 ], [ -89.102082, 13.621319, 0.0 ], [ -89.102085, 13.62131, 0.0 ], [ -89.102088, 13.6213, 0.0 ], [ -89.102132, 13.62115, 0.0 ], [ -89.102134, 13.621146, 0.0 ], [ -89.102134, 13.621143, 0.0 ], [ -89.102133, 13.621127, 0.0 ], [ -89.102123, 13.620963, 0.0 ], [ -89.102121, 13.620942, 0.0 ], [ -89.102112, 13.620927, 0.0 ], [ -89.102016, 13.620769, 0.0 ], [ -89.101992, 13.620729, 0.0 ], [ -89.10199, 13.620722, 0.0 ], [ -89.101963, 13.62062, 0.0 ], [ -89.101952, 13.62058, 0.0 ], [ -89.101951, 13.620577, 0.0 ], [ -89.101935, 13.620524, 0.0 ], [ -89.101926, 13.620494, 0.0 ], [ -89.101925, 13.620493, 0.0 ], [ -89.101859, 13.6204, 0.0 ], [ -89.101809, 13.62033, 0.0 ], [ -89.101807, 13.620327, 0.0 ], [ -89.101771, 13.620239, 0.0 ], [ -89.101735, 13.620152, 0.0 ], [ -89.101732, 13.620146, 0.0 ], [ -89.101732, 13.620143, 0.0 ], [ -89.101734, 13.619982, 0.0 ], [ -89.101737, 13.619762, 0.0 ], [ -89.101737, 13.619739, 0.0 ], [ -89.101741, 13.61971, 0.0 ], [ -89.101747, 13.619657, 0.0 ], [ -89.101748, 13.61965, 0.0 ], [ -89.101752, 13.619629, 0.0 ], [ -89.101762, 13.619571, 0.0 ], [ -89.101763, 13.619563, 0.0 ], [ -89.101763, 13.619562, 0.0 ], [ -89.101758, 13.619546, 0.0 ], [ -89.101734, 13.619471, 0.0 ], [ -89.10173, 13.619459, 0.0 ], [ -89.101731, 13.619457, 0.0 ], [ -89.101735, 13.619432, 0.0 ], [ -89.101786, 13.619161, 0.0 ], [ -89.101795, 13.619114, 0.0 ], [ -89.101796, 13.619112, 0.0 ], [ -89.101854, 13.618936, 0.0 ], [ -89.101859, 13.618921, 0.0 ], [ -89.101865, 13.618903, 0.0 ], [ -89.101865, 13.618901, 0.0 ], [ -89.101841, 13.618785, 0.0 ], [ -89.10184, 13.618783, 0.0 ], [ -89.101835, 13.618759, 0.0 ], [ -89.10183, 13.618626, 0.0 ], [ -89.10183, 13.618618, 0.0 ], [ -89.101828, 13.618582, 0.0 ], [ -89.101824, 13.618481, 0.0 ], [ -89.101823, 13.618465, 0.0 ], [ -89.101821, 13.618431, 0.0 ], [ -89.101882, 13.618229, 0.0 ], [ -89.1019, 13.618171, 0.0 ], [ -89.101925, 13.618087, 0.0 ], [ -89.101955, 13.617995, 0.0 ], [ -89.101969, 13.617954, 0.0 ], [ -89.101985, 13.617905, 0.0 ], [ -89.102046, 13.61781, 0.0 ], [ -89.102087, 13.617744, 0.0 ], [ -89.102128, 13.617679, 0.0 ], [ -89.102149, 13.617635, 0.0 ], [ -89.10217, 13.617591, 0.0 ], [ -89.102188, 13.617551, 0.0 ], [ -89.102198, 13.617527, 0.0 ], [ -89.102213, 13.617489, 0.0 ], [ -89.102225, 13.617459, 0.0 ], [ -89.102232, 13.617427, 0.0 ], [ -89.102252, 13.617341, 0.0 ], [ -89.102266, 13.617277, 0.0 ], [ -89.102268, 13.617258, 0.0 ], [ -89.102281, 13.617155, 0.0 ], [ -89.10229, 13.617083, 0.0 ], [ -89.10229, 13.617082, 0.0 ], [ -89.10229, 13.61708, 0.0 ], [ -89.102265, 13.616948, 0.0 ], [ -89.102252, 13.616876, 0.0 ], [ -89.102249, 13.616861, 0.0 ], [ -89.102183, 13.616726, 0.0 ], [ -89.102154, 13.616665, 0.0 ], [ -89.102137, 13.616631, 0.0 ], [ -89.102049, 13.616494, 0.0 ], [ -89.102017, 13.616445, 0.0 ], [ -89.101982, 13.616389, 0.0 ], [ -89.101982, 13.616387, 0.0 ], [ -89.10199, 13.616242, 0.0 ], [ -89.101993, 13.616204, 0.0 ], [ -89.101998, 13.61612, 0.0 ], [ -89.101998, 13.616118, 0.0 ], [ -89.101992, 13.616002, 0.0 ], [ -89.101991, 13.615983, 0.0 ], [ -89.101987, 13.615895, 0.0 ], [ -89.101987, 13.615893, 0.0 ], [ -89.101988, 13.615829, 0.0 ], [ -89.101988, 13.615826, 0.0 ], [ -89.101989, 13.615763, 0.0 ], [ -89.102002, 13.615686, 0.0 ], [ -89.102003, 13.615679, 0.0 ], [ -89.102017, 13.615589, 0.0 ], [ -89.102058, 13.615469, 0.0 ], [ -89.10207, 13.615435, 0.0 ], [ -89.102131, 13.615255, 0.0 ], [ -89.102147, 13.615196, 0.0 ], [ -89.102156, 13.615161, 0.0 ], [ -89.102188, 13.615042, 0.0 ], [ -89.102189, 13.614979, 0.0 ], [ -89.10219, 13.614909, 0.0 ], [ -89.102191, 13.614726, 0.0 ], [ -89.102197, 13.614702, 0.0 ], [ -89.102212, 13.614642, 0.0 ], [ -89.102243, 13.614515, 0.0 ], [ -89.102249, 13.614498, 0.0 ], [ -89.102309, 13.614335, 0.0 ], [ -89.102409, 13.614061, 0.0 ], [ -89.102417, 13.614039, 0.0 ], [ -89.102484, 13.61392, 0.0 ], [ -89.102581, 13.613748, 0.0 ], [ -89.102606, 13.613705, 0.0 ], [ -89.102616, 13.61348, 0.0 ], [ -89.10262, 13.613377, 0.0 ], [ -89.102618, 13.613227, 0.0 ], [ -89.102581, 13.61292, 0.0 ], [ -89.102712, 13.612584, 0.0 ], [ -89.102907, 13.612556, 0.0 ], [ -89.102956, 13.612414, 0.0 ], [ -89.102929, 13.612248, 0.0 ], [ -89.102874, 13.612118, 0.0 ], [ -89.102874, 13.612035, 0.0 ], [ -89.102922, 13.611975, 0.0 ], [ -89.103074, 13.611828, 0.0 ], [ -89.103558, 13.611625, 0.0 ], [ -89.103811, 13.611086, 0.0 ], [ -89.103813, 13.611082, 0.0 ], [ -89.104052, 13.610643, 0.0 ], [ -89.10406, 13.610632, 0.0 ], [ -89.104169, 13.610499, 0.0 ], [ -89.104262, 13.610317, 0.0 ], [ -89.104679, 13.610031, 0.0 ], [ -89.10484, 13.609766, 0.0 ], [ -89.105106, 13.609406, 0.0 ], [ -89.10532, 13.609135, 0.0 ], [ -89.105522, 13.608844, 0.0 ], [ -89.105747, 13.608451, 0.0 ], [ -89.105796, 13.608279, 0.0 ], [ -89.105911, 13.607957, 0.0 ], [ -89.106117, 13.607655, 0.0 ], [ -89.106403, 13.607372, 0.0 ], [ -89.106774, 13.607138, 0.0 ], [ -89.106847, 13.606984, 0.0 ], [ -89.107096, 13.606675, 0.0 ], [ -89.107417, 13.606287, 0.0 ], [ -89.107673, 13.606145, 0.0 ], [ -89.10794, 13.606145, 0.0 ], [ -89.108025, 13.606133, 0.0 ], [ -89.108081, 13.606068, 0.0 ], [ -89.108063, 13.605912, 0.0 ], [ -89.108086, 13.605845, 0.0 ], [ -89.107973, 13.605662, 0.0 ], [ -89.10802, 13.605516, 0.0 ], [ -89.108166, 13.605469, 0.0 ], [ -89.108303, 13.605525, 0.0 ], [ -89.108361, 13.60551, 0.0 ], [ -89.108494, 13.605364, 0.0 ], [ -89.108681, 13.605258, 0.0 ], [ -89.108803, 13.605247, 0.0 ], [ -89.1089, 13.605227, 0.0 ], [ -89.109005, 13.605171, 0.0 ], [ -89.109194, 13.604819, 0.0 ], [ -89.109298, 13.604605, 0.0 ], [ -89.109439, 13.604391, 0.0 ], [ -89.109591, 13.604231, 0.0 ], [ -89.109619, 13.604215, 0.0 ], [ -89.109661, 13.604182, 0.0 ], [ -89.109933, 13.604309, 0.0 ], [ -89.110035, 13.604566, 0.0 ], [ -89.110265, 13.604798, 0.0 ], [ -89.110256, 13.604907, 0.0 ], [ -89.11015, 13.605149, 0.0 ], [ -89.110155, 13.605215, 0.0 ], [ -89.110372, 13.605492, 0.0 ], [ -89.110283, 13.605901, 0.0 ], [ -89.110319, 13.606014, 0.0 ], [ -89.110791, 13.60648, 0.0 ], [ -89.111065, 13.606816, 0.0 ], [ -89.111438, 13.607042, 0.0 ], [ -89.111726, 13.607251, 0.0 ], [ -89.111928, 13.60743, 0.0 ], [ -89.112118, 13.607728, 0.0 ], [ -89.112508, 13.608123, 0.0 ], [ -89.112589, 13.608224, 0.0 ], [ -89.113006, 13.608487, 0.0 ], [ -89.113061, 13.608856, 0.0 ], [ -89.113208, 13.609038, 0.0 ], [ -89.113379, 13.60924, 0.0 ], [ -89.113451, 13.609417, 0.0 ], [ -89.113438, 13.609509, 0.0 ], [ -89.113437, 13.609514, 0.0 ], [ -89.113508, 13.609546, 0.0 ], [ -89.113813, 13.609591, 0.0 ], [ -89.113998, 13.609659, 0.0 ], [ -89.11418, 13.609743, 0.0 ], [ -89.114509, 13.609751, 0.0 ], [ -89.114793, 13.610051, 0.0 ], [ -89.114942, 13.610281, 0.0 ], [ -89.114968, 13.610404, 0.0 ], [ -89.115306, 13.610833, 0.0 ], [ -89.11545, 13.610924, 0.0 ], [ -89.115604, 13.611, 0.0 ], [ -89.115837, 13.611027, 0.0 ], [ -89.115948, 13.611017, 0.0 ], [ -89.116252, 13.611028, 0.0 ], [ -89.116447, 13.611036, 0.0 ], [ -89.116669, 13.611146, 0.0 ], [ -89.117131, 13.611385, 0.0 ], [ -89.117692, 13.611709, 0.0 ], [ -89.118, 13.611899, 0.0 ], [ -89.118144, 13.611976, 0.0 ], [ -89.118343, 13.61204, 0.0 ], [ -89.118467, 13.612017, 0.0 ], [ -89.118472, 13.612047, 0.0 ], [ -89.118477, 13.612077, 0.0 ], [ -89.118507, 13.612076, 0.0 ], [ -89.118543, 13.612074, 0.0 ], [ -89.118643, 13.612067, 0.0 ], [ -89.11993, 13.611977, 0.0 ], [ -89.119944, 13.611976, 0.0 ], [ -89.120234, 13.611956, 0.0 ], [ -89.120263, 13.611954, 0.0 ], [ -89.120363, 13.611947, 0.0 ], [ -89.120384, 13.611945, 0.0 ], [ -89.120397, 13.611945, 0.0 ], [ -89.120401, 13.611944, 0.0 ], [ -89.120592, 13.611931, 0.0 ], [ -89.120689, 13.611924, 0.0 ], [ -89.120692, 13.611923, 0.0 ], [ -89.120699, 13.611922, 0.0 ], [ -89.120707, 13.611921, 0.0 ], [ -89.120878, 13.611889, 0.0 ], [ -89.12105, 13.611858, 0.0 ], [ -89.121081, 13.611852, 0.0 ], [ -89.121125, 13.611844, 0.0 ], [ -89.121131, 13.611843, 0.0 ], [ -89.121142, 13.611841, 0.0 ], [ -89.121161, 13.611838, 0.0 ], [ -89.121216, 13.611828, 0.0 ], [ -89.121235, 13.611825, 0.0 ], [ -89.121281, 13.611817, 0.0 ], [ -89.121328, 13.611809, 0.0 ], [ -89.121331, 13.611808, 0.0 ], [ -89.121365, 13.611802, 0.0 ], [ -89.121367, 13.611802, 0.0 ], [ -89.121526, 13.61176, 0.0 ], [ -89.121539, 13.611757, 0.0 ], [ -89.121684, 13.61172, 0.0 ], [ -89.12171, 13.611713, 0.0 ], [ -89.121728, 13.611708, 0.0 ], [ -89.121734, 13.611707, 0.0 ], [ -89.121773, 13.6117, 0.0 ], [ -89.121791, 13.611697, 0.0 ], [ -89.121813, 13.611693, 0.0 ], [ -89.121828, 13.611691, 0.0 ], [ -89.121851, 13.611685, 0.0 ], [ -89.121871, 13.61168, 0.0 ], [ -89.121906, 13.611671, 0.0 ], [ -89.12195, 13.61166, 0.0 ], [ -89.121981, 13.611658, 0.0 ], [ -89.122036, 13.611653, 0.0 ], [ -89.12206, 13.611648, 0.0 ], [ -89.122122, 13.611636, 0.0 ], [ -89.122132, 13.611634, 0.0 ], [ -89.122144, 13.611631, 0.0 ], [ -89.122173, 13.611626, 0.0 ], [ -89.122176, 13.611625, 0.0 ], [ -89.122201, 13.611624, 0.0 ], [ -89.122205, 13.611624, 0.0 ], [ -89.122297, 13.611617, 0.0 ], [ -89.122302, 13.611617, 0.0 ], [ -89.122535, 13.611579, 0.0 ], [ -89.122657, 13.611559, 0.0 ], [ -89.122711, 13.61155, 0.0 ], [ -89.123204, 13.611465, 0.0 ], [ -89.123339, 13.611441, 0.0 ], [ -89.123365, 13.611437, 0.0 ], [ -89.123386, 13.611433, 0.0 ], [ -89.123397, 13.611431, 0.0 ], [ -89.123406, 13.61143, 0.0 ], [ -89.123666, 13.611364, 0.0 ], [ -89.123825, 13.611323, 0.0 ], [ -89.124081, 13.611213, 0.0 ], [ -89.1243, 13.61112, 0.0 ], [ -89.124478, 13.611023, 0.0 ], [ -89.124687, 13.610908, 0.0 ], [ -89.124709, 13.610897, 0.0 ], [ -89.124744, 13.61088, 0.0 ], [ -89.124801, 13.610864, 0.0 ], [ -89.124937, 13.610825, 0.0 ], [ -89.124973, 13.610809, 0.0 ], [ -89.124987, 13.610803, 0.0 ], [ -89.125108, 13.610749, 0.0 ], [ -89.125122, 13.610742, 0.0 ], [ -89.125208, 13.610693, 0.0 ], [ -89.125227, 13.610688, 0.0 ], [ -89.12557, 13.610583, 0.0 ], [ -89.125582, 13.610579, 0.0 ], [ -89.125712, 13.610463, 0.0 ], [ -89.125729, 13.610449, 0.0 ], [ -89.126612, 13.609691, 0.0 ], [ -89.126825, 13.609508, 0.0 ], [ -89.127029, 13.609563, 0.0 ], [ -89.127107, 13.609585, 0.0 ], [ -89.12714, 13.609482, 0.0 ], [ -89.127142, 13.609473, 0.0 ], [ -89.127157, 13.609425, 0.0 ], [ -89.12724, 13.609327, 0.0 ], [ -89.127257, 13.609307, 0.0 ], [ -89.127304, 13.60925, 0.0 ], [ -89.127419, 13.609163, 0.0 ], [ -89.127462, 13.60913, 0.0 ], [ -89.127545, 13.609067, 0.0 ], [ -89.127668, 13.609048, 0.0 ], [ -89.12774, 13.609037, 0.0 ], [ -89.127854, 13.609019, 0.0 ], [ -89.127961, 13.609007, 0.0 ], [ -89.12806, 13.608997, 0.0 ], [ -89.128193, 13.608983, 0.0 ], [ -89.12826, 13.608975, 0.0 ], [ -89.128361, 13.608962, 0.0 ], [ -89.12848, 13.608947, 0.0 ], [ -89.128538, 13.608942, 0.0 ], [ -89.128695, 13.608928, 0.0 ], [ -89.128862, 13.608914, 0.0 ], [ -89.128871, 13.608903, 0.0 ], [ -89.128929, 13.60883, 0.0 ], [ -89.128985, 13.608761, 0.0 ], [ -89.128986, 13.608759, 0.0 ], [ -89.129009, 13.60875, 0.0 ], [ -89.129026, 13.608743, 0.0 ], [ -89.12903, 13.608741, 0.0 ], [ -89.129049, 13.608721, 0.0 ], [ -89.129059, 13.608709, 0.0 ], [ -89.129159, 13.608827, 0.0 ], [ -89.12933, 13.609022, 0.0 ], [ -89.129456, 13.609133, 0.0 ], [ -89.129545, 13.609307, 0.0 ], [ -89.129551, 13.609591, 0.0 ], [ -89.12948, 13.60992, 0.0 ], [ -89.129376, 13.610399, 0.0 ], [ -89.129333, 13.610596, 0.0 ], [ -89.129474, 13.610861, 0.0 ], [ -89.129659, 13.611162, 0.0 ], [ -89.129719, 13.611311, 0.0 ], [ -89.129734, 13.611416, 0.0 ], [ -89.129709, 13.611643, 0.0 ], [ -89.129661, 13.611766, 0.0 ], [ -89.129608, 13.611917, 0.0 ], [ -89.129551, 13.612104, 0.0 ], [ -89.129523, 13.612391, 0.0 ], [ -89.12958, 13.612616, 0.0 ], [ -89.129631, 13.612792, 0.0 ], [ -89.129756, 13.613087, 0.0 ], [ -89.129976, 13.613385, 0.0 ], [ -89.130037, 13.613586, 0.0 ], [ -89.130079, 13.61375, 0.0 ], [ -89.130094, 13.614098, 0.0 ], [ -89.129827, 13.614317, 0.0 ], [ -89.129568, 13.614538, 0.0 ], [ -89.129327, 13.614734, 0.0 ], [ -89.129307, 13.614822, 0.0 ], [ -89.129334, 13.615042, 0.0 ], [ -89.129502, 13.615737, 0.0 ], [ -89.129544, 13.615926, 0.0 ], [ -89.129544, 13.616016, 0.0 ], [ -89.129498, 13.616087, 0.0 ], [ -89.129436, 13.616147, 0.0 ], [ -89.12929, 13.616175, 0.0 ], [ -89.129172, 13.616146, 0.0 ], [ -89.128964, 13.616089, 0.0 ], [ -89.128843, 13.616086, 0.0 ], [ -89.128703, 13.616097, 0.0 ], [ -89.12858, 13.616182, 0.0 ], [ -89.128515, 13.616311, 0.0 ], [ -89.128497, 13.616431, 0.0 ], [ -89.128512, 13.616545, 0.0 ], [ -89.128526, 13.616697, 0.0 ], [ -89.128589, 13.616881, 0.0 ], [ -89.128584, 13.617019, 0.0 ], [ -89.128461, 13.617228, 0.0 ], [ -89.12832, 13.617328, 0.0 ], [ -89.128155, 13.617463, 0.0 ], [ -89.128035, 13.617703, 0.0 ], [ -89.127961, 13.617836, 0.0 ], [ -89.127923, 13.618033, 0.0 ], [ -89.127895, 13.618175, 0.0 ], [ -89.127804, 13.618394, 0.0 ], [ -89.127656, 13.618615, 0.0 ], [ -89.127565, 13.618697, 0.0 ], [ -89.127278, 13.618786, 0.0 ], [ -89.127092, 13.618814, 0.0 ], [ -89.126822, 13.618865, 0.0 ], [ -89.126638, 13.619139, 0.0 ], [ -89.12666, 13.619376, 0.0 ], [ -89.12666, 13.619579, 0.0 ], [ -89.126645, 13.619727, 0.0 ], [ -89.12662, 13.619789, 0.0 ], [ -89.126549, 13.619954, 0.0 ], [ -89.126555, 13.620231, 0.0 ], [ -89.12679, 13.620564, 0.0 ], [ -89.126933, 13.620754, 0.0 ], [ -89.126975, 13.620879, 0.0 ], [ -89.126931, 13.620977, 0.0 ], [ -89.126817, 13.621046, 0.0 ], [ -89.126656, 13.621263, 0.0 ], [ -89.126638, 13.621367, 0.0 ], [ -89.126656, 13.621482, 0.0 ], [ -89.126654, 13.621539, 0.0 ], [ -89.126636, 13.621585, 0.0 ], [ -89.1266, 13.621619, 0.0 ], [ -89.126557, 13.621644, 0.0 ], [ -89.126479, 13.62166, 0.0 ], [ -89.126404, 13.62166, 0.0 ], [ -89.126339, 13.621674, 0.0 ], [ -89.126262, 13.621703, 0.0 ], [ -89.126189, 13.621778, 0.0 ], [ -89.126116, 13.621867, 0.0 ], [ -89.126111, 13.621931, 0.0 ], [ -89.12612, 13.622097, 0.0 ], [ -89.126115, 13.622201, 0.0 ], [ -89.126061, 13.62229, 0.0 ], [ -89.125992, 13.622451, 0.0 ], [ -89.125903, 13.622547, 0.0 ], [ -89.125912, 13.622617, 0.0 ], [ -89.126053, 13.622684, 0.0 ], [ -89.126111, 13.622697, 0.0 ], [ -89.126173, 13.622715, 0.0 ], [ -89.126263, 13.622723, 0.0 ], [ -89.126336, 13.622712, 0.0 ], [ -89.126437, 13.622695, 0.0 ], [ -89.126589, 13.622699, 0.0 ], [ -89.12662, 13.622705, 0.0 ], [ -89.126663, 13.62274, 0.0 ], [ -89.126684, 13.622836, 0.0 ], [ -89.126691, 13.622926, 0.0 ], [ -89.126515, 13.623123, 0.0 ], [ -89.126434, 13.623257, 0.0 ], [ -89.126402, 13.623364, 0.0 ], [ -89.126381, 13.623516, 0.0 ], [ -89.126381, 13.623554, 0.0 ], [ -89.126346, 13.623609, 0.0 ], [ -89.1263, 13.623664, 0.0 ], [ -89.126195, 13.623723, 0.0 ], [ -89.126145, 13.623744, 0.0 ], [ -89.126026, 13.623858, 0.0 ], [ -89.12593, 13.623958, 0.0 ], [ -89.125864, 13.624066, 0.0 ], [ -89.125836, 13.624111, 0.0 ], [ -89.12579, 13.624249, 0.0 ], [ -89.125772, 13.624321, 0.0 ], [ -89.12573, 13.624487, 0.0 ], [ -89.125709, 13.62459, 0.0 ], [ -89.125758, 13.624811, 0.0 ], [ -89.125748, 13.624876, 0.0 ], [ -89.125769, 13.625004, 0.0 ], [ -89.12578, 13.625045, 0.0 ], [ -89.125808, 13.62508, 0.0 ], [ -89.125871, 13.625114, 0.0 ], [ -89.125974, 13.625166, 0.0 ], [ -89.12603, 13.625169, 0.0 ], [ -89.12609, 13.625207, 0.0 ], [ -89.126125, 13.625366, 0.0 ], [ -89.12609, 13.625422, 0.0 ], [ -89.126068, 13.625481, 0.0 ], [ -89.126037, 13.626015, 0.0 ], [ -89.126122, 13.626139, 0.0 ], [ -89.126122, 13.626177, 0.0 ], [ -89.126062, 13.62636, 0.0 ], [ -89.126069, 13.626439, 0.0 ], [ -89.126203, 13.626746, 0.0 ], [ -89.126186, 13.627039, 0.0 ], [ -89.126147, 13.627209, 0.0 ], [ -89.126098, 13.62735, 0.0 ], [ -89.125993, 13.627519, 0.0 ], [ -89.125894, 13.627688, 0.0 ], [ -89.125852, 13.627816, 0.0 ], [ -89.125873, 13.627974, 0.0 ], [ -89.125908, 13.628183, 0.0 ], [ -89.125912, 13.628559, 0.0 ], [ -89.125895, 13.628735, 0.0 ], [ -89.12587, 13.628811, 0.0 ], [ -89.125842, 13.628976, 0.0 ], [ -89.125786, 13.628976, 0.0 ], [ -89.125674, 13.629181, 0.0 ], [ -89.1255, 13.6295, 0.0 ], [ -89.125494, 13.629517, 0.0 ], [ -89.125466, 13.629588, 0.0 ], [ -89.125391, 13.629784, 0.0 ], [ -89.125381, 13.629786, 0.0 ], [ -89.12526, 13.629812, 0.0 ], [ -89.124835, 13.629904, 0.0 ], [ -89.124819, 13.629908, 0.0 ], [ -89.124807, 13.629987, 0.0 ], [ -89.124741, 13.630408, 0.0 ], [ -89.124735, 13.630446, 0.0 ], [ -89.124728, 13.630458, 0.0 ], [ -89.124644, 13.630615, 0.0 ], [ -89.124634, 13.630634, 0.0 ], [ -89.124632, 13.630637, 0.0 ], [ -89.124555, 13.630891, 0.0 ], [ -89.124549, 13.63091, 0.0 ], [ -89.12454, 13.630939, 0.0 ], [ -89.124309, 13.630936, 0.0 ], [ -89.124302, 13.630936, 0.0 ], [ -89.12425, 13.630936, 0.0 ], [ -89.124028, 13.630876, 0.0 ], [ -89.123932, 13.63085, 0.0 ], [ -89.123926, 13.630848, 0.0 ], [ -89.123819, 13.63082, 0.0 ], [ -89.12373, 13.630812, 0.0 ], [ -89.123723, 13.630812, 0.0 ], [ -89.123684, 13.630808, 0.0 ], [ -89.123662, 13.630813, 0.0 ], [ -89.123659, 13.630814, 0.0 ], [ -89.123647, 13.630817, 0.0 ], [ -89.123642, 13.630819, 0.0 ], [ -89.123641, 13.630819, 0.0 ], [ -89.123638, 13.63082, 0.0 ], [ -89.123641, 13.630929, 0.0 ], [ -89.123643, 13.630973, 0.0 ], [ -89.123646, 13.631084, 0.0 ], [ -89.123631, 13.631134, 0.0 ], [ -89.123622, 13.631165, 0.0 ], [ -89.123601, 13.631236, 0.0 ], [ -89.123585, 13.631279, 0.0 ], [ -89.123569, 13.631321, 0.0 ], [ -89.123536, 13.63141, 0.0 ], [ -89.123535, 13.631415, 0.0 ], [ -89.123533, 13.631423, 0.0 ], [ -89.12353, 13.631438, 0.0 ], [ -89.123528, 13.631446, 0.0 ], [ -89.123519, 13.631475, 0.0 ], [ -89.123502, 13.63153, 0.0 ], [ -89.123502, 13.631531, 0.0 ], [ -89.123466, 13.631562, 0.0 ], [ -89.12341, 13.631613, 0.0 ], [ -89.123402, 13.631619, 0.0 ], [ -89.123395, 13.631625, 0.0 ], [ -89.123383, 13.631635, 0.0 ], [ -89.12338, 13.631638, 0.0 ], [ -89.123372, 13.631636, 0.0 ], [ -89.123358, 13.631632, 0.0 ], [ -89.123351, 13.631631, 0.0 ], [ -89.123291, 13.631616, 0.0 ], [ -89.123293, 13.631634, 0.0 ], [ -89.123318, 13.631873, 0.0 ], [ -89.123333, 13.632027, 0.0 ], [ -89.123324, 13.63215, 0.0 ], [ -89.123304, 13.632319, 0.0 ], [ -89.12328, 13.632413, 0.0 ], [ -89.12327, 13.632453, 0.0 ], [ -89.123164, 13.632762, 0.0 ], [ -89.123107, 13.632881, 0.0 ], [ -89.122993, 13.633133, 0.0 ], [ -89.122955, 13.633271, 0.0 ], [ -89.122947, 13.633383, 0.0 ], [ -89.12295, 13.633624, 0.0 ], [ -89.122958, 13.633714, 0.0 ], [ -89.123035, 13.633833, 0.0 ], [ -89.123104, 13.633909, 0.0 ], [ -89.123222, 13.633999, 0.0 ], [ -89.123471, 13.63417, 0.0 ], [ -89.12359, 13.63423, 0.0 ], [ -89.123602, 13.634235, 0.0 ], [ -89.123737, 13.63429, 0.0 ], [ -89.123961, 13.634368, 0.0 ], [ -89.123901, 13.634699, 0.0 ], [ -89.12397, 13.634933, 0.0 ], [ -89.12409, 13.63539, 0.0 ], [ -89.124274, 13.636104, 0.0 ], [ -89.124302, 13.636216, 0.0 ], [ -89.124377, 13.636343, 0.0 ], [ -89.124482, 13.636465, 0.0 ], [ -89.124597, 13.636599, 0.0 ], [ -89.124701, 13.63662, 0.0 ], [ -89.124876, 13.636637, 0.0 ], [ -89.124936, 13.636651, 0.0 ], [ -89.125013, 13.6367, 0.0 ], [ -89.125219, 13.636944, 0.0 ], [ -89.125406, 13.637112, 0.0 ], [ -89.125489, 13.637211, 0.0 ], [ -89.125612, 13.637427, 0.0 ], [ -89.125756, 13.637592, 0.0 ], [ -89.12589, 13.637753, 0.0 ], [ -89.125922, 13.63782, 0.0 ], [ -89.12597, 13.63796, 0.0 ], [ -89.125988, 13.638022, 0.0 ], [ -89.125985, 13.638115, 0.0 ], [ -89.125962, 13.638165, 0.0 ], [ -89.125899, 13.638247, 0.0 ], [ -89.125839, 13.638303, 0.0 ], [ -89.125816, 13.638356, 0.0 ], [ -89.125802, 13.638421, 0.0 ], [ -89.12579, 13.63852, 0.0 ], [ -89.125785, 13.638658, 0.0 ], [ -89.125799, 13.638773, 0.0 ], [ -89.125816, 13.638854, 0.0 ], [ -89.125819, 13.638983, 0.0 ], [ -89.125833, 13.639104, 0.0 ], [ -89.125825, 13.639158, 0.0 ], [ -89.125832, 13.639256, 0.0 ], [ -89.125862, 13.639309, 0.0 ], [ -89.1259, 13.639361, 0.0 ], [ -89.125991, 13.639503, 0.0 ], [ -89.126012, 13.639566, 0.0 ], [ -89.126021, 13.639661, 0.0 ], [ -89.126006, 13.639788, 0.0 ], [ -89.125985, 13.639886, 0.0 ], [ -89.125955, 13.640067, 0.0 ], [ -89.125981, 13.640151, 0.0 ], [ -89.126029, 13.640201, 0.0 ], [ -89.126154, 13.64026, 0.0 ], [ -89.126363, 13.640352, 0.0 ], [ -89.126556, 13.640435, 0.0 ], [ -89.126611, 13.64047, 0.0 ], [ -89.126638, 13.640565, 0.0 ], [ -89.126641, 13.640613, 0.0 ], [ -89.126603, 13.640766, 0.0 ], [ -89.126566, 13.640915, 0.0 ], [ -89.126529, 13.641025, 0.0 ], [ -89.126496, 13.641093, 0.0 ], [ -89.126433, 13.641179, 0.0 ], [ -89.126381, 13.641237, 0.0 ], [ -89.126366, 13.641287, 0.0 ], [ -89.126351, 13.641349, 0.0 ], [ -89.126336, 13.641417, 0.0 ], [ -89.126348, 13.641465, 0.0 ], [ -89.126375, 13.641551, 0.0 ], [ -89.126451, 13.64164, 0.0 ], [ -89.126506, 13.64172, 0.0 ], [ -89.126521, 13.641752, 0.0 ], [ -89.126539, 13.641883, 0.0 ], [ -89.126562, 13.64201, 0.0 ], [ -89.126563, 13.642016, 0.0 ], [ -89.126579, 13.642117, 0.0 ], [ -89.126636, 13.642238, 0.0 ], [ -89.126711, 13.642441, 0.0 ], [ -89.126766, 13.642562, 0.0 ], [ -89.126817, 13.64269, 0.0 ], [ -89.12686, 13.642808, 0.0 ], [ -89.126899, 13.642948, 0.0 ], [ -89.126942, 13.643069, 0.0 ], [ -89.127002, 13.643124, 0.0 ], [ -89.127088, 13.643176, 0.0 ], [ -89.127069, 13.64318, 0.0 ], [ -89.127052, 13.643183, 0.0 ], [ -89.127035, 13.643187, 0.0 ], [ -89.127019, 13.64319, 0.0 ], [ -89.127008, 13.643192, 0.0 ], [ -89.126853, 13.643374, 0.0 ], [ -89.126647, 13.643616, 0.0 ], [ -89.126494, 13.643795, 0.0 ], [ -89.126459, 13.643836, 0.0 ], [ -89.126389, 13.64392, 0.0 ], [ -89.126334, 13.643984, 0.0 ], [ -89.126262, 13.644036, 0.0 ], [ -89.126014, 13.644216, 0.0 ], [ -89.125814, 13.644361, 0.0 ], [ -89.125806, 13.644365, 0.0 ], [ -89.125736, 13.644402, 0.0 ], [ -89.125682, 13.644431, 0.0 ], [ -89.125678, 13.644433, 0.0 ], [ -89.125575, 13.64445, 0.0 ], [ -89.125503, 13.644462, 0.0 ], [ -89.125482, 13.644466, 0.0 ], [ -89.125269, 13.644484, 0.0 ], [ -89.125124, 13.644496, 0.0 ], [ -89.125041, 13.644503, 0.0 ], [ -89.125014, 13.644495, 0.0 ], [ -89.125013, 13.644495, 0.0 ], [ -89.125013, 13.644501, 0.0 ], [ -89.125015, 13.644679, 0.0 ], [ -89.125007, 13.644857, 0.0 ], [ -89.124997, 13.644987, 0.0 ], [ -89.125046, 13.645066, 0.0 ], [ -89.125109, 13.645157, 0.0 ], [ -89.125162, 13.645218, 0.0 ], [ -89.125206, 13.645297, 0.0 ], [ -89.125224, 13.645342, 0.0 ], [ -89.125233, 13.645384, 0.0 ], [ -89.125233, 13.645438, 0.0 ], [ -89.125236, 13.645482, 0.0 ], [ -89.125241, 13.645516, 0.0 ], [ -89.125259, 13.645546, 0.0 ], [ -89.125295, 13.645604, 0.0 ], [ -89.12533, 13.645652, 0.0 ], [ -89.125337, 13.645673, 0.0 ], [ -89.12534, 13.645706, 0.0 ], [ -89.12534, 13.64573, 0.0 ], [ -89.125351, 13.645761, 0.0 ], [ -89.125355, 13.645783, 0.0 ], [ -89.125355, 13.645812, 0.0 ], [ -89.125359, 13.645838, 0.0 ], [ -89.125369, 13.645853, 0.0 ], [ -89.125389, 13.64588, 0.0 ], [ -89.125406, 13.645894, 0.0 ], [ -89.12542, 13.645915, 0.0 ], [ -89.125424, 13.645933, 0.0 ], [ -89.125424, 13.645956, 0.0 ], [ -89.12541, 13.645986, 0.0 ], [ -89.125406, 13.646006, 0.0 ], [ -89.125408, 13.646043, 0.0 ], [ -89.125414, 13.646064, 0.0 ], [ -89.125423, 13.64611, 0.0 ], [ -89.125427, 13.646155, 0.0 ], [ -89.125435, 13.646216, 0.0 ], [ -89.125449, 13.646282, 0.0 ], [ -89.125481, 13.646344, 0.0 ], [ -89.125518, 13.646409, 0.0 ], [ -89.125536, 13.646448, 0.0 ], [ -89.125565, 13.646519, 0.0 ], [ -89.125592, 13.646621, 0.0 ], [ -89.125588, 13.64666, 0.0 ], [ -89.125579, 13.646726, 0.0 ], [ -89.125565, 13.646789, 0.0 ], [ -89.125522, 13.646861, 0.0 ], [ -89.125496, 13.646922, 0.0 ], [ -89.12548, 13.647002, 0.0 ], [ -89.125458, 13.647146, 0.0 ], [ -89.12546, 13.647187, 0.0 ], [ -89.125462, 13.64726, 0.0 ], [ -89.125485, 13.647328, 0.0 ], [ -89.125499, 13.647393, 0.0 ], [ -89.125549, 13.647496, 0.0 ], [ -89.125578, 13.647595, 0.0 ], [ -89.12559, 13.647706, 0.0 ], [ -89.125603, 13.647842, 0.0 ], [ -89.125605, 13.647905, 0.0 ], [ -89.125607, 13.648008, 0.0 ], [ -89.12561, 13.64809, 0.0 ], [ -89.125626, 13.648146, 0.0 ], [ -89.125699, 13.648293, 0.0 ], [ -89.125742, 13.648378, 0.0 ], [ -89.125861, 13.648505, 0.0 ], [ -89.126023, 13.648622, 0.0 ], [ -89.126107, 13.64872, 0.0 ], [ -89.126189, 13.648812, 0.0 ], [ -89.126262, 13.648887, 0.0 ], [ -89.12638, 13.649003, 0.0 ], [ -89.126491, 13.649111, 0.0 ], [ -89.126563, 13.64918, 0.0 ], [ -89.126673, 13.649281, 0.0 ], [ -89.126736, 13.649328, 0.0 ], [ -89.126785, 13.649358, 0.0 ], [ -89.126848, 13.649408, 0.0 ], [ -89.126883, 13.649438, 0.0 ], [ -89.126895, 13.64943, 0.0 ], [ -89.126928, 13.649467, 0.0 ], [ -89.126928, 13.649468, 0.0 ], [ -89.126912, 13.649517, 0.0 ], [ -89.126926, 13.649568, 0.0 ], [ -89.126948, 13.649651, 0.0 ], [ -89.126971, 13.649702, 0.0 ], [ -89.127012, 13.649754, 0.0 ], [ -89.127096, 13.649819, 0.0 ], [ -89.127287, 13.649954, 0.0 ], [ -89.127371, 13.650028, 0.0 ], [ -89.127421, 13.650096, 0.0 ], [ -89.127439, 13.650163, 0.0 ], [ -89.127426, 13.650246, 0.0 ], [ -89.127374, 13.650315, 0.0 ], [ -89.127342, 13.650371, 0.0 ], [ -89.127336, 13.650618, 0.0 ], [ -89.127295, 13.650782, 0.0 ], [ -89.127263, 13.650976, 0.0 ], [ -89.127238, 13.651043, 0.0 ], [ -89.127154, 13.651127, 0.0 ], [ -89.127036, 13.651174, 0.0 ], [ -89.126854, 13.651176, 0.0 ], [ -89.126681, 13.65117, 0.0 ], [ -89.126587, 13.651169, 0.0 ], [ -89.126557, 13.651186, 0.0 ], [ -89.126528, 13.651282, 0.0 ], [ -89.126496, 13.651338, 0.0 ], [ -89.126446, 13.651373, 0.0 ], [ -89.126362, 13.651387, 0.0 ], [ -89.126235, 13.651398, 0.0 ], [ -89.126064, 13.6514, 0.0 ], [ -89.125835, 13.651398, 0.0 ], [ -89.125778, 13.651409, 0.0 ], [ -89.125689, 13.651514, 0.0 ], [ -89.125562, 13.651868, 0.0 ], [ -89.125519, 13.651957, 0.0 ], [ -89.125461, 13.652056, 0.0 ], [ -89.125383, 13.652161, 0.0 ], [ -89.125102, 13.65248, 0.0 ], [ -89.124927, 13.652707, 0.0 ], [ -89.124827, 13.65285, 0.0 ], [ -89.12471, 13.652996, 0.0 ], [ -89.124585, 13.653083, 0.0 ], [ -89.124398, 13.653138, 0.0 ], [ -89.124142, 13.653205, 0.0 ], [ -89.123919, 13.653274, 0.0 ], [ -89.123721, 13.653508, 0.0 ], [ -89.12366, 13.653562, 0.0 ], [ -89.123602, 13.653623, 0.0 ], [ -89.123525, 13.653639, 0.0 ], [ -89.123182, 13.653594, 0.0 ], [ -89.123141, 13.653619, 0.0 ], [ -89.12308, 13.653736, 0.0 ], [ -89.122945, 13.654039, 0.0 ], [ -89.122675, 13.654411, 0.0 ], [ -89.122531, 13.654559, 0.0 ], [ -89.122445, 13.654622, 0.0 ], [ -89.122051, 13.654669, 0.0 ], [ -89.121928, 13.65477, 0.0 ], [ -89.121843, 13.654874, 0.0 ], [ -89.121771, 13.655015, 0.0 ], [ -89.121747, 13.655186, 0.0 ], [ -89.121737, 13.65532, 0.0 ], [ -89.121867, 13.655629, 0.0 ], [ -89.121991, 13.655853, 0.0 ], [ -89.122018, 13.656068, 0.0 ], [ -89.121997, 13.656122, 0.0 ], [ -89.121926, 13.656245, 0.0 ], [ -89.121752, 13.656412, 0.0 ], [ -89.121605, 13.65671, 0.0 ], [ -89.121523, 13.656844, 0.0 ], [ -89.121497, 13.65687, 0.0 ], [ -89.12141, 13.656958, 0.0 ], [ -89.121266, 13.657028, 0.0 ], [ -89.12104, 13.657129, 0.0 ], [ -89.120773, 13.6573, 0.0 ], [ -89.120579, 13.657502, 0.0 ], [ -89.120151, 13.65767, 0.0 ], [ -89.119952, 13.657855, 0.0 ], [ -89.119823, 13.658156, 0.0 ], [ -89.119788, 13.658304, 0.0 ], [ -89.119655, 13.658441, 0.0 ], [ -89.119532, 13.658541, 0.0 ], [ -89.119406, 13.658732, 0.0 ], [ -89.119327, 13.658893, 0.0 ], [ -89.119187, 13.659177, 0.0 ], [ -89.119096, 13.659397, 0.0 ], [ -89.119031, 13.659517, 0.0 ], [ -89.118921, 13.659604, 0.0 ], [ -89.118658, 13.659698, 0.0 ], [ -89.11837, 13.659936, 0.0 ], [ -89.118192, 13.66, 0.0 ], [ -89.118028, 13.660047, 0.0 ], [ -89.117833, 13.660121, 0.0 ], [ -89.11771, 13.660359, 0.0 ], [ -89.117535, 13.660619, 0.0 ], [ -89.117481, 13.66078, 0.0 ], [ -89.117477, 13.660941, 0.0 ], [ -89.117505, 13.661051, 0.0 ], [ -89.117553, 13.661236, 0.0 ], [ -89.117386, 13.661622, 0.0 ], [ -89.117088, 13.66172, 0.0 ], [ -89.116883, 13.661854, 0.0 ], [ -89.116743, 13.661981, 0.0 ], [ -89.116431, 13.662286, 0.0 ], [ -89.116327, 13.66266, 0.0 ], [ -89.116248, 13.66274, 0.0 ], [ -89.116193, 13.662821, 0.0 ], [ -89.116159, 13.662911, 0.0 ], [ -89.116118, 13.663095, 0.0 ], [ -89.116008, 13.663273, 0.0 ], [ -89.115892, 13.663441, 0.0 ], [ -89.115613, 13.663547, 0.0 ], [ -89.115342, 13.663644, 0.0 ], [ -89.115274, 13.663701, 0.0 ], [ -89.115181, 13.664113, 0.0 ], [ -89.115089, 13.66416, 0.0 ], [ -89.114993, 13.664177, 0.0 ], [ -89.114627, 13.66418, 0.0 ], [ -89.114442, 13.664241, 0.0 ], [ -89.114258, 13.664373, 0.0 ], [ -89.114128, 13.664528, 0.0 ], [ -89.114046, 13.664722, 0.0 ], [ -89.113902, 13.664873, 0.0 ], [ -89.113813, 13.665071, 0.0 ], [ -89.113755, 13.665221, 0.0 ], [ -89.113659, 13.665392, 0.0 ], [ -89.113533, 13.665503, 0.0 ], [ -89.113437, 13.66556, 0.0 ], [ -89.113254, 13.665628, 0.0 ], [ -89.112685, 13.665901, 0.0 ], [ -89.112469, 13.666062, 0.0 ], [ -89.112047, 13.666501, 0.0 ], [ -89.11184, 13.666741, 0.0 ], [ -89.111718, 13.666881, 0.0 ], [ -89.111635, 13.666978, 0.0 ], [ -89.111588, 13.666962, 0.0 ], [ -89.111568, 13.666984, 0.0 ], [ -89.11151, 13.66705, 0.0 ], [ -89.111494, 13.667067, 0.0 ], [ -89.111488, 13.667074, 0.0 ], [ -89.11147, 13.667094, 0.0 ], [ -89.111487, 13.667107, 0.0 ], [ -89.111492, 13.66711, 0.0 ], [ -89.111519, 13.66713, 0.0 ], [ -89.11177, 13.667175, 0.0 ], [ -89.111823, 13.667185, 0.0 ], [ -89.112337, 13.667278, 0.0 ], [ -89.11246, 13.667321, 0.0 ], [ -89.112472, 13.667325, 0.0 ], [ -89.112805, 13.667441, 0.0 ], [ -89.11295, 13.667504, 0.0 ], [ -89.112958, 13.667508, 0.0 ], [ -89.113504, 13.667746, 0.0 ], [ -89.113587, 13.667779, 0.0 ], [ -89.113619, 13.667792, 0.0 ], [ -89.114161, 13.668006, 0.0 ], [ -89.114202, 13.668023, 0.0 ], [ -89.114282, 13.668056, 0.0 ], [ -89.115049, 13.668374, 0.0 ], [ -89.115083, 13.668388, 0.0 ], [ -89.115224, 13.668388, 0.0 ], [ -89.116121, 13.668391, 0.0 ], [ -89.116494, 13.668393, 0.0 ], [ -89.116684, 13.668393, 0.0 ], [ -89.116679, 13.668398, 0.0 ], [ -89.1166, 13.668475, 0.0 ], [ -89.11658, 13.668495, 0.0 ], [ -89.116885, 13.669178, 0.0 ], [ -89.117085, 13.669622, 0.0 ], [ -89.117282, 13.670064, 0.0 ], [ -89.117135, 13.670534, 0.0 ], [ -89.117008, 13.670806, 0.0 ], [ -89.116883, 13.671075, 0.0 ], [ -89.116844, 13.671184, 0.0 ], [ -89.116744, 13.671379, 0.0 ], [ -89.116661, 13.671559, 0.0 ], [ -89.116585, 13.671809, 0.0 ], [ -89.116459, 13.67213, 0.0 ], [ -89.116504, 13.672175, 0.0 ], [ -89.116586, 13.672258, 0.0 ], [ -89.116458, 13.672465, 0.0 ], [ -89.116333, 13.672837, 0.0 ], [ -89.116206, 13.673171, 0.0 ], [ -89.116125, 13.673409, 0.0 ], [ -89.115947, 13.673913, 0.0 ], [ -89.115842, 13.67425, 0.0 ], [ -89.115756, 13.674214, 0.0 ], [ -89.115712, 13.674195, 0.0 ], [ -89.115687, 13.674127, 0.0 ], [ -89.115721, 13.673486, 0.0 ], [ -89.115728, 13.67337, 0.0 ], [ -89.115726, 13.673328, 0.0 ], [ -89.115724, 13.673289, 0.0 ], [ -89.115716, 13.673085, 0.0 ], [ -89.115713, 13.673077, 0.0 ], [ -89.115705, 13.673052, 0.0 ], [ -89.115676, 13.672963, 0.0 ], [ -89.115676, 13.672961, 0.0 ], [ -89.115663, 13.672931, 0.0 ], [ -89.115626, 13.672849, 0.0 ], [ -89.115621, 13.672836, 0.0 ], [ -89.115595, 13.672801, 0.0 ], [ -89.115523, 13.672705, 0.0 ], [ -89.115502, 13.672676, 0.0 ], [ -89.115475, 13.672645, 0.0 ], [ -89.115401, 13.672559, 0.0 ], [ -89.115366, 13.672518, 0.0 ], [ -89.115304, 13.672485, 0.0 ], [ -89.115135, 13.672394, 0.0 ], [ -89.115014, 13.67233, 0.0 ], [ -89.114976, 13.672312, 0.0 ], [ -89.11487, 13.672264, 0.0 ], [ -89.114763, 13.672216, 0.0 ], [ -89.114746, 13.672211, 0.0 ], [ -89.114698, 13.672198, 0.0 ], [ -89.114631, 13.672178, 0.0 ], [ -89.114601, 13.672174, 0.0 ], [ -89.11452, 13.672162, 0.0 ], [ -89.114361, 13.672138, 0.0 ], [ -89.114303, 13.672135, 0.0 ], [ -89.114143, 13.672127, 0.0 ], [ -89.1137, 13.672106, 0.0 ], [ -89.113689, 13.672106, 0.0 ], [ -89.11366, 13.672106, 0.0 ], [ -89.113539, 13.672107, 0.0 ], [ -89.113529, 13.672107, 0.0 ], [ -89.1135, 13.672105, 0.0 ], [ -89.113304, 13.672095, 0.0 ], [ -89.113291, 13.672091, 0.0 ], [ -89.112747, 13.671956, 0.0 ], [ -89.112746, 13.671956, 0.0 ], [ -89.112344, 13.671902, 0.0 ], [ -89.112336, 13.671901, 0.0 ], [ -89.112136, 13.671664, 0.0 ], [ -89.112127, 13.671653, 0.0 ], [ -89.111924, 13.671481, 0.0 ], [ -89.11191, 13.671469, 0.0 ], [ -89.111402, 13.671096, 0.0 ], [ -89.111355, 13.671061, 0.0 ], [ -89.110951, 13.67076, 0.0 ], [ -89.110903, 13.670724, 0.0 ], [ -89.110622, 13.670398, 0.0 ], [ -89.110581, 13.67035, 0.0 ], [ -89.110528, 13.67026, 0.0 ], [ -89.110518, 13.670245, 0.0 ], [ -89.110495, 13.670097, 0.0 ], [ -89.11049, 13.670066, 0.0 ], [ -89.110431, 13.669988, 0.0 ], [ -89.110417, 13.669969, 0.0 ], [ -89.11025, 13.669829, 0.0 ], [ -89.110204, 13.669791, 0.0 ], [ -89.109851, 13.66965, 0.0 ], [ -89.109742, 13.669607, 0.0 ], [ -89.109434, 13.669501, 0.0 ], [ -89.109327, 13.669464, 0.0 ], [ -89.108981, 13.669367, 0.0 ], [ -89.108847, 13.669329, 0.0 ], [ -89.108688, 13.669287, 0.0 ], [ -89.10862, 13.669268, 0.0 ], [ -89.108112, 13.669058, 0.0 ], [ -89.10787, 13.668958, 0.0 ], [ -89.107447, 13.668697, 0.0 ], [ -89.107224, 13.66856, 0.0 ], [ -89.106905, 13.668284, 0.0 ], [ -89.10672, 13.668124, 0.0 ], [ -89.105934, 13.668524, 0.0 ], [ -89.105436, 13.668778, 0.0 ], [ -89.10502, 13.668758, 0.0 ], [ -89.10473, 13.668744, 0.0 ], [ -89.10446, 13.668697, 0.0 ], [ -89.104254, 13.66866, 0.0 ], [ -89.104146, 13.668627, 0.0 ], [ -89.104057, 13.6686, 0.0 ], [ -89.103948, 13.668566, 0.0 ], [ -89.103849, 13.668536, 0.0 ], [ -89.103828, 13.66853, 0.0 ], [ -89.103807, 13.668523, 0.0 ], [ -89.103731, 13.668513, 0.0 ], [ -89.10365, 13.668502, 0.0 ], [ -89.103661, 13.668526, 0.0 ], [ -89.103673, 13.668554, 0.0 ], [ -89.103828, 13.668896, 0.0 ], [ -89.104026, 13.669334, 0.0 ], [ -89.103771, 13.669474, 0.0 ], [ -89.103415, 13.669669, 0.0 ], [ -89.103173, 13.669802, 0.0 ], [ -89.102803, 13.670004, 0.0 ], [ -89.102652, 13.670083, 0.0 ], [ -89.102399, 13.670214, 0.0 ], [ -89.102368, 13.670214, 0.0 ], [ -89.102312, 13.670214, 0.0 ], [ -89.102312, 13.670215, 0.0 ], [ -89.10238, 13.670429, 0.0 ], [ -89.102518, 13.670864, 0.0 ], [ -89.102673, 13.671343, 0.0 ], [ -89.103021, 13.672418, 0.0 ], [ -89.103058, 13.672528, 0.0 ], [ -89.103152, 13.672802, 0.0 ], [ -89.10318, 13.672932, 0.0 ], [ -89.103259, 13.673292, 0.0 ], [ -89.103384, 13.673614, 0.0 ], [ -89.103773, 13.674615, 0.0 ], [ -89.103803, 13.674703, 0.0 ], [ -89.103905, 13.675011, 0.0 ], [ -89.103945, 13.675188, 0.0 ], [ -89.104108, 13.675892, 0.0 ], [ -89.104135, 13.67599, 0.0 ], [ -89.104259, 13.676442, 0.0 ], [ -89.104284, 13.67651, 0.0 ], [ -89.104418, 13.676879, 0.0 ], [ -89.104442, 13.676929, 0.0 ], [ -89.104514, 13.677075, 0.0 ], [ -89.1046, 13.67725, 0.0 ], [ -89.104619, 13.677278, 0.0 ], [ -89.104769, 13.677501, 0.0 ], [ -89.104774, 13.677515, 0.0 ], [ -89.10482, 13.677661, 0.0 ], [ -89.104822, 13.677676, 0.0 ], [ -89.104839, 13.677876, 0.0 ], [ -89.104839, 13.677896, 0.0 ], [ -89.104841, 13.678276, 0.0 ], [ -89.104835, 13.678277, 0.0 ], [ -89.104821, 13.678278, 0.0 ], [ -89.104814, 13.678278, 0.0 ], [ -89.104599, 13.678294, 0.0 ], [ -89.104595, 13.678294, 0.0 ], [ -89.103948, 13.67834, 0.0 ], [ -89.103937, 13.678341, 0.0 ], [ -89.103905, 13.678344, 0.0 ], [ -89.103896, 13.678344, 0.0 ], [ -89.103876, 13.678345, 0.0 ], [ -89.103772, 13.677685, 0.0 ], [ -89.103727, 13.677397, 0.0 ], [ -89.103689, 13.677155, 0.0 ], [ -89.103659, 13.67694, 0.0 ], [ -89.103613, 13.676608, 0.0 ], [ -89.103455, 13.675527, 0.0 ], [ -89.103385, 13.675055, 0.0 ], [ -89.103268, 13.674279, 0.0 ], [ -89.103235, 13.674241, 0.0 ], [ -89.103223, 13.674228, 0.0 ], [ -89.103183, 13.674225, 0.0 ], [ -89.103168, 13.674224, 0.0 ], [ -89.102951, 13.674235, 0.0 ], [ -89.102859, 13.67424, 0.0 ], [ -89.102705, 13.674257, 0.0 ], [ -89.102632, 13.674266, 0.0 ], [ -89.102565, 13.674268, 0.0 ], [ -89.10253, 13.674269, 0.0 ], [ -89.102416, 13.674294, 0.0 ], [ -89.10235, 13.674308, 0.0 ], [ -89.102266, 13.674358, 0.0 ], [ -89.102214, 13.674389, 0.0 ], [ -89.102099, 13.674472, 0.0 ], [ -89.102021, 13.674529, 0.0 ], [ -89.101964, 13.674556, 0.0 ], [ -89.101921, 13.674577, 0.0 ], [ -89.101859, 13.674599, 0.0 ], [ -89.101809, 13.674617, 0.0 ], [ -89.101757, 13.674622, 0.0 ], [ -89.101712, 13.674627, 0.0 ], [ -89.101645, 13.674623, 0.0 ], [ -89.101581, 13.674619, 0.0 ], [ -89.101567, 13.674619, 0.0 ], [ -89.101552, 13.674618, 0.0 ], [ -89.101526, 13.674627, 0.0 ], [ -89.101496, 13.674638, 0.0 ], [ -89.101473, 13.674655, 0.0 ], [ -89.101445, 13.674676, 0.0 ], [ -89.101415, 13.67469, 0.0 ], [ -89.101374, 13.67471, 0.0 ], [ -89.101328, 13.674735, 0.0 ], [ -89.101258, 13.674773, 0.0 ], [ -89.101213, 13.674787, 0.0 ], [ -89.10114, 13.67481, 0.0 ], [ -89.101062, 13.674826, 0.0 ], [ -89.100921, 13.674854, 0.0 ], [ -89.100921, 13.674862, 0.0 ], [ -89.100921, 13.674878, 0.0 ], [ -89.100926, 13.675073, 0.0 ], [ -89.100937, 13.675504, 0.0 ], [ -89.100926, 13.675613, 0.0 ], [ -89.100899, 13.675878, 0.0 ], [ -89.100872, 13.675953, 0.0 ], [ -89.100798, 13.676156, 0.0 ], [ -89.10074, 13.676275, 0.0 ], [ -89.100563, 13.676638, 0.0 ], [ -89.100539, 13.676697, 0.0 ], [ -89.100456, 13.676903, 0.0 ], [ -89.100316, 13.676974, 0.0 ], [ -89.099766, 13.677251, 0.0 ], [ -89.099761, 13.677254, 0.0 ], [ -89.099739, 13.677265, 0.0 ], [ -89.099663, 13.677146, 0.0 ], [ -89.099265, 13.676525, 0.0 ], [ -89.09926, 13.676525, 0.0 ], [ -89.099231, 13.676528, 0.0 ], [ -89.099112, 13.67654, 0.0 ], [ -89.098214, 13.676627, 0.0 ], [ -89.098185, 13.676631, 0.0 ], [ -89.09791, 13.676666, 0.0 ], [ -89.097851, 13.676673, 0.0 ], [ -89.097102, 13.676753, 0.0 ], [ -89.097015, 13.676763, 0.0 ], [ -89.095419, 13.676948, 0.0 ], [ -89.093814, 13.676638, 0.0 ], [ -89.041919, 13.6666, 0.0 ], [ -89.081834, 13.638488, 0.0 ] ] ] ] } },
{ "type": "Feature", "properties": { "fid": 13764.0, "OBJECTID": 2020.0, "Name": "SAN SALVADOR", "FolderPath": "Población/Población", "PopupInfo": "<html><body><table border=\"1\"><tr><th>Field Name</th><th>Field Value</th></tr><tr><td>FID</td><td>7019</td></tr><tr><td>DEPTO</td><td>SAN SALVADOR</td></tr><tr><td>MPIO</td><td>SAN MARCOS</td></tr><tr><td>CANTON</td><td>AGUACATITAN</td></tr><tr><td>Hombr", "Municipio": "SAN MARCOS", "Canton": null, "Hombres": 336, "Mujeres": 762, "Total": 1098, "Shape_Leng": 0.013058297126686999, "Shape_Area": 9.499932e-06, "PobTotal": 1098.0 }, "geometry": { "type": "MultiPolygon", "coordinates": [ [ [ [ -89.229374, 13.652909, 0.0 ], [ -89.229346, 13.652636, 0.0 ], [ -89.229338, 13.652465, 0.0 ], [ -89.229337, 13.652453, 0.0 ], [ -89.229336, 13.652432, 0.0 ], [ -89.229406, 13.6522, 0.0 ], [ -89.229503, 13.651959, 0.0 ], [ -89.229604, 13.651799, 0.0 ], [ -89.229623, 13.651748, 0.0 ], [ -89.229647, 13.651682, 0.0 ], [ -89.229625, 13.651319, 0.0 ], [ -89.229559, 13.650961, 0.0 ], [ -89.229521, 13.650694, 0.0 ], [ -89.229504, 13.650524, 0.0 ], [ -89.229548, 13.650273, 0.0 ], [ -89.229663, 13.649918, 0.0 ], [ -89.229709, 13.649788, 0.0 ], [ -89.22973, 13.649706, 0.0 ], [ -89.22975, 13.649624, 0.0 ], [ -89.22975, 13.64946, 0.0 ], [ -89.229705, 13.64925, 0.0 ], [ -89.229644, 13.649122, 0.0 ], [ -89.229621, 13.649072, 0.0 ], [ -89.229438, 13.648872, 0.0 ], [ -89.2293, 13.648756, 0.0 ], [ -89.229163, 13.648631, 0.0 ], [ -89.228883, 13.648473, 0.0 ], [ -89.228683, 13.648412, 0.0 ], [ -89.228528, 13.648308, 0.0 ], [ -89.228378, 13.648187, 0.0 ], [ -89.228297, 13.648047, 0.0 ], [ -89.22821, 13.647766, 0.0 ], [ -89.228085, 13.647396, 0.0 ], [ -89.228041, 13.647316, 0.0 ], [ -89.22788, 13.647065, 0.0 ], [ -89.227759, 13.646947, 0.0 ], [ -89.227677, 13.64687, 0.0 ], [ -89.227588, 13.64681, 0.0 ], [ -89.22742, 13.646736, 0.0 ], [ -89.227203, 13.64665, 0.0 ], [ -89.227048, 13.646585, 0.0 ], [ -89.226946, 13.646516, 0.0 ], [ -89.226817, 13.646412, 0.0 ], [ -89.226707, 13.646286, 0.0 ], [ -89.22652, 13.6461, 0.0 ], [ -89.226321, 13.645949, 0.0 ], [ -89.226057, 13.645769, 0.0 ], [ -89.225835, 13.645634, 0.0 ], [ -89.225445, 13.645357, 0.0 ], [ -89.225149, 13.645137, 0.0 ], [ -89.224936, 13.644942, 0.0 ], [ -89.224724, 13.644753, 0.0 ], [ -89.224541, 13.644596, 0.0 ], [ -89.224413, 13.64452, 0.0 ], [ -89.224309, 13.64449, 0.0 ], [ -89.224136, 13.64447, 0.0 ], [ -89.223892, 13.644459, 0.0 ], [ -89.223852, 13.644457, 0.0 ], [ -89.223868, 13.644352, 0.0 ], [ -89.223882, 13.644258, 0.0 ], [ -89.223879, 13.644091, 0.0 ], [ -89.223879, 13.644065, 0.0 ], [ -89.223863, 13.64409, 0.0 ], [ -89.223836, 13.644087, 0.0 ], [ -89.223777, 13.64416, 0.0 ], [ -89.223767, 13.644173, 0.0 ], [ -89.223606, 13.644377, 0.0 ], [ -89.223605, 13.644379, 0.0 ], [ -89.223569, 13.644421, 0.0 ], [ -89.223564, 13.644427, 0.0 ], [ -89.223442, 13.644572, 0.0 ], [ -89.223374, 13.644535, 0.0 ], [ -89.223366, 13.644531, 0.0 ], [ -89.223109, 13.644393, 0.0 ], [ -89.223095, 13.644385, 0.0 ], [ -89.223093, 13.644385, 0.0 ], [ -89.223031, 13.644351, 0.0 ], [ -89.223019, 13.644344, 0.0 ], [ -89.223018, 13.644344, 0.0 ], [ -89.22296, 13.644313, 0.0 ], [ -89.22295, 13.64431, 0.0 ], [ -89.2229, 13.644299, 0.0 ], [ -89.222881, 13.644287, 0.0 ], [ -89.22288, 13.644287, 0.0 ], [ -89.222755, 13.644213, 0.0 ], [ -89.222734, 13.644202, 0.0 ], [ -89.222732, 13.644201, 0.0 ], [ -89.222566, 13.644111, 0.0 ], [ -89.222545, 13.644098, 0.0 ], [ -89.22254, 13.644095, 0.0 ], [ -89.222324, 13.643963, 0.0 ], [ -89.222337, 13.643952, 0.0 ], [ -89.222341, 13.643948, 0.0 ], [ -89.222511, 13.643798, 0.0 ], [ -89.222494, 13.643789, 0.0 ], [ -89.222481, 13.643782, 0.0 ], [ -89.222121, 13.643583, 0.0 ], [ -89.222115, 13.643579, 0.0 ], [ -89.222104, 13.643572, 0.0 ], [ -89.221836, 13.643408, 0.0 ], [ -89.221835, 13.643407, 0.0 ], [ -89.22183, 13.643401, 0.0 ], [ -89.221718, 13.643263, 0.0 ], [ -89.221715, 13.643259, 0.0 ], [ -89.221714, 13.643258, 0.0 ], [ -89.221685, 13.643223, 0.0 ], [ -89.221684, 13.643221, 0.0 ], [ -89.221683, 13.64322, 0.0 ], [ -89.221658, 13.643154, 0.0 ], [ -89.221656, 13.643149, 0.0 ], [ -89.221656, 13.643148, 0.0 ], [ -89.221626, 13.643013, 0.0 ], [ -89.221623, 13.643002, 0.0 ], [ -89.221623, 13.642999, 0.0 ], [ -89.22162, 13.642987, 0.0 ], [ -89.22162, 13.642986, 0.0 ], [ -89.22162, 13.642985, 0.0 ], [ -89.221625, 13.642887, 0.0 ], [ -89.221625, 13.642877, 0.0 ], [ -89.221626, 13.642871, 0.0 ], [ -89.22166, 13.642751, 0.0 ], [ -89.221664, 13.642737, 0.0 ], [ -89.221667, 13.642727, 0.0 ], [ -89.221675, 13.642676, 0.0 ], [ -89.221676, 13.64267, 0.0 ], [ -89.221677, 13.642664, 0.0 ], [ -89.221682, 13.642578, 0.0 ], [ -89.221682, 13.642566, 0.0 ], [ -89.221683, 13.642555, 0.0 ], [ -89.221664, 13.64247, 0.0 ], [ -89.221662, 13.642457, 0.0 ], [ -89.221659, 13.642444, 0.0 ], [ -89.220929, 13.642429, 0.0 ], [ -89.220808, 13.642426, 0.0 ], [ -89.220675, 13.642424, 0.0 ], [ -89.220621, 13.642462, 0.0 ], [ -89.220611, 13.642469, 0.0 ], [ -89.2206, 13.642477, 0.0 ], [ -89.220521, 13.642477, 0.0 ], [ -89.220518, 13.642428, 0.0 ], [ -89.220518, 13.642418, 0.0 ], [ -89.220517, 13.642405, 0.0 ], [ -89.220526, 13.642368, 0.0 ], [ -89.220528, 13.642359, 0.0 ], [ -89.220531, 13.642348, 0.0 ], [ -89.220525, 13.642328, 0.0 ], [ -89.220524, 13.642323, 0.0 ], [ -89.220522, 13.642316, 0.0 ], [ -89.219863, 13.642317, 0.0 ], [ -89.219848, 13.642275, 0.0 ], [ -89.219843, 13.642263, 0.0 ], [ -89.219837, 13.642245, 0.0 ], [ -89.219792, 13.642239, 0.0 ], [ -89.219778, 13.642237, 0.0 ], [ -89.219757, 13.642234, 0.0 ], [ -89.219727, 13.642256, 0.0 ], [ -89.219716, 13.642264, 0.0 ], [ -89.2197, 13.642276, 0.0 ], [ -89.219699, 13.642296, 0.0 ], [ -89.219698, 13.642303, 0.0 ], [ -89.219697, 13.642315, 0.0 ], [ -89.219043, 13.642342, 0.0 ], [ -89.218774, 13.642354, 0.0 ], [ -89.218433, 13.642368, 0.0 ], [ -89.218353, 13.642371, 0.0 ], [ -89.218312, 13.642331, 0.0 ], [ -89.218294, 13.642313, 0.0 ], [ -89.218265, 13.642284, 0.0 ], [ -89.218264, 13.642254, 0.0 ], [ -89.218263, 13.64224, 0.0 ], [ -89.218262, 13.642217, 0.0 ], [ -89.218095643649107, 13.643169056618859, 0.0 ], [ -89.216930558846101, 13.643320017938064, 0.0 ], [ -89.216360961831299, 13.643143896389605, 0.0 ], [ -89.215403003215485, 13.643068415685752, 0.0 ], [ -89.214302645345981, 13.642779072764059, 0.0 ], [ -89.212684472008462, 13.642703591943555, 0.0 ], [ -89.211124552911059, 13.641206550684123, 0.0 ], [ -89.210567901282957, 13.640816563587348, 0.0 ], [ -89.210425502029238, 13.640413995585961, 0.0 ], [ -89.210153648908545, 13.640225291599023, 0.0 ], [ -89.207803, 13.636803, 0.0 ], [ -89.20779, 13.636789, 0.0 ], [ -89.207768, 13.636778, 0.0 ], [ -89.207713, 13.636751, 0.0 ], [ -89.207712, 13.636714, 0.0 ], [ -89.207893, 13.636639, 0.0 ], [ -89.207998, 13.636538, 0.0 ], [ -89.208078, 13.63642, 0.0 ], [ -89.208179, 13.636332, 0.0 ], [ -89.208264, 13.636255, 0.0 ], [ -89.208373, 13.636007, 0.0 ], [ -89.208491, 13.635891, 0.0 ], [ -89.208557, 13.635834, 0.0 ], [ -89.208585, 13.635766, 0.0 ], [ -89.208572, 13.635682, 0.0 ], [ -89.208536, 13.635541, 0.0 ], [ -89.208525, 13.635446, 0.0 ], [ -89.20856, 13.635323, 0.0 ], [ -89.20866, 13.63521, 0.0 ], [ -89.208775, 13.635149, 0.0 ], [ -89.208857, 13.635088, 0.0 ], [ -89.208898, 13.634988, 0.0 ], [ -89.209024, 13.634808, 0.0 ], [ -89.209209, 13.634584, 0.0 ], [ -89.209377, 13.634401, 0.0 ], [ -89.209489, 13.634256, 0.0 ], [ -89.209562, 13.634145, 0.0 ], [ -89.209577, 13.63403, 0.0 ], [ -89.20958, 13.634004, 0.0 ], [ -89.209587, 13.633863, 0.0 ], [ -89.209551, 13.633792, 0.0 ], [ -89.209549, 13.633732, 0.0 ], [ -89.209584, 13.633661, 0.0 ], [ -89.209565, 13.633538, 0.0 ], [ -89.20949, 13.633409, 0.0 ], [ -89.209572, 13.63333, 0.0 ], [ -89.20968, 13.633037, 0.0 ], [ -89.209802, 13.632988, 0.0 ], [ -89.210135, 13.632826, 0.0 ], [ -89.210382, 13.632676, 0.0 ], [ -89.210531, 13.63249, 0.0 ], [ -89.210601, 13.632052, 0.0 ], [ -89.210876, 13.631992, 0.0 ], [ -89.211083, 13.631777, 0.0 ], [ -89.21131, 13.631619, 0.0 ], [ -89.211514, 13.631495, 0.0 ], [ -89.211738, 13.631388, 0.0 ], [ -89.211761, 13.631252, 0.0 ], [ -89.211877, 13.631124, 0.0 ], [ -89.212069, 13.631213, 0.0 ], [ -89.212108, 13.631192, 0.0 ], [ -89.212153, 13.631125, 0.0 ], [ -89.212288, 13.630927, 0.0 ], [ -89.212371, 13.630825, 0.0 ], [ -89.212719, 13.630376, 0.0 ], [ -89.212843, 13.630274, 0.0 ], [ -89.212966, 13.630115, 0.0 ], [ -89.212974, 13.629979, 0.0 ], [ -89.213208, 13.62967, 0.0 ], [ -89.213561, 13.629413, 0.0 ], [ -89.213803, 13.629312, 0.0 ], [ -89.214022, 13.629345, 0.0 ], [ -89.214025, 13.629345, 0.0 ], [ -89.214026, 13.629344, 0.0 ], [ -89.21412, 13.629183, 0.0 ], [ -89.214281, 13.629068, 0.0 ], [ -89.214441, 13.628953, 0.0 ], [ -89.214565, 13.62887, 0.0 ], [ -89.214689, 13.628787, 0.0 ], [ -89.214675, 13.628676, 0.0 ], [ -89.214674, 13.628673, 0.0 ], [ -89.214708, 13.628582, 0.0 ], [ -89.214811, 13.628465, 0.0 ], [ -89.214991, 13.628311, 0.0 ], [ -89.215149, 13.628134, 0.0 ], [ -89.215189, 13.6281, 0.0 ], [ -89.215321, 13.627963, 0.0 ], [ -89.215412, 13.627853, 0.0 ], [ -89.215577, 13.627691, 0.0 ], [ -89.215649, 13.627597, 0.0 ], [ -89.215681, 13.627543, 0.0 ], [ -89.215719, 13.627467, 0.0 ], [ -89.21577, 13.627347, 0.0 ], [ -89.215761, 13.627066, 0.0 ], [ -89.215771, 13.626997, 0.0 ], [ -89.215784, 13.626945, 0.0 ], [ -89.215872, 13.626764, 0.0 ], [ -89.216204, 13.626569, 0.0 ], [ -89.216292, 13.62651, 0.0 ], [ -89.21642, 13.626413, 0.0 ], [ -89.216497, 13.626338, 0.0 ], [ -89.216523, 13.626199, 0.0 ], [ -89.216529, 13.626027, 0.0 ], [ -89.21656, 13.625969, 0.0 ], [ -89.21661, 13.625907, 0.0 ], [ -89.216637, 13.625887, 0.0 ], [ -89.216669, 13.625871, 0.0 ], [ -89.216833, 13.625814, 0.0 ], [ -89.217061, 13.625745, 0.0 ], [ -89.217184, 13.625664, 0.0 ], [ -89.217357, 13.625594, 0.0 ], [ -89.217508, 13.625455, 0.0 ], [ -89.217558, 13.625365, 0.0 ], [ -89.217599, 13.625208, 0.0 ], [ -89.217607, 13.625141, 0.0 ], [ -89.217635, 13.625033, 0.0 ], [ -89.217661, 13.625017, 0.0 ], [ -89.217725, 13.62502, 0.0 ], [ -89.21777, 13.625036, 0.0 ], [ -89.217878, 13.625075, 0.0 ], [ -89.218165, 13.625073, 0.0 ], [ -89.218368, 13.625059, 0.0 ], [ -89.218404, 13.625054, 0.0 ], [ -89.218444, 13.625041, 0.0 ], [ -89.218582, 13.625006, 0.0 ], [ -89.218586, 13.625006, 0.0 ], [ -89.218794, 13.62503, 0.0 ], [ -89.218851, 13.625034, 0.0 ], [ -89.218947, 13.625041, 0.0 ], [ -89.218986, 13.625043, 0.0 ], [ -89.219049, 13.625032, 0.0 ], [ -89.219139, 13.625019, 0.0 ], [ -89.219163, 13.624994, 0.0 ], [ -89.219191, 13.624972, 0.0 ], [ -89.219225, 13.624971, 0.0 ], [ -89.219243, 13.624982, 0.0 ], [ -89.219286, 13.625004, 0.0 ], [ -89.219366, 13.625051, 0.0 ], [ -89.219414, 13.625072, 0.0 ], [ -89.21946, 13.625091, 0.0 ], [ -89.219524, 13.62511, 0.0 ], [ -89.219598, 13.625091, 0.0 ], [ -89.219721, 13.625031, 0.0 ], [ -89.219777, 13.624998, 0.0 ], [ -89.219862, 13.624879, 0.0 ], [ -89.219966, 13.624708, 0.0 ], [ -89.219988, 13.624689, 0.0 ], [ -89.220029, 13.624679, 0.0 ], [ -89.220111, 13.624679, 0.0 ], [ -89.220263, 13.624686, 0.0 ], [ -89.220299, 13.624684, 0.0 ], [ -89.220338, 13.624657, 0.0 ], [ -89.220373, 13.624628, 0.0 ], [ -89.220444, 13.624523, 0.0 ], [ -89.220617, 13.624164, 0.0 ], [ -89.220634, 13.624073, 0.0 ], [ -89.220634, 13.623993, 0.0 ], [ -89.220576, 13.623919, 0.0 ], [ -89.220545, 13.623866, 0.0 ], [ -89.220541, 13.623851, 0.0 ], [ -89.220543, 13.623827, 0.0 ], [ -89.220564, 13.623801, 0.0 ], [ -89.220609, 13.623784, 0.0 ], [ -89.220649, 13.62377, 0.0 ], [ -89.220812, 13.623742, 0.0 ], [ -89.220902, 13.623689, 0.0 ], [ -89.220954, 13.623611, 0.0 ], [ -89.220949, 13.62339, 0.0 ], [ -89.220946, 13.623331, 0.0 ], [ -89.220972, 13.623306, 0.0 ], [ -89.220994, 13.623293, 0.0 ], [ -89.221192, 13.623311, 0.0 ], [ -89.221215, 13.6233, 0.0 ], [ -89.221269, 13.623258, 0.0 ], [ -89.221341, 13.623031, 0.0 ], [ -89.22137, 13.622943, 0.0 ], [ -89.221418, 13.622801, 0.0 ], [ -89.221531, 13.622729, 0.0 ], [ -89.221553, 13.622744, 0.0 ], [ -89.221609, 13.622786, 0.0 ], [ -89.221774, 13.622909, 0.0 ], [ -89.221775, 13.622909, 0.0 ], [ -89.221813, 13.622954, 0.0 ], [ -89.221936, 13.623098, 0.0 ], [ -89.22194, 13.623102, 0.0 ], [ -89.221966, 13.623133, 0.0 ], [ -89.222061, 13.623245, 0.0 ], [ -89.222067, 13.623251, 0.0 ], [ -89.222049, 13.623286, 0.0 ], [ -89.221978, 13.623428, 0.0 ], [ -89.221972, 13.623441, 0.0 ], [ -89.221953, 13.623453, 0.0 ], [ -89.221862, 13.623509, 0.0 ], [ -89.221852, 13.623515, 0.0 ], [ -89.221846, 13.623555, 0.0 ], [ -89.221812, 13.623773, 0.0 ], [ -89.221807, 13.623805, 0.0 ], [ -89.22182, 13.623834, 0.0 ], [ -89.221904, 13.62403, 0.0 ], [ -89.221919, 13.624063, 0.0 ], [ -89.221943, 13.624078, 0.0 ], [ -89.222149, 13.624208, 0.0 ], [ -89.22219, 13.624234, 0.0 ], [ -89.222199, 13.624239, 0.0 ], [ -89.222304, 13.624293, 0.0 ], [ -89.222328, 13.624306, 0.0 ], [ -89.222328, 13.624308, 0.0 ], [ -89.222337, 13.624344, 0.0 ], [ -89.222339, 13.624353, 0.0 ], [ -89.222339, 13.624355, 0.0 ], [ -89.222338, 13.624421, 0.0 ], [ -89.222338, 13.62444, 0.0 ], [ -89.222337, 13.624488, 0.0 ], [ -89.222337, 13.624502, 0.0 ], [ -89.222337, 13.624503, 0.0 ], [ -89.222312, 13.624592, 0.0 ], [ -89.222305, 13.624617, 0.0 ], [ -89.222304, 13.624623, 0.0 ], [ -89.222229, 13.624679, 0.0 ], [ -89.222208, 13.624695, 0.0 ], [ -89.2222, 13.6247, 0.0 ], [ -89.222197, 13.624704, 0.0 ], [ -89.222196, 13.624705, 0.0 ], [ -89.222195, 13.624705, 0.0 ], [ -89.222167, 13.624733, 0.0 ], [ -89.222159, 13.624742, 0.0 ], [ -89.222154, 13.624747, 0.0 ], [ -89.22206, 13.62484, 0.0 ], [ -89.222032, 13.624869, 0.0 ], [ -89.222012, 13.624889, 0.0 ], [ -89.221968, 13.625042, 0.0 ], [ -89.221954, 13.625089, 0.0 ], [ -89.221943, 13.625129, 0.0 ], [ -89.221838, 13.625351, 0.0 ], [ -89.221805, 13.625421, 0.0 ], [ -89.221773, 13.625489, 0.0 ], [ -89.221845, 13.625854, 0.0 ], [ -89.221868, 13.625972, 0.0 ], [ -89.221893, 13.626102, 0.0 ], [ -89.2219, 13.626137, 0.0 ], [ -89.221903, 13.626148, 0.0 ], [ -89.221905, 13.626162, 0.0 ], [ -89.222043, 13.626226, 0.0 ], [ -89.22209, 13.626248, 0.0 ], [ -89.222154, 13.626278, 0.0 ], [ -89.222218, 13.626307, 0.0 ], [ -89.222241, 13.626318, 0.0 ], [ -89.222275, 13.626334, 0.0 ], [ -89.222357, 13.626467, 0.0 ], [ -89.222387, 13.626515, 0.0 ], [ -89.222436, 13.626595, 0.0 ], [ -89.222392, 13.626678, 0.0 ], [ -89.222376, 13.626709, 0.0 ], [ -89.222347, 13.626765, 0.0 ], [ -89.222326, 13.62679, 0.0 ], [ -89.222317, 13.626799, 0.0 ], [ -89.222301, 13.626818, 0.0 ], [ -89.222279, 13.626843, 0.0 ], [ -89.22227, 13.626854, 0.0 ], [ -89.222251, 13.626875, 0.0 ], [ -89.222252, 13.626884, 0.0 ], [ -89.222252, 13.626888, 0.0 ], [ -89.222253, 13.626896, 0.0 ], [ -89.222257, 13.626939, 0.0 ], [ -89.222259, 13.626957, 0.0 ], [ -89.222263, 13.627001, 0.0 ], [ -89.222267, 13.627041, 0.0 ], [ -89.222268, 13.627059, 0.0 ], [ -89.222273, 13.627106, 0.0 ], [ -89.222273, 13.627111, 0.0 ], [ -89.222273, 13.627114, 0.0 ], [ -89.222274, 13.627121, 0.0 ], [ -89.222259, 13.627236, 0.0 ], [ -89.222251, 13.627293, 0.0 ], [ -89.222228, 13.627457, 0.0 ], [ -89.222235, 13.627466, 0.0 ], [ -89.222238, 13.627471, 0.0 ], [ -89.222249, 13.627485, 0.0 ], [ -89.222281, 13.627527, 0.0 ], [ -89.222298, 13.62755, 0.0 ], [ -89.222355, 13.627626, 0.0 ], [ -89.22231, 13.627654, 0.0 ], [ -89.222283, 13.627669, 0.0 ], [ -89.222192, 13.627724, 0.0 ], [ -89.22216, 13.627743, 0.0 ], [ -89.22214, 13.627755, 0.0 ], [ -89.222067, 13.627799, 0.0 ], [ -89.222063, 13.627821, 0.0 ], [ -89.22206, 13.627836, 0.0 ], [ -89.222048, 13.627893, 0.0 ], [ -89.222043, 13.627919, 0.0 ], [ -89.222039, 13.627937, 0.0 ], [ -89.222024, 13.628013, 0.0 ], [ -89.222019, 13.628038, 0.0 ], [ -89.222015, 13.628058, 0.0 ], [ -89.221997, 13.628144, 0.0 ], [ -89.222017, 13.628184, 0.0 ], [ -89.222035, 13.62822, 0.0 ], [ -89.222113, 13.628379, 0.0 ], [ -89.222125, 13.628402, 0.0 ], [ -89.222136, 13.628426, 0.0 ], [ -89.22219, 13.628536, 0.0 ], [ -89.222204, 13.62854, 0.0 ], [ -89.22222, 13.628544, 0.0 ], [ -89.222297, 13.628568, 0.0 ], [ -89.222304, 13.628577, 0.0 ], [ -89.222314, 13.628589, 0.0 ], [ -89.222363, 13.628652, 0.0 ], [ -89.222374, 13.628666, 0.0 ], [ -89.222393, 13.62869, 0.0 ], [ -89.222493, 13.628818, 0.0 ], [ -89.222498, 13.628824, 0.0 ], [ -89.222507, 13.628836, 0.0 ], [ -89.222561, 13.628904, 0.0 ], [ -89.222562, 13.628911, 0.0 ], [ -89.222566, 13.628933, 0.0 ], [ -89.222589, 13.629059, 0.0 ], [ -89.22259, 13.62906, 0.0 ], [ -89.222591, 13.629067, 0.0 ], [ -89.222599, 13.629112, 0.0 ], [ -89.222599, 13.629113, 0.0 ], [ -89.222596, 13.629128, 0.0 ], [ -89.222579, 13.629223, 0.0 ], [ -89.222579, 13.629226, 0.0 ], [ -89.222576, 13.629244, 0.0 ], [ -89.222551, 13.629379, 0.0 ], [ -89.22255, 13.629385, 0.0 ], [ -89.22255, 13.629388, 0.0 ], [ -89.222546, 13.62941, 0.0 ], [ -89.222545, 13.629411, 0.0 ], [ -89.222539, 13.629421, 0.0 ], [ -89.222457, 13.629533, 0.0 ], [ -89.222449, 13.629544, 0.0 ], [ -89.222446, 13.629551, 0.0 ], [ -89.222382, 13.629688, 0.0 ], [ -89.222375, 13.629705, 0.0 ], [ -89.222376, 13.629705, 0.0 ], [ -89.222407, 13.629707, 0.0 ], [ -89.222435, 13.62971, 0.0 ], [ -89.222443, 13.62971, 0.0 ], [ -89.222782, 13.629737, 0.0 ], [ -89.222831, 13.629741, 0.0 ], [ -89.22284, 13.629741, 0.0 ], [ -89.223187, 13.629768, 0.0 ], [ -89.223237, 13.629772, 0.0 ], [ -89.223256, 13.629774, 0.0 ], [ -89.224392, 13.630039, 0.0 ], [ -89.224558, 13.630078, 0.0 ], [ -89.224655, 13.6301, 0.0 ], [ -89.224702, 13.629852, 0.0 ], [ -89.224708, 13.629815, 0.0 ], [ -89.224714, 13.629786, 0.0 ], [ -89.224763, 13.62953, 0.0 ], [ -89.224771, 13.629491, 0.0 ], [ -89.224778, 13.629453, 0.0 ], [ -89.224812, 13.629276, 0.0 ], [ -89.224817, 13.629249, 0.0 ], [ -89.224824, 13.629217, 0.0 ], [ -89.224946, 13.628728, 0.0 ], [ -89.224965, 13.628654, 0.0 ], [ -89.224992, 13.628545, 0.0 ], [ -89.225042, 13.628482, 0.0 ], [ -89.225125, 13.62849, 0.0 ], [ -89.225482, 13.628525, 0.0 ], [ -89.22587, 13.628564, 0.0 ], [ -89.226095, 13.628586, 0.0 ], [ -89.226302, 13.628645, 0.0 ], [ -89.226523, 13.628707, 0.0 ], [ -89.226669, 13.628749, 0.0 ], [ -89.226777, 13.628747, 0.0 ], [ -89.226889, 13.628746, 0.0 ], [ -89.226973, 13.628745, 0.0 ], [ -89.227029, 13.628738, 0.0 ], [ -89.227085, 13.628732, 0.0 ], [ -89.227133, 13.628726, 0.0 ], [ -89.227547, 13.628691, 0.0 ], [ -89.227959, 13.628656, 0.0 ], [ -89.228355, 13.628622, 0.0 ], [ -89.228365, 13.628699, 0.0 ], [ -89.228374, 13.628774, 0.0 ], [ -89.228384, 13.628855, 0.0 ], [ -89.228066, 13.629216, 0.0 ], [ -89.227767, 13.629557, 0.0 ], [ -89.227404, 13.62997, 0.0 ], [ -89.22732, 13.63004, 0.0 ], [ -89.227244, 13.630104, 0.0 ], [ -89.22714, 13.630191, 0.0 ], [ -89.227103, 13.630237, 0.0 ], [ -89.22707, 13.630278, 0.0 ], [ -89.22702, 13.630339, 0.0 ], [ -89.227028, 13.630393, 0.0 ], [ -89.227036, 13.630438, 0.0 ], [ -89.227048, 13.630516, 0.0 ], [ -89.227103, 13.630499, 0.0 ], [ -89.227148, 13.630485, 0.0 ], [ -89.227234, 13.630459, 0.0 ], [ -89.227414, 13.63048, 0.0 ], [ -89.227555, 13.630497, 0.0 ], [ -89.227859, 13.630533, 0.0 ], [ -89.228087, 13.630551, 0.0 ], [ -89.228258, 13.630563, 0.0 ], [ -89.228673, 13.630595, 0.0 ], [ -89.22877, 13.630607, 0.0 ], [ -89.228839, 13.630616, 0.0 ], [ -89.229028, 13.630641, 0.0 ], [ -89.22915, 13.630651, 0.0 ], [ -89.229232, 13.630658, 0.0 ], [ -89.229486, 13.630679, 0.0 ], [ -89.229605, 13.630697, 0.0 ], [ -89.22968, 13.630708, 0.0 ], [ -89.229947, 13.630748, 0.0 ], [ -89.229959, 13.630749, 0.0 ], [ -89.229966, 13.63075, 0.0 ], [ -89.229996, 13.630754, 0.0 ], [ -89.230064, 13.630756, 0.0 ], [ -89.230101, 13.630757, 0.0 ], [ -89.230277, 13.630763, 0.0 ], [ -89.230401, 13.630793, 0.0 ], [ -89.230461, 13.630808, 0.0 ], [ -89.230801, 13.630891, 0.0 ], [ -89.231008, 13.630898, 0.0 ], [ -89.231098, 13.630901, 0.0 ], [ -89.231707, 13.63092, 0.0 ], [ -89.231749, 13.630914, 0.0 ], [ -89.231765, 13.630912, 0.0 ], [ -89.231897, 13.630893, 0.0 ], [ -89.231983, 13.630898, 0.0 ], [ -89.23201, 13.6309, 0.0 ], [ -89.232298, 13.630917, 0.0 ], [ -89.232455, 13.63093, 0.0 ], [ -89.232494, 13.630933, 0.0 ], [ -89.233058, 13.63098, 0.0 ], [ -89.233131, 13.630973, 0.0 ], [ -89.233145, 13.630972, 0.0 ], [ -89.233428, 13.630949, 0.0 ], [ -89.23359, 13.630969, 0.0 ], [ -89.233607, 13.630971, 0.0 ], [ -89.234274, 13.631052, 0.0 ], [ -89.234335, 13.631066, 0.0 ], [ -89.234336, 13.631066, 0.0 ], [ -89.234602, 13.631126, 0.0 ], [ -89.234591, 13.631195, 0.0 ], [ -89.23459, 13.6312, 0.0 ], [ -89.234535, 13.631543, 0.0 ], [ -89.234494, 13.631631, 0.0 ], [ -89.234486, 13.631647, 0.0 ], [ -89.234244, 13.632155, 0.0 ], [ -89.234256, 13.632198, 0.0 ], [ -89.23426, 13.632213, 0.0 ], [ -89.234343, 13.632514, 0.0 ], [ -89.234326, 13.632536, 0.0 ], [ -89.234315, 13.632549, 0.0 ], [ -89.234164, 13.632737, 0.0 ], [ -89.234164, 13.632755, 0.0 ], [ -89.234164, 13.632774, 0.0 ], [ -89.234167, 13.632989, 0.0 ], [ -89.234176, 13.632991, 0.0 ], [ -89.234193, 13.632995, 0.0 ], [ -89.234352, 13.633036, 0.0 ], [ -89.234382, 13.633041, 0.0 ], [ -89.234499, 13.633062, 0.0 ], [ -89.235462, 13.633237, 0.0 ], [ -89.235463, 13.633237, 0.0 ], [ -89.235509, 13.633233, 0.0 ], [ -89.235828, 13.633199, 0.0 ], [ -89.235835, 13.633199, 0.0 ], [ -89.235845, 13.633141, 0.0 ], [ -89.235915, 13.632731, 0.0 ], [ -89.235918, 13.63271, 0.0 ], [ -89.235936, 13.632671, 0.0 ], [ -89.23607, 13.632377, 0.0 ], [ -89.236081, 13.632354, 0.0 ], [ -89.236084, 13.632334, 0.0 ], [ -89.236114, 13.632181, 0.0 ], [ -89.236117, 13.632164, 0.0 ], [ -89.236097, 13.632105, 0.0 ], [ -89.23593, 13.631612, 0.0 ], [ -89.235906, 13.631542, 0.0 ], [ -89.235922, 13.631515, 0.0 ], [ -89.236066, 13.631281, 0.0 ], [ -89.236091, 13.63124, 0.0 ], [ -89.23608, 13.631192, 0.0 ], [ -89.235982, 13.630742, 0.0 ], [ -89.235961, 13.630648, 0.0 ], [ -89.235956, 13.630606, 0.0 ], [ -89.235901, 13.630188, 0.0 ], [ -89.235888, 13.630085, 0.0 ], [ -89.235889, 13.630064, 0.0 ], [ -89.235908, 13.62983, 0.0 ], [ -89.235913, 13.629764, 0.0 ], [ -89.23592, 13.629746, 0.0 ], [ -89.236014, 13.629519, 0.0 ], [ -89.236044, 13.629446, 0.0 ], [ -89.23606, 13.629427, 0.0 ], [ -89.236268, 13.629163, 0.0 ], [ -89.236344, 13.629067, 0.0 ], [ -89.236351, 13.629067, 0.0 ], [ -89.236457, 13.629061, 0.0 ], [ -89.236501, 13.629059, 0.0 ], [ -89.236506, 13.629053, 0.0 ], [ -89.236609, 13.628945, 0.0 ], [ -89.236655, 13.628897, 0.0 ], [ -89.236647, 13.628887, 0.0 ], [ -89.236479, 13.628668, 0.0 ], [ -89.236396, 13.62856, 0.0 ], [ -89.236401, 13.628549, 0.0 ], [ -89.236523, 13.628244, 0.0 ], [ -89.236589, 13.628078, 0.0 ], [ -89.236608, 13.628081, 0.0 ], [ -89.23737, 13.628209, 0.0 ], [ -89.237824, 13.628285, 0.0 ], [ -89.237866, 13.628298, 0.0 ], [ -89.237867, 13.628298, 0.0 ], [ -89.237915, 13.628425, 0.0 ], [ -89.237964, 13.628553, 0.0 ], [ -89.237984, 13.628628, 0.0 ], [ -89.238004, 13.628702, 0.0 ], [ -89.238036, 13.628812, 0.0 ], [ -89.238068, 13.628923, 0.0 ], [ -89.238075, 13.628969, 0.0 ], [ -89.238083, 13.629016, 0.0 ], [ -89.238103, 13.629166, 0.0 ], [ -89.238117, 13.629273, 0.0 ], [ -89.238114, 13.62933, 0.0 ], [ -89.23811, 13.629387, 0.0 ], [ -89.238102, 13.629453, 0.0 ], [ -89.238093, 13.629518, 0.0 ], [ -89.23807, 13.629584, 0.0 ], [ -89.238048, 13.62965, 0.0 ], [ -89.237955, 13.629905, 0.0 ], [ -89.237896, 13.630104, 0.0 ], [ -89.237837, 13.630304, 0.0 ], [ -89.237782, 13.630521, 0.0 ], [ -89.237765, 13.630611, 0.0 ], [ -89.237748, 13.6307, 0.0 ], [ -89.237747, 13.630753, 0.0 ], [ -89.237747, 13.630806, 0.0 ], [ -89.237759, 13.630898, 0.0 ], [ -89.237804, 13.630995, 0.0 ], [ -89.237848, 13.631091, 0.0 ], [ -89.237829, 13.631115, 0.0 ], [ -89.237825, 13.63112, 0.0 ], [ -89.23782, 13.631126, 0.0 ], [ -89.237808, 13.631141, 0.0 ], [ -89.237795, 13.631156, 0.0 ], [ -89.23778, 13.631174, 0.0 ], [ -89.237733, 13.631232, 0.0 ], [ -89.237709, 13.63128, 0.0 ], [ -89.237682, 13.631334, 0.0 ], [ -89.237568, 13.631561, 0.0 ], [ -89.237571, 13.631617, 0.0 ], [ -89.237574, 13.631678, 0.0 ], [ -89.237594, 13.632024, 0.0 ], [ -89.237594, 13.632043, 0.0 ], [ -89.237595, 13.632062, 0.0 ], [ -89.237597, 13.632216, 0.0 ], [ -89.237594, 13.632232, 0.0 ], [ -89.237592, 13.632246, 0.0 ], [ -89.237563, 13.632418, 0.0 ], [ -89.237562, 13.632426, 0.0 ], [ -89.237562, 13.632427, 0.0 ], [ -89.237561, 13.632433, 0.0 ], [ -89.237543, 13.632584, 0.0 ], [ -89.237542, 13.632591, 0.0 ], [ -89.237542, 13.632592, 0.0 ], [ -89.237496, 13.632813, 0.0 ], [ -89.237495, 13.632817, 0.0 ], [ -89.237495, 13.632823, 0.0 ], [ -89.237434, 13.63363, 0.0 ], [ -89.23743, 13.633679, 0.0 ], [ -89.237429, 13.633693, 0.0 ], [ -89.237332, 13.634166, 0.0 ], [ -89.237322, 13.634213, 0.0 ], [ -89.237318, 13.634235, 0.0 ], [ -89.237301, 13.634389, 0.0 ], [ -89.237298, 13.634412, 0.0 ], [ -89.237297, 13.634424, 0.0 ], [ -89.23708, 13.63508, 0.0 ], [ -89.237037, 13.635209, 0.0 ], [ -89.237012, 13.635283, 0.0 ], [ -89.236975, 13.635506, 0.0 ], [ -89.236966, 13.635563, 0.0 ], [ -89.23696, 13.635598, 0.0 ], [ -89.236902, 13.63574, 0.0 ], [ -89.236883, 13.635786, 0.0 ], [ -89.236872, 13.635815, 0.0 ], [ -89.236768, 13.63607, 0.0 ], [ -89.236725, 13.636173, 0.0 ], [ -89.236698, 13.636239, 0.0 ], [ -89.236593, 13.636509, 0.0 ], [ -89.23654, 13.636646, 0.0 ], [ -89.236506, 13.636734, 0.0 ], [ -89.236462, 13.636827, 0.0 ], [ -89.236422, 13.636875, 0.0 ], [ -89.236382, 13.636922, 0.0 ], [ -89.236309, 13.637052, 0.0 ], [ -89.236304, 13.637061, 0.0 ], [ -89.236275, 13.637121, 0.0 ], [ -89.236245, 13.637181, 0.0 ], [ -89.236181, 13.637316, 0.0 ], [ -89.236116, 13.63745, 0.0 ], [ -89.235946, 13.63776, 0.0 ], [ -89.235848, 13.637968, 0.0 ], [ -89.235847, 13.637968, 0.0 ], [ -89.235748, 13.638176, 0.0 ], [ -89.235616, 13.638437, 0.0 ], [ -89.235483, 13.638697, 0.0 ], [ -89.235359, 13.638948, 0.0 ], [ -89.235266, 13.639138, 0.0 ], [ -89.235236, 13.639199, 0.0 ], [ -89.235174, 13.639332, 0.0 ], [ -89.235112, 13.639465, 0.0 ], [ -89.235004, 13.639662, 0.0 ], [ -89.234749, 13.640114, 0.0 ], [ -89.234666, 13.640258, 0.0 ], [ -89.234602, 13.640369, 0.0 ], [ -89.234252, 13.640845, 0.0 ], [ -89.234104, 13.641048, 0.0 ], [ -89.233938, 13.641274, 0.0 ], [ -89.233852, 13.641534, 0.0 ], [ -89.23372, 13.641932, 0.0 ], [ -89.233677, 13.642058, 0.0 ], [ -89.233715, 13.642075, 0.0 ], [ -89.233727, 13.64208, 0.0 ], [ -89.233812, 13.642113, 0.0 ], [ -89.234081, 13.642218, 0.0 ], [ -89.234162, 13.642249, 0.0 ], [ -89.23422, 13.642288, 0.0 ], [ -89.234424, 13.642427, 0.0 ], [ -89.234499, 13.642479, 0.0 ], [ -89.234561, 13.642511, 0.0 ], [ -89.234806, 13.642637, 0.0 ], [ -89.234915, 13.642692, 0.0 ], [ -89.234944, 13.642709, 0.0 ], [ -89.234848, 13.643001, 0.0 ], [ -89.234696, 13.643335, 0.0 ], [ -89.234485, 13.643661, 0.0 ], [ -89.234484, 13.643663, 0.0 ], [ -89.234469, 13.643712, 0.0 ], [ -89.234469, 13.643715, 0.0 ], [ -89.234476, 13.643793, 0.0 ], [ -89.234476, 13.643794, 0.0 ], [ -89.234504, 13.643952, 0.0 ], [ -89.234504, 13.643956, 0.0 ], [ -89.234446, 13.644153, 0.0 ], [ -89.234444, 13.644157, 0.0 ], [ -89.234426, 13.644178, 0.0 ], [ -89.234424, 13.644179, 0.0 ], [ -89.234286, 13.644281, 0.0 ], [ -89.234301, 13.644292, 0.0 ], [ -89.234303, 13.644294, 0.0 ], [ -89.234312, 13.644298, 0.0 ], [ -89.234326, 13.644303, 0.0 ], [ -89.234329, 13.644304, 0.0 ], [ -89.234474, 13.644366, 0.0 ], [ -89.234732, 13.644475, 0.0 ], [ -89.234792, 13.6445, 0.0 ], [ -89.234965, 13.644518, 0.0 ], [ -89.235324, 13.644555, 0.0 ], [ -89.235419, 13.644565, 0.0 ], [ -89.235639, 13.644583, 0.0 ], [ -89.236185, 13.644629, 0.0 ], [ -89.236348, 13.644643, 0.0 ], [ -89.236372, 13.644645, 0.0 ], [ -89.236358, 13.644737, 0.0 ], [ -89.236329, 13.644733, 0.0 ], [ -89.236306, 13.644843, 0.0 ], [ -89.236296, 13.644893, 0.0 ], [ -89.236259, 13.644995, 0.0 ], [ -89.236114, 13.64539, 0.0 ], [ -89.236062, 13.645532, 0.0 ], [ -89.236027, 13.64562, 0.0 ], [ -89.23584, 13.646081, 0.0 ], [ -89.235768, 13.646259, 0.0 ], [ -89.23576, 13.646281, 0.0 ], [ -89.235696, 13.646451, 0.0 ], [ -89.235669, 13.646522, 0.0 ], [ -89.235666, 13.646527, 0.0 ], [ -89.235628, 13.646609, 0.0 ], [ -89.235612, 13.646645, 0.0 ], [ -89.235611, 13.646645, 0.0 ], [ -89.23554, 13.646645, 0.0 ], [ -89.235538, 13.646671, 0.0 ], [ -89.235358, 13.646682, 0.0 ], [ -89.235359, 13.646726, 0.0 ], [ -89.235319, 13.647835, 0.0 ], [ -89.235313, 13.64863, 0.0 ], [ -89.235309, 13.648796, 0.0 ], [ -89.235296, 13.648795, 0.0 ], [ -89.235298, 13.649387, 0.0 ], [ -89.235308, 13.649388, 0.0 ], [ -89.235331, 13.64939, 0.0 ], [ -89.235343, 13.649394, 0.0 ], [ -89.235346, 13.649395, 0.0 ], [ -89.235356, 13.649399, 0.0 ], [ -89.235372, 13.649471, 0.0 ], [ -89.235376, 13.649492, 0.0 ], [ -89.23539, 13.649559, 0.0 ], [ -89.235363, 13.649647, 0.0 ], [ -89.235356, 13.64967, 0.0 ], [ -89.235327, 13.649763, 0.0 ], [ -89.235302, 13.649813, 0.0 ], [ -89.235296, 13.649825, 0.0 ], [ -89.235266, 13.649886, 0.0 ], [ -89.235264, 13.649946, 0.0 ], [ -89.235263, 13.649958, 0.0 ], [ -89.23526, 13.650041, 0.0 ], [ -89.235241, 13.650107, 0.0 ], [ -89.235238, 13.650119, 0.0 ], [ -89.235208, 13.650224, 0.0 ], [ -89.23512, 13.650308, 0.0 ], [ -89.235106, 13.650321, 0.0 ], [ -89.234947, 13.650472, 0.0 ], [ -89.234909, 13.65051, 0.0 ], [ -89.234905, 13.650514, 0.0 ], [ -89.234826, 13.650591, 0.0 ], [ -89.234722, 13.65074, 0.0 ], [ -89.234714, 13.65075, 0.0 ], [ -89.234468, 13.651103, 0.0 ], [ -89.234451, 13.651165, 0.0 ], [ -89.23445, 13.651166, 0.0 ], [ -89.234403, 13.651334, 0.0 ], [ -89.234375, 13.651456, 0.0 ], [ -89.234374, 13.651461, 0.0 ], [ -89.234286, 13.651853, 0.0 ], [ -89.234258, 13.651915, 0.0 ], [ -89.234254, 13.651924, 0.0 ], [ -89.234144, 13.652173, 0.0 ], [ -89.234139, 13.652192, 0.0 ], [ -89.234138, 13.652196, 0.0 ], [ -89.234113, 13.652291, 0.0 ], [ -89.234134, 13.652293, 0.0 ], [ -89.234144, 13.652294, 0.0 ], [ -89.234289, 13.65231, 0.0 ], [ -89.234295, 13.652311, 0.0 ], [ -89.234301, 13.652311, 0.0 ], [ -89.234372, 13.652316, 0.0 ], [ -89.234388, 13.652319, 0.0 ], [ -89.234424, 13.652325, 0.0 ], [ -89.234777, 13.652386, 0.0 ], [ -89.234779, 13.652386, 0.0 ], [ -89.234835, 13.652389, 0.0 ], [ -89.235306, 13.652415, 0.0 ], [ -89.235326, 13.652416, 0.0 ], [ -89.23532, 13.652453, 0.0 ], [ -89.235261, 13.65283, 0.0 ], [ -89.235256, 13.652863, 0.0 ], [ -89.235251, 13.652903, 0.0 ], [ -89.235186, 13.653449, 0.0 ], [ -89.235177, 13.653523, 0.0 ], [ -89.235172, 13.653536, 0.0 ], [ -89.235069, 13.653815, 0.0 ], [ -89.23505, 13.653867, 0.0 ], [ -89.235048, 13.653874, 0.0 ], [ -89.234967, 13.654266, 0.0 ], [ -89.234948, 13.654354, 0.0 ], [ -89.234947, 13.654359, 0.0 ], [ -89.234926, 13.654535, 0.0 ], [ -89.234921, 13.654579, 0.0 ], [ -89.23492, 13.654587, 0.0 ], [ -89.234919, 13.654597, 0.0 ], [ -89.234918, 13.6546, 0.0 ], [ -89.234386, 13.654596, 0.0 ], [ -89.234212, 13.654594, 0.0 ], [ -89.234151, 13.654594, 0.0 ], [ -89.233762, 13.654593, 0.0 ], [ -89.233619, 13.654593, 0.0 ], [ -89.233558, 13.654593, 0.0 ], [ -89.233326, 13.65459, 0.0 ], [ -89.23323, 13.654589, 0.0 ], [ -89.233182, 13.654588, 0.0 ], [ -89.232844, 13.654563, 0.0 ], [ -89.232685, 13.65455, 0.0 ], [ -89.232598, 13.654544, 0.0 ], [ -89.232401, 13.654526, 0.0 ], [ -89.232296, 13.654516, 0.0 ], [ -89.232233, 13.654511, 0.0 ], [ -89.232228, 13.654508, 0.0 ], [ -89.232225, 13.654506, 0.0 ], [ -89.232223, 13.654505, 0.0 ], [ -89.232199, 13.654493, 0.0 ], [ -89.232183, 13.654485, 0.0 ], [ -89.232172, 13.654479, 0.0 ], [ -89.232157, 13.654471, 0.0 ], [ -89.232147, 13.654466, 0.0 ], [ -89.232145, 13.654465, 0.0 ], [ -89.232137, 13.654461, 0.0 ], [ -89.232131, 13.654461, 0.0 ], [ -89.232131, 13.654458, 0.0 ], [ -89.23213, 13.654431, 0.0 ], [ -89.232127, 13.654431, 0.0 ], [ -89.232123, 13.654431, 0.0 ], [ -89.232107, 13.654431, 0.0 ], [ -89.232086, 13.654431, 0.0 ], [ -89.232069, 13.654431, 0.0 ], [ -89.232066, 13.65445, 0.0 ], [ -89.232061, 13.654477, 0.0 ], [ -89.232057, 13.654501, 0.0 ], [ -89.232056, 13.654503, 0.0 ], [ -89.232056, 13.654507, 0.0 ], [ -89.232055, 13.654511, 0.0 ], [ -89.231695, 13.654363, 0.0 ], [ -89.2309, 13.654036, 0.0 ], [ -89.230189, 13.653744, 0.0 ], [ -89.230078, 13.653699, 0.0 ], [ -89.229758, 13.653571, 0.0 ], [ -89.229466, 13.653454, 0.0 ], [ -89.22946, 13.653453, 0.0 ], [ -89.229437, 13.65345, 0.0 ], [ -89.229415, 13.653447, 0.0 ], [ -89.229414, 13.653447, 0.0 ], [ -89.22941, 13.653446, 0.0 ], [ -89.229407, 13.653446, 0.0 ], [ -89.229404, 13.65344, 0.0 ], [ -89.229365, 13.653365, 0.0 ], [ -89.229364, 13.653364, 0.0 ], [ -89.229368, 13.653171, 0.0 ], [ -89.229374, 13.652909, 0.0 ] ] ], [ [ [ -89.155984, 13.667773, 0.0 ], [ -89.156062, 13.667825, 0.0 ], [ -89.15612, 13.667863, 0.0 ], [ -89.156146, 13.667881, 0.0 ], [ -89.15622, 13.667946, 0.0 ], [ -89.156285, 13.668004, 0.0 ], [ -89.156317, 13.668032, 0.0 ], [ -89.156665, 13.666837, 0.0 ], [ -89.15702, 13.665614, 0.0 ], [ -89.157201, 13.664991, 0.0 ], [ -89.157205, 13.664976, 0.0 ], [ -89.157364, 13.665044, 0.0 ], [ -89.157556, 13.665127, 0.0 ], [ -89.157662, 13.665173, 0.0 ], [ -89.157804, 13.665106, 0.0 ], [ -89.158011, 13.665008, 0.0 ], [ -89.15813, 13.664952, 0.0 ], [ -89.15849, 13.664827, 0.0 ], [ -89.159133, 13.664605, 0.0 ], [ -89.159519, 13.664471, 0.0 ], [ -89.159663, 13.664492, 0.0 ], [ -89.159987, 13.66454, 0.0 ], [ -89.16019, 13.66457, 0.0 ], [ -89.160238, 13.664637, 0.0 ], [ -89.160381, 13.664831, 0.0 ], [ -89.160473, 13.664956, 0.0 ], [ -89.160509, 13.665006, 0.0 ], [ -89.160657, 13.665208, 0.0 ], [ -89.160755, 13.665343, 0.0 ], [ -89.160769, 13.665356, 0.0 ], [ -89.160857, 13.665445, 0.0 ], [ -89.160918, 13.665505, 0.0 ], [ -89.160929, 13.665507, 0.0 ], [ -89.161097, 13.665537, 0.0 ], [ -89.161212, 13.665557, 0.0 ], [ -89.161213, 13.665557, 0.0 ], [ -89.161391, 13.665596, 0.0 ], [ -89.161504, 13.66562, 0.0 ], [ -89.161518, 13.665623, 0.0 ], [ -89.16179, 13.665593, 0.0 ], [ -89.161959, 13.665575, 0.0 ], [ -89.162003, 13.66557, 0.0 ], [ -89.162012, 13.665569, 0.0 ], [ -89.162017, 13.665569, 0.0 ], [ -89.162019, 13.665569, 0.0 ], [ -89.162075, 13.665053, 0.0 ], [ -89.162109, 13.664744, 0.0 ], [ -89.162128, 13.664564, 0.0 ], [ -89.162145, 13.663986, 0.0 ], [ -89.162155, 13.663647, 0.0 ], [ -89.162162, 13.663384, 0.0 ], [ -89.162132, 13.663406, 0.0 ], [ -89.162115, 13.663419, 0.0 ], [ -89.162097, 13.663432, 0.0 ], [ -89.162068, 13.663453, 0.0 ], [ -89.162052, 13.663465, 0.0 ], [ -89.162032, 13.66348, 0.0 ], [ -89.161985, 13.663473, 0.0 ], [ -89.161961, 13.66347, 0.0 ], [ -89.161921, 13.663465, 0.0 ], [ -89.161886, 13.66342, 0.0 ], [ -89.161868, 13.663397, 0.0 ], [ -89.161833, 13.663352, 0.0 ], [ -89.161825, 13.663295, 0.0 ], [ -89.16182, 13.663267, 0.0 ], [ -89.16181, 13.6632, 0.0 ], [ -89.161833, 13.663109, 0.0 ], [ -89.161844, 13.663068, 0.0 ], [ -89.161875, 13.662943, 0.0 ], [ -89.161653, 13.662887, 0.0 ], [ -89.161557, 13.662863, 0.0 ], [ -89.161198, 13.662773, 0.0 ], [ -89.16097, 13.662763, 0.0 ], [ -89.160879, 13.662759, 0.0 ], [ -89.160449, 13.66274, 0.0 ], [ -89.160449, 13.662728, 0.0 ], [ -89.160449, 13.662724, 0.0 ], [ -89.160449, 13.662698, 0.0 ], [ -89.160405, 13.662567, 0.0 ], [ -89.160392, 13.662527, 0.0 ], [ -89.160279, 13.662193, 0.0 ], [ -89.160251, 13.662132, 0.0 ], [ -89.160243, 13.662116, 0.0 ], [ -89.160157, 13.661933, 0.0 ], [ -89.16007, 13.661847, 0.0 ], [ -89.160055, 13.661832, 0.0 ], [ -89.159748, 13.661528, 0.0 ], [ -89.159661, 13.661464, 0.0 ], [ -89.159653, 13.661458, 0.0 ], [ -89.159285, 13.661187, 0.0 ], [ -89.15918, 13.661167, 0.0 ], [ -89.159178, 13.661167, 0.0 ], [ -89.158638, 13.661065, 0.0 ], [ -89.158594, 13.661066, 0.0 ], [ -89.158585, 13.661066, 0.0 ], [ -89.158268, 13.661075, 0.0 ], [ -89.158281, 13.661022, 0.0 ], [ -89.15829, 13.66099, 0.0 ], [ -89.158449, 13.660357, 0.0 ], [ -89.158441, 13.660357, 0.0 ], [ -89.158423, 13.660358, 0.0 ], [ -89.158188, 13.660364, 0.0 ], [ -89.158185, 13.660364, 0.0 ], [ -89.158189, 13.660317, 0.0 ], [ -89.158238, 13.659756, 0.0 ], [ -89.158241, 13.65972, 0.0 ], [ -89.158248, 13.659674, 0.0 ], [ -89.158357, 13.658899, 0.0 ], [ -89.15837, 13.658807, 0.0 ], [ -89.158371, 13.658801, 0.0 ], [ -89.158398, 13.65861, 0.0 ], [ -89.158403, 13.658577, 0.0 ], [ -89.158403, 13.658576, 0.0 ], [ -89.158448, 13.658339, 0.0 ], [ -89.158457, 13.65829, 0.0 ], [ -89.158458, 13.658284, 0.0 ], [ -89.158467, 13.658245, 0.0 ], [ -89.158472, 13.658224, 0.0 ], [ -89.158475, 13.658209, 0.0 ], [ -89.158476, 13.658206, 0.0 ], [ -89.158515, 13.65803, 0.0 ], [ -89.15853, 13.657962, 0.0 ], [ -89.158533, 13.657951, 0.0 ], [ -89.158718, 13.657994, 0.0 ], [ -89.15875, 13.658, 0.0 ], [ -89.158848, 13.65801, 0.0 ], [ -89.159089, 13.657901, 0.0 ], [ -89.159319, 13.658025, 0.0 ], [ -89.159531, 13.658028, 0.0 ], [ -89.159608, 13.65813, 0.0 ], [ -89.159749, 13.658243, 0.0 ], [ -89.159789, 13.65825, 0.0 ], [ -89.159861, 13.658283, 0.0 ], [ -89.159972, 13.658331, 0.0 ], [ -89.160134, 13.658345, 0.0 ], [ -89.160155, 13.65838, 0.0 ], [ -89.16035, 13.658536, 0.0 ], [ -89.160355, 13.658531, 0.0 ], [ -89.160358, 13.658528, 0.0 ], [ -89.160384, 13.658493, 0.0 ], [ -89.160402, 13.658469, 0.0 ], [ -89.160416, 13.65845, 0.0 ], [ -89.160432, 13.658425, 0.0 ], [ -89.160443, 13.658407, 0.0 ], [ -89.160454, 13.65839, 0.0 ], [ -89.160471, 13.658361, 0.0 ], [ -89.160482, 13.658341, 0.0 ], [ -89.160496, 13.658317, 0.0 ], [ -89.160533, 13.658263, 0.0 ], [ -89.160557, 13.658228, 0.0 ], [ -89.160594, 13.658175, 0.0 ], [ -89.16061, 13.658157, 0.0 ], [ -89.160621, 13.658146, 0.0 ], [ -89.16064, 13.658125, 0.0 ], [ -89.16062, 13.658081, 0.0 ], [ -89.160626, 13.658067, 0.0 ], [ -89.160632, 13.658053, 0.0 ], [ -89.160675, 13.657968, 0.0 ], [ -89.160718, 13.657883, 0.0 ], [ -89.160781, 13.657759, 0.0 ], [ -89.160844, 13.657635, 0.0 ], [ -89.160856, 13.657595, 0.0 ], [ -89.160868, 13.657555, 0.0 ], [ -89.160908, 13.657492, 0.0 ], [ -89.160942, 13.657417, 0.0 ], [ -89.160974, 13.65733, 0.0 ], [ -89.161014, 13.657228, 0.0 ], [ -89.161014, 13.657214, 0.0 ], [ -89.161033, 13.657215, 0.0 ], [ -89.161033, 13.657214, 0.0 ], [ -89.161042, 13.657201, 0.0 ], [ -89.161043, 13.6572, 0.0 ], [ -89.161058, 13.657142, 0.0 ], [ -89.161059, 13.657135, 0.0 ], [ -89.16106, 13.657134, 0.0 ], [ -89.161097, 13.656988, 0.0 ], [ -89.161102, 13.656966, 0.0 ], [ -89.161104, 13.656959, 0.0 ], [ -89.16111, 13.656935, 0.0 ], [ -89.161111, 13.656931, 0.0 ], [ -89.161111, 13.656929, 0.0 ], [ -89.161161, 13.65673, 0.0 ], [ -89.161178, 13.656663, 0.0 ], [ -89.161183, 13.656646, 0.0 ], [ -89.161111, 13.656617, 0.0 ], [ -89.161101, 13.656615, 0.0 ], [ -89.16108, 13.65662, 0.0 ], [ -89.160956, 13.65667, 0.0 ], [ -89.160935, 13.656673, 0.0 ], [ -89.160914, 13.65667, 0.0 ], [ -89.160894, 13.65666, 0.0 ], [ -89.160805, 13.656602, 0.0 ], [ -89.160749, 13.656575, 0.0 ], [ -89.160666, 13.656538, 0.0 ], [ -89.160717, 13.656029, 0.0 ], [ -89.160727, 13.655604, 0.0 ], [ -89.160733, 13.655363, 0.0 ], [ -89.160803, 13.654989, 0.0 ], [ -89.160805, 13.654946, 0.0 ], [ -89.160839, 13.654311, 0.0 ], [ -89.161028, 13.654159, 0.0 ], [ -89.161324, 13.653948, 0.0 ], [ -89.161328, 13.653945, 0.0 ], [ -89.161396, 13.653902, 0.0 ], [ -89.161742, 13.653679, 0.0 ], [ -89.161637, 13.653526, 0.0 ], [ -89.161537, 13.65341, 0.0 ], [ -89.161502, 13.653213, 0.0 ], [ -89.161499, 13.653157, 0.0 ], [ -89.161525, 13.653107, 0.0 ], [ -89.16158, 13.653074, 0.0 ], [ -89.161636, 13.653053, 0.0 ], [ -89.161768, 13.653024, 0.0 ], [ -89.161824, 13.653003, 0.0 ], [ -89.161873, 13.653001, 0.0 ], [ -89.161894, 13.653, 0.0 ], [ -89.162012, 13.652976, 0.0 ], [ -89.162063, 13.652979, 0.0 ], [ -89.162149, 13.652995, 0.0 ], [ -89.162232, 13.653, 0.0 ], [ -89.162297, 13.652992, 0.0 ], [ -89.1623, 13.652992, 0.0 ], [ -89.162383, 13.652945, 0.0 ], [ -89.162509, 13.652837, 0.0 ], [ -89.16234, 13.652876, 0.0 ], [ -89.16223, 13.652887, 0.0 ], [ -89.162128, 13.652882, 0.0 ], [ -89.161953, 13.652869, 0.0 ], [ -89.16194, 13.652867, 0.0 ], [ -89.161864, 13.652856, 0.0 ], [ -89.161776, 13.652835, 0.0 ], [ -89.161706, 13.652808, 0.0 ], [ -89.161613, 13.652728, 0.0 ], [ -89.161388, 13.652495, 0.0 ], [ -89.161296, 13.652408, 0.0 ], [ -89.161194, 13.652319, 0.0 ], [ -89.161138, 13.652266, 0.0 ], [ -89.161082, 13.652197, 0.0 ], [ -89.161071, 13.652154, 0.0 ], [ -89.160849, 13.651943, 0.0 ], [ -89.160805, 13.651886, 0.0 ], [ -89.160692, 13.651739, 0.0 ], [ -89.160637, 13.651674, 0.0 ], [ -89.160771, 13.651667, 0.0 ], [ -89.160784, 13.651628, 0.0 ], [ -89.160797, 13.651591, 0.0 ], [ -89.160813, 13.651543, 0.0 ], [ -89.160821, 13.651515, 0.0 ], [ -89.16083, 13.65148, 0.0 ], [ -89.160841, 13.651438, 0.0 ], [ -89.160846, 13.651421, 0.0 ], [ -89.160853, 13.651396, 0.0 ], [ -89.160861, 13.651365, 0.0 ], [ -89.160864, 13.651354, 0.0 ], [ -89.160871, 13.651331, 0.0 ], [ -89.160878, 13.651303, 0.0 ], [ -89.16088, 13.651296, 0.0 ], [ -89.160886, 13.651274, 0.0 ], [ -89.160894, 13.651247, 0.0 ], [ -89.160896, 13.651241, 0.0 ], [ -89.160907, 13.651217, 0.0 ], [ -89.16092, 13.651189, 0.0 ], [ -89.160922, 13.651182, 0.0 ], [ -89.160938, 13.651129, 0.0 ], [ -89.160958, 13.651064, 0.0 ], [ -89.160958, 13.651063, 0.0 ], [ -89.160967, 13.651035, 0.0 ], [ -89.160977, 13.651002, 0.0 ], [ -89.160978, 13.651, 0.0 ], [ -89.160994, 13.650947, 0.0 ], [ -89.161012, 13.650888, 0.0 ], [ -89.161015, 13.650878, 0.0 ], [ -89.161021, 13.650853, 0.0 ], [ -89.161028, 13.650823, 0.0 ], [ -89.16103, 13.650816, 0.0 ], [ -89.161036, 13.650795, 0.0 ], [ -89.161044, 13.650771, 0.0 ], [ -89.161046, 13.650762, 0.0 ], [ -89.161056, 13.650739, 0.0 ], [ -89.161068, 13.650713, 0.0 ], [ -89.161073, 13.6507, 0.0 ], [ -89.161079, 13.650665, 0.0 ], [ -89.161085, 13.650623, 0.0 ], [ -89.16109, 13.650597, 0.0 ], [ -89.1611, 13.650531, 0.0 ], [ -89.161113, 13.65045, 0.0 ], [ -89.161123, 13.650388, 0.0 ], [ -89.161156, 13.650334, 0.0 ], [ -89.161179, 13.650296, 0.0 ], [ -89.161196, 13.650267, 0.0 ], [ -89.161235, 13.650204, 0.0 ], [ -89.161316, 13.649975, 0.0 ], [ -89.161419, 13.649684, 0.0 ], [ -89.161536, 13.649357, 0.0 ], [ -89.161643, 13.64903, 0.0 ], [ -89.161783, 13.648606, 0.0 ], [ -89.161969, 13.648039, 0.0 ], [ -89.161979, 13.648012, 0.0 ], [ -89.161993, 13.647976, 0.0 ], [ -89.162014, 13.64792, 0.0 ], [ -89.162166, 13.647316, 0.0 ], [ -89.162377, 13.646474, 0.0 ], [ -89.162767, 13.644919, 0.0 ], [ -89.162774, 13.644892, 0.0 ], [ -89.162899, 13.644843, 0.0 ], [ -89.16306, 13.644784, 0.0 ], [ -89.163267, 13.644714, 0.0 ], [ -89.163271, 13.644714, 0.0 ], [ -89.163499, 13.644703, 0.0 ], [ -89.163676, 13.644665, 0.0 ], [ -89.163908, 13.644645, 0.0 ], [ -89.164153, 13.644595, 0.0 ], [ -89.164255, 13.644585, 0.0 ], [ -89.164419, 13.644563, 0.0 ], [ -89.164584, 13.64453, 0.0 ], [ -89.164848, 13.644471, 0.0 ], [ -89.164968, 13.644425, 0.0 ], [ -89.165303, 13.644241, 0.0 ], [ -89.165472, 13.644127, 0.0 ], [ -89.165559, 13.64403, 0.0 ], [ -89.165677, 13.643948, 0.0 ], [ -89.165906, 13.643928, 0.0 ], [ -89.166049, 13.643936, 0.0 ], [ -89.166202, 13.643915, 0.0 ], [ -89.1663, 13.643919, 0.0 ], [ -89.166429, 13.643868, 0.0 ], [ -89.166625, 13.643753, 0.0 ], [ -89.16673, 13.643699, 0.0 ], [ -89.166885, 13.643654, 0.0 ], [ -89.167018, 13.643661, 0.0 ], [ -89.167061, 13.643668, 0.0 ], [ -89.1672, 13.643748, 0.0 ], [ -89.167272, 13.643797, 0.0 ], [ -89.167359, 13.643852, 0.0 ], [ -89.167459, 13.643898, 0.0 ], [ -89.167635, 13.643926, 0.0 ], [ -89.167762, 13.643928, 0.0 ], [ -89.167931, 13.643887, 0.0 ], [ -89.167991, 13.643857, 0.0 ], [ -89.168037, 13.643804, 0.0 ], [ -89.168061, 13.643763, 0.0 ], [ -89.168111, 13.64363, 0.0 ], [ -89.16816, 13.643484, 0.0 ], [ -89.168255, 13.643321, 0.0 ], [ -89.168323, 13.643232, 0.0 ], [ -89.168473, 13.643109, 0.0 ], [ -89.168515, 13.643077, 0.0 ], [ -89.168563, 13.643067, 0.0 ], [ -89.16861, 13.643067, 0.0 ], [ -89.168658, 13.643067, 0.0 ], [ -89.168778, 13.643062, 0.0 ], [ -89.168863, 13.643072, 0.0 ], [ -89.169059, 13.643082, 0.0 ], [ -89.169145, 13.643075, 0.0 ], [ -89.169432, 13.642995, 0.0 ], [ -89.169598, 13.642965, 0.0 ], [ -89.169664, 13.642953, 0.0 ], [ -89.169752, 13.642964, 0.0 ], [ -89.169846, 13.642985, 0.0 ], [ -89.170028, 13.642974, 0.0 ], [ -89.170154, 13.642951, 0.0 ], [ -89.170387, 13.642783, 0.0 ], [ -89.170477, 13.642718, 0.0 ], [ -89.170556, 13.642678, 0.0 ], [ -89.170761, 13.642632, 0.0 ], [ -89.170876, 13.64262, 0.0 ], [ -89.171001, 13.642613, 0.0 ], [ -89.171055, 13.642605, 0.0 ], [ -89.171067, 13.642603, 0.0 ], [ -89.171192, 13.642533, 0.0 ], [ -89.17124, 13.642499, 0.0 ], [ -89.171412, 13.642331, 0.0 ], [ -89.171535, 13.64221, 0.0 ], [ -89.171725, 13.641997, 0.0 ], [ -89.171764, 13.641965, 0.0 ], [ -89.171865, 13.641911, 0.0 ], [ -89.171958, 13.641903, 0.0 ], [ -89.172101, 13.641902, 0.0 ], [ -89.172307, 13.641943, 0.0 ], [ -89.172436, 13.641991, 0.0 ], [ -89.17246, 13.642012, 0.0 ], [ -89.17253, 13.642086, 0.0 ], [ -89.172724, 13.642402, 0.0 ], [ -89.172775, 13.642467, 0.0 ], [ -89.172889, 13.642516, 0.0 ], [ -89.173057, 13.642544, 0.0 ], [ -89.173349, 13.6426, 0.0 ], [ -89.173465, 13.642618, 0.0 ], [ -89.173603, 13.64262, 0.0 ], [ -89.173704, 13.642618, 0.0 ], [ -89.173816, 13.6426, 0.0 ], [ -89.174004, 13.642533, 0.0 ], [ -89.174255, 13.642451, 0.0 ], [ -89.174456, 13.642391, 0.0 ], [ -89.174519, 13.64237, 0.0 ], [ -89.174608, 13.642341, 0.0 ], [ -89.174679, 13.6423, 0.0 ], [ -89.174746, 13.64222, 0.0 ], [ -89.17476, 13.642152, 0.0 ], [ -89.174742, 13.642064, 0.0 ], [ -89.174665, 13.641976, 0.0 ], [ -89.174468, 13.641894, 0.0 ], [ -89.174312, 13.641835, 0.0 ], [ -89.174226, 13.641802, 0.0 ], [ -89.174029, 13.641763, 0.0 ], [ -89.173896, 13.641795, 0.0 ], [ -89.173806, 13.641832, 0.0 ], [ -89.173684, 13.641902, 0.0 ], [ -89.173667, 13.64191, 0.0 ], [ -89.173595, 13.641914, 0.0 ], [ -89.17358, 13.641911, 0.0 ], [ -89.173552, 13.641852, 0.0 ], [ -89.173586, 13.641774, 0.0 ], [ -89.173624, 13.641714, 0.0 ], [ -89.17379, 13.641609, 0.0 ], [ -89.17387, 13.641529, 0.0 ], [ -89.173948, 13.641482, 0.0 ], [ -89.174054, 13.641429, 0.0 ], [ -89.174173, 13.641388, 0.0 ], [ -89.174242, 13.641369, 0.0 ], [ -89.17448, 13.641321, 0.0 ], [ -89.174527, 13.641313, 0.0 ], [ -89.174585, 13.641309, 0.0 ], [ -89.174669, 13.641306, 0.0 ], [ -89.174818, 13.641322, 0.0 ], [ -89.175054, 13.641396, 0.0 ], [ -89.175135, 13.641424, 0.0 ], [ -89.175301, 13.641496, 0.0 ], [ -89.175371, 13.641534, 0.0 ], [ -89.175494, 13.641607, 0.0 ], [ -89.175544, 13.641622, 0.0 ], [ -89.175589, 13.64163, 0.0 ], [ -89.175754, 13.641587, 0.0 ], [ -89.175831, 13.641565, 0.0 ], [ -89.175926, 13.641527, 0.0 ], [ -89.176076, 13.641456, 0.0 ], [ -89.176158, 13.641432, 0.0 ], [ -89.176226, 13.641433, 0.0 ], [ -89.176316, 13.641455, 0.0 ], [ -89.176444, 13.641515, 0.0 ], [ -89.176552, 13.641569, 0.0 ], [ -89.176628, 13.641586, 0.0 ], [ -89.176708, 13.641597, 0.0 ], [ -89.176769, 13.641585, 0.0 ], [ -89.176818, 13.641562, 0.0 ], [ -89.176921, 13.641511, 0.0 ], [ -89.177093, 13.641439, 0.0 ], [ -89.177212, 13.641414, 0.0 ], [ -89.177294, 13.641412, 0.0 ], [ -89.177337, 13.641416, 0.0 ], [ -89.177447, 13.641444, 0.0 ], [ -89.17754, 13.641475, 0.0 ], [ -89.177664, 13.641525, 0.0 ], [ -89.177732, 13.641552, 0.0 ], [ -89.177823, 13.641595, 0.0 ], [ -89.177864, 13.641638, 0.0 ], [ -89.177893, 13.641689, 0.0 ], [ -89.17803, 13.64204, 0.0 ], [ -89.178078, 13.642123, 0.0 ], [ -89.178151, 13.642222, 0.0 ], [ -89.178203, 13.642278, 0.0 ], [ -89.178304, 13.642347, 0.0 ], [ -89.178344, 13.642349, 0.0 ], [ -89.178431, 13.642334, 0.0 ], [ -89.178535, 13.642308, 0.0 ], [ -89.178815, 13.642228, 0.0 ], [ -89.178915, 13.642184, 0.0 ], [ -89.178991, 13.642148, 0.0 ], [ -89.179154, 13.642035, 0.0 ], [ -89.179353, 13.641856, 0.0 ], [ -89.179532, 13.641666, 0.0 ], [ -89.179617, 13.641587, 0.0 ], [ -89.179724, 13.64151, 0.0 ], [ -89.179787, 13.641477, 0.0 ], [ -89.179898, 13.641453, 0.0 ], [ -89.179987, 13.641442, 0.0 ], [ -89.180291, 13.641412, 0.0 ], [ -89.180567, 13.641387, 0.0 ], [ -89.180953, 13.641332, 0.0 ], [ -89.181101, 13.641334, 0.0 ], [ -89.181279, 13.641349, 0.0 ], [ -89.181492, 13.641428, 0.0 ], [ -89.181652, 13.6415, 0.0 ], [ -89.181954, 13.641655, 0.0 ], [ -89.182089, 13.641721, 0.0 ], [ -89.18219, 13.64175, 0.0 ], [ -89.182307, 13.641769, 0.0 ], [ -89.182421, 13.641768, 0.0 ], [ -89.182489, 13.641754, 0.0 ], [ -89.182577, 13.641733, 0.0 ], [ -89.182682, 13.641691, 0.0 ], [ -89.182846, 13.641628, 0.0 ], [ -89.182939, 13.641618, 0.0 ], [ -89.183377, 13.641599, 0.0 ], [ -89.183429, 13.641543, 0.0 ], [ -89.183471, 13.641581, 0.0 ], [ -89.183773, 13.641853, 0.0 ], [ -89.184059, 13.642092, 0.0 ], [ -89.184425, 13.642298, 0.0 ], [ -89.184606, 13.642389, 0.0 ], [ -89.18471, 13.642441, 0.0 ], [ -89.185052, 13.642576, 0.0 ], [ -89.185442, 13.642656, 0.0 ], [ -89.185662, 13.642735, 0.0 ], [ -89.185792, 13.642807, 0.0 ], [ -89.185898, 13.642807, 0.0 ], [ -89.186913541250192, 13.643477904686597, 0.0 ], [ -89.187696999494435, 13.643801621619277, 0.0 ], [ -89.187704776081986, 13.643771569721618, 0.0 ], [ -89.191560477739557, 13.645837128497529, 0.0 ], [ -89.191699284297911, 13.645698321939177, 0.0 ], [ -89.192652422665262, 13.645633545545278, 0.0 ], [ -89.193322, 13.645596, 0.0 ], [ -89.193649, 13.645737, 0.0 ], [ -89.193974, 13.645911, 0.0 ], [ -89.194422, 13.646229, 0.0 ], [ -89.194712, 13.646428, 0.0 ], [ -89.19496, 13.64658, 0.0 ], [ -89.195062, 13.64668, 0.0 ], [ -89.195109, 13.646784, 0.0 ], [ -89.195216, 13.64707, 0.0 ], [ -89.195373, 13.647419, 0.0 ], [ -89.195578, 13.64771, 0.0 ], [ -89.195778, 13.648014, 0.0 ], [ -89.195836, 13.648214, 0.0 ], [ -89.196077, 13.649029, 0.0 ], [ -89.196107, 13.649131, 0.0 ], [ -89.19615, 13.649264, 0.0 ], [ -89.196205, 13.649452, 0.0 ], [ -89.196293, 13.649614, 0.0 ], [ -89.196405, 13.649769, 0.0 ], [ -89.196498, 13.649953, 0.0 ], [ -89.196735, 13.650289, 0.0 ], [ -89.19679, 13.650444, 0.0 ], [ -89.196801, 13.65057, 0.0 ], [ -89.196771, 13.650846, 0.0 ], [ -89.196758, 13.650966, 0.0 ], [ -89.196749, 13.651112, 0.0 ], [ -89.196782, 13.651214, 0.0 ], [ -89.196834, 13.651292, 0.0 ], [ -89.196906, 13.651356, 0.0 ], [ -89.197002, 13.65142, 0.0 ], [ -89.197135, 13.651493, 0.0 ], [ -89.197504, 13.651716, 0.0 ], [ -89.197619, 13.651859, 0.0 ], [ -89.197667, 13.652023, 0.0 ], [ -89.197652, 13.652159, 0.0 ], [ -89.197613, 13.652313, 0.0 ], [ -89.197531, 13.652408, 0.0 ], [ -89.197376, 13.652521, 0.0 ], [ -89.197202, 13.652598, 0.0 ], [ -89.196931, 13.652709, 0.0 ], [ -89.196798, 13.652793, 0.0 ], [ -89.196668, 13.652908, 0.0 ], [ -89.196535, 13.653019, 0.0 ], [ -89.196442, 13.653094, 0.0 ], [ -89.196404, 13.65313, 0.0 ], [ -89.196193, 13.653242, 0.0 ], [ -89.196053, 13.65326, 0.0 ], [ -89.195905, 13.653231, 0.0 ], [ -89.195852, 13.653221, 0.0 ], [ -89.195793, 13.653207, 0.0 ], [ -89.195542, 13.653184, 0.0 ], [ -89.195371, 13.653207, 0.0 ], [ -89.195244, 13.653282, 0.0 ], [ -89.195148, 13.653403, 0.0 ], [ -89.195097, 13.653553, 0.0 ], [ -89.195075, 13.653694, 0.0 ], [ -89.19506, 13.653857, 0.0 ], [ -89.195059, 13.654013, 0.0 ], [ -89.195053, 13.654298, 0.0 ], [ -89.195033, 13.654456, 0.0 ], [ -89.194998, 13.654775, 0.0 ], [ -89.194949, 13.655118, 0.0 ], [ -89.194947, 13.655204, 0.0 ], [ -89.194942, 13.655377, 0.0 ], [ -89.194964, 13.655568, 0.0 ], [ -89.194966, 13.655587, 0.0 ], [ -89.194982, 13.655701, 0.0 ], [ -89.194965, 13.655737, 0.0 ], [ -89.194923, 13.655769, 0.0 ], [ -89.194925, 13.65624, 0.0 ], [ -89.194956, 13.656692, 0.0 ], [ -89.194991, 13.656801, 0.0 ], [ -89.195068, 13.656928, 0.0 ], [ -89.195133, 13.656997, 0.0 ], [ -89.195197, 13.657051, 0.0 ], [ -89.19526, 13.657103, 0.0 ], [ -89.195382, 13.657205, 0.0 ], [ -89.195485, 13.657302, 0.0 ], [ -89.195522, 13.657369, 0.0 ], [ -89.195609, 13.657586, 0.0 ], [ -89.19565, 13.657657, 0.0 ], [ -89.195685, 13.657716, 0.0 ], [ -89.195716, 13.657704, 0.0 ], [ -89.195818, 13.657663, 0.0 ], [ -89.195895, 13.657641, 0.0 ], [ -89.195959, 13.657654, 0.0 ], [ -89.195997, 13.657674, 0.0 ], [ -89.196034, 13.657744, 0.0 ], [ -89.196078, 13.657899, 0.0 ], [ -89.196096, 13.658004, 0.0 ], [ -89.196094, 13.658145, 0.0 ], [ -89.196085, 13.658209, 0.0 ], [ -89.196067, 13.658313, 0.0 ], [ -89.196046, 13.658345, 0.0 ], [ -89.196004, 13.658372, 0.0 ], [ -89.195955, 13.658387, 0.0 ], [ -89.195881, 13.6584, 0.0 ], [ -89.195835, 13.658405, 0.0 ], [ -89.195782, 13.658424, 0.0 ], [ -89.19574, 13.658447, 0.0 ], [ -89.195446, 13.658589, 0.0 ], [ -89.195228, 13.658682, 0.0 ], [ -89.194888, 13.658794, 0.0 ], [ -89.194506, 13.658924, 0.0 ], [ -89.194406, 13.65899, 0.0 ], [ -89.19433, 13.659049, 0.0 ], [ -89.194241, 13.659225, 0.0 ], [ -89.194168, 13.659336, 0.0 ], [ -89.194124, 13.65947, 0.0 ], [ -89.194098, 13.659661, 0.0 ], [ -89.194102, 13.659745, 0.0 ], [ -89.19411, 13.660002, 0.0 ], [ -89.194088, 13.660093, 0.0 ], [ -89.194067, 13.66018, 0.0 ], [ -89.194017, 13.660514, 0.0 ], [ -89.194013, 13.660836, 0.0 ], [ -89.194025, 13.661405, 0.0 ], [ -89.194057, 13.661819, 0.0 ], [ -89.194074, 13.662024, 0.0 ], [ -89.1941, 13.662341, 0.0 ], [ -89.194112, 13.662491, 0.0 ], [ -89.194093, 13.663012, 0.0 ], [ -89.194105, 13.663362, 0.0 ], [ -89.194116, 13.663699, 0.0 ], [ -89.194154, 13.663947, 0.0 ], [ -89.194209, 13.664105, 0.0 ], [ -89.194214, 13.664118, 0.0 ], [ -89.194241, 13.664257, 0.0 ], [ -89.19425, 13.664387, 0.0 ], [ -89.194238, 13.664536, 0.0 ], [ -89.194197, 13.664838, 0.0 ], [ -89.194187, 13.665115, 0.0 ], [ -89.194168, 13.66545, 0.0 ], [ -89.194182, 13.665661, 0.0 ], [ -89.194233, 13.665921, 0.0 ], [ -89.19427, 13.666086, 0.0 ], [ -89.194351, 13.666633, 0.0 ], [ -89.194425, 13.667082, 0.0 ], [ -89.194506, 13.667689, 0.0 ], [ -89.194608, 13.668036, 0.0 ], [ -89.194729, 13.668397, 0.0 ], [ -89.194794, 13.668524, 0.0 ], [ -89.194858, 13.668667, 0.0 ], [ -89.194925, 13.668829, 0.0 ], [ -89.194926, 13.668832, 0.0 ], [ -89.194934, 13.668921, 0.0 ], [ -89.194967, 13.669262, 0.0 ], [ -89.194944, 13.669602, 0.0 ], [ -89.194929, 13.669793, 0.0 ], [ -89.194849, 13.669901, 0.0 ], [ -89.194899, 13.670175, 0.0 ], [ -89.194944, 13.670483, 0.0 ], [ -89.194969, 13.670718, 0.0 ], [ -89.194978, 13.670803, 0.0 ], [ -89.194981, 13.671048, 0.0 ], [ -89.194975, 13.671414, 0.0 ], [ -89.194881, 13.671387, 0.0 ], [ -89.194829, 13.671373, 0.0 ], [ -89.194677, 13.671344, 0.0 ], [ -89.19449, 13.671365, 0.0 ], [ -89.194252, 13.671428, 0.0 ], [ -89.194001, 13.671497, 0.0 ], [ -89.193797, 13.671547, 0.0 ], [ -89.19357, 13.671575, 0.0 ], [ -89.193344, 13.671577, 0.0 ], [ -89.193088, 13.671548, 0.0 ], [ -89.192922, 13.671511, 0.0 ], [ -89.192825, 13.671479, 0.0 ], [ -89.19262, 13.671403, 0.0 ], [ -89.19254, 13.671365, 0.0 ], [ -89.192484, 13.671348, 0.0 ], [ -89.19231, 13.671232, 0.0 ], [ -89.192227, 13.671163, 0.0 ], [ -89.192122, 13.671076, 0.0 ], [ -89.192048, 13.670998, 0.0 ], [ -89.191973, 13.67093, 0.0 ], [ -89.191907, 13.670867, 0.0 ], [ -89.191777, 13.67078, 0.0 ], [ -89.191663, 13.670596, 0.0 ], [ -89.191585, 13.670458, 0.0 ], [ -89.191551, 13.670399, 0.0 ], [ -89.191414, 13.670124, 0.0 ], [ -89.191153, 13.67011, 0.0 ], [ -89.191097, 13.670107, 0.0 ], [ -89.190851, 13.670095, 0.0 ], [ -89.190775, 13.669909, 0.0 ], [ -89.190694, 13.669641, 0.0 ], [ -89.190659, 13.669526, 0.0 ], [ -89.190593, 13.669547, 0.0 ], [ -89.19028, 13.669645, 0.0 ], [ -89.19005, 13.669717, 0.0 ], [ -89.190051, 13.669717, 0.0 ], [ -89.190093, 13.66976, 0.0 ], [ -89.190126, 13.669792, 0.0 ], [ -89.190127, 13.669794, 0.0 ], [ -89.19017, 13.66985, 0.0 ], [ -89.190203, 13.669893, 0.0 ], [ -89.190206, 13.669897, 0.0 ], [ -89.190286, 13.670049, 0.0 ], [ -89.190348, 13.670167, 0.0 ], [ -89.190358, 13.670185, 0.0 ], [ -89.190374, 13.670232, 0.0 ], [ -89.190387, 13.670269, 0.0 ], [ -89.190389, 13.670277, 0.0 ], [ -89.190405, 13.670343, 0.0 ], [ -89.190418, 13.670395, 0.0 ], [ -89.190422, 13.670409, 0.0 ], [ -89.190469, 13.670472, 0.0 ], [ -89.190508, 13.670524, 0.0 ], [ -89.190521, 13.670541, 0.0 ], [ -89.190552, 13.670577, 0.0 ], [ -89.190577, 13.670607, 0.0 ], [ -89.190587, 13.670619, 0.0 ], [ -89.190613, 13.670641, 0.0 ], [ -89.190636, 13.670658, 0.0 ], [ -89.190646, 13.670667, 0.0 ], [ -89.190601, 13.670675, 0.0 ], [ -89.190562, 13.670682, 0.0 ], [ -89.190541, 13.670686, 0.0 ], [ -89.190495, 13.670694, 0.0 ], [ -89.190486, 13.670695, 0.0 ], [ -89.190465, 13.670699, 0.0 ], [ -89.190427, 13.670657, 0.0 ], [ -89.190358, 13.670678, 0.0 ], [ -89.190133, 13.670733, 0.0 ], [ -89.189848, 13.670788, 0.0 ], [ -89.189487, 13.670861, 0.0 ], [ -89.189568, 13.670981, 0.0 ], [ -89.189627, 13.671096, 0.0 ], [ -89.189389, 13.671162, 0.0 ], [ -89.189351, 13.671172, 0.0 ], [ -89.189317, 13.671151, 0.0 ], [ -89.189026, 13.671241, 0.0 ], [ -89.188894, 13.670839, 0.0 ], [ -89.188841, 13.670655, 0.0 ], [ -89.188738, 13.670501, 0.0 ], [ -89.188645, 13.6704, 0.0 ], [ -89.188544, 13.670281, 0.0 ], [ -89.188479, 13.670197, 0.0 ], [ -89.188338, 13.669962, 0.0 ], [ -89.188285, 13.669828, 0.0 ], [ -89.188284, 13.669825, 0.0 ], [ -89.188212, 13.669849, 0.0 ], [ -89.188175, 13.669862, 0.0 ], [ -89.188172, 13.669862, 0.0 ], [ -89.188158, 13.669867, 0.0 ], [ -89.188167, 13.669887, 0.0 ], [ -89.188168, 13.669888, 0.0 ], [ -89.188172, 13.669897, 0.0 ], [ -89.188121, 13.669922, 0.0 ], [ -89.188119, 13.669923, 0.0 ], [ -89.188094, 13.669935, 0.0 ], [ -89.18815, 13.670035, 0.0 ], [ -89.188152, 13.670039, 0.0 ], [ -89.188182, 13.670092, 0.0 ], [ -89.188119, 13.670122, 0.0 ], [ -89.188117, 13.670123, 0.0 ], [ -89.188081, 13.67014, 0.0 ], [ -89.188128, 13.670201, 0.0 ], [ -89.188128, 13.670202, 0.0 ], [ -89.188158, 13.670241, 0.0 ], [ -89.18812, 13.670271, 0.0 ], [ -89.18812, 13.670272, 0.0 ], [ -89.188094, 13.670293, 0.0 ], [ -89.188135, 13.670357, 0.0 ], [ -89.188167, 13.670405, 0.0 ], [ -89.188204, 13.670369, 0.0 ], [ -89.188205, 13.670369, 0.0 ], [ -89.188235, 13.67034, 0.0 ], [ -89.188238, 13.670344, 0.0 ], [ -89.18824, 13.670348, 0.0 ], [ -89.188253, 13.670339, 0.0 ], [ -89.188254, 13.670338, 0.0 ], [ -89.188266, 13.670329, 0.0 ], [ -89.18827, 13.670336, 0.0 ], [ -89.188274, 13.670343, 0.0 ], [ -89.188267, 13.670354, 0.0 ], [ -89.188266, 13.670355, 0.0 ], [ -89.188258, 13.670367, 0.0 ], [ -89.188253, 13.670386, 0.0 ], [ -89.188253, 13.670388, 0.0 ], [ -89.188246, 13.670411, 0.0 ], [ -89.188248, 13.670422, 0.0 ], [ -89.188248, 13.670423, 0.0 ], [ -89.18825, 13.670437, 0.0 ], [ -89.188261, 13.670459, 0.0 ], [ -89.188263, 13.670462, 0.0 ], [ -89.188279, 13.670494, 0.0 ], [ -89.188261, 13.670503, 0.0 ], [ -89.188257, 13.670504, 0.0 ], [ -89.188228, 13.670518, 0.0 ], [ -89.188255, 13.670583, 0.0 ], [ -89.188261, 13.670596, 0.0 ], [ -89.188309, 13.670708, 0.0 ], [ -89.188275, 13.670735, 0.0 ], [ -89.188267, 13.670742, 0.0 ], [ -89.188201, 13.670793, 0.0 ], [ -89.188142, 13.670795, 0.0 ], [ -89.188124, 13.670795, 0.0 ], [ -89.187998, 13.6708, 0.0 ], [ -89.18795, 13.670778, 0.0 ], [ -89.187934, 13.670771, 0.0 ], [ -89.187822, 13.67072, 0.0 ], [ -89.187799, 13.670696, 0.0 ], [ -89.187789, 13.670686, 0.0 ], [ -89.187727, 13.670622, 0.0 ], [ -89.187666, 13.670622, 0.0 ], [ -89.187637, 13.670622, 0.0 ], [ -89.187452, 13.670623, 0.0 ], [ -89.187391, 13.670572, 0.0 ], [ -89.187356, 13.670542, 0.0 ], [ -89.187146, 13.670363, 0.0 ], [ -89.187111, 13.67034, 0.0 ], [ -89.187086, 13.670324, 0.0 ], [ -89.186944, 13.67023, 0.0 ], [ -89.186913, 13.670212, 0.0 ], [ -89.186887, 13.670196, 0.0 ], [ -89.186743, 13.670108, 0.0 ], [ -89.186741, 13.670062, 0.0 ], [ -89.186739, 13.670014, 0.0 ], [ -89.186725, 13.669752, 0.0 ], [ -89.186727, 13.669719, 0.0 ], [ -89.186729, 13.669674, 0.0 ], [ -89.18674, 13.669439, 0.0 ], [ -89.186739, 13.669428, 0.0 ], [ -89.186737, 13.669409, 0.0 ], [ -89.186727, 13.669308, 0.0 ], [ -89.186726, 13.669299, 0.0 ], [ -89.186721, 13.669275, 0.0 ], [ -89.186701, 13.669154, 0.0 ], [ -89.186701, 13.669153, 0.0 ], [ -89.186699, 13.669152, 0.0 ], [ -89.186694, 13.669142, 0.0 ], [ -89.186693, 13.669142, 0.0 ], [ -89.18668, 13.66914, 0.0 ], [ -89.186617, 13.669133, 0.0 ], [ -89.186616, 13.669133, 0.0 ], [ -89.186607, 13.669133, 0.0 ], [ -89.18656, 13.669132, 0.0 ], [ -89.186558, 13.669132, 0.0 ], [ -89.186532, 13.669132, 0.0 ], [ -89.186398, 13.669131, 0.0 ], [ -89.186389, 13.669131, 0.0 ], [ -89.186346, 13.66912, 0.0 ], [ -89.1861, 13.669058, 0.0 ], [ -89.186075, 13.669052, 0.0 ], [ -89.186068, 13.669048, 0.0 ], [ -89.186017, 13.669024, 0.0 ], [ -89.18601, 13.669021, 0.0 ], [ -89.186013, 13.669016, 0.0 ], [ -89.186029, 13.668978, 0.0 ], [ -89.186031, 13.668972, 0.0 ], [ -89.186024, 13.66897, 0.0 ], [ -89.186053, 13.668904, 0.0 ], [ -89.186089, 13.668819, 0.0 ], [ -89.186113, 13.668763, 0.0 ], [ -89.186131, 13.668647, 0.0 ], [ -89.186141, 13.668573, 0.0 ], [ -89.186151, 13.668496, 0.0 ], [ -89.186156, 13.668459, 0.0 ], [ -89.18615, 13.668451, 0.0 ], [ -89.186165, 13.668358, 0.0 ], [ -89.186188, 13.668229, 0.0 ], [ -89.186184, 13.66823, 0.0 ], [ -89.18618, 13.668232, 0.0 ], [ -89.186179, 13.668233, 0.0 ], [ -89.186117, 13.668259, 0.0 ], [ -89.186096, 13.668267, 0.0 ], [ -89.186096, 13.668268, 0.0 ], [ -89.186004, 13.668312, 0.0 ], [ -89.185973, 13.668327, 0.0 ], [ -89.185971, 13.668328, 0.0 ], [ -89.185922, 13.668347, 0.0 ], [ -89.185903, 13.668354, 0.0 ], [ -89.185902, 13.668355, 0.0 ], [ -89.185803, 13.668391, 0.0 ], [ -89.185764, 13.668405, 0.0 ], [ -89.185758, 13.668407, 0.0 ], [ -89.185623, 13.668446, 0.0 ], [ -89.185567, 13.668462, 0.0 ], [ -89.185555, 13.668465, 0.0 ], [ -89.185499, 13.668473, 0.0 ], [ -89.185474, 13.668477, 0.0 ], [ -89.185467, 13.668478, 0.0 ], [ -89.1854, 13.66849, 0.0 ], [ -89.185369, 13.668495, 0.0 ], [ -89.185359, 13.668497, 0.0 ], [ -89.185337, 13.668662, 0.0 ], [ -89.185327, 13.668744, 0.0 ], [ -89.185323, 13.668774, 0.0 ], [ -89.185183, 13.66902, 0.0 ], [ -89.185109, 13.66915, 0.0 ], [ -89.185079, 13.669203, 0.0 ], [ -89.185047, 13.669364, 0.0 ], [ -89.185028, 13.669454, 0.0 ], [ -89.18502, 13.669495, 0.0 ], [ -89.184973, 13.669601, 0.0 ], [ -89.184945, 13.669665, 0.0 ], [ -89.184931, 13.669697, 0.0 ], [ -89.184946, 13.669708, 0.0 ], [ -89.184956, 13.669715, 0.0 ], [ -89.184961, 13.669719, 0.0 ], [ -89.184675, 13.670145, 0.0 ], [ -89.184478, 13.670439, 0.0 ], [ -89.184366, 13.670606, 0.0 ], [ -89.184507, 13.670639, 0.0 ], [ -89.184612, 13.670663, 0.0 ], [ -89.184676, 13.670678, 0.0 ], [ -89.184804, 13.670765, 0.0 ], [ -89.184907, 13.670834, 0.0 ], [ -89.184972, 13.670878, 0.0 ], [ -89.185138, 13.671024, 0.0 ], [ -89.185281, 13.671149, 0.0 ], [ -89.185377, 13.671233, 0.0 ], [ -89.185384, 13.671362, 0.0 ], [ -89.18539, 13.671481, 0.0 ], [ -89.185395, 13.671565, 0.0 ], [ -89.185397, 13.671611, 0.0 ], [ -89.185399, 13.671656, 0.0 ], [ -89.185401, 13.671689, 0.0 ], [ -89.185306, 13.671647, 0.0 ], [ -89.185203, 13.6716, 0.0 ], [ -89.185123, 13.671564, 0.0 ], [ -89.185045, 13.67151, 0.0 ], [ -89.184953, 13.671446, 0.0 ], [ -89.184879, 13.671394, 0.0 ], [ -89.184749, 13.671347, 0.0 ], [ -89.184688, 13.671325, 0.0 ], [ -89.184614, 13.671324, 0.0 ], [ -89.18453, 13.671323, 0.0 ], [ -89.18445, 13.671322, 0.0 ], [ -89.184374, 13.671676, 0.0 ], [ -89.184333, 13.671867, 0.0 ], [ -89.18404, 13.671873, 0.0 ], [ -89.183724, 13.671879, 0.0 ], [ -89.183372, 13.671887, 0.0 ], [ -89.183153, 13.671879, 0.0 ], [ -89.183018, 13.671875, 0.0 ], [ -89.182924, 13.671882, 0.0 ], [ -89.182829, 13.671889, 0.0 ], [ -89.182703, 13.671899, 0.0 ], [ -89.182505, 13.671855, 0.0 ], [ -89.182364, 13.671823, 0.0 ], [ -89.182236, 13.671835, 0.0 ], [ -89.182115, 13.671846, 0.0 ], [ -89.181926, 13.671863, 0.0 ], [ -89.181759, 13.671853, 0.0 ], [ -89.181624, 13.671845, 0.0 ], [ -89.1815, 13.671975, 0.0 ], [ -89.181391, 13.672089, 0.0 ], [ -89.18119, 13.672299, 0.0 ], [ -89.181071, 13.672398, 0.0 ], [ -89.180962, 13.67249, 0.0 ], [ -89.180904, 13.672509, 0.0 ], [ -89.180858, 13.672524, 0.0 ], [ -89.180756, 13.672559, 0.0 ], [ -89.180606, 13.672571, 0.0 ], [ -89.180449, 13.672583, 0.0 ], [ -89.18022, 13.672632, 0.0 ], [ -89.180053, 13.672667, 0.0 ], [ -89.179608, 13.67276, 0.0 ], [ -89.179817, 13.672946, 0.0 ], [ -89.180066, 13.673169, 0.0 ], [ -89.180143, 13.673305, 0.0 ], [ -89.180194, 13.673393, 0.0 ], [ -89.180357, 13.67368, 0.0 ], [ -89.180546, 13.673925, 0.0 ], [ -89.180802, 13.67426, 0.0 ], [ -89.180879, 13.67427, 0.0 ], [ -89.180922, 13.674275, 0.0 ], [ -89.181097, 13.674298, 0.0 ], [ -89.181663, 13.67415, 0.0 ], [ -89.182547, 13.673918, 0.0 ], [ -89.182586, 13.67388, 0.0 ], [ -89.182605, 13.673861, 0.0 ], [ -89.182701, 13.673767, 0.0 ], [ -89.182826, 13.673738, 0.0 ], [ -89.18305, 13.673686, 0.0 ], [ -89.183091, 13.674175, 0.0 ], [ -89.183107, 13.674363, 0.0 ], [ -89.183216, 13.675666, 0.0 ], [ -89.183219, 13.675713, 0.0 ], [ -89.182883, 13.675903, 0.0 ], [ -89.182688, 13.676055, 0.0 ], [ -89.182553, 13.676118, 0.0 ], [ -89.182396, 13.676125, 0.0 ], [ -89.182298, 13.676083, 0.0 ], [ -89.182235, 13.675958, 0.0 ], [ -89.182195, 13.675769, 0.0 ], [ -89.182067, 13.675671, 0.0 ], [ -89.182002, 13.675723, 0.0 ], [ -89.181972, 13.675787, 0.0 ], [ -89.181924, 13.675868, 0.0 ], [ -89.181873, 13.675935, 0.0 ], [ -89.181798, 13.675988, 0.0 ], [ -89.181693, 13.676087, 0.0 ], [ -89.181577, 13.676324, 0.0 ], [ -89.181527, 13.676354, 0.0 ], [ -89.181412, 13.676375, 0.0 ], [ -89.180529, 13.676111, 0.0 ], [ -89.180384, 13.676036, 0.0 ], [ -89.180352, 13.67597, 0.0 ], [ -89.180307, 13.675286, 0.0 ], [ -89.180253, 13.675232, 0.0 ], [ -89.180157, 13.675221, 0.0 ], [ -89.179907, 13.675394, 0.0 ], [ -89.179688, 13.675477, 0.0 ], [ -89.179588, 13.675509, 0.0 ], [ -89.179497, 13.675632, 0.0 ], [ -89.179339, 13.675698, 0.0 ], [ -89.179127, 13.675734, 0.0 ], [ -89.179069, 13.675782, 0.0 ], [ -89.17837, 13.676078, 0.0 ], [ -89.178342, 13.676174, 0.0 ], [ -89.178373, 13.676306, 0.0 ], [ -89.178688, 13.676731, 0.0 ], [ -89.178692, 13.676828, 0.0 ], [ -89.178121, 13.676814, 0.0 ], [ -89.177891, 13.67671, 0.0 ], [ -89.177778, 13.676743, 0.0 ], [ -89.177481, 13.677048, 0.0 ], [ -89.17738, 13.677047, 0.0 ], [ -89.17695, 13.676935, 0.0 ], [ -89.176855, 13.677134, 0.0 ], [ -89.176923, 13.677203, 0.0 ], [ -89.177246, 13.677532, 0.0 ], [ -89.177381, 13.67767, 0.0 ], [ -89.176859, 13.678166, 0.0 ], [ -89.176663, 13.678352, 0.0 ], [ -89.176536, 13.678189, 0.0 ], [ -89.175933, 13.677409, 0.0 ], [ -89.175635, 13.677025, 0.0 ], [ -89.175759, 13.676626, 0.0 ], [ -89.175814, 13.67645, 0.0 ], [ -89.175722, 13.676386, 0.0 ], [ -89.17528, 13.67608, 0.0 ], [ -89.175026, 13.675905, 0.0 ], [ -89.174633, 13.675806, 0.0 ], [ -89.174432, 13.675755, 0.0 ], [ -89.174328, 13.675755, 0.0 ], [ -89.173827, 13.675753, 0.0 ], [ -89.173496, 13.675752, 0.0 ], [ -89.173452, 13.675719, 0.0 ], [ -89.173426, 13.6757, 0.0 ], [ -89.173414, 13.675668, 0.0 ], [ -89.173352, 13.675512, 0.0 ], [ -89.173306, 13.675393, 0.0 ], [ -89.17318, 13.675201, 0.0 ], [ -89.173095, 13.675072, 0.0 ], [ -89.173076, 13.675054, 0.0 ], [ -89.172985, 13.674963, 0.0 ], [ -89.172905, 13.674885, 0.0 ], [ -89.172863, 13.674758, 0.0 ], [ -89.172831, 13.67466, 0.0 ], [ -89.172825, 13.674651, 0.0 ], [ -89.172795, 13.674609, 0.0 ], [ -89.172765, 13.674568, 0.0 ], [ -89.172897, 13.674165, 0.0 ], [ -89.173012, 13.673812, 0.0 ], [ -89.173025, 13.67378, 0.0 ], [ -89.173088, 13.673615, 0.0 ], [ -89.173158, 13.67343, 0.0 ], [ -89.173098, 13.673382, 0.0 ], [ -89.173037, 13.673334, 0.0 ], [ -89.173038, 13.6733, 0.0 ], [ -89.173039, 13.673124, 0.0 ], [ -89.17304, 13.672901, 0.0 ], [ -89.172993, 13.672851, 0.0 ], [ -89.172938, 13.672794, 0.0 ], [ -89.17294, 13.67279, 0.0 ], [ -89.172952, 13.672766, 0.0 ], [ -89.172969, 13.672732, 0.0 ], [ -89.172822, 13.672716, 0.0 ], [ -89.172631, 13.672697, 0.0 ], [ -89.172566, 13.672746, 0.0 ], [ -89.172208, 13.673017, 0.0 ], [ -89.171621, 13.673462, 0.0 ], [ -89.171337, 13.673188, 0.0 ], [ -89.170916, 13.672783, 0.0 ], [ -89.170901, 13.672799, 0.0 ], [ -89.170814, 13.672891, 0.0 ], [ -89.170652, 13.673063, 0.0 ], [ -89.170539, 13.673255, 0.0 ], [ -89.170347, 13.673582, 0.0 ], [ -89.170342, 13.673601, 0.0 ], [ -89.170307, 13.67371, 0.0 ], [ -89.170235, 13.673942, 0.0 ], [ -89.170223, 13.673989, 0.0 ], [ -89.170199, 13.674082, 0.0 ], [ -89.170198, 13.674102, 0.0 ], [ -89.170191, 13.674223, 0.0 ], [ -89.170175, 13.674522, 0.0 ], [ -89.170127, 13.674677, 0.0 ], [ -89.170017, 13.675029, 0.0 ], [ -89.17, 13.675017, 0.0 ], [ -89.16989, 13.674939, 0.0 ], [ -89.169579, 13.674716, 0.0 ], [ -89.169462, 13.674644, 0.0 ], [ -89.169149, 13.674453, 0.0 ], [ -89.169092, 13.674506, 0.0 ], [ -89.168693, 13.674873, 0.0 ], [ -89.167375, 13.676088, 0.0 ], [ -89.16724, 13.676201, 0.0 ], [ -89.166815, 13.676558, 0.0 ], [ -89.166787, 13.676583, 0.0 ], [ -89.166575, 13.676772, 0.0 ], [ -89.165746, 13.677511, 0.0 ], [ -89.165725, 13.677525, 0.0 ], [ -89.165646, 13.677578, 0.0 ], [ -89.165644, 13.677577, 0.0 ], [ -89.165626, 13.677574, 0.0 ], [ -89.165544, 13.677559, 0.0 ], [ -89.165519, 13.677582, 0.0 ], [ -89.165532, 13.677633, 0.0 ], [ -89.165499, 13.677788, 0.0 ], [ -89.165441, 13.678052, 0.0 ], [ -89.164311, 13.676895, 0.0 ], [ -89.157254, 13.66967, 0.0 ], [ -89.15512, 13.667484, 0.0 ], [ -89.154874, 13.667233, 0.0 ], [ -89.1549, 13.667244, 0.0 ], [ -89.154909, 13.667248, 0.0 ], [ -89.154911, 13.667249, 0.0 ], [ -89.154956, 13.667277, 0.0 ], [ -89.154976, 13.667289, 0.0 ], [ -89.15498, 13.667292, 0.0 ], [ -89.155242, 13.667425, 0.0 ], [ -89.155369, 13.66749, 0.0 ], [ -89.155408, 13.66751, 0.0 ], [ -89.155609, 13.667596, 0.0 ], [ -89.155722, 13.667644, 0.0 ], [ -89.155763, 13.667662, 0.0 ], [ -89.155879, 13.66772, 0.0 ], [ -89.155954, 13.667758, 0.0 ], [ -89.155984, 13.667773, 0.0 ] ] ] ] } },
{ "type": "Feature", "properties": { "fid": 13765.0, "OBJECTID": 1890.0, "Name": "SAN SALVADOR", "FolderPath": "Población/Población", "PopupInfo": "<html><body><table border=\"1\"><tr><th>Field Name</th><th>Field Value</th></tr><tr><td>FID</td><td>6889</td></tr><tr><td>DEPTO</td><td>SAN SALVADOR</td></tr><tr><td>MPIO</td><td>PANCHIMALCO</td></tr><tr><td>CANTON</td><td>PLANES DE RENDEROS</td></tr><tr><", "Municipio": "PANCHIMALCO", "Canton": null, "Hombres": 313, "Mujeres": 664, "Total": 977, "Shape_Leng": 0.017012588647739999, "Shape_Area": 1.39789215e-05, "PobTotal": 977.0 }, "geometry": { "type": "MultiPolygon", "coordinates": [ [ [ [ -89.180953, 13.641332, 0.0 ], [ -89.180567, 13.641387, 0.0 ], [ -89.180291, 13.641412, 0.0 ], [ -89.179987, 13.641442, 0.0 ], [ -89.179898, 13.641453, 0.0 ], [ -89.179787, 13.641477, 0.0 ], [ -89.179724, 13.64151, 0.0 ], [ -89.179617, 13.641587, 0.0 ], [ -89.179532, 13.641666, 0.0 ], [ -89.179353, 13.641856, 0.0 ], [ -89.179154, 13.642035, 0.0 ], [ -89.178991, 13.642148, 0.0 ], [ -89.178915, 13.642184, 0.0 ], [ -89.178815, 13.642228, 0.0 ], [ -89.178535, 13.642308, 0.0 ], [ -89.178431, 13.642334, 0.0 ], [ -89.178344, 13.642349, 0.0 ], [ -89.178304, 13.642347, 0.0 ], [ -89.178203, 13.642278, 0.0 ], [ -89.178151, 13.642222, 0.0 ], [ -89.178078, 13.642123, 0.0 ], [ -89.17803, 13.64204, 0.0 ], [ -89.177893, 13.641689, 0.0 ], [ -89.177864, 13.641638, 0.0 ], [ -89.177823, 13.641595, 0.0 ], [ -89.177732, 13.641552, 0.0 ], [ -89.177664, 13.641525, 0.0 ], [ -89.17754, 13.641475, 0.0 ], [ -89.177447, 13.641444, 0.0 ], [ -89.177337, 13.641416, 0.0 ], [ -89.177294, 13.641412, 0.0 ], [ -89.177212, 13.641414, 0.0 ], [ -89.177093, 13.641439, 0.0 ], [ -89.176921, 13.641511, 0.0 ], [ -89.176818, 13.641562, 0.0 ], [ -89.176769, 13.641585, 0.0 ], [ -89.176708, 13.641597, 0.0 ], [ -89.176628, 13.641586, 0.0 ], [ -89.176552, 13.641569, 0.0 ], [ -89.176444, 13.641515, 0.0 ], [ -89.176316, 13.641455, 0.0 ], [ -89.176226, 13.641433, 0.0 ], [ -89.176158, 13.641432, 0.0 ], [ -89.176076, 13.641456, 0.0 ], [ -89.175926, 13.641527, 0.0 ], [ -89.175831, 13.641565, 0.0 ], [ -89.175754, 13.641587, 0.0 ], [ -89.175589, 13.64163, 0.0 ], [ -89.175544, 13.641622, 0.0 ], [ -89.175494, 13.641607, 0.0 ], [ -89.175371, 13.641534, 0.0 ], [ -89.175301, 13.641496, 0.0 ], [ -89.175135, 13.641424, 0.0 ], [ -89.175054, 13.641396, 0.0 ], [ -89.174818, 13.641322, 0.0 ], [ -89.174669, 13.641306, 0.0 ], [ -89.174585, 13.641309, 0.0 ], [ -89.174527, 13.641313, 0.0 ], [ -89.17448, 13.641321, 0.0 ], [ -89.174242, 13.641369, 0.0 ], [ -89.174173, 13.641388, 0.0 ], [ -89.174054, 13.641429, 0.0 ], [ -89.173948, 13.641482, 0.0 ], [ -89.17387, 13.641529, 0.0 ], [ -89.17379, 13.641609, 0.0 ], [ -89.173624, 13.641714, 0.0 ], [ -89.173586, 13.641774, 0.0 ], [ -89.173552, 13.641852, 0.0 ], [ -89.17358, 13.641911, 0.0 ], [ -89.173595, 13.641914, 0.0 ], [ -89.173667, 13.64191, 0.0 ], [ -89.173684, 13.641902, 0.0 ], [ -89.173806, 13.641832, 0.0 ], [ -89.173896, 13.641795, 0.0 ], [ -89.174029, 13.641763, 0.0 ], [ -89.174226, 13.641802, 0.0 ], [ -89.174312, 13.641835, 0.0 ], [ -89.174468, 13.641894, 0.0 ], [ -89.174665, 13.641976, 0.0 ], [ -89.174742, 13.642064, 0.0 ], [ -89.17476, 13.642152, 0.0 ], [ -89.174746, 13.64222, 0.0 ], [ -89.174679, 13.6423, 0.0 ], [ -89.174608, 13.642341, 0.0 ], [ -89.174519, 13.64237, 0.0 ], [ -89.174456, 13.642391, 0.0 ], [ -89.174255, 13.642451, 0.0 ], [ -89.174004, 13.642533, 0.0 ], [ -89.173816, 13.6426, 0.0 ], [ -89.173704, 13.642618, 0.0 ], [ -89.173603, 13.64262, 0.0 ], [ -89.173465, 13.642618, 0.0 ], [ -89.173349, 13.6426, 0.0 ], [ -89.173057, 13.642544, 0.0 ], [ -89.172889, 13.642516, 0.0 ], [ -89.172775, 13.642467, 0.0 ], [ -89.172724, 13.642402, 0.0 ], [ -89.17253, 13.642086, 0.0 ], [ -89.17246, 13.642012, 0.0 ], [ -89.172436, 13.641991, 0.0 ], [ -89.172307, 13.641943, 0.0 ], [ -89.172101, 13.641902, 0.0 ], [ -89.171958, 13.641903, 0.0 ], [ -89.171865, 13.641911, 0.0 ], [ -89.171764, 13.641965, 0.0 ], [ -89.171725, 13.641997, 0.0 ], [ -89.171535, 13.64221, 0.0 ], [ -89.171412, 13.642331, 0.0 ], [ -89.17124, 13.642499, 0.0 ], [ -89.171192, 13.642533, 0.0 ], [ -89.171067, 13.642603, 0.0 ], [ -89.171055, 13.642605, 0.0 ], [ -89.171001, 13.642613, 0.0 ], [ -89.170986, 13.642593, 0.0 ], [ -89.170985, 13.642592, 0.0 ], [ -89.170695, 13.642224, 0.0 ], [ -89.169087, 13.640181, 0.0 ], [ -89.169004, 13.640074, 0.0 ], [ -89.168983, 13.640068, 0.0 ], [ -89.168818, 13.640023, 0.0 ], [ -89.168805, 13.64002, 0.0 ], [ -89.168793, 13.639951, 0.0 ], [ -89.168611, 13.638949, 0.0 ], [ -89.168593, 13.63885, 0.0 ], [ -89.168588, 13.638833, 0.0 ], [ -89.168308, 13.637821, 0.0 ], [ -89.168284, 13.637733, 0.0 ], [ -89.168274, 13.637699, 0.0 ], [ -89.168252, 13.637547, 0.0 ], [ -89.16825, 13.637537, 0.0 ], [ -89.168248, 13.637525, 0.0 ], [ -89.16819, 13.637216, 0.0 ], [ -89.168188, 13.637205, 0.0 ], [ -89.16818, 13.637162, 0.0 ], [ -89.168124, 13.636861, 0.0 ], [ -89.168124, 13.636858, 0.0 ], [ -89.168113, 13.6368, 0.0 ], [ -89.168049, 13.636378, 0.0 ], [ -89.168048, 13.63637, 0.0 ], [ -89.168032, 13.636269, 0.0 ], [ -89.168001, 13.63614, 0.0 ], [ -89.167999, 13.636134, 0.0 ], [ -89.16799, 13.636098, 0.0 ], [ -89.167962, 13.635914, 0.0 ], [ -89.167959, 13.635898, 0.0 ], [ -89.16795, 13.635838, 0.0 ], [ -89.167862, 13.635413, 0.0 ], [ -89.167851, 13.63536, 0.0 ], [ -89.167818, 13.635197, 0.0 ], [ -89.167799, 13.635132, 0.0 ], [ -89.167796, 13.635121, 0.0 ], [ -89.167787, 13.635093, 0.0 ], [ -89.167702, 13.635073, 0.0 ], [ -89.167693, 13.635003, 0.0 ], [ -89.167689, 13.63493, 0.0 ], [ -89.167518, 13.634353, 0.0 ], [ -89.167424, 13.634073, 0.0 ], [ -89.167305, 13.633803, 0.0 ], [ -89.167182, 13.633529, 0.0 ], [ -89.167111, 13.63334, 0.0 ], [ -89.167025, 13.633035, 0.0 ], [ -89.166984, 13.632846, 0.0 ], [ -89.166935, 13.632744, 0.0 ], [ -89.166919, 13.632686, 0.0 ], [ -89.166902, 13.632642, 0.0 ], [ -89.166901, 13.632639, 0.0 ], [ -89.166913, 13.63258, 0.0 ], [ -89.166839, 13.632308, 0.0 ], [ -89.166777, 13.632077, 0.0 ], [ -89.166677, 13.631708, 0.0 ], [ -89.166638, 13.631566, 0.0 ], [ -89.166597, 13.631415, 0.0 ], [ -89.166533, 13.63118, 0.0 ], [ -89.166508, 13.631134, 0.0 ], [ -89.166473, 13.631072, 0.0 ], [ -89.166421, 13.630977, 0.0 ], [ -89.166437, 13.630903, 0.0 ], [ -89.166467, 13.630767, 0.0 ], [ -89.16651, 13.630567, 0.0 ], [ -89.16651, 13.630565, 0.0 ], [ -89.166512, 13.630558, 0.0 ], [ -89.166514, 13.630549, 0.0 ], [ -89.166513, 13.630548, 0.0 ], [ -89.166512, 13.630543, 0.0 ], [ -89.166511, 13.630536, 0.0 ], [ -89.166507, 13.630529, 0.0 ], [ -89.166473, 13.630473, 0.0 ], [ -89.166426, 13.630396, 0.0 ], [ -89.166426, 13.630395, 0.0 ], [ -89.166444, 13.630319, 0.0 ], [ -89.166467, 13.630222, 0.0 ], [ -89.166469, 13.630215, 0.0 ], [ -89.16648, 13.630116, 0.0 ], [ -89.166494, 13.629992, 0.0 ], [ -89.166496, 13.629972, 0.0 ], [ -89.166486, 13.629875, 0.0 ], [ -89.166474, 13.629752, 0.0 ], [ -89.16647, 13.62972, 0.0 ], [ -89.166463, 13.629693, 0.0 ], [ -89.166453, 13.629658, 0.0 ], [ -89.16645, 13.629646, 0.0 ], [ -89.166445, 13.629629, 0.0 ], [ -89.166439, 13.629608, 0.0 ], [ -89.166436, 13.629597, 0.0 ], [ -89.166432, 13.629581, 0.0 ], [ -89.166426, 13.62956, 0.0 ], [ -89.166422, 13.629546, 0.0 ], [ -89.166418, 13.629541, 0.0 ], [ -89.166415, 13.629537, 0.0 ], [ -89.166413, 13.629533, 0.0 ], [ -89.166409, 13.629527, 0.0 ], [ -89.166377, 13.629482, 0.0 ], [ -89.166335, 13.629421, 0.0 ], [ -89.166296, 13.629365, 0.0 ], [ -89.166262, 13.629376, 0.0 ], [ -89.166215, 13.62939, 0.0 ], [ -89.166164, 13.629406, 0.0 ], [ -89.16602, 13.629419, 0.0 ], [ -89.16582, 13.629436, 0.0 ], [ -89.165556, 13.629459, 0.0 ], [ -89.165478, 13.629472, 0.0 ], [ -89.165368, 13.629491, 0.0 ], [ -89.165195, 13.62952, 0.0 ], [ -89.165174, 13.629524, 0.0 ], [ -89.165143, 13.629529, 0.0 ], [ -89.165085, 13.629539, 0.0 ], [ -89.165069, 13.629547, 0.0 ], [ -89.165044, 13.629559, 0.0 ], [ -89.16499, 13.629585, 0.0 ], [ -89.164955, 13.629588, 0.0 ], [ -89.1649, 13.629594, 0.0 ], [ -89.16476, 13.629607, 0.0 ], [ -89.16473, 13.629606, 0.0 ], [ -89.164682, 13.629605, 0.0 ], [ -89.164535, 13.629601, 0.0 ], [ -89.164555, 13.62962, 0.0 ], [ -89.164589, 13.629653, 0.0 ], [ -89.164713, 13.629775, 0.0 ], [ -89.164722, 13.629792, 0.0 ], [ -89.164739, 13.629825, 0.0 ], [ -89.164814, 13.629967, 0.0 ], [ -89.164811, 13.629973, 0.0 ], [ -89.164805, 13.629986, 0.0 ], [ -89.164774, 13.630057, 0.0 ], [ -89.164759, 13.63006, 0.0 ], [ -89.164721, 13.630066, 0.0 ], [ -89.164464, 13.630106, 0.0 ], [ -89.164465, 13.630108, 0.0 ], [ -89.164472, 13.630118, 0.0 ], [ -89.164527, 13.630195, 0.0 ], [ -89.164524, 13.630197, 0.0 ], [ -89.164477, 13.630228, 0.0 ], [ -89.163938, 13.630584, 0.0 ], [ -89.163928, 13.630591, 0.0 ], [ -89.163915, 13.630576, 0.0 ], [ -89.163614, 13.630228, 0.0 ], [ -89.163603, 13.630216, 0.0 ], [ -89.163602, 13.630214, 0.0 ], [ -89.163478, 13.630093, 0.0 ], [ -89.163476, 13.630091, 0.0 ], [ -89.16347, 13.630085, 0.0 ], [ -89.163603, 13.630004, 0.0 ], [ -89.163605, 13.630003, 0.0 ], [ -89.163617, 13.629996, 0.0 ], [ -89.164088, 13.629703, 0.0 ], [ -89.164107, 13.629691, 0.0 ], [ -89.164162, 13.629657, 0.0 ], [ -89.164283, 13.629514, 0.0 ], [ -89.164292, 13.629504, 0.0 ], [ -89.16431, 13.629483, 0.0 ], [ -89.164535, 13.629081, 0.0 ], [ -89.164558, 13.629039, 0.0 ], [ -89.164599, 13.628965, 0.0 ], [ -89.164509, 13.628899, 0.0 ], [ -89.164496, 13.62889, 0.0 ], [ -89.164476, 13.628875, 0.0 ], [ -89.164154, 13.628697, 0.0 ], [ -89.164095, 13.628665, 0.0 ], [ -89.164009, 13.628617, 0.0 ], [ -89.163761, 13.628475, 0.0 ], [ -89.163704, 13.628442, 0.0 ], [ -89.163624, 13.628397, 0.0 ], [ -89.163514, 13.628334, 0.0 ], [ -89.163483, 13.628316, 0.0 ], [ -89.163441, 13.628293, 0.0 ], [ -89.163228, 13.628181, 0.0 ], [ -89.163154, 13.628142, 0.0 ], [ -89.163058, 13.628092, 0.0 ], [ -89.162982, 13.628077, 0.0 ], [ -89.16295, 13.628071, 0.0 ], [ -89.16291, 13.628063, 0.0 ], [ -89.162824, 13.628056, 0.0 ], [ -89.16278, 13.628052, 0.0 ], [ -89.162726, 13.628047, 0.0 ], [ -89.16249, 13.628072, 0.0 ], [ -89.162343, 13.628087, 0.0 ], [ -89.162169, 13.628105, 0.0 ], [ -89.162087, 13.628136, 0.0 ], [ -89.162027, 13.628159, 0.0 ], [ -89.161955, 13.628186, 0.0 ], [ -89.161879, 13.628247, 0.0 ], [ -89.161809, 13.628303, 0.0 ], [ -89.161729, 13.628368, 0.0 ], [ -89.161658, 13.628284, 0.0 ], [ -89.161579, 13.62819, 0.0 ], [ -89.161488, 13.628083, 0.0 ], [ -89.16147, 13.627986, 0.0 ], [ -89.161443, 13.627848, 0.0 ], [ -89.161414, 13.627694, 0.0 ], [ -89.161426, 13.627636, 0.0 ], [ -89.161448, 13.62753, 0.0 ], [ -89.161472, 13.627413, 0.0 ], [ -89.16147, 13.627382, 0.0 ], [ -89.161464, 13.627306, 0.0 ], [ -89.161457, 13.627223, 0.0 ], [ -89.161473, 13.62719, 0.0 ], [ -89.16153, 13.627071, 0.0 ], [ -89.161592, 13.626941, 0.0 ], [ -89.161619, 13.626945, 0.0 ], [ -89.161782, 13.62697, 0.0 ], [ -89.161959, 13.626996, 0.0 ], [ -89.16196, 13.626998, 0.0 ], [ -89.161977, 13.627023, 0.0 ], [ -89.161996, 13.62705, 0.0 ], [ -89.161996, 13.627051, 0.0 ], [ -89.162077, 13.627031, 0.0 ], [ -89.162156, 13.627012, 0.0 ], [ -89.162166, 13.627009, 0.0 ], [ -89.162235, 13.626998, 0.0 ], [ -89.162303, 13.626987, 0.0 ], [ -89.162318, 13.626984, 0.0 ], [ -89.162327, 13.626986, 0.0 ], [ -89.162336, 13.626988, 0.0 ], [ -89.162339, 13.626988, 0.0 ], [ -89.162381, 13.627011, 0.0 ], [ -89.162422, 13.627032, 0.0 ], [ -89.162441, 13.627042, 0.0 ], [ -89.162495, 13.627054, 0.0 ], [ -89.162548, 13.627066, 0.0 ], [ -89.16258, 13.627073, 0.0 ], [ -89.162626, 13.627084, 0.0 ], [ -89.162669, 13.627095, 0.0 ], [ -89.162703, 13.627103, 0.0 ], [ -89.162744, 13.627131, 0.0 ], [ -89.162783, 13.627157, 0.0 ], [ -89.162821, 13.627182, 0.0 ], [ -89.16284, 13.62719, 0.0 ], [ -89.162858, 13.627198, 0.0 ], [ -89.162879, 13.627207, 0.0 ], [ -89.162915, 13.627218, 0.0 ], [ -89.162949, 13.627229, 0.0 ], [ -89.162998, 13.627244, 0.0 ], [ -89.163014, 13.62725, 0.0 ], [ -89.163029, 13.627254, 0.0 ], [ -89.163055, 13.627262, 0.0 ], [ -89.163069, 13.62727, 0.0 ], [ -89.163082, 13.627276, 0.0 ], [ -89.16311, 13.62729, 0.0 ], [ -89.163123, 13.627295, 0.0 ], [ -89.163136, 13.627301, 0.0 ], [ -89.163167, 13.627314, 0.0 ], [ -89.163182, 13.627308, 0.0 ], [ -89.163195, 13.627302, 0.0 ], [ -89.163234, 13.627285, 0.0 ], [ -89.163244, 13.627277, 0.0 ], [ -89.163254, 13.62727, 0.0 ], [ -89.163287, 13.627244, 0.0 ], [ -89.16329, 13.627239, 0.0 ], [ -89.163293, 13.627234, 0.0 ], [ -89.163307, 13.627213, 0.0 ], [ -89.163331, 13.627198, 0.0 ], [ -89.163385, 13.627165, 0.0 ], [ -89.163448, 13.627125, 0.0 ], [ -89.163804, 13.626903, 0.0 ], [ -89.163818, 13.626889, 0.0 ], [ -89.163828, 13.626878, 0.0 ], [ -89.163905, 13.6268, 0.0 ], [ -89.163927, 13.626782, 0.0 ], [ -89.163943, 13.62677, 0.0 ], [ -89.164098, 13.626648, 0.0 ], [ -89.164113, 13.626635, 0.0 ], [ -89.164122, 13.626627, 0.0 ], [ -89.164255, 13.626509, 0.0 ], [ -89.164264, 13.62649, 0.0 ], [ -89.164269, 13.626481, 0.0 ], [ -89.164388, 13.62625, 0.0 ], [ -89.164388, 13.626228, 0.0 ], [ -89.164388, 13.626223, 0.0 ], [ -89.164391, 13.625824, 0.0 ], [ -89.164391, 13.62582, 0.0 ], [ -89.164391, 13.625819, 0.0 ], [ -89.164396, 13.625666, 0.0 ], [ -89.164397, 13.625663, 0.0 ], [ -89.164397, 13.625662, 0.0 ], [ -89.164399, 13.625562, 0.0 ], [ -89.1644, 13.625556, 0.0 ], [ -89.1644, 13.625555, 0.0 ], [ -89.164297, 13.625393, 0.0 ], [ -89.164288, 13.625379, 0.0 ], [ -89.164285, 13.625373, 0.0 ], [ -89.164237, 13.625298, 0.0 ], [ -89.164232, 13.625289, 0.0 ], [ -89.164228, 13.625284, 0.0 ], [ -89.164185, 13.625201, 0.0 ], [ -89.164178, 13.625188, 0.0 ], [ -89.164174, 13.625181, 0.0 ], [ -89.164166, 13.625162, 0.0 ], [ -89.164165, 13.625158, 0.0 ], [ -89.164164, 13.625155, 0.0 ], [ -89.164089, 13.624971, 0.0 ], [ -89.164071, 13.624927, 0.0 ], [ -89.164059, 13.624896, 0.0 ], [ -89.163832, 13.624401, 0.0 ], [ -89.163767, 13.624259, 0.0 ], [ -89.16372, 13.624156, 0.0 ], [ -89.163684, 13.624094, 0.0 ], [ -89.163672, 13.624073, 0.0 ], [ -89.163663, 13.624058, 0.0 ], [ -89.163622, 13.623987, 0.0 ], [ -89.163606, 13.623958, 0.0 ], [ -89.163593, 13.623936, 0.0 ], [ -89.163564, 13.62388, 0.0 ], [ -89.16355, 13.623854, 0.0 ], [ -89.163539, 13.623833, 0.0 ], [ -89.163511, 13.62378, 0.0 ], [ -89.163495, 13.623751, 0.0 ], [ -89.163483, 13.623727, 0.0 ], [ -89.16347, 13.623702, 0.0 ], [ -89.163461, 13.623686, 0.0 ], [ -89.163454, 13.623672, 0.0 ], [ -89.16345, 13.623665, 0.0 ], [ -89.163446, 13.623658, 0.0 ], [ -89.163444, 13.623653, 0.0 ], [ -89.163412, 13.623589, 0.0 ], [ -89.163381, 13.623526, 0.0 ], [ -89.163356, 13.623475, 0.0 ], [ -89.16332, 13.623573, 0.0 ], [ -89.163277, 13.623688, 0.0 ], [ -89.163241, 13.623784, 0.0 ], [ -89.163238, 13.623791, 0.0 ], [ -89.163235, 13.623801, 0.0 ], [ -89.163232, 13.623809, 0.0 ], [ -89.163189, 13.623827, 0.0 ], [ -89.163112, 13.623859, 0.0 ], [ -89.163047, 13.623886, 0.0 ], [ -89.163029, 13.623895, 0.0 ], [ -89.162986, 13.623918, 0.0 ], [ -89.16295, 13.623937, 0.0 ], [ -89.162932, 13.623939, 0.0 ], [ -89.162874, 13.623948, 0.0 ], [ -89.162825, 13.623955, 0.0 ], [ -89.162631, 13.623955, 0.0 ], [ -89.162623, 13.623951, 0.0 ], [ -89.162555, 13.623917, 0.0 ], [ -89.162496, 13.623888, 0.0 ], [ -89.162492, 13.623885, 0.0 ], [ -89.162298, 13.623757, 0.0 ], [ -89.162144, 13.623655, 0.0 ], [ -89.162132, 13.623648, 0.0 ], [ -89.162119, 13.623638, 0.0 ], [ -89.162109, 13.623631, 0.0 ], [ -89.162107, 13.623629, 0.0 ], [ -89.162014, 13.62361, 0.0 ], [ -89.161945, 13.623595, 0.0 ], [ -89.161922, 13.62359, 0.0 ], [ -89.161841, 13.62361, 0.0 ], [ -89.161781, 13.623624, 0.0 ], [ -89.161753, 13.623631, 0.0 ], [ -89.161651, 13.623626, 0.0 ], [ -89.161577, 13.623622, 0.0 ], [ -89.161531, 13.623619, 0.0 ], [ -89.1615, 13.623628, 0.0 ], [ -89.161478, 13.623634, 0.0 ], [ -89.16146, 13.623638, 0.0 ], [ -89.161431, 13.623646, 0.0 ], [ -89.161411, 13.623652, 0.0 ], [ -89.16139, 13.623657, 0.0 ], [ -89.161356, 13.623672, 0.0 ], [ -89.161333, 13.623681, 0.0 ], [ -89.161304, 13.623694, 0.0 ], [ -89.161304, 13.623443, 0.0 ], [ -89.161305, 13.623281, 0.0 ], [ -89.161305, 13.623024, 0.0 ], [ -89.161349, 13.622965, 0.0 ], [ -89.161377, 13.622928, 0.0 ], [ -89.16143, 13.622856, 0.0 ], [ -89.161452, 13.62281, 0.0 ], [ -89.161466, 13.622782, 0.0 ], [ -89.161497, 13.622716, 0.0 ], [ -89.161499, 13.622701, 0.0 ], [ -89.161725, 13.622733, 0.0 ], [ -89.161981, 13.622775, 0.0 ], [ -89.162268, 13.622814, 0.0 ], [ -89.162383, 13.622822, 0.0 ], [ -89.162631, 13.62284, 0.0 ], [ -89.163001, 13.622863, 0.0 ], [ -89.163038, 13.622851, 0.0 ], [ -89.163192, 13.622775, 0.0 ], [ -89.1633, 13.622737, 0.0 ], [ -89.163357, 13.622702, 0.0 ], [ -89.163478, 13.622661, 0.0 ], [ -89.163525, 13.622654, 0.0 ], [ -89.163563, 13.622656, 0.0 ], [ -89.16375, 13.622664, 0.0 ], [ -89.163814, 13.622687, 0.0 ], [ -89.163706, 13.622539, 0.0 ], [ -89.163679, 13.622454, 0.0 ], [ -89.163706, 13.62233, 0.0 ], [ -89.163751, 13.622096, 0.0 ], [ -89.163796, 13.621892, 0.0 ], [ -89.163809, 13.621837, 0.0 ], [ -89.163821, 13.621786, 0.0 ], [ -89.163812, 13.621613, 0.0 ], [ -89.163787, 13.621426, 0.0 ], [ -89.163749, 13.621282, 0.0 ], [ -89.163716, 13.621152, 0.0 ], [ -89.163709, 13.621078, 0.0 ], [ -89.163716, 13.620994, 0.0 ], [ -89.163746, 13.620894, 0.0 ], [ -89.163826, 13.620703, 0.0 ], [ -89.163851, 13.6206, 0.0 ], [ -89.163869, 13.620506, 0.0 ], [ -89.163878, 13.620313, 0.0 ], [ -89.163903, 13.620191, 0.0 ], [ -89.164051, 13.619821, 0.0 ], [ -89.164133, 13.619571, 0.0 ], [ -89.164161, 13.619456, 0.0 ], [ -89.164158, 13.619376, 0.0 ], [ -89.164147, 13.619336, 0.0 ], [ -89.164109, 13.61927, 0.0 ], [ -89.16406, 13.619183, 0.0 ], [ -89.163977, 13.618973, 0.0 ], [ -89.163949, 13.618852, 0.0 ], [ -89.163919, 13.61873, 0.0 ], [ -89.163797, 13.618555, 0.0 ], [ -89.163748, 13.618481, 0.0 ], [ -89.163699, 13.618413, 0.0 ], [ -89.163603, 13.618293, 0.0 ], [ -89.163545, 13.618208, 0.0 ], [ -89.163492, 13.618078, 0.0 ], [ -89.163424, 13.617937, 0.0 ], [ -89.16331, 13.617753, 0.0 ], [ -89.163215, 13.617641, 0.0 ], [ -89.163081, 13.617475, 0.0 ], [ -89.163025, 13.61738, 0.0 ], [ -89.162987, 13.617284, 0.0 ], [ -89.162887, 13.617024, 0.0 ], [ -89.162851, 13.616942, 0.0 ], [ -89.162693, 13.616772, 0.0 ], [ -89.16269, 13.61664, 0.0 ], [ -89.1627, 13.616518, 0.0 ], [ -89.162726, 13.616457, 0.0 ], [ -89.162767, 13.616388, 0.0 ], [ -89.162793, 13.616305, 0.0 ], [ -89.162754, 13.616214, 0.0 ], [ -89.162733, 13.616055, 0.0 ], [ -89.1627, 13.615979, 0.0 ], [ -89.162661, 13.615892, 0.0 ], [ -89.162614, 13.615828, 0.0 ], [ -89.162597, 13.615764, 0.0 ], [ -89.162558, 13.61566, 0.0 ], [ -89.162537, 13.615563, 0.0 ], [ -89.162525, 13.615484, 0.0 ], [ -89.162513, 13.615416, 0.0 ], [ -89.162484, 13.615277, 0.0 ], [ -89.162476, 13.615177, 0.0 ], [ -89.162452, 13.615047, 0.0 ], [ -89.162439, 13.614912, 0.0 ], [ -89.162426, 13.61491, 0.0 ], [ -89.162409, 13.614908, 0.0 ], [ -89.162034, 13.614703, 0.0 ], [ -89.161867, 13.614611, 0.0 ], [ -89.161854, 13.614604, 0.0 ], [ -89.161691, 13.614515, 0.0 ], [ -89.161607, 13.614469, 0.0 ], [ -89.161596, 13.614463, 0.0 ], [ -89.16141, 13.614487, 0.0 ], [ -89.161301, 13.614501, 0.0 ], [ -89.16128, 13.614504, 0.0 ], [ -89.161256, 13.614499, 0.0 ], [ -89.16124, 13.614496, 0.0 ], [ -89.161236, 13.614495, 0.0 ], [ -89.161048, 13.614558, 0.0 ], [ -89.1609, 13.614607, 0.0 ], [ -89.16086, 13.614621, 0.0 ], [ -89.160646, 13.614589, 0.0 ], [ -89.160451, 13.61456, 0.0 ], [ -89.16039, 13.614551, 0.0 ], [ -89.160254, 13.614482, 0.0 ], [ -89.16011, 13.614408, 0.0 ], [ -89.160061, 13.614383, 0.0 ], [ -89.160004, 13.614377, 0.0 ], [ -89.159934, 13.614368, 0.0 ], [ -89.159908, 13.614365, 0.0 ], [ -89.159837, 13.614316, 0.0 ], [ -89.159732, 13.614243, 0.0 ], [ -89.15969, 13.614213, 0.0 ], [ -89.159613, 13.614134, 0.0 ], [ -89.159473, 13.61399, 0.0 ], [ -89.159414, 13.613929, 0.0 ], [ -89.159367, 13.61394, 0.0 ], [ -89.159261, 13.613964, 0.0 ], [ -89.159214, 13.613974, 0.0 ], [ -89.159112, 13.613908, 0.0 ], [ -89.158823, 13.613719, 0.0 ], [ -89.158688, 13.613631, 0.0 ], [ -89.15868, 13.613615, 0.0 ], [ -89.158648, 13.613555, 0.0 ], [ -89.158632, 13.613526, 0.0 ], [ -89.158624, 13.613508, 0.0 ], [ -89.158576, 13.613411, 0.0 ], [ -89.158552, 13.613363, 0.0 ], [ -89.15855, 13.61336, 0.0 ], [ -89.158531, 13.613328, 0.0 ], [ -89.158521, 13.613312, 0.0 ], [ -89.15852, 13.613311, 0.0 ], [ -89.15851, 13.613288, 0.0 ], [ -89.158505, 13.613276, 0.0 ], [ -89.158505, 13.613275, 0.0 ], [ -89.158434, 13.613119, 0.0 ], [ -89.158402, 13.613047, 0.0 ], [ -89.158394, 13.61303, 0.0 ], [ -89.158434, 13.612962, 0.0 ], [ -89.158451, 13.612932, 0.0 ], [ -89.158459, 13.61292, 0.0 ], [ -89.158515, 13.612825, 0.0 ], [ -89.158539, 13.612786, 0.0 ], [ -89.158554, 13.612761, 0.0 ], [ -89.158578, 13.61267, 0.0 ], [ -89.158587, 13.612634, 0.0 ], [ -89.158595, 13.612602, 0.0 ], [ -89.158603, 13.612478, 0.0 ], [ -89.158605, 13.612433, 0.0 ], [ -89.158609, 13.612378, 0.0 ], [ -89.15857, 13.612209, 0.0 ], [ -89.158557, 13.612153, 0.0 ], [ -89.158536, 13.61206, 0.0 ], [ -89.158512, 13.611991, 0.0 ], [ -89.158505, 13.611969, 0.0 ], [ -89.15849, 13.611924, 0.0 ], [ -89.158468, 13.611822, 0.0 ], [ -89.158461, 13.611795, 0.0 ], [ -89.158444, 13.611716, 0.0 ], [ -89.158399, 13.611583, 0.0 ], [ -89.158388, 13.611552, 0.0 ], [ -89.158347, 13.611432, 0.0 ], [ -89.158367, 13.611206, 0.0 ], [ -89.15837, 13.611162, 0.0 ], [ -89.158391, 13.610926, 0.0 ], [ -89.158385, 13.610875, 0.0 ], [ -89.158384, 13.610867, 0.0 ], [ -89.158377, 13.610806, 0.0 ], [ -89.158373, 13.610764, 0.0 ], [ -89.158372, 13.61076, 0.0 ], [ -89.158367, 13.610702, 0.0 ], [ -89.158363, 13.610629, 0.0 ], [ -89.158362, 13.610626, 0.0 ], [ -89.158356, 13.610512, 0.0 ], [ -89.158331, 13.610421, 0.0 ], [ -89.158331, 13.61042, 0.0 ], [ -89.158288, 13.610259, 0.0 ], [ -89.158284, 13.610222, 0.0 ], [ -89.158283, 13.610219, 0.0 ], [ -89.158275, 13.610144, 0.0 ], [ -89.158273, 13.610121, 0.0 ], [ -89.158273, 13.610116, 0.0 ], [ -89.158268, 13.610058, 0.0 ], [ -89.158262, 13.61003, 0.0 ], [ -89.158261, 13.610021, 0.0 ], [ -89.158244, 13.609934, 0.0 ], [ -89.15824, 13.609923, 0.0 ], [ -89.158239, 13.609917, 0.0 ], [ -89.158226, 13.609871, 0.0 ], [ -89.158222, 13.609864, 0.0 ], [ -89.158219, 13.609857, 0.0 ], [ -89.158201, 13.609816, 0.0 ], [ -89.158196, 13.609811, 0.0 ], [ -89.15819, 13.609803, 0.0 ], [ -89.158154, 13.609763, 0.0 ], [ -89.158152, 13.609761, 0.0 ], [ -89.158144, 13.609753, 0.0 ], [ -89.158108, 13.609714, 0.0 ], [ -89.158103, 13.609709, 0.0 ], [ -89.158085, 13.60969, 0.0 ], [ -89.158084, 13.609689, 0.0 ], [ -89.158081, 13.609686, 0.0 ], [ -89.15807, 13.609674, 0.0 ], [ -89.158069, 13.609672, 0.0 ], [ -89.158062, 13.609666, 0.0 ], [ -89.15803, 13.609638, 0.0 ], [ -89.158025, 13.609633, 0.0 ], [ -89.158018, 13.609625, 0.0 ], [ -89.157982, 13.609581, 0.0 ], [ -89.157974, 13.609571, 0.0 ], [ -89.157968, 13.609559, 0.0 ], [ -89.157928, 13.609484, 0.0 ], [ -89.157915, 13.609461, 0.0 ], [ -89.157914, 13.609452, 0.0 ], [ -89.157906, 13.609383, 0.0 ], [ -89.157903, 13.609356, 0.0 ], [ -89.157903, 13.609353, 0.0 ], [ -89.157897, 13.609328, 0.0 ], [ -89.157894, 13.609316, 0.0 ], [ -89.157893, 13.609314, 0.0 ], [ -89.157882, 13.609291, 0.0 ], [ -89.157875, 13.609278, 0.0 ], [ -89.157875, 13.609277, 0.0 ], [ -89.157863, 13.609261, 0.0 ], [ -89.157855, 13.60925, 0.0 ], [ -89.157832, 13.609237, 0.0 ], [ -89.157815, 13.609227, 0.0 ], [ -89.157815, 13.609226, 0.0 ], [ -89.157797, 13.609212, 0.0 ], [ -89.157782, 13.609201, 0.0 ], [ -89.157781, 13.6092, 0.0 ], [ -89.157774, 13.609184, 0.0 ], [ -89.157768, 13.609169, 0.0 ], [ -89.157767, 13.609167, 0.0 ], [ -89.157766, 13.609152, 0.0 ], [ -89.157765, 13.609137, 0.0 ], [ -89.157765, 13.609134, 0.0 ], [ -89.157771, 13.609117, 0.0 ], [ -89.157778, 13.609094, 0.0 ], [ -89.15778, 13.609089, 0.0 ], [ -89.157789, 13.609066, 0.0 ], [ -89.157803, 13.60903, 0.0 ], [ -89.157807, 13.609022, 0.0 ], [ -89.157813, 13.609006, 0.0 ], [ -89.157826, 13.608978, 0.0 ], [ -89.157829, 13.60897, 0.0 ], [ -89.157835, 13.608952, 0.0 ], [ -89.15785, 13.608913, 0.0 ], [ -89.157854, 13.608902, 0.0 ], [ -89.157855, 13.608891, 0.0 ], [ -89.157856, 13.608862, 0.0 ], [ -89.157857, 13.608852, 0.0 ], [ -89.157856, 13.608845, 0.0 ], [ -89.157854, 13.608818, 0.0 ], [ -89.157854, 13.608809, 0.0 ], [ -89.157852, 13.608801, 0.0 ], [ -89.157843, 13.608765, 0.0 ], [ -89.15784, 13.608751, 0.0 ], [ -89.157838, 13.608748, 0.0 ], [ -89.157827, 13.608725, 0.0 ], [ -89.157823, 13.608716, 0.0 ], [ -89.157822, 13.608713, 0.0 ], [ -89.157798, 13.608674, 0.0 ], [ -89.157788, 13.608658, 0.0 ], [ -89.157774, 13.608639, 0.0 ], [ -89.157769, 13.608633, 0.0 ], [ -89.157768, 13.608631, 0.0 ], [ -89.157744, 13.608596, 0.0 ], [ -89.157737, 13.608584, 0.0 ], [ -89.157734, 13.608579, 0.0 ], [ -89.157717, 13.608554, 0.0 ], [ -89.157712, 13.608546, 0.0 ], [ -89.157708, 13.608541, 0.0 ], [ -89.157698, 13.608513, 0.0 ], [ -89.157695, 13.608505, 0.0 ], [ -89.157692, 13.608497, 0.0 ], [ -89.157682, 13.60846, 0.0 ], [ -89.15768, 13.608451, 0.0 ], [ -89.157676, 13.608438, 0.0 ], [ -89.15767, 13.608379, 0.0 ], [ -89.157669, 13.608365, 0.0 ], [ -89.157666, 13.608339, 0.0 ], [ -89.157657, 13.608246, 0.0 ], [ -89.157655, 13.608228, 0.0 ], [ -89.15765, 13.608178, 0.0 ], [ -89.157654, 13.608139, 0.0 ], [ -89.157654, 13.608132, 0.0 ], [ -89.157657, 13.608108, 0.0 ], [ -89.157646, 13.608027, 0.0 ], [ -89.157645, 13.608017, 0.0 ], [ -89.157637, 13.607958, 0.0 ], [ -89.157661, 13.607894, 0.0 ], [ -89.157663, 13.607888, 0.0 ], [ -89.157683, 13.607833, 0.0 ], [ -89.157672, 13.607804, 0.0 ], [ -89.157671, 13.607802, 0.0 ], [ -89.157661, 13.607773, 0.0 ], [ -89.157646, 13.607763, 0.0 ], [ -89.15763, 13.607752, 0.0 ], [ -89.157615, 13.607743, 0.0 ], [ -89.157615, 13.607742, 0.0 ], [ -89.157596, 13.607731, 0.0 ], [ -89.15756, 13.607745, 0.0 ], [ -89.157556, 13.607747, 0.0 ], [ -89.157504, 13.607768, 0.0 ], [ -89.157496, 13.607775, 0.0 ], [ -89.157494, 13.607776, 0.0 ], [ -89.157481, 13.607788, 0.0 ], [ -89.157477, 13.607792, 0.0 ], [ -89.157476, 13.607793, 0.0 ], [ -89.157468, 13.607801, 0.0 ], [ -89.15746, 13.607808, 0.0 ], [ -89.157457, 13.607811, 0.0 ], [ -89.157438, 13.607829, 0.0 ], [ -89.157433, 13.607833, 0.0 ], [ -89.15743, 13.607836, 0.0 ], [ -89.157414, 13.60785, 0.0 ], [ -89.157409, 13.607852, 0.0 ], [ -89.157404, 13.607854, 0.0 ], [ -89.157384, 13.607863, 0.0 ], [ -89.15738, 13.607863, 0.0 ], [ -89.157373, 13.607863, 0.0 ], [ -89.157348, 13.607864, 0.0 ], [ -89.15734, 13.607871, 0.0 ], [ -89.157337, 13.607874, 0.0 ], [ -89.157292, 13.607911, 0.0 ], [ -89.157086, 13.607769, 0.0 ], [ -89.156993, 13.607658, 0.0 ], [ -89.156912, 13.607503, 0.0 ], [ -89.156858, 13.607407, 0.0 ], [ -89.156838, 13.607322, 0.0 ], [ -89.156819, 13.607237, 0.0 ], [ -89.156812, 13.60718, 0.0 ], [ -89.156825, 13.607137, 0.0 ], [ -89.156822, 13.607088, 0.0 ], [ -89.156856, 13.607028, 0.0 ], [ -89.156873, 13.606995, 0.0 ], [ -89.156876, 13.606935, 0.0 ], [ -89.156866, 13.606896, 0.0 ], [ -89.156846, 13.60684, 0.0 ], [ -89.156835, 13.606777, 0.0 ], [ -89.156808, 13.606671, 0.0 ], [ -89.156801, 13.606611, 0.0 ], [ -89.156784, 13.606568, 0.0 ], [ -89.156693, 13.606403, 0.0 ], [ -89.156653, 13.606274, 0.0 ], [ -89.156585, 13.606162, 0.0 ], [ -89.156545, 13.606129, 0.0 ], [ -89.156521, 13.606106, 0.0 ], [ -89.156507, 13.606073, 0.0 ], [ -89.156494, 13.606, 0.0 ], [ -89.15646, 13.605924, 0.0 ], [ -89.156403, 13.605809, 0.0 ], [ -89.156352, 13.605749, 0.0 ], [ -89.156294, 13.605726, 0.0 ], [ -89.15625, 13.605696, 0.0 ], [ -89.156213, 13.60566, 0.0 ], [ -89.156206, 13.605627, 0.0 ], [ -89.15624, 13.605581, 0.0 ], [ -89.156274, 13.605521, 0.0 ], [ -89.156281, 13.605468, 0.0 ], [ -89.156254, 13.605379, 0.0 ], [ -89.15622, 13.605303, 0.0 ], [ -89.156203, 13.60522, 0.0 ], [ -89.156179, 13.605138, 0.0 ], [ -89.156176, 13.605022, 0.0 ], [ -89.156206, 13.604926, 0.0 ], [ -89.156243, 13.604699, 0.0 ], [ -89.156263, 13.604616, 0.0 ], [ -89.156277, 13.604384, 0.0 ], [ -89.156324, 13.604216, 0.0 ], [ -89.156341, 13.60413, 0.0 ], [ -89.156317, 13.604044, 0.0 ], [ -89.156253, 13.603826, 0.0 ], [ -89.156226, 13.603661, 0.0 ], [ -89.156219, 13.603621, 0.0 ], [ -89.156249, 13.603568, 0.0 ], [ -89.156236, 13.603499, 0.0 ], [ -89.156178, 13.603344, 0.0 ], [ -89.156134, 13.603228, 0.0 ], [ -89.15607, 13.603099, 0.0 ], [ -89.156012, 13.603003, 0.0 ], [ -89.15585, 13.602839, 0.0 ], [ -89.155782, 13.602762, 0.0 ], [ -89.155748, 13.602716, 0.0 ], [ -89.155721, 13.60265, 0.0 ], [ -89.155738, 13.602597, 0.0 ], [ -89.155786, 13.602501, 0.0 ], [ -89.155887, 13.602329, 0.0 ], [ -89.155965, 13.602243, 0.0 ], [ -89.155995, 13.6022, 0.0 ], [ -89.156012, 13.60211, 0.0 ], [ -89.156052, 13.601953, 0.0 ], [ -89.156032, 13.601787, 0.0 ], [ -89.155954, 13.601704, 0.0 ], [ -89.155846, 13.601622, 0.0 ], [ -89.15565, 13.601526, 0.0 ], [ -89.155545, 13.601466, 0.0 ], [ -89.155427, 13.601385, 0.0 ], [ -89.15539, 13.601289, 0.0 ], [ -89.155444, 13.601216, 0.0 ], [ -89.155484, 13.601166, 0.0 ], [ -89.155535, 13.60109, 0.0 ], [ -89.155579, 13.600987, 0.0 ], [ -89.155602, 13.600898, 0.0 ], [ -89.155599, 13.600848, 0.0 ], [ -89.155568, 13.600759, 0.0 ], [ -89.155562, 13.60068, 0.0 ], [ -89.155585, 13.600584, 0.0 ], [ -89.155643, 13.600461, 0.0 ], [ -89.155676, 13.600374, 0.0 ], [ -89.155723, 13.600305, 0.0 ], [ -89.155784, 13.600225, 0.0 ], [ -89.155797, 13.600182, 0.0 ], [ -89.155812, 13.600129, 0.0 ], [ -89.155819, 13.600083, 0.0 ], [ -89.155822, 13.600029, 0.0 ], [ -89.155822, 13.599969, 0.0 ], [ -89.155815, 13.599913, 0.0 ], [ -89.155806, 13.599879, 0.0 ], [ -89.155765, 13.599793, 0.0 ], [ -89.155745, 13.599768, 0.0 ], [ -89.155723, 13.59974, 0.0 ], [ -89.155701, 13.599704, 0.0 ], [ -89.155694, 13.599668, 0.0 ], [ -89.155694, 13.59961, 0.0 ], [ -89.155685, 13.599544, 0.0 ], [ -89.155699, 13.599471, 0.0 ], [ -89.155714, 13.599426, 0.0 ], [ -89.155774, 13.599242, 0.0 ], [ -89.155794, 13.59915, 0.0 ], [ -89.155807, 13.599086, 0.0 ], [ -89.155819, 13.599018, 0.0 ], [ -89.15582, 13.598944, 0.0 ], [ -89.155817, 13.59884, 0.0 ], [ -89.155734, 13.598598, 0.0 ], [ -89.155724, 13.598535, 0.0 ], [ -89.155738, 13.598477, 0.0 ], [ -89.155755, 13.5984, 0.0 ], [ -89.155754, 13.598271, 0.0 ], [ -89.155759, 13.598191, 0.0 ], [ -89.155799, 13.598032, 0.0 ], [ -89.155844, 13.597979, 0.0 ], [ -89.155933, 13.597834, 0.0 ], [ -89.156015, 13.597572, 0.0 ], [ -89.155762, 13.597, 0.0 ], [ -89.155595, 13.596884, 0.0 ], [ -89.155504, 13.596783, 0.0 ], [ -89.155295, 13.596464, 0.0 ], [ -89.155164, 13.596205, 0.0 ], [ -89.155074, 13.596037, 0.0 ], [ -89.15434, 13.595389, 0.0 ], [ -89.154094, 13.59496, 0.0 ], [ -89.153629, 13.594828, 0.0 ], [ -89.153417, 13.594801, 0.0 ], [ -89.153151, 13.594799, 0.0 ], [ -89.152945, 13.594686, 0.0 ], [ -89.152924, 13.594556, 0.0 ], [ -89.152909, 13.594379, 0.0 ], [ -89.152891, 13.594279, 0.0 ], [ -89.152725, 13.594107, 0.0 ], [ -89.152664, 13.594001, 0.0 ], [ -89.152567, 13.593856, 0.0 ], [ -89.152488, 13.593675, 0.0 ], [ -89.152389, 13.593511, 0.0 ], [ -89.152313, 13.593416, 0.0 ], [ -89.152229, 13.593318, 0.0 ], [ -89.152159, 13.593244, 0.0 ], [ -89.152053, 13.59317, 0.0 ], [ -89.15179, 13.592996, 0.0 ], [ -89.15166, 13.592886, 0.0 ], [ -89.151535, 13.592789, 0.0 ], [ -89.151466, 13.592682, 0.0 ], [ -89.151405, 13.592484, 0.0 ], [ -89.151378, 13.592369, 0.0 ], [ -89.151369, 13.592301, 0.0 ], [ -89.151357, 13.59212, 0.0 ], [ -89.151305, 13.592, 0.0 ], [ -89.15129, 13.591884, 0.0 ], [ -89.151284, 13.591792, 0.0 ], [ -89.151278, 13.591671, 0.0 ], [ -89.151275, 13.591623, 0.0 ], [ -89.151378, 13.591564, 0.0 ], [ -89.151478, 13.591511, 0.0 ], [ -89.151588, 13.591446, 0.0 ], [ -89.151653, 13.591401, 0.0 ], [ -89.151733, 13.591346, 0.0 ], [ -89.151809, 13.59129, 0.0 ], [ -89.151841, 13.591254, 0.0 ], [ -89.151849, 13.591217, 0.0 ], [ -89.15185, 13.591061, 0.0 ], [ -89.151854, 13.590888, 0.0 ], [ -89.151828, 13.590813, 0.0 ], [ -89.151778, 13.590736, 0.0 ], [ -89.151702, 13.590663, 0.0 ], [ -89.151602, 13.590614, 0.0 ], [ -89.151469, 13.590572, 0.0 ], [ -89.15143, 13.59054, 0.0 ], [ -89.151414, 13.590495, 0.0 ], [ -89.151411, 13.590414, 0.0 ], [ -89.15142, 13.590372, 0.0 ], [ -89.151442, 13.590264, 0.0 ], [ -89.151565, 13.590041, 0.0 ], [ -89.151595, 13.58997, 0.0 ], [ -89.151619, 13.589926, 0.0 ], [ -89.15162, 13.589886, 0.0 ], [ -89.151615, 13.589849, 0.0 ], [ -89.151608, 13.589791, 0.0 ], [ -89.151517, 13.589534, 0.0 ], [ -89.151483, 13.589436, 0.0 ], [ -89.15138, 13.589117, 0.0 ], [ -89.151347, 13.589041, 0.0 ], [ -89.1513, 13.588986, 0.0 ], [ -89.151288, 13.58892, 0.0 ], [ -89.151281, 13.588862, 0.0 ], [ -89.151294, 13.588707, 0.0 ], [ -89.151289, 13.58863, 0.0 ], [ -89.151315, 13.588495, 0.0 ], [ -89.151368, 13.588247, 0.0 ], [ -89.151568, 13.588174, 0.0 ], [ -89.151892, 13.588123, 0.0 ], [ -89.151987, 13.588075, 0.0 ], [ -89.152012, 13.588024, 0.0 ], [ -89.152028, 13.587827, 0.0 ], [ -89.152023, 13.587775, 0.0 ], [ -89.151774, 13.587486, 0.0 ], [ -89.15175, 13.58737, 0.0 ], [ -89.152174, 13.587002, 0.0 ], [ -89.15222, 13.586877, 0.0 ], [ -89.151988, 13.586649, 0.0 ], [ -89.151815, 13.586381, 0.0 ], [ -89.151697, 13.586258, 0.0 ], [ -89.151542, 13.586151, 0.0 ], [ -89.151272, 13.586039, 0.0 ], [ -89.150693, 13.58565, 0.0 ], [ -89.150406, 13.585301, 0.0 ], [ -89.150269, 13.585213, 0.0 ], [ -89.149944, 13.584913, 0.0 ], [ -89.149703, 13.584438, 0.0 ], [ -89.149609, 13.584322, 0.0 ], [ -89.149471, 13.584153, 0.0 ], [ -89.149299, 13.584043, 0.0 ], [ -89.149089, 13.584029, 0.0 ], [ -89.148774, 13.584038, 0.0 ], [ -89.148587, 13.583985, 0.0 ], [ -89.147979, 13.583553, 0.0 ], [ -89.147598, 13.583433, 0.0 ], [ -89.147368, 13.583307, 0.0 ], [ -89.147216, 13.583141, 0.0 ], [ -89.147224, 13.58297, 0.0 ], [ -89.147353, 13.582839, 0.0 ], [ -89.147416, 13.582718, 0.0 ], [ -89.147442, 13.582586, 0.0 ], [ -89.147448, 13.582403, 0.0 ], [ -89.147476, 13.582202, 0.0 ], [ -89.147468, 13.582087, 0.0 ], [ -89.147405, 13.581971, 0.0 ], [ -89.147315, 13.581823, 0.0 ], [ -89.147272, 13.58163, 0.0 ], [ -89.147264, 13.581503, 0.0 ], [ -89.14735, 13.581247, 0.0 ], [ -89.14737, 13.58111, 0.0 ], [ -89.147252, 13.580801, 0.0 ], [ -89.146842, 13.580507, 0.0 ], [ -89.146417, 13.580216, 0.0 ], [ -89.146176, 13.580143, 0.0 ], [ -89.146082, 13.580163, 0.0 ], [ -89.145683, 13.580593, 0.0 ], [ -89.145502, 13.580655, 0.0 ], [ -89.145193, 13.580456, 0.0 ], [ -89.145073, 13.580366, 0.0 ], [ -89.14484, 13.580254, 0.0 ], [ -89.144694, 13.580138, 0.0 ], [ -89.144605, 13.579948, 0.0 ], [ -89.144344, 13.579614, 0.0 ], [ -89.14428, 13.579496, 0.0 ], [ -89.144278, 13.579309, 0.0 ], [ -89.144303, 13.579177, 0.0 ], [ -89.144386, 13.578986, 0.0 ], [ -89.144412, 13.57887, 0.0 ], [ -89.144412, 13.578545, 0.0 ], [ -89.144544, 13.578215, 0.0 ], [ -89.144658, 13.577959, 0.0 ], [ -89.144721, 13.577743, 0.0 ], [ -89.144736, 13.577648, 0.0 ], [ -89.144796, 13.577465, 0.0 ], [ -89.144643, 13.576761, 0.0 ], [ -89.144669, 13.576416, 0.0 ], [ -89.144468, 13.575822, 0.0 ], [ -89.144301, 13.575676, 0.0 ], [ -89.143837, 13.57516, 0.0 ], [ -89.143765, 13.574699, 0.0 ], [ -89.143159, 13.574428, 0.0 ], [ -89.142761, 13.574529, 0.0 ], [ -89.142225, 13.574359, 0.0 ], [ -89.141975, 13.574179, 0.0 ], [ -89.141447, 13.574025, 0.0 ], [ -89.141259, 13.573939, 0.0 ], [ -89.141209, 13.573916, 0.0 ], [ -89.141109, 13.573618, 0.0 ], [ -89.141117, 13.573097, 0.0 ], [ -89.141095, 13.573013, 0.0 ], [ -89.141014, 13.572707, 0.0 ], [ -89.14095, 13.572376, 0.0 ], [ -89.140901, 13.572092, 0.0 ], [ -89.140569, 13.571706, 0.0 ], [ -89.140385, 13.571534, 0.0 ], [ -89.139803, 13.571142, 0.0 ], [ -89.139576, 13.570817, 0.0 ], [ -89.139441, 13.569885, 0.0 ], [ -89.139108, 13.569291, 0.0 ], [ -89.138634, 13.568968, 0.0 ], [ -89.13805, 13.56879, 0.0 ], [ -89.137898, 13.568627, 0.0 ], [ -89.137622, 13.568111, 0.0 ], [ -89.137479, 13.567878, 0.0 ], [ -89.137378, 13.567589, 0.0 ], [ -89.137189, 13.567003, 0.0 ], [ -89.136991, 13.566739, 0.0 ], [ -89.136758, 13.566529, 0.0 ], [ -89.136443, 13.566268, 0.0 ], [ -89.136061, 13.565937, 0.0 ], [ -89.135863, 13.565778, 0.0 ], [ -89.135348, 13.565613, 0.0 ], [ -89.135266, 13.565587, 0.0 ], [ -89.135164, 13.565484, 0.0 ], [ -89.135152, 13.565386, 0.0 ], [ -89.135198, 13.565226, 0.0 ], [ -89.13537, 13.564903, 0.0 ], [ -89.135418, 13.564608, 0.0 ], [ -89.135401, 13.564393, 0.0 ], [ -89.135387, 13.564207, 0.0 ], [ -89.135392, 13.563891, 0.0 ], [ -89.135381, 13.563655, 0.0 ], [ -89.135329, 13.56329, 0.0 ], [ -89.135096, 13.562664, 0.0 ], [ -89.134929, 13.562163, 0.0 ], [ -89.134607, 13.561315, 0.0 ], [ -89.134585, 13.561257, 0.0 ], [ -89.134524, 13.561088, 0.0 ], [ -89.134384, 13.560822, 0.0 ], [ -89.134355, 13.560751, 0.0 ], [ -89.134338, 13.560552, 0.0 ], [ -89.13434, 13.560391, 0.0 ], [ -89.13438, 13.560135, 0.0 ], [ -89.134443, 13.559826, 0.0 ], [ -89.134518, 13.559562, 0.0 ], [ -89.134733, 13.55938, 0.0 ], [ -89.135089, 13.558906, 0.0 ], [ -89.13522, 13.558671, 0.0 ], [ -89.135552, 13.558069, 0.0 ], [ -89.135707, 13.557867, 0.0 ], [ -89.135965, 13.557699, 0.0 ], [ -89.13614, 13.557618, 0.0 ], [ -89.136246, 13.557548, 0.0 ], [ -89.1363, 13.557511, 0.0 ], [ -89.136323, 13.557444, 0.0 ], [ -89.136346, 13.557253, 0.0 ], [ -89.136389, 13.557084, 0.0 ], [ -89.136552, 13.556658, 0.0 ], [ -89.136652, 13.556402, 0.0 ], [ -89.13689, 13.556097, 0.0 ], [ -89.136973, 13.555962, 0.0 ], [ -89.137076, 13.55565, 0.0 ], [ -89.137251, 13.554969, 0.0 ], [ -89.137328, 13.554588, 0.0 ], [ -89.137411, 13.554273, 0.0 ], [ -89.13756, 13.553818, 0.0 ], [ -89.137626, 13.553641, 0.0 ], [ -89.137585, 13.553389, 0.0 ], [ -89.13747, 13.553145, 0.0 ], [ -89.137338, 13.552991, 0.0 ], [ -89.137017, 13.552752, 0.0 ], [ -89.136383, 13.552133, 0.0 ], [ -89.136056, 13.551771, 0.0 ], [ -89.135809, 13.551441, 0.0 ], [ -89.135746, 13.551205, 0.0 ], [ -89.135737, 13.550793, 0.0 ], [ -89.135674, 13.550428, 0.0 ], [ -89.135533, 13.549979, 0.0 ], [ -89.135401, 13.549573, 0.0 ], [ -89.135303, 13.549286, 0.0 ], [ -89.135197, 13.549028, 0.0 ], [ -89.135192, 13.549006, 0.0 ], [ -89.135159, 13.548836, 0.0 ], [ -89.135197, 13.548718, 0.0 ], [ -89.135271, 13.548636, 0.0 ], [ -89.135346, 13.548524, 0.0 ], [ -89.135432, 13.548381, 0.0 ], [ -89.135529, 13.548078, 0.0 ], [ -89.135589, 13.547926, 0.0 ], [ -89.135652, 13.547732, 0.0 ], [ -89.135692, 13.547382, 0.0 ], [ -89.135744, 13.54718, 0.0 ], [ -89.135804, 13.547064, 0.0 ], [ -89.135827, 13.546946, 0.0 ], [ -89.135798, 13.546719, 0.0 ], [ -89.135758, 13.54649, 0.0 ], [ -89.135588, 13.546167, 0.0 ], [ -89.135539, 13.546001, 0.0 ], [ -89.135505, 13.545785, 0.0 ], [ -89.13537, 13.545328, 0.0 ], [ -89.135335, 13.544919, 0.0 ], [ -89.135306, 13.544748, 0.0 ], [ -89.13522, 13.544503, 0.0 ], [ -89.135002, 13.544025, 0.0 ], [ -89.134922, 13.543909, 0.0 ], [ -89.134902, 13.543828, 0.0 ], [ -89.134922, 13.54371, 0.0 ], [ -89.134953, 13.543572, 0.0 ], [ -89.134964, 13.543423, 0.0 ], [ -89.134941, 13.543265, 0.0 ], [ -89.13497, 13.543144, 0.0 ], [ -89.135073, 13.542941, 0.0 ], [ -89.135139, 13.542762, 0.0 ], [ -89.135182, 13.542599, 0.0 ], [ -89.135188, 13.542428, 0.0 ], [ -89.135147, 13.542327, 0.0 ], [ -89.135061, 13.542088, 0.0 ], [ -89.135001, 13.541956, 0.0 ], [ -89.134909, 13.541761, 0.0 ], [ -89.134895, 13.541654, 0.0 ], [ -89.134943, 13.541511, 0.0 ], [ -89.134978, 13.54137, 0.0 ], [ -89.134914, 13.540802, 0.0 ], [ -89.134877, 13.540644, 0.0 ], [ -89.134836, 13.540431, 0.0 ], [ -89.134796, 13.54031, 0.0 ], [ -89.134811, 13.540164, 0.0 ], [ -89.134891, 13.540023, 0.0 ], [ -89.135051, 13.539828, 0.0 ], [ -89.135177, 13.539682, 0.0 ], [ -89.135341, 13.539491, 0.0 ], [ -89.135427, 13.539356, 0.0 ], [ -89.135527, 13.539212, 0.0 ], [ -89.135656, 13.539078, 0.0 ], [ -89.135776, 13.538941, 0.0 ], [ -89.136022, 13.538759, 0.0 ], [ -89.136231, 13.538517, 0.0 ], [ -89.136484, 13.538329, 0.0 ], [ -89.136776, 13.538138, 0.0 ], [ -89.136997, 13.538028, 0.0 ], [ -89.137247, 13.537902, 0.0 ], [ -89.137671, 13.537677, 0.0 ], [ -89.137872, 13.53759, 0.0 ], [ -89.138115, 13.537489, 0.0 ], [ -89.138708, 13.537211, 0.0 ], [ -89.138952, 13.537115, 0.0 ], [ -89.139367, 13.536855, 0.0 ], [ -89.139823, 13.536492, 0.0 ], [ -89.139964, 13.536354, 0.0 ], [ -89.140089, 13.536127, 0.0 ], [ -89.140241, 13.535824, 0.0 ], [ -89.14033, 13.535679, 0.0 ], [ -89.140462, 13.535552, 0.0 ], [ -89.140542, 13.535518, 0.0 ], [ -89.140703, 13.535513, 0.0 ], [ -89.140863, 13.535535, 0.0 ], [ -89.140941, 13.535518, 0.0 ], [ -89.141089, 13.535462, 0.0 ], [ -89.141252, 13.535409, 0.0 ], [ -89.141482, 13.535333, 0.0 ], [ -89.141709, 13.535257, 0.0 ], [ -89.141777, 13.535223, 0.0 ], [ -89.141952, 13.535158, 0.0 ], [ -89.142095, 13.535069, 0.0 ], [ -89.142287, 13.534909, 0.0 ], [ -89.142453, 13.534808, 0.0 ], [ -89.142637, 13.534735, 0.0 ], [ -89.142783, 13.534695, 0.0 ], [ -89.143033, 13.534664, 0.0 ], [ -89.143212, 13.534667, 0.0 ], [ -89.143396, 13.534656, 0.0 ], [ -89.143514, 13.534675, 0.0 ], [ -89.143585, 13.534675, 0.0 ], [ -89.143858, 13.534681, 0.0 ], [ -89.144053, 13.5347, 0.0 ], [ -89.144185, 13.534754, 0.0 ], [ -89.144329, 13.53486, 0.0 ], [ -89.144596, 13.535065, 0.0 ], [ -89.145074, 13.535461, 0.0 ], [ -89.145203, 13.535562, 0.0 ], [ -89.145301, 13.535607, 0.0 ], [ -89.145398, 13.535604, 0.0 ], [ -89.145493, 13.535561, 0.0 ], [ -89.145559, 13.535516, 0.0 ], [ -89.145616, 13.535435, 0.0 ], [ -89.145676, 13.535351, 0.0 ], [ -89.145711, 13.535294, 0.0 ], [ -89.145717, 13.535244, 0.0 ], [ -89.145699, 13.535165, 0.0 ], [ -89.145622, 13.535022, 0.0 ], [ -89.145516, 13.534882, 0.0 ], [ -89.145447, 13.534736, 0.0 ], [ -89.14538, 13.534542, 0.0 ], [ -89.1453, 13.534389, 0.0 ], [ -89.14528, 13.534229, 0.0 ], [ -89.14524, 13.534032, 0.0 ], [ -89.145222, 13.533847, 0.0 ], [ -89.145202, 13.533692, 0.0 ], [ -89.14517, 13.533381, 0.0 ], [ -89.145113, 13.53319, 0.0 ], [ -89.145084, 13.532884, 0.0 ], [ -89.145026, 13.532568, 0.0 ], [ -89.145006, 13.532405, 0.0 ], [ -89.144949, 13.532217, 0.0 ], [ -89.144605, 13.531675, 0.0 ], [ -89.144427, 13.531505, 0.0 ], [ -89.14423, 13.531308, 0.0 ], [ -89.144065, 13.531129, 0.0 ], [ -89.143886, 13.530972, 0.0 ], [ -89.143735, 13.530824, 0.0 ], [ -89.143574, 13.530519, 0.0 ], [ -89.143519, 13.530317, 0.0 ], [ -89.143432, 13.529959, 0.0 ], [ -89.143372, 13.529757, 0.0 ], [ -89.143161, 13.529315, 0.0 ], [ -89.142983, 13.52897, 0.0 ], [ -89.142566, 13.52854, 0.0 ], [ -89.141939, 13.528084, 0.0 ], [ -89.141683, 13.527856, 0.0 ], [ -89.141396, 13.527557, 0.0 ], [ -89.141339, 13.527497, 0.0 ], [ -89.141051, 13.527172, 0.0 ], [ -89.140973, 13.52706, 0.0 ], [ -89.140963, 13.526948, 0.0 ], [ -89.141037, 13.526786, 0.0 ], [ -89.141284, 13.526651, 0.0 ], [ -89.142002, 13.526181, 0.0 ], [ -89.142248, 13.525882, 0.0 ], [ -89.142432, 13.525693, 0.0 ], [ -89.142583, 13.525483, 0.0 ], [ -89.142679, 13.525258, 0.0 ], [ -89.143026, 13.524305, 0.0 ], [ -89.143094, 13.523996, 0.0 ], [ -89.143158, 13.523709, 0.0 ], [ -89.143313, 13.523127, 0.0 ], [ -89.143492, 13.522688, 0.0 ], [ -89.143679, 13.522424, 0.0 ], [ -89.14394, 13.522168, 0.0 ], [ -89.144233, 13.522042, 0.0 ], [ -89.144572, 13.521979, 0.0 ], [ -89.144663, 13.52193, 0.0 ], [ -89.14492, 13.521724, 0.0 ], [ -89.145148, 13.521442, 0.0 ], [ -89.14534, 13.521092, 0.0 ], [ -89.145569, 13.520693, 0.0 ], [ -89.145742, 13.520376, 0.0 ], [ -89.145865, 13.520008, 0.0 ], [ -89.145943, 13.519534, 0.0 ], [ -89.145888, 13.51931, 0.0 ], [ -89.145773, 13.519027, 0.0 ], [ -89.145466, 13.518785, 0.0 ], [ -89.144765, 13.518696, 0.0 ], [ -89.144477, 13.51862, 0.0 ], [ -89.144317, 13.518481, 0.0 ], [ -89.144317, 13.518338, 0.0 ], [ -89.144385, 13.518176, 0.0 ], [ -89.144747, 13.517791, 0.0 ], [ -89.145058, 13.517495, 0.0 ], [ -89.145414, 13.517129, 0.0 ], [ -89.145744, 13.516873, 0.0 ], [ -89.146193, 13.51663, 0.0 ], [ -89.146724, 13.516451, 0.0 ], [ -89.147008, 13.516464, 0.0 ], [ -89.147223, 13.516661, 0.0 ], [ -89.147365, 13.516787, 0.0 ], [ -89.147535, 13.516858, 0.0 ], [ -89.147677, 13.516845, 0.0 ], [ -89.147896, 13.516683, 0.0 ], [ -89.148037, 13.516509, 0.0 ], [ -89.148142, 13.516312, 0.0 ], [ -89.148114, 13.516106, 0.0 ], [ -89.147986, 13.515738, 0.0 ], [ -89.147784, 13.515215, 0.0 ], [ -89.147688, 13.514879, 0.0 ], [ -89.147541, 13.514364, 0.0 ], [ -89.147477, 13.514229, 0.0 ], [ -89.147211, 13.514005, 0.0 ], [ -89.147074, 13.513893, 0.0 ], [ -89.147042, 13.513754, 0.0 ], [ -89.147137, 13.513423, 0.0 ], [ -89.147105, 13.513204, 0.0 ], [ -89.146913, 13.513087, 0.0 ], [ -89.146702, 13.51302, 0.0 ], [ -89.146303, 13.513096, 0.0 ], [ -89.14607, 13.5132, 0.0 ], [ -89.145674, 13.513259, 0.0 ], [ -89.145413, 13.513134, 0.0 ], [ -89.145184, 13.512963, 0.0 ], [ -89.145009, 13.512806, 0.0 ], [ -89.144904, 13.512632, 0.0 ], [ -89.144853, 13.512448, 0.0 ], [ -89.144853, 13.512271, 0.0 ], [ -89.144995, 13.5121, 0.0 ], [ -89.145201, 13.511939, 0.0 ], [ -89.145755, 13.511844, 0.0 ], [ -89.1462, 13.511844, 0.0 ], [ -89.146621, 13.51187, 0.0 ], [ -89.146859, 13.511843, 0.0 ], [ -89.146983, 13.511727, 0.0 ], [ -89.147042, 13.511574, 0.0 ], [ -89.147096, 13.510947, 0.0 ], [ -89.147159, 13.510312, 0.0 ], [ -89.147228, 13.510047, 0.0 ], [ -89.147391, 13.509713, 0.0 ], [ -89.1476, 13.509558, 0.0 ], [ -89.147997, 13.509518, 0.0 ], [ -89.148455, 13.509571, 0.0 ], [ -89.149315, 13.509571, 0.0 ], [ -89.149805, 13.509486, 0.0 ], [ -89.15022, 13.509352, 0.0 ], [ -89.150811, 13.509145, 0.0 ], [ -89.151647, 13.508885, 0.0 ], [ -89.152087, 13.5088, 0.0 ], [ -89.152407, 13.508759, 0.0 ], [ -89.152801, 13.508692, 0.0 ], [ -89.153481, 13.508539, 0.0 ], [ -89.15409, 13.508283, 0.0 ], [ -89.154521, 13.508104, 0.0 ], [ -89.154983, 13.507965, 0.0 ], [ -89.155271, 13.507848, 0.0 ], [ -89.155663, 13.507688, 0.0 ], [ -89.156015, 13.507424, 0.0 ], [ -89.156326, 13.50715, 0.0 ], [ -89.156807, 13.506571, 0.0 ], [ -89.157205, 13.505943, 0.0 ], [ -89.157231, 13.505896, 0.0 ], [ -89.157442, 13.505506, 0.0 ], [ -89.157629, 13.505062, 0.0 ], [ -89.15778, 13.504542, 0.0 ], [ -89.157903, 13.503759, 0.0 ], [ -89.157894, 13.503068, 0.0 ], [ -89.157898, 13.502876, 0.0 ], [ -89.157825, 13.502584, 0.0 ], [ -89.157683, 13.50216, 0.0 ], [ -89.157632, 13.50194, 0.0 ], [ -89.157655, 13.501635, 0.0 ], [ -89.157687, 13.501335, 0.0 ], [ -89.158025, 13.500221, 0.0 ], [ -89.158294, 13.499252, 0.0 ], [ -89.15839, 13.498626, 0.0 ], [ -89.158389, 13.498353, 0.0 ], [ -89.15837, 13.497948, 0.0 ], [ -89.158389, 13.497738, 0.0 ], [ -89.158452, 13.497608, 0.0 ], [ -89.158681, 13.497273, 0.0 ], [ -89.158951, 13.497053, 0.0 ], [ -89.160035, 13.496408, 0.0 ], [ -89.160223, 13.496224, 0.0 ], [ -89.160602, 13.495705, 0.0 ], [ -89.160831, 13.495234, 0.0 ], [ -89.16122, 13.494643, 0.0 ], [ -89.161494, 13.494122, 0.0 ], [ -89.161585, 13.493757, 0.0 ], [ -89.161562, 13.493425, 0.0 ], [ -89.161502, 13.492892, 0.0 ], [ -89.161488, 13.492766, 0.0 ], [ -89.161464, 13.49187, 0.0 ], [ -89.161418, 13.49148, 0.0 ], [ -89.161046, 13.490913, 0.0 ], [ -89.160687, 13.490587, 0.0 ], [ -89.160498, 13.490326, 0.0 ], [ -89.160432, 13.49021, 0.0 ], [ -89.160399, 13.490038, 0.0 ], [ -89.16042, 13.489678, 0.0 ], [ -89.160497, 13.489406, 0.0 ], [ -89.160616, 13.489243, 0.0 ], [ -89.160681, 13.489164, 0.0 ], [ -89.160771, 13.489147, 0.0 ], [ -89.16103, 13.489149, 0.0 ], [ -89.161389, 13.489181, 0.0 ], [ -89.161791, 13.489295, 0.0 ], [ -89.162131, 13.489475, 0.0 ], [ -89.162782, 13.489908, 0.0 ], [ -89.163339, 13.490296, 0.0 ], [ -89.16372, 13.490587, 0.0 ], [ -89.16408, 13.49075, 0.0 ], [ -89.164322, 13.490761, 0.0 ], [ -89.165015, 13.490748, 0.0 ], [ -89.165654, 13.490882, 0.0 ], [ -89.166047, 13.490861, 0.0 ], [ -89.166187, 13.490861, 0.0 ], [ -89.166258, 13.491121, 0.0 ], [ -89.166839, 13.491171, 0.0 ], [ -89.166872, 13.491174, 0.0 ], [ -89.167119, 13.491196, 0.0 ], [ -89.167432, 13.491225, 0.0 ], [ -89.167598, 13.491241, 0.0 ], [ -89.167661, 13.491248, 0.0 ], [ -89.168222, 13.491312, 0.0 ], [ -89.168584, 13.491353, 0.0 ], [ -89.168819, 13.491382, 0.0 ], [ -89.168931, 13.491396, 0.0 ], [ -89.16915, 13.491424, 0.0 ], [ -89.169947, 13.491523, 0.0 ], [ -89.170183, 13.491552, 0.0 ], [ -89.170498, 13.491592, 0.0 ], [ -89.170506, 13.491593, 0.0 ], [ -89.170511, 13.491593, 0.0 ], [ -89.170512, 13.491594, 0.0 ], [ -89.170513, 13.491594, 0.0 ], [ -89.170515, 13.491594, 0.0 ], [ -89.170516, 13.491594, 0.0 ], [ -89.170518, 13.491594, 0.0 ], [ -89.170777, 13.491627, 0.0 ], [ -89.170938, 13.491648, 0.0 ], [ -89.171031, 13.49166, 0.0 ], [ -89.171409, 13.491704, 0.0 ], [ -89.171811, 13.49175, 0.0 ], [ -89.171822, 13.491751, 0.0 ], [ -89.171839, 13.491753, 0.0 ], [ -89.171872, 13.491756, 0.0 ], [ -89.172005, 13.491776, 0.0 ], [ -89.172029, 13.491779, 0.0 ], [ -89.172173, 13.4918, 0.0 ], [ -89.172332, 13.49182, 0.0 ], [ -89.172503, 13.491841, 0.0 ], [ -89.172551, 13.491847, 0.0 ], [ -89.172841, 13.491885, 0.0 ], [ -89.173276, 13.491942, 0.0 ], [ -89.173265, 13.492113, 0.0 ], [ -89.173258, 13.492231, 0.0 ], [ -89.173227, 13.492705, 0.0 ], [ -89.173242, 13.492734, 0.0 ], [ -89.173251, 13.492752, 0.0 ], [ -89.173268, 13.492786, 0.0 ], [ -89.173267, 13.492883, 0.0 ], [ -89.173265, 13.493052, 0.0 ], [ -89.173264, 13.493074, 0.0 ], [ -89.173296, 13.493108, 0.0 ], [ -89.173327, 13.493142, 0.0 ], [ -89.173308, 13.493172, 0.0 ], [ -89.17329, 13.493202, 0.0 ], [ -89.173255, 13.49325, 0.0 ], [ -89.17322, 13.493298, 0.0 ], [ -89.173184, 13.493344, 0.0 ], [ -89.173149, 13.49339, 0.0 ], [ -89.173193, 13.493498, 0.0 ], [ -89.173192, 13.493504, 0.0 ], [ -89.173192, 13.493507, 0.0 ], [ -89.173189, 13.493523, 0.0 ], [ -89.173171, 13.49369, 0.0 ], [ -89.173125, 13.494126, 0.0 ], [ -89.173096, 13.494408, 0.0 ], [ -89.173095, 13.494411, 0.0 ], [ -89.173094, 13.494423, 0.0 ], [ -89.173092, 13.494447, 0.0 ], [ -89.173085, 13.494532, 0.0 ], [ -89.173032, 13.49517, 0.0 ], [ -89.173029, 13.495205, 0.0 ], [ -89.173023, 13.495278, 0.0 ], [ -89.173008, 13.495453, 0.0 ], [ -89.173004, 13.495501, 0.0 ], [ -89.172979, 13.495793, 0.0 ], [ -89.172969, 13.495917, 0.0 ], [ -89.172965, 13.49597, 0.0 ], [ -89.172916, 13.496567, 0.0 ], [ -89.17291, 13.496638, 0.0 ], [ -89.172908, 13.496667, 0.0 ], [ -89.17282, 13.49773, 0.0 ], [ -89.17284, 13.497733, 0.0 ], [ -89.173034, 13.497763, 0.0 ], [ -89.17331, 13.497807, 0.0 ], [ -89.173319, 13.497808, 0.0 ], [ -89.17368, 13.497851, 0.0 ], [ -89.173779, 13.497863, 0.0 ], [ -89.17378, 13.497863, 0.0 ], [ -89.173965, 13.497885, 0.0 ], [ -89.17397, 13.497885, 0.0 ], [ -89.174013, 13.497891, 0.0 ], [ -89.174267, 13.497926, 0.0 ], [ -89.174281, 13.497928, 0.0 ], [ -89.174433, 13.497949, 0.0 ], [ -89.174571, 13.497968, 0.0 ], [ -89.174592, 13.497971, 0.0 ], [ -89.174805, 13.497992, 0.0 ], [ -89.174824, 13.497993, 0.0 ], [ -89.174846, 13.497995, 0.0 ], [ -89.175001, 13.49801, 0.0 ], [ -89.17502, 13.498012, 0.0 ], [ -89.175106, 13.498021, 0.0 ], [ -89.175412, 13.498052, 0.0 ], [ -89.175471, 13.498058, 0.0 ], [ -89.175672, 13.498079, 0.0 ], [ -89.175785, 13.498091, 0.0 ], [ -89.175841, 13.498097, 0.0 ], [ -89.175991, 13.498112, 0.0 ], [ -89.176003, 13.498113, 0.0 ], [ -89.176022, 13.498115, 0.0 ], [ -89.176529, 13.498183, 0.0 ], [ -89.17665, 13.498199, 0.0 ], [ -89.176799, 13.498219, 0.0 ], [ -89.177125, 13.498262, 0.0 ], [ -89.177255, 13.49828, 0.0 ], [ -89.17742, 13.498301, 0.0 ], [ -89.177467, 13.498307, 0.0 ], [ -89.177532, 13.498316, 0.0 ], [ -89.177639, 13.49833, 0.0 ], [ -89.177676, 13.498335, 0.0 ], [ -89.177743, 13.49812, 0.0 ], [ -89.177798, 13.498027, 0.0 ], [ -89.177881, 13.497819, 0.0 ], [ -89.1779, 13.497673, 0.0 ], [ -89.177909, 13.497507, 0.0 ], [ -89.177897, 13.497418, 0.0 ], [ -89.177821, 13.497159, 0.0 ], [ -89.177788, 13.497061, 0.0 ], [ -89.177712, 13.496877, 0.0 ], [ -89.177731, 13.496825, 0.0 ], [ -89.17773, 13.496794, 0.0 ], [ -89.177719, 13.496714, 0.0 ], [ -89.177723, 13.496591, 0.0 ], [ -89.177739, 13.496503, 0.0 ], [ -89.17774, 13.496452, 0.0 ], [ -89.177733, 13.496401, 0.0 ], [ -89.177718, 13.496343, 0.0 ], [ -89.17772, 13.496315, 0.0 ], [ -89.177749, 13.496269, 0.0 ], [ -89.177885, 13.496099, 0.0 ], [ -89.177929, 13.495981, 0.0 ], [ -89.177976, 13.495919, 0.0 ], [ -89.178015, 13.495816, 0.0 ], [ -89.178061, 13.495617, 0.0 ], [ -89.17807, 13.495522, 0.0 ], [ -89.178057, 13.495478, 0.0 ], [ -89.178028, 13.495441, 0.0 ], [ -89.178001, 13.495419, 0.0 ], [ -89.177949, 13.495409, 0.0 ], [ -89.177906, 13.495427, 0.0 ], [ -89.177832, 13.495456, 0.0 ], [ -89.177769, 13.495446, 0.0 ], [ -89.177728, 13.495397, 0.0 ], [ -89.177726, 13.495314, 0.0 ], [ -89.177736, 13.495121, 0.0 ], [ -89.177711, 13.495096, 0.0 ], [ -89.177752, 13.495052, 0.0 ], [ -89.177771, 13.494984, 0.0 ], [ -89.177801, 13.494948, 0.0 ], [ -89.177819, 13.494903, 0.0 ], [ -89.177833, 13.494839, 0.0 ], [ -89.177828, 13.494809, 0.0 ], [ -89.177818, 13.494787, 0.0 ], [ -89.177786, 13.494757, 0.0 ], [ -89.177719, 13.494711, 0.0 ], [ -89.177593, 13.494683, 0.0 ], [ -89.177512, 13.494689, 0.0 ], [ -89.177503, 13.494644, 0.0 ], [ -89.177483, 13.494558, 0.0 ], [ -89.177444, 13.494506, 0.0 ], [ -89.177389, 13.494465, 0.0 ], [ -89.177322, 13.49442, 0.0 ], [ -89.177277, 13.494374, 0.0 ], [ -89.177268, 13.494348, 0.0 ], [ -89.177265, 13.49433, 0.0 ], [ -89.177307, 13.494279, 0.0 ], [ -89.177374, 13.494222, 0.0 ], [ -89.177425, 13.494174, 0.0 ], [ -89.177471, 13.49414, 0.0 ], [ -89.177485, 13.494089, 0.0 ], [ -89.177507, 13.494046, 0.0 ], [ -89.17757, 13.494006, 0.0 ], [ -89.177712, 13.493987, 0.0 ], [ -89.177724, 13.494031, 0.0 ], [ -89.177698, 13.494208, 0.0 ], [ -89.177833, 13.494182, 0.0 ], [ -89.177977, 13.493992, 0.0 ], [ -89.17815, 13.494009, 0.0 ], [ -89.178239, 13.493973, 0.0 ], [ -89.178299, 13.493996, 0.0 ], [ -89.178348, 13.494022, 0.0 ], [ -89.178433, 13.494083, 0.0 ], [ -89.178552, 13.494061, 0.0 ], [ -89.178602, 13.494051, 0.0 ], [ -89.178531, 13.493969, 0.0 ], [ -89.178428, 13.493908, 0.0 ], [ -89.178377, 13.493679, 0.0 ], [ -89.177964, 13.493487, 0.0 ], [ -89.177829, 13.493469, 0.0 ], [ -89.177528, 13.493427, 0.0 ], [ -89.177418, 13.493399, 0.0 ], [ -89.177269, 13.492884, 0.0 ], [ -89.177406, 13.492763, 0.0 ], [ -89.177505, 13.492794, 0.0 ], [ -89.177823, 13.492933, 0.0 ], [ -89.177955, 13.493003, 0.0 ], [ -89.178014, 13.492926, 0.0 ], [ -89.177997, 13.492765, 0.0 ], [ -89.178099, 13.492663, 0.0 ], [ -89.178193, 13.492525, 0.0 ], [ -89.178263, 13.492418, 0.0 ], [ -89.178381, 13.492275, 0.0 ], [ -89.178418, 13.492164, 0.0 ], [ -89.178456, 13.492159, 0.0 ], [ -89.178458, 13.492157, 0.0 ], [ -89.178508, 13.492122, 0.0 ], [ -89.178535, 13.492103, 0.0 ], [ -89.178534, 13.4921, 0.0 ], [ -89.178457, 13.491661, 0.0 ], [ -89.178456, 13.491655, 0.0 ], [ -89.178429, 13.491657, 0.0 ], [ -89.17843, 13.491486, 0.0 ], [ -89.178432, 13.491314, 0.0 ], [ -89.178402, 13.491314, 0.0 ], [ -89.178322, 13.491303, 0.0 ], [ -89.178299, 13.4913, 0.0 ], [ -89.17829, 13.491299, 0.0 ], [ -89.178184, 13.491288, 0.0 ], [ -89.178165, 13.491145, 0.0 ], [ -89.178141, 13.491088, 0.0 ], [ -89.178093, 13.491021, 0.0 ], [ -89.177955, 13.490902, 0.0 ], [ -89.17781, 13.49082, 0.0 ], [ -89.177763, 13.490773, 0.0 ], [ -89.17772, 13.490705, 0.0 ], [ -89.177715, 13.490673, 0.0 ], [ -89.177721, 13.490604, 0.0 ], [ -89.177741, 13.490568, 0.0 ], [ -89.1778, 13.490509, 0.0 ], [ -89.177812, 13.490488, 0.0 ], [ -89.177818, 13.490457, 0.0 ], [ -89.177839, 13.490432, 0.0 ], [ -89.177863, 13.490418, 0.0 ], [ -89.177938, 13.490414, 0.0 ], [ -89.177992, 13.490405, 0.0 ], [ -89.178042, 13.49036, 0.0 ], [ -89.178104, 13.490283, 0.0 ], [ -89.178147, 13.490172, 0.0 ], [ -89.178161, 13.490074, 0.0 ], [ -89.178164, 13.490019, 0.0 ], [ -89.178161, 13.489918, 0.0 ], [ -89.178141, 13.489852, 0.0 ], [ -89.178112, 13.489789, 0.0 ], [ -89.178082, 13.489733, 0.0 ], [ -89.178053, 13.489703, 0.0 ], [ -89.178009, 13.489714, 0.0 ], [ -89.17798, 13.489743, 0.0 ], [ -89.177972, 13.48977, 0.0 ], [ -89.177963, 13.489814, 0.0 ], [ -89.177951, 13.489823, 0.0 ], [ -89.177925, 13.489824, 0.0 ], [ -89.177897, 13.489815, 0.0 ], [ -89.17786, 13.489803, 0.0 ], [ -89.177775, 13.489786, 0.0 ], [ -89.177674, 13.489754, 0.0 ], [ -89.177585, 13.489712, 0.0 ], [ -89.177538, 13.489647, 0.0 ], [ -89.177519, 13.489601, 0.0 ], [ -89.177489, 13.489572, 0.0 ], [ -89.177438, 13.489574, 0.0 ], [ -89.177413, 13.489599, 0.0 ], [ -89.17733, 13.489681, 0.0 ], [ -89.177275, 13.489702, 0.0 ], [ -89.177226, 13.489723, 0.0 ], [ -89.177163, 13.489727, 0.0 ], [ -89.177122, 13.48971, 0.0 ], [ -89.17709, 13.489664, 0.0 ], [ -89.177055, 13.489548, 0.0 ], [ -89.177036, 13.489457, 0.0 ], [ -89.177049, 13.48936, 0.0 ], [ -89.177066, 13.489304, 0.0 ], [ -89.177109, 13.48925, 0.0 ], [ -89.177173, 13.489194, 0.0 ], [ -89.177266, 13.489156, 0.0 ], [ -89.177546, 13.48905, 0.0 ], [ -89.178018, 13.488853, 0.0 ], [ -89.178499, 13.488644, 0.0 ], [ -89.178596, 13.488602, 0.0 ], [ -89.178713, 13.488507, 0.0 ], [ -89.178875, 13.488339, 0.0 ], [ -89.179023, 13.488216, 0.0 ], [ -89.17916, 13.488116, 0.0 ], [ -89.179199, 13.488107, 0.0 ], [ -89.179228, 13.488115, 0.0 ], [ -89.179242, 13.488132, 0.0 ], [ -89.179259, 13.488141, 0.0 ], [ -89.1793, 13.488149, 0.0 ], [ -89.179365, 13.488147, 0.0 ], [ -89.179448, 13.488137, 0.0 ], [ -89.179487, 13.488117, 0.0 ], [ -89.179571, 13.488051, 0.0 ], [ -89.17964, 13.487982, 0.0 ], [ -89.179714, 13.487895, 0.0 ], [ -89.179802, 13.487763, 0.0 ], [ -89.179837, 13.487661, 0.0 ], [ -89.179841, 13.487631, 0.0 ], [ -89.179836, 13.487595, 0.0 ], [ -89.179808, 13.487562, 0.0 ], [ -89.179591, 13.487465, 0.0 ], [ -89.17954, 13.487434, 0.0 ], [ -89.179497, 13.487418, 0.0 ], [ -89.179368, 13.487397, 0.0 ], [ -89.179248, 13.487357, 0.0 ], [ -89.179121, 13.487296, 0.0 ], [ -89.179033, 13.487244, 0.0 ], [ -89.178996, 13.487222, 0.0 ], [ -89.178944, 13.487173, 0.0 ], [ -89.178894, 13.487098, 0.0 ], [ -89.178847, 13.487008, 0.0 ], [ -89.17881, 13.486965, 0.0 ], [ -89.178781, 13.486959, 0.0 ], [ -89.178736, 13.486964, 0.0 ], [ -89.178694, 13.486989, 0.0 ], [ -89.178675, 13.487021, 0.0 ], [ -89.178668, 13.48707, 0.0 ], [ -89.178657, 13.487141, 0.0 ], [ -89.178612, 13.48722, 0.0 ], [ -89.178551, 13.487244, 0.0 ], [ -89.178447, 13.487221, 0.0 ], [ -89.178327, 13.487149, 0.0 ], [ -89.178247, 13.487059, 0.0 ], [ -89.178201, 13.486904, 0.0 ], [ -89.178175, 13.486702, 0.0 ], [ -89.17815, 13.486542, 0.0 ], [ -89.178159, 13.486376, 0.0 ], [ -89.178192, 13.486292, 0.0 ], [ -89.178245, 13.486222, 0.0 ], [ -89.17831, 13.486186, 0.0 ], [ -89.178373, 13.486101, 0.0 ], [ -89.178418, 13.486074, 0.0 ], [ -89.178499, 13.486051, 0.0 ], [ -89.178541, 13.486087, 0.0 ], [ -89.178568, 13.486118, 0.0 ], [ -89.178656, 13.486188, 0.0 ], [ -89.178719, 13.48624, 0.0 ], [ -89.1788, 13.486331, 0.0 ], [ -89.178897, 13.486412, 0.0 ], [ -89.17893, 13.486426, 0.0 ], [ -89.178988, 13.486426, 0.0 ], [ -89.179028, 13.486401, 0.0 ], [ -89.179066, 13.486342, 0.0 ], [ -89.179112, 13.486327, 0.0 ], [ -89.179185, 13.486348, 0.0 ], [ -89.179248, 13.486361, 0.0 ], [ -89.179279, 13.486355, 0.0 ], [ -89.1793, 13.486326, 0.0 ], [ -89.179303, 13.48627, 0.0 ], [ -89.17931, 13.48618, 0.0 ], [ -89.179348, 13.48603, 0.0 ], [ -89.179357, 13.485885, 0.0 ], [ -89.179349, 13.485727, 0.0 ], [ -89.179321, 13.485634, 0.0 ], [ -89.179292, 13.485579, 0.0 ], [ -89.179251, 13.48554, 0.0 ], [ -89.179189, 13.485516, 0.0 ], [ -89.179143, 13.485509, 0.0 ], [ -89.179037, 13.485514, 0.0 ], [ -89.178924, 13.485556, 0.0 ], [ -89.178774, 13.485638, 0.0 ], [ -89.17872, 13.485639, 0.0 ], [ -89.178631, 13.485602, 0.0 ], [ -89.178501, 13.485502, 0.0 ], [ -89.178467, 13.485292, 0.0 ], [ -89.178431, 13.48497, 0.0 ], [ -89.178409, 13.484957, 0.0 ], [ -89.178337, 13.484948, 0.0 ], [ -89.178286, 13.484938, 0.0 ], [ -89.178257, 13.484891, 0.0 ], [ -89.178254, 13.484648, 0.0 ], [ -89.178258, 13.484597, 0.0 ], [ -89.17833, 13.484525, 0.0 ], [ -89.178504, 13.484438, 0.0 ], [ -89.178622, 13.484349, 0.0 ], [ -89.178731, 13.484222, 0.0 ], [ -89.178783, 13.48414, 0.0 ], [ -89.178841, 13.484012, 0.0 ], [ -89.178869, 13.483966, 0.0 ], [ -89.178894, 13.483881, 0.0 ], [ -89.178878, 13.483776, 0.0 ], [ -89.178846, 13.483657, 0.0 ], [ -89.178791, 13.483563, 0.0 ], [ -89.178726, 13.483512, 0.0 ], [ -89.178642, 13.483467, 0.0 ], [ -89.178544, 13.483426, 0.0 ], [ -89.178488, 13.483414, 0.0 ], [ -89.178419, 13.483415, 0.0 ], [ -89.178246, 13.483379, 0.0 ], [ -89.178167, 13.483331, 0.0 ], [ -89.178127, 13.483261, 0.0 ], [ -89.178139, 13.483155, 0.0 ], [ -89.178196, 13.482994, 0.0 ], [ -89.178194, 13.482948, 0.0 ], [ -89.178161, 13.482903, 0.0 ], [ -89.178127, 13.482855, 0.0 ], [ -89.178062, 13.482783, 0.0 ], [ -89.178028, 13.482715, 0.0 ], [ -89.178019, 13.482622, 0.0 ], [ -89.178056, 13.48252, 0.0 ], [ -89.178129, 13.482363, 0.0 ], [ -89.178211, 13.48224, 0.0 ], [ -89.178244, 13.482208, 0.0 ], [ -89.178416, 13.482123, 0.0 ], [ -89.178496, 13.482109, 0.0 ], [ -89.178591, 13.482125, 0.0 ], [ -89.178638, 13.48214, 0.0 ], [ -89.178723, 13.482212, 0.0 ], [ -89.178899, 13.48244, 0.0 ], [ -89.179015, 13.482565, 0.0 ], [ -89.179184, 13.48273, 0.0 ], [ -89.179298, 13.482797, 0.0 ], [ -89.179397, 13.482826, 0.0 ], [ -89.179466, 13.482829, 0.0 ], [ -89.179509, 13.48282, 0.0 ], [ -89.179542, 13.482785, 0.0 ], [ -89.179541, 13.482732, 0.0 ], [ -89.179529, 13.482642, 0.0 ], [ -89.179519, 13.482484, 0.0 ], [ -89.179567, 13.482377, 0.0 ], [ -89.179638, 13.482272, 0.0 ], [ -89.179751, 13.482085, 0.0 ], [ -89.179877, 13.481904, 0.0 ], [ -89.180022, 13.481822, 0.0 ], [ -89.180248, 13.481751, 0.0 ], [ -89.180442, 13.481652, 0.0 ], [ -89.180498, 13.481505, 0.0 ], [ -89.180437, 13.481283, 0.0 ], [ -89.180242, 13.480764, 0.0 ], [ -89.180121, 13.480292, 0.0 ], [ -89.179955, 13.479908, 0.0 ], [ -89.179829, 13.479691, 0.0 ], [ -89.179724, 13.479553, 0.0 ], [ -89.179436, 13.479118, 0.0 ], [ -89.179978, 13.478596, 0.0 ], [ -89.180211, 13.478449, 0.0 ], [ -89.180762, 13.477657, 0.0 ], [ -89.181079, 13.476495, 0.0 ], [ -89.181342, 13.475456, 0.0 ], [ -89.181485, 13.474729, 0.0 ], [ -89.18149, 13.473767, 0.0 ], [ -89.181498, 13.473227, 0.0 ], [ -89.181697, 13.473281, 0.0 ], [ -89.18185, 13.473323, 0.0 ], [ -89.18258, 13.473526, 0.0 ], [ -89.184209, 13.474006, 0.0 ], [ -89.18486, 13.474198, 0.0 ], [ -89.185724, 13.474469, 0.0 ], [ -89.186125, 13.474592, 0.0 ], [ -89.186825, 13.474806, 0.0 ], [ -89.187197, 13.474913, 0.0 ], [ -89.187772, 13.475079, 0.0 ], [ -89.188423, 13.475206, 0.0 ], [ -89.188849, 13.475338, 0.0 ], [ -89.189334, 13.475488, 0.0 ], [ -89.189603, 13.475571, 0.0 ], [ -89.190058, 13.475729, 0.0 ], [ -89.190653, 13.475922, 0.0 ], [ -89.191617, 13.476222, 0.0 ], [ -89.191691, 13.476245, 0.0 ], [ -89.192441, 13.476452, 0.0 ], [ -89.193937, 13.476831, 0.0 ], [ -89.195126, 13.476917, 0.0 ], [ -89.19566, 13.476946, 0.0 ], [ -89.197155, 13.477029, 0.0 ], [ -89.197396, 13.477041, 0.0 ], [ -89.199099, 13.477121, 0.0 ], [ -89.200821, 13.47722, 0.0 ], [ -89.201692, 13.477269, 0.0 ], [ -89.202587, 13.47732, 0.0 ], [ -89.203579, 13.47735, 0.0 ], [ -89.203648, 13.477352, 0.0 ], [ -89.203718, 13.477355, 0.0 ], [ -89.20425, 13.47737, 0.0 ], [ -89.204783, 13.477386, 0.0 ], [ -89.204949, 13.477391, 0.0 ], [ -89.205116, 13.477396, 0.0 ], [ -89.205359, 13.477414, 0.0 ], [ -89.205602, 13.477432, 0.0 ], [ -89.205958, 13.47746, 0.0 ], [ -89.206314, 13.477489, 0.0 ], [ -89.206664, 13.477524, 0.0 ], [ -89.207013, 13.477559, 0.0 ], [ -89.207105, 13.47756, 0.0 ], [ -89.207196, 13.477561, 0.0 ], [ -89.20693, 13.477868, 0.0 ], [ -89.206664, 13.478175, 0.0 ], [ -89.206652, 13.478335, 0.0 ], [ -89.20664, 13.478496, 0.0 ], [ -89.206639, 13.478563, 0.0 ], [ -89.206638, 13.478591, 0.0 ], [ -89.206638, 13.478652, 0.0 ], [ -89.206637, 13.47866, 0.0 ], [ -89.206637, 13.478661, 0.0 ], [ -89.206637, 13.478685, 0.0 ], [ -89.206621, 13.478734, 0.0 ], [ -89.20658, 13.478802, 0.0 ], [ -89.206519, 13.47889, 0.0 ], [ -89.206515, 13.478893, 0.0 ], [ -89.206415, 13.478973, 0.0 ], [ -89.2063, 13.479019, 0.0 ], [ -89.20614, 13.479776, 0.0 ], [ -89.205824, 13.480708, 0.0 ], [ -89.205528, 13.481177, 0.0 ], [ -89.205211, 13.481652, 0.0 ], [ -89.204718, 13.482231, 0.0 ], [ -89.204216, 13.482757, 0.0 ], [ -89.203732, 13.483129, 0.0 ], [ -89.203362, 13.48325, 0.0 ], [ -89.202793, 13.482814, 0.0 ], [ -89.20232, 13.482333, 0.0 ], [ -89.202277, 13.482269, 0.0 ], [ -89.202204, 13.482159, 0.0 ], [ -89.201885, 13.481909, 0.0 ], [ -89.201549, 13.481236, 0.0 ], [ -89.201232, 13.480952, 0.0 ], [ -89.200659, 13.480805, 0.0 ], [ -89.200307, 13.481082, 0.0 ], [ -89.199374, 13.482152, 0.0 ], [ -89.198669, 13.482464, 0.0 ], [ -89.198005, 13.48291, 0.0 ], [ -89.197406, 13.483584, 0.0 ], [ -89.197979, 13.483485, 0.0 ], [ -89.198001, 13.483579, 0.0 ], [ -89.198027, 13.483687, 0.0 ], [ -89.198038, 13.483728, 0.0 ], [ -89.19805, 13.483777, 0.0 ], [ -89.198079, 13.48389, 0.0 ], [ -89.197997, 13.483937, 0.0 ], [ -89.197986, 13.483943, 0.0 ], [ -89.197885, 13.484, 0.0 ], [ -89.19778, 13.484065, 0.0 ], [ -89.197686, 13.484123, 0.0 ], [ -89.197622, 13.484162, 0.0 ], [ -89.19749, 13.484273, 0.0 ], [ -89.197275, 13.484453, 0.0 ], [ -89.197265, 13.484465, 0.0 ], [ -89.197174, 13.484572, 0.0 ], [ -89.196994, 13.484784, 0.0 ], [ -89.196984, 13.484833, 0.0 ], [ -89.196848, 13.484906, 0.0 ], [ -89.196712, 13.484979, 0.0 ], [ -89.196603, 13.485067, 0.0 ], [ -89.196517, 13.485172, 0.0 ], [ -89.196492, 13.485164, 0.0 ], [ -89.196461, 13.485155, 0.0 ], [ -89.196437, 13.485149, 0.0 ], [ -89.196275, 13.485102, 0.0 ], [ -89.196234, 13.485099, 0.0 ], [ -89.1962, 13.485096, 0.0 ], [ -89.196097, 13.485087, 0.0 ], [ -89.196046, 13.485073, 0.0 ], [ -89.195928, 13.485042, 0.0 ], [ -89.195856, 13.485023, 0.0 ], [ -89.195708, 13.484987, 0.0 ], [ -89.195673, 13.485418, 0.0 ], [ -89.195638, 13.48585, 0.0 ], [ -89.195532, 13.4861, 0.0 ], [ -89.195357, 13.486385, 0.0 ], [ -89.195269, 13.486644, 0.0 ], [ -89.195375, 13.487058, 0.0 ], [ -89.195411, 13.487486, 0.0 ], [ -89.195111, 13.487823, 0.0 ], [ -89.194565, 13.487944, 0.0 ], [ -89.19416, 13.487936, 0.0 ], [ -89.193843, 13.488117, 0.0 ], [ -89.193473, 13.488601, 0.0 ], [ -89.193341, 13.488933, 0.0 ], [ -89.19336, 13.489597, 0.0 ], [ -89.193237, 13.490935, 0.0 ], [ -89.193236, 13.490942, 0.0 ], [ -89.193062, 13.492497, 0.0 ], [ -89.192975, 13.492902, 0.0 ], [ -89.192676, 13.493318, 0.0 ], [ -89.192606, 13.493525, 0.0 ], [ -89.192694, 13.493767, 0.0 ], [ -89.192994, 13.494129, 0.0 ], [ -89.193118, 13.494396, 0.0 ], [ -89.193198, 13.49481, 0.0 ], [ -89.192916, 13.495208, 0.0 ], [ -89.192478, 13.49546, 0.0 ], [ -89.192161, 13.495642, 0.0 ], [ -89.191637, 13.496272, 0.0 ], [ -89.191388, 13.496891, 0.0 ], [ -89.191291, 13.497107, 0.0 ], [ -89.191317, 13.497297, 0.0 ], [ -89.191478, 13.497418, 0.0 ], [ -89.191704, 13.49739, 0.0 ], [ -89.192008, 13.49732, 0.0 ], [ -89.192153, 13.497484, 0.0 ], [ -89.192092, 13.497881, 0.0 ], [ -89.191969, 13.498412, 0.0 ], [ -89.191916, 13.49905, 0.0 ], [ -89.191943, 13.499419, 0.0 ], [ -89.192076, 13.500199, 0.0 ], [ -89.192217, 13.500652, 0.0 ], [ -89.192526, 13.50118, 0.0 ], [ -89.192649, 13.501572, 0.0 ], [ -89.192664, 13.502079, 0.0 ], [ -89.192809, 13.502344, 0.0 ], [ -89.193025, 13.502697, 0.0 ], [ -89.193062, 13.503015, 0.0 ], [ -89.193062, 13.503262, 0.0 ], [ -89.192647, 13.503475, 0.0 ], [ -89.192232, 13.50344, 0.0 ], [ -89.191944, 13.503475, 0.0 ], [ -89.191709, 13.503475, 0.0 ], [ -89.191583, 13.50374, 0.0 ], [ -89.191583, 13.503988, 0.0 ], [ -89.192089, 13.504623, 0.0 ], [ -89.192378, 13.505083, 0.0 ], [ -89.192202, 13.50553, 0.0 ], [ -89.192101, 13.50581, 0.0 ], [ -89.192072, 13.506199, 0.0 ], [ -89.192007, 13.506819, 0.0 ], [ -89.191931, 13.507121, 0.0 ], [ -89.191841, 13.5073, 0.0 ], [ -89.19146, 13.507651, 0.0 ], [ -89.190829, 13.507982, 0.0 ], [ -89.190203, 13.508216, 0.0 ], [ -89.189638, 13.508362, 0.0 ], [ -89.18928, 13.50862, 0.0 ], [ -89.188902, 13.508982, 0.0 ], [ -89.188855, 13.50923, 0.0 ], [ -89.188844, 13.509511, 0.0 ], [ -89.188907, 13.509749, 0.0 ], [ -89.188882, 13.510124, 0.0 ], [ -89.189038, 13.510451, 0.0 ], [ -89.189412, 13.510888, 0.0 ], [ -89.189552, 13.511226, 0.0 ], [ -89.18946, 13.511757, 0.0 ], [ -89.189294, 13.512146, 0.0 ], [ -89.189004, 13.512701, 0.0 ], [ -89.188754, 13.513238, 0.0 ], [ -89.188608, 13.513419, 0.0 ], [ -89.188376, 13.513555, 0.0 ], [ -89.18811, 13.513718, 0.0 ], [ -89.188079, 13.513829, 0.0 ], [ -89.188084, 13.514025, 0.0 ], [ -89.188178, 13.514204, 0.0 ], [ -89.188539, 13.514615, 0.0 ], [ -89.188652, 13.514787, 0.0 ], [ -89.188639, 13.515077, 0.0 ], [ -89.188594, 13.515191, 0.0 ], [ -89.188405, 13.515432, 0.0 ], [ -89.18806, 13.515521, 0.0 ], [ -89.187767, 13.515719, 0.0 ], [ -89.18765, 13.515847, 0.0 ], [ -89.187565, 13.516048, 0.0 ], [ -89.187533, 13.516218, 0.0 ], [ -89.187576, 13.516389, 0.0 ], [ -89.187707, 13.51657, 0.0 ], [ -89.188011, 13.51691, 0.0 ], [ -89.188388, 13.517379, 0.0 ], [ -89.188485, 13.517754, 0.0 ], [ -89.188306, 13.518051, 0.0 ], [ -89.187785, 13.518811, 0.0 ], [ -89.187754, 13.51911, 0.0 ], [ -89.187776, 13.519282, 0.0 ], [ -89.18793, 13.519441, 0.0 ], [ -89.188144, 13.519584, 0.0 ], [ -89.188262, 13.519874, 0.0 ], [ -89.188284, 13.520148, 0.0 ], [ -89.188267, 13.520377, 0.0 ], [ -89.188046, 13.520996, 0.0 ], [ -89.187931, 13.521591, 0.0 ], [ -89.18797, 13.522192, 0.0 ], [ -89.187993, 13.522508, 0.0 ], [ -89.188056, 13.522738, 0.0 ], [ -89.188971, 13.523012, 0.0 ], [ -89.189174, 13.523072, 0.0 ], [ -89.18954, 13.523403, 0.0 ], [ -89.189545, 13.523728, 0.0 ], [ -89.18941, 13.524082, 0.0 ], [ -89.189389, 13.524108, 0.0 ], [ -89.189243, 13.524298, 0.0 ], [ -89.189099, 13.524439, 0.0 ], [ -89.188263, 13.525141, 0.0 ], [ -89.188075, 13.525405, 0.0 ], [ -89.188021, 13.525807, 0.0 ], [ -89.188028, 13.526483, 0.0 ], [ -89.18806, 13.527075, 0.0 ], [ -89.188101, 13.527376, 0.0 ], [ -89.188277, 13.527963, 0.0 ], [ -89.188268, 13.528124, 0.0 ], [ -89.188196, 13.528394, 0.0 ], [ -89.188075, 13.528547, 0.0 ], [ -89.187901, 13.528825, 0.0 ], [ -89.187847, 13.529006, 0.0 ], [ -89.187852, 13.529141, 0.0 ], [ -89.187879, 13.529355, 0.0 ], [ -89.187945, 13.52953, 0.0 ], [ -89.188157, 13.529954, 0.0 ], [ -89.188421, 13.530168, 0.0 ], [ -89.188676, 13.530622, 0.0 ], [ -89.188719, 13.530938, 0.0 ], [ -89.188672, 13.531203, 0.0 ], [ -89.188341, 13.531537, 0.0 ], [ -89.187654, 13.531933, 0.0 ], [ -89.187246, 13.532435, 0.0 ], [ -89.187192, 13.532658, 0.0 ], [ -89.187296, 13.53287, 0.0 ], [ -89.187373, 13.532984, 0.0 ], [ -89.187767, 13.533432, 0.0 ], [ -89.188056, 13.533621, 0.0 ], [ -89.188282, 13.533837, 0.0 ], [ -89.188356, 13.534219, 0.0 ], [ -89.188082, 13.53476, 0.0 ], [ -89.188021, 13.535027, 0.0 ], [ -89.188227, 13.535599, 0.0 ], [ -89.188468, 13.536026, 0.0 ], [ -89.188473, 13.536439, 0.0 ], [ -89.188428, 13.536629, 0.0 ], [ -89.188174, 13.537019, 0.0 ], [ -89.187791, 13.537461, 0.0 ], [ -89.187118, 13.537891, 0.0 ], [ -89.186515, 13.538385, 0.0 ], [ -89.186398, 13.538688, 0.0 ], [ -89.186085, 13.539567, 0.0 ], [ -89.185982, 13.539976, 0.0 ], [ -89.185994, 13.540705, 0.0 ], [ -89.185854, 13.541545, 0.0 ], [ -89.185366, 13.542531, 0.0 ], [ -89.185252, 13.54294, 0.0 ], [ -89.185421, 13.543706, 0.0 ], [ -89.185471, 13.544134, 0.0 ], [ -89.185426, 13.544278, 0.0 ], [ -89.185391, 13.54464, 0.0 ], [ -89.18533, 13.545181, 0.0 ], [ -89.185318, 13.545525, 0.0 ], [ -89.185309, 13.545754, 0.0 ], [ -89.185306, 13.545857, 0.0 ], [ -89.184916, 13.546238, 0.0 ], [ -89.184524, 13.546733, 0.0 ], [ -89.184515, 13.546834, 0.0 ], [ -89.184601, 13.546972, 0.0 ], [ -89.184657, 13.547062, 0.0 ], [ -89.184973, 13.547433, 0.0 ], [ -89.184998, 13.547953, 0.0 ], [ -89.185238, 13.548242, 0.0 ], [ -89.185351, 13.548661, 0.0 ], [ -89.185797, 13.549173, 0.0 ], [ -89.185906, 13.549476, 0.0 ], [ -89.18605, 13.549805, 0.0 ], [ -89.186447, 13.55051, 0.0 ], [ -89.186652, 13.550693, 0.0 ], [ -89.187019, 13.550715, 0.0 ], [ -89.187299, 13.550878, 0.0 ], [ -89.187633, 13.551177, 0.0 ], [ -89.187746, 13.551305, 0.0 ], [ -89.187773, 13.551552, 0.0 ], [ -89.187719, 13.551676, 0.0 ], [ -89.187199, 13.552092, 0.0 ], [ -89.187032, 13.552464, 0.0 ], [ -89.186996, 13.552654, 0.0 ], [ -89.186987, 13.552845, 0.0 ], [ -89.187069, 13.553163, 0.0 ], [ -89.187222, 13.553304, 0.0 ], [ -89.187518, 13.55354, 0.0 ], [ -89.187806, 13.55381, 0.0 ], [ -89.18821, 13.554247, 0.0 ], [ -89.188296, 13.554371, 0.0 ], [ -89.188287, 13.554512, 0.0 ], [ -89.18769, 13.555026, 0.0 ], [ -89.187407, 13.555447, 0.0 ], [ -89.187113, 13.556177, 0.0 ], [ -89.186975, 13.557, 0.0 ], [ -89.186948, 13.557639, 0.0 ], [ -89.187104, 13.558209, 0.0 ], [ -89.187208, 13.558472, 0.0 ], [ -89.187446, 13.559236, 0.0 ], [ -89.187482, 13.559521, 0.0 ], [ -89.187502, 13.559702, 0.0 ], [ -89.187598, 13.560398, 0.0 ], [ -89.18758, 13.560869, 0.0 ], [ -89.18744, 13.561094, 0.0 ], [ -89.187422, 13.561309, 0.0 ], [ -89.187477, 13.561497, 0.0 ], [ -89.187513, 13.561486, 0.0 ], [ -89.187725, 13.561651, 0.0 ], [ -89.188225, 13.562056, 0.0 ], [ -89.188386, 13.56244, 0.0 ], [ -89.188526, 13.562983, 0.0 ], [ -89.188506, 13.563198, 0.0 ], [ -89.188425, 13.563322, 0.0 ], [ -89.188267, 13.56349, 0.0 ], [ -89.187999, 13.563729, 0.0 ], [ -89.187947, 13.563835, 0.0 ], [ -89.187839, 13.563986, 0.0 ], [ -89.187411, 13.56443, 0.0 ], [ -89.187375, 13.564595, 0.0 ], [ -89.187411, 13.564735, 0.0 ], [ -89.187469, 13.56471, 0.0 ], [ -89.187498, 13.564696, 0.0 ], [ -89.187506, 13.564691, 0.0 ], [ -89.187525, 13.564681, 0.0 ], [ -89.187553, 13.564621, 0.0 ], [ -89.187562, 13.564603, 0.0 ], [ -89.187582, 13.564558, 0.0 ], [ -89.187613, 13.564492, 0.0 ], [ -89.187623, 13.564471, 0.0 ], [ -89.187648, 13.564418, 0.0 ], [ -89.187677, 13.564424, 0.0 ], [ -89.187686, 13.564426, 0.0 ], [ -89.187711, 13.564432, 0.0 ], [ -89.187888, 13.564205, 0.0 ], [ -89.187942, 13.564134, 0.0 ], [ -89.188111, 13.563916, 0.0 ], [ -89.188197, 13.56392, 0.0 ], [ -89.188224, 13.563921, 0.0 ], [ -89.188314, 13.563925, 0.0 ], [ -89.188348, 13.563926, 0.0 ], [ -89.188359, 13.563926, 0.0 ], [ -89.188398, 13.563928, 0.0 ], [ -89.18851, 13.563928, 0.0 ], [ -89.188567, 13.563919, 0.0 ], [ -89.188585, 13.563916, 0.0 ], [ -89.188662, 13.563904, 0.0 ], [ -89.188767, 13.56387, 0.0 ], [ -89.188799, 13.563859, 0.0 ], [ -89.188953, 13.563807, 0.0 ], [ -89.189015, 13.563772, 0.0 ], [ -89.189035, 13.56376, 0.0 ], [ -89.189135, 13.563703, 0.0 ], [ -89.189161, 13.563698, 0.0 ], [ -89.189169, 13.563697, 0.0 ], [ -89.189215, 13.56369, 0.0 ], [ -89.18927, 13.563721, 0.0 ], [ -89.189288, 13.563731, 0.0 ], [ -89.189394, 13.563791, 0.0 ], [ -89.189415, 13.563798, 0.0 ], [ -89.189422, 13.5638, 0.0 ], [ -89.189466, 13.563815, 0.0 ], [ -89.189497, 13.563812, 0.0 ], [ -89.189507, 13.563811, 0.0 ], [ -89.189578, 13.563803, 0.0 ], [ -89.189623, 13.563799, 0.0 ], [ -89.189638, 13.563797, 0.0 ], [ -89.189752, 13.563786, 0.0 ], [ -89.189811, 13.563768, 0.0 ], [ -89.18983, 13.563762, 0.0 ], [ -89.189995, 13.563713, 0.0 ], [ -89.190015, 13.563714, 0.0 ], [ -89.190021, 13.563714, 0.0 ], [ -89.190083, 13.563718, 0.0 ], [ -89.190113, 13.563723, 0.0 ], [ -89.190123, 13.563724, 0.0 ], [ -89.190227, 13.563741, 0.0 ], [ -89.190289, 13.563758, 0.0 ], [ -89.190309, 13.563764, 0.0 ], [ -89.190545, 13.56383, 0.0 ], [ -89.190592, 13.563829, 0.0 ], [ -89.190608, 13.563829, 0.0 ], [ -89.190809, 13.563827, 0.0 ], [ -89.190847, 13.56379, 0.0 ], [ -89.19086, 13.563777, 0.0 ], [ -89.191045, 13.563598, 0.0 ], [ -89.191058, 13.5636, 0.0 ], [ -89.191062, 13.563601, 0.0 ], [ -89.191135, 13.563615, 0.0 ], [ -89.191143, 13.563615, 0.0 ], [ -89.191145, 13.563615, 0.0 ], [ -89.191196, 13.563618, 0.0 ], [ -89.191207, 13.563614, 0.0 ], [ -89.191211, 13.563613, 0.0 ], [ -89.191292, 13.563586, 0.0 ], [ -89.1913, 13.563585, 0.0 ], [ -89.191303, 13.563585, 0.0 ], [ -89.191372, 13.563576, 0.0 ], [ -89.191477, 13.563575, 0.0 ], [ -89.191491, 13.563571, 0.0 ], [ -89.191497, 13.563569, 0.0 ], [ -89.191701, 13.563505, 0.0 ], [ -89.19177, 13.563505, 0.0 ], [ -89.191773, 13.563505, 0.0 ], [ -89.191775, 13.563506, 0.0 ], [ -89.19188, 13.563523, 0.0 ], [ -89.191882, 13.563524, 0.0 ], [ -89.191885, 13.563524, 0.0 ], [ -89.192082, 13.56357, 0.0 ], [ -89.192083, 13.56357, 0.0 ], [ -89.192161, 13.563549, 0.0 ], [ -89.192163, 13.563549, 0.0 ], [ -89.192309, 13.563463, 0.0 ], [ -89.192315, 13.56346, 0.0 ], [ -89.192427, 13.56346, 0.0 ], [ -89.192511, 13.563503, 0.0 ], [ -89.192512, 13.563504, 0.0 ], [ -89.192518, 13.563507, 0.0 ], [ -89.192595, 13.563502, 0.0 ], [ -89.192596, 13.563502, 0.0 ], [ -89.192603, 13.563501, 0.0 ], [ -89.192634, 13.56349, 0.0 ], [ -89.192635, 13.56349, 0.0 ], [ -89.192638, 13.563488, 0.0 ], [ -89.192764, 13.563423, 0.0 ], [ -89.192768, 13.563421, 0.0 ], [ -89.192785, 13.563412, 0.0 ], [ -89.192861, 13.563397, 0.0 ], [ -89.192863, 13.563397, 0.0 ], [ -89.192876, 13.563394, 0.0 ], [ -89.193183, 13.563369, 0.0 ], [ -89.193196, 13.563368, 0.0 ], [ -89.193253, 13.563364, 0.0 ], [ -89.193858, 13.563342, 0.0 ], [ -89.193888, 13.563341, 0.0 ], [ -89.194016, 13.563337, 0.0 ], [ -89.194339, 13.563325, 0.0 ], [ -89.194358, 13.563325, 0.0 ], [ -89.194435, 13.563322, 0.0 ], [ -89.194537, 13.563922, 0.0 ], [ -89.194544, 13.563962, 0.0 ], [ -89.194571, 13.564122, 0.0 ], [ -89.194655, 13.564211, 0.0 ], [ -89.194661, 13.564217, 0.0 ], [ -89.194686, 13.564243, 0.0 ], [ -89.194964, 13.564418, 0.0 ], [ -89.194987, 13.564432, 0.0 ], [ -89.195078, 13.564489, 0.0 ], [ -89.195175, 13.56456, 0.0 ], [ -89.195183, 13.564566, 0.0 ], [ -89.195218, 13.564591, 0.0 ], [ -89.195771, 13.564984, 0.0 ], [ -89.195828, 13.565024, 0.0 ], [ -89.196049, 13.565181, 0.0 ], [ -89.196086, 13.565208, 0.0 ], [ -89.196091, 13.565211, 0.0 ], [ -89.196107, 13.565223, 0.0 ], [ -89.196131, 13.56524, 0.0 ], [ -89.196134, 13.565242, 0.0 ], [ -89.196146, 13.56525, 0.0 ], [ -89.196234, 13.565313, 0.0 ], [ -89.196246, 13.565321, 0.0 ], [ -89.196292, 13.565354, 0.0 ], [ -89.196332, 13.565399, 0.0 ], [ -89.196338, 13.565405, 0.0 ], [ -89.196361, 13.565431, 0.0 ], [ -89.196372, 13.565457, 0.0 ], [ -89.196374, 13.565461, 0.0 ], [ -89.19638, 13.565477, 0.0 ], [ -89.196402, 13.565537, 0.0 ], [ -89.196405, 13.565547, 0.0 ], [ -89.19642, 13.565587, 0.0 ], [ -89.196423, 13.565841, 0.0 ], [ -89.196424, 13.565891, 0.0 ], [ -89.196427, 13.566078, 0.0 ], [ -89.19643, 13.566278, 0.0 ], [ -89.196431, 13.566321, 0.0 ], [ -89.196433, 13.566481, 0.0 ], [ -89.196444, 13.566688, 0.0 ], [ -89.196446, 13.566736, 0.0 ], [ -89.196455, 13.566916, 0.0 ], [ -89.19644, 13.567052, 0.0 ], [ -89.196436, 13.567087, 0.0 ], [ -89.196421, 13.567216, 0.0 ], [ -89.196415, 13.567272, 0.0 ], [ -89.196413, 13.567287, 0.0 ], [ -89.196406, 13.567345, 0.0 ], [ -89.196334, 13.567561, 0.0 ], [ -89.196312, 13.567627, 0.0 ], [ -89.19623, 13.567871, 0.0 ], [ -89.196273, 13.567923, 0.0 ], [ -89.196287, 13.56794, 0.0 ], [ -89.19634, 13.568003, 0.0 ], [ -89.196354, 13.568052, 0.0 ], [ -89.19636, 13.568069, 0.0 ], [ -89.196379, 13.568134, 0.0 ], [ -89.196374, 13.568151, 0.0 ], [ -89.196372, 13.568157, 0.0 ], [ -89.196365, 13.568181, 0.0 ], [ -89.196349, 13.568232, 0.0 ], [ -89.196342, 13.568255, 0.0 ], [ -89.196316, 13.568338, 0.0 ], [ -89.196291, 13.568418, 0.0 ], [ -89.196279, 13.568458, 0.0 ], [ -89.196234, 13.568601, 0.0 ], [ -89.196235, 13.568609, 0.0 ], [ -89.196235, 13.568613, 0.0 ], [ -89.196236, 13.568627, 0.0 ], [ -89.196238, 13.568631, 0.0 ], [ -89.196239, 13.568633, 0.0 ], [ -89.196243, 13.568641, 0.0 ], [ -89.196245, 13.568644, 0.0 ], [ -89.196246, 13.568647, 0.0 ], [ -89.196252, 13.568654, 0.0 ], [ -89.196277, 13.568678, 0.0 ], [ -89.196295, 13.568696, 0.0 ], [ -89.196362, 13.568763, 0.0 ], [ -89.196363, 13.568851, 0.0 ], [ -89.196364, 13.568927, 0.0 ], [ -89.196367, 13.569202, 0.0 ], [ -89.196392, 13.569261, 0.0 ], [ -89.196416, 13.56932, 0.0 ], [ -89.196505, 13.569532, 0.0 ], [ -89.196508, 13.569566, 0.0 ], [ -89.196511, 13.569606, 0.0 ], [ -89.196524, 13.569749, 0.0 ], [ -89.196521, 13.569777, 0.0 ], [ -89.196516, 13.569814, 0.0 ], [ -89.1965, 13.569951, 0.0 ], [ -89.196479, 13.569978, 0.0 ], [ -89.196444, 13.570024, 0.0 ], [ -89.196317, 13.570189, 0.0 ], [ -89.196304, 13.570205, 0.0 ], [ -89.196275, 13.570238, 0.0 ], [ -89.196172, 13.570359, 0.0 ], [ -89.196168, 13.570363, 0.0 ], [ -89.196157, 13.570376, 0.0 ], [ -89.196117, 13.570421, 0.0 ], [ -89.196103, 13.570433, 0.0 ], [ -89.196047, 13.57048, 0.0 ], [ -89.195846, 13.570651, 0.0 ], [ -89.195847, 13.570672, 0.0 ], [ -89.195858, 13.570816, 0.0 ], [ -89.195896, 13.571336, 0.0 ], [ -89.195897, 13.571343, 0.0 ], [ -89.195915, 13.571492, 0.0 ], [ -89.195977, 13.572022, 0.0 ], [ -89.195978, 13.57203, 0.0 ], [ -89.196167, 13.572105, 0.0 ], [ -89.196852, 13.572376, 0.0 ], [ -89.196882, 13.572387, 0.0 ], [ -89.197361, 13.572655, 0.0 ], [ -89.197409, 13.572681, 0.0 ], [ -89.197352, 13.572752, 0.0 ], [ -89.197238, 13.572916, 0.0 ], [ -89.197155, 13.573379, 0.0 ], [ -89.19703, 13.57391, 0.0 ], [ -89.196907, 13.574327, 0.0 ], [ -89.196893, 13.574376, 0.0 ], [ -89.196787, 13.574692, 0.0 ], [ -89.196737, 13.574912, 0.0 ], [ -89.196725, 13.575243, 0.0 ], [ -89.196641, 13.575477, 0.0 ], [ -89.19643, 13.576003, 0.0 ], [ -89.19641, 13.576135, 0.0 ], [ -89.196327, 13.576671, 0.0 ], [ -89.196319, 13.576731, 0.0 ], [ -89.196331, 13.576877, 0.0 ], [ -89.196373, 13.577037, 0.0 ], [ -89.196404, 13.577101, 0.0 ], [ -89.196501, 13.577162, 0.0 ], [ -89.196633, 13.577232, 0.0 ], [ -89.196852, 13.577329, 0.0 ], [ -89.196967, 13.577429, 0.0 ], [ -89.197015, 13.5775, 0.0 ], [ -89.197054, 13.577688, 0.0 ], [ -89.197072, 13.577922, 0.0 ], [ -89.19712, 13.578171, 0.0 ], [ -89.197208, 13.57833, 0.0 ], [ -89.197299, 13.578463, 0.0 ], [ -89.197448, 13.578665, 0.0 ], [ -89.197495, 13.578783, 0.0 ], [ -89.197495, 13.578884, 0.0 ], [ -89.197438, 13.578937, 0.0 ], [ -89.197208, 13.579074, 0.0 ], [ -89.197069, 13.579234, 0.0 ], [ -89.197009, 13.579349, 0.0 ], [ -89.196885, 13.579676, 0.0 ], [ -89.196862, 13.579754, 0.0 ], [ -89.196848, 13.58, 0.0 ], [ -89.19684, 13.580203, 0.0 ], [ -89.196852, 13.580247, 0.0 ], [ -89.197011, 13.580403, 0.0 ], [ -89.197326, 13.580914, 0.0 ], [ -89.197482, 13.581427, 0.0 ], [ -89.197621, 13.581738, 0.0 ], [ -89.197661, 13.581978, 0.0 ], [ -89.197675, 13.582061, 0.0 ], [ -89.197774, 13.582396, 0.0 ], [ -89.197793, 13.582401, 0.0 ], [ -89.197866, 13.582421, 0.0 ], [ -89.197997, 13.582355, 0.0 ], [ -89.198179, 13.582279, 0.0 ], [ -89.198346, 13.582232, 0.0 ], [ -89.198778, 13.582145, 0.0 ], [ -89.198969, 13.582142, 0.0 ], [ -89.199214, 13.582174, 0.0 ], [ -89.199457, 13.58227, 0.0 ], [ -89.199818, 13.58234, 0.0 ], [ -89.199988, 13.582358, 0.0 ], [ -89.200093, 13.582294, 0.0 ], [ -89.200187, 13.582316, 0.0 ], [ -89.200348, 13.582275, 0.0 ], [ -89.200589, 13.582185, 0.0 ], [ -89.200787, 13.582155, 0.0 ], [ -89.200986, 13.582125, 0.0 ], [ -89.201111, 13.582109, 0.0 ], [ -89.201657, 13.581905, 0.0 ], [ -89.20174, 13.581885, 0.0 ], [ -89.201834, 13.581911, 0.0 ], [ -89.202228, 13.582094, 0.0 ], [ -89.202335, 13.582196, 0.0 ], [ -89.202392, 13.582328, 0.0 ], [ -89.202452, 13.582548, 0.0 ], [ -89.202464, 13.582578, 0.0 ], [ -89.202563, 13.582659, 0.0 ], [ -89.202699, 13.582664, 0.0 ], [ -89.202782, 13.582645, 0.0 ], [ -89.202957, 13.582653, 0.0 ], [ -89.203358, 13.582243, 0.0 ], [ -89.203587, 13.58219, 0.0 ], [ -89.203846, 13.582161, 0.0 ], [ -89.203924, 13.582152, 0.0 ], [ -89.204016, 13.582166, 0.0 ], [ -89.204389, 13.582323, 0.0 ], [ -89.204664, 13.582425, 0.0 ], [ -89.20468, 13.582431, 0.0 ], [ -89.204943, 13.582459, 0.0 ], [ -89.205107, 13.582449, 0.0 ], [ -89.205314, 13.582432, 0.0 ], [ -89.205563, 13.582476, 0.0 ], [ -89.205792, 13.58261, 0.0 ], [ -89.20583, 13.582633, 0.0 ], [ -89.206017, 13.582698, 0.0 ], [ -89.206235, 13.582874, 0.0 ], [ -89.206364, 13.582975, 0.0 ], [ -89.206445, 13.582998, 0.0 ], [ -89.206606, 13.582981, 0.0 ], [ -89.207146, 13.58298, 0.0 ], [ -89.207223, 13.582959, 0.0 ], [ -89.207535, 13.58274, 0.0 ], [ -89.207633, 13.582631, 0.0 ], [ -89.207681, 13.582594, 0.0 ], [ -89.207735, 13.582572, 0.0 ], [ -89.207774, 13.582577, 0.0 ], [ -89.207801, 13.582603, 0.0 ], [ -89.207805, 13.582648, 0.0 ], [ -89.207752, 13.582859, 0.0 ], [ -89.207741, 13.582954, 0.0 ], [ -89.207779, 13.583211, 0.0 ], [ -89.207795, 13.583243, 0.0 ], [ -89.207861, 13.583328, 0.0 ], [ -89.207958, 13.58338, 0.0 ], [ -89.208093, 13.583415, 0.0 ], [ -89.208207, 13.583409, 0.0 ], [ -89.208362, 13.583315, 0.0 ], [ -89.208437, 13.583275, 0.0 ], [ -89.208472, 13.583257, 0.0 ], [ -89.208754, 13.583061, 0.0 ], [ -89.208926, 13.583011, 0.0 ], [ -89.209051, 13.582996, 0.0 ], [ -89.209218, 13.583041, 0.0 ], [ -89.209331, 13.583079, 0.0 ], [ -89.209495, 13.583184, 0.0 ], [ -89.209606, 13.583266, 0.0 ], [ -89.209882, 13.583484, 0.0 ], [ -89.20994, 13.583521, 0.0 ], [ -89.21018, 13.583687, 0.0 ], [ -89.210356, 13.583734, 0.0 ], [ -89.210659, 13.583684, 0.0 ], [ -89.210854, 13.583648, 0.0 ], [ -89.210948, 13.58366, 0.0 ], [ -89.211189, 13.583882, 0.0 ], [ -89.211289, 13.584023, 0.0 ], [ -89.211344, 13.584067, 0.0 ], [ -89.211372, 13.584091, 0.0 ], [ -89.21147, 13.58414, 0.0 ], [ -89.211627, 13.584137, 0.0 ], [ -89.211958, 13.583983, 0.0 ], [ -89.212257, 13.583915, 0.0 ], [ -89.212426, 13.583928, 0.0 ], [ -89.212795, 13.58407, 0.0 ], [ -89.213303, 13.584199, 0.0 ], [ -89.213676, 13.584352, 0.0 ], [ -89.213931, 13.584477, 0.0 ], [ -89.214117, 13.584638, 0.0 ], [ -89.21421, 13.584661, 0.0 ], [ -89.21439, 13.584665, 0.0 ], [ -89.214563, 13.584688, 0.0 ], [ -89.214957, 13.584742, 0.0 ], [ -89.215391, 13.584768, 0.0 ], [ -89.215493, 13.5848, 0.0 ], [ -89.215561, 13.584822, 0.0 ], [ -89.21563, 13.584832, 0.0 ], [ -89.215768, 13.584831, 0.0 ], [ -89.215916, 13.584848, 0.0 ], [ -89.216128, 13.584865, 0.0 ], [ -89.216244, 13.584854, 0.0 ], [ -89.216309, 13.584845, 0.0 ], [ -89.21647, 13.584812, 0.0 ], [ -89.216653, 13.58471, 0.0 ], [ -89.216683, 13.584681, 0.0 ], [ -89.216734, 13.58463, 0.0 ], [ -89.216784, 13.584559, 0.0 ], [ -89.21687, 13.584443, 0.0 ], [ -89.216997, 13.584408, 0.0 ], [ -89.217182, 13.584323, 0.0 ], [ -89.217328, 13.58419, 0.0 ], [ -89.217403, 13.58406, 0.0 ], [ -89.217581, 13.583703, 0.0 ], [ -89.217732, 13.583577, 0.0 ], [ -89.217829, 13.583529, 0.0 ], [ -89.217952, 13.583505, 0.0 ], [ -89.218112, 13.58354, 0.0 ], [ -89.218172, 13.583561, 0.0 ], [ -89.218389, 13.583715, 0.0 ], [ -89.218809, 13.584056, 0.0 ], [ -89.218986, 13.584225, 0.0 ], [ -89.21903, 13.584306, 0.0 ], [ -89.219064, 13.584441, 0.0 ], [ -89.219078, 13.584536, 0.0 ], [ -89.219233, 13.584701, 0.0 ], [ -89.219442, 13.584816, 0.0 ], [ -89.219674, 13.584987, 0.0 ], [ -89.219836, 13.585107, 0.0 ], [ -89.220163, 13.585237, 0.0 ], [ -89.220233, 13.585351, 0.0 ], [ -89.220272, 13.585643, 0.0 ], [ -89.220213, 13.58574, 0.0 ], [ -89.22004, 13.585855, 0.0 ], [ -89.220001, 13.58589, 0.0 ], [ -89.219965, 13.585943, 0.0 ], [ -89.21995, 13.586046, 0.0 ], [ -89.21998, 13.586093, 0.0 ], [ -89.220257, 13.586259, 0.0 ], [ -89.22032, 13.586291, 0.0 ], [ -89.220424, 13.586285, 0.0 ], [ -89.220514, 13.586267, 0.0 ], [ -89.220565, 13.586237, 0.0 ], [ -89.220643, 13.58619, 0.0 ], [ -89.220766, 13.586137, 0.0 ], [ -89.22096, 13.586177, 0.0 ], [ -89.221043, 13.586245, 0.0 ], [ -89.221166, 13.586333, 0.0 ], [ -89.221339, 13.58647, 0.0 ], [ -89.221398, 13.586593, 0.0 ], [ -89.221479, 13.586771, 0.0 ], [ -89.221577, 13.586963, 0.0 ], [ -89.222116, 13.587204, 0.0 ], [ -89.222281, 13.587231, 0.0 ], [ -89.222656, 13.587207, 0.0 ], [ -89.223002, 13.587159, 0.0 ], [ -89.22328, 13.587079, 0.0 ], [ -89.223712, 13.586976, 0.0 ], [ -89.22406, 13.586873, 0.0 ], [ -89.224189, 13.586816, 0.0 ], [ -89.224264, 13.586816, 0.0 ], [ -89.224457, 13.586959, 0.0 ], [ -89.224692, 13.587007, 0.0 ], [ -89.224767, 13.586989, 0.0 ], [ -89.224977, 13.586912, 0.0 ], [ -89.225074, 13.586882, 0.0 ], [ -89.225182, 13.586865, 0.0 ], [ -89.225266, 13.586874, 0.0 ], [ -89.22532, 13.586908, 0.0 ], [ -89.225517, 13.587423, 0.0 ], [ -89.225523, 13.587469, 0.0 ], [ -89.225562, 13.587507, 0.0 ], [ -89.225585, 13.587494, 0.0 ], [ -89.225896, 13.587319, 0.0 ], [ -89.226876, 13.586767, 0.0 ], [ -89.226877, 13.586766, 0.0 ], [ -89.227336, 13.586522, 0.0 ], [ -89.228821, 13.585732, 0.0 ], [ -89.228852, 13.585715, 0.0 ], [ -89.22893, 13.585674, 0.0 ], [ -89.228949, 13.585664, 0.0 ], [ -89.228999, 13.585753, 0.0 ], [ -89.229084, 13.585882, 0.0 ], [ -89.229235, 13.586005, 0.0 ], [ -89.229444, 13.586062, 0.0 ], [ -89.229666, 13.586091, 0.0 ], [ -89.229809, 13.586069, 0.0 ], [ -89.229915, 13.586041, 0.0 ], [ -89.23005, 13.586007, 0.0 ], [ -89.230259, 13.585982, 0.0 ], [ -89.230358, 13.58599, 0.0 ], [ -89.230475, 13.58602, 0.0 ], [ -89.230599, 13.586064, 0.0 ], [ -89.230728, 13.586147, 0.0 ], [ -89.230854, 13.586291, 0.0 ], [ -89.23085, 13.586545, 0.0 ], [ -89.23085, 13.586746, 0.0 ], [ -89.230828, 13.587076, 0.0 ], [ -89.230816, 13.587228, 0.0 ], [ -89.230971, 13.587376, 0.0 ], [ -89.231081, 13.587496, 0.0 ], [ -89.231283, 13.587669, 0.0 ], [ -89.231323, 13.587706, 0.0 ], [ -89.231401, 13.587834, 0.0 ], [ -89.231572, 13.58822, 0.0 ], [ -89.231598, 13.588276, 0.0 ], [ -89.231661, 13.588422, 0.0 ], [ -89.231661, 13.588656, 0.0 ], [ -89.231652, 13.588739, 0.0 ], [ -89.231538, 13.589001, 0.0 ], [ -89.231479, 13.589051, 0.0 ], [ -89.231347, 13.58915, 0.0 ], [ -89.231112, 13.589294, 0.0 ], [ -89.231058, 13.589339, 0.0 ], [ -89.231001, 13.589435, 0.0 ], [ -89.230994, 13.589505, 0.0 ], [ -89.230991, 13.589665, 0.0 ], [ -89.230978, 13.589755, 0.0 ], [ -89.230951, 13.590022, 0.0 ], [ -89.231001, 13.590343, 0.0 ], [ -89.231018, 13.590424, 0.0 ], [ -89.231025, 13.590461, 0.0 ], [ -89.23108, 13.590696, 0.0 ], [ -89.231113, 13.590972, 0.0 ], [ -89.231124, 13.591061, 0.0 ], [ -89.231146, 13.591236, 0.0 ], [ -89.231231, 13.591416, 0.0 ], [ -89.231388, 13.591717, 0.0 ], [ -89.231513, 13.59199, 0.0 ], [ -89.231564, 13.592092, 0.0 ], [ -89.231646, 13.592352, 0.0 ], [ -89.231632, 13.592502, 0.0 ], [ -89.231563, 13.592674, 0.0 ], [ -89.231507, 13.592758, 0.0 ], [ -89.231309, 13.592992, 0.0 ], [ -89.231228, 13.59321, 0.0 ], [ -89.231179, 13.593431, 0.0 ], [ -89.23096, 13.594102, 0.0 ], [ -89.230823, 13.594214, 0.0 ], [ -89.230724, 13.594316, 0.0 ], [ -89.230633, 13.594461, 0.0 ], [ -89.230587, 13.594545, 0.0 ], [ -89.230351, 13.595193, 0.0 ], [ -89.230295, 13.595341, 0.0 ], [ -89.230042, 13.595808, 0.0 ], [ -89.229961, 13.595964, 0.0 ], [ -89.229839, 13.596101, 0.0 ], [ -89.229763, 13.596171, 0.0 ], [ -89.229625, 13.596222, 0.0 ], [ -89.229369, 13.596176, 0.0 ], [ -89.229247, 13.596194, 0.0 ], [ -89.22919, 13.596282, 0.0 ], [ -89.229165, 13.596377, 0.0 ], [ -89.229194, 13.596486, 0.0 ], [ -89.229104, 13.596652, 0.0 ], [ -89.229039, 13.596799, 0.0 ], [ -89.228961, 13.597046, 0.0 ], [ -89.228849, 13.597453, 0.0 ], [ -89.228775, 13.597534, 0.0 ], [ -89.228412, 13.59797, 0.0 ], [ -89.228148, 13.598334, 0.0 ], [ -89.228007, 13.598555, 0.0 ], [ -89.227787, 13.598892, 0.0 ], [ -89.227852, 13.599181, 0.0 ], [ -89.227942, 13.599453, 0.0 ], [ -89.227962, 13.599679, 0.0 ], [ -89.227929, 13.599862, 0.0 ], [ -89.227884, 13.600044, 0.0 ], [ -89.227765, 13.600453, 0.0 ], [ -89.22751, 13.600822, 0.0 ], [ -89.227433, 13.600974, 0.0 ], [ -89.227397, 13.601112, 0.0 ], [ -89.227412, 13.60122, 0.0 ], [ -89.227458, 13.601579, 0.0 ], [ -89.227404, 13.601691, 0.0 ], [ -89.227308, 13.601846, 0.0 ], [ -89.227128, 13.601975, 0.0 ], [ -89.22681, 13.602165, 0.0 ], [ -89.226647, 13.602346, 0.0 ], [ -89.226382, 13.602609, 0.0 ], [ -89.22622, 13.60301, 0.0 ], [ -89.226211, 13.603295, 0.0 ], [ -89.226253, 13.603448, 0.0 ], [ -89.22642, 13.604037, 0.0 ], [ -89.226437, 13.604102, 0.0 ], [ -89.226465, 13.60421, 0.0 ], [ -89.226517, 13.604363, 0.0 ], [ -89.226534, 13.60447, 0.0 ], [ -89.226517, 13.604564, 0.0 ], [ -89.226462, 13.604739, 0.0 ], [ -89.226454, 13.60483, 0.0 ], [ -89.226462, 13.604977, 0.0 ], [ -89.226458, 13.605347, 0.0 ], [ -89.226495, 13.605517, 0.0 ], [ -89.22659, 13.605691, 0.0 ], [ -89.226655, 13.605766, 0.0 ], [ -89.226743, 13.6058, 0.0 ], [ -89.226952, 13.605834, 0.0 ], [ -89.227157, 13.605853, 0.0 ], [ -89.227333, 13.605917, 0.0 ], [ -89.22759, 13.606218, 0.0 ], [ -89.227883, 13.606671, 0.0 ], [ -89.228165, 13.606987, 0.0 ], [ -89.228203, 13.6073, 0.0 ], [ -89.228188, 13.607749, 0.0 ], [ -89.22818, 13.608291, 0.0 ], [ -89.228039, 13.608797, 0.0 ], [ -89.228005, 13.608907, 0.0 ], [ -89.227968, 13.60911, 0.0 ], [ -89.227817, 13.609328, 0.0 ], [ -89.227449, 13.609565, 0.0 ], [ -89.227167, 13.609765, 0.0 ], [ -89.227028, 13.609936, 0.0 ], [ -89.226802, 13.610388, 0.0 ], [ -89.226808, 13.610517, 0.0 ], [ -89.226884, 13.610724, 0.0 ], [ -89.227022, 13.610909, 0.0 ], [ -89.227179, 13.611036, 0.0 ], [ -89.227359, 13.611183, 0.0 ], [ -89.227504, 13.611314, 0.0 ], [ -89.227538, 13.611364, 0.0 ], [ -89.227604, 13.611491, 0.0 ], [ -89.22761, 13.611728, 0.0 ], [ -89.227587, 13.611834, 0.0 ], [ -89.227533, 13.612064, 0.0 ], [ -89.227515, 13.612248, 0.0 ], [ -89.227513, 13.612378, 0.0 ], [ -89.227583, 13.612712, 0.0 ], [ -89.22761, 13.612812, 0.0 ], [ -89.22774, 13.613169, 0.0 ], [ -89.227868, 13.61345, 0.0 ], [ -89.227901, 13.613605, 0.0 ], [ -89.227902, 13.613967, 0.0 ], [ -89.227879, 13.614309, 0.0 ], [ -89.227881, 13.614469, 0.0 ], [ -89.227918, 13.614577, 0.0 ], [ -89.228013, 13.614694, 0.0 ], [ -89.22813, 13.614849, 0.0 ], [ -89.228188, 13.614986, 0.0 ], [ -89.228225, 13.615132, 0.0 ], [ -89.228222, 13.615276, 0.0 ], [ -89.228155, 13.615507, 0.0 ], [ -89.228075, 13.61572, 0.0 ], [ -89.227993, 13.615867, 0.0 ], [ -89.227879, 13.616014, 0.0 ], [ -89.227521, 13.616353, 0.0 ], [ -89.227464, 13.616548, 0.0 ], [ -89.227424, 13.616758, 0.0 ], [ -89.227567, 13.616845, 0.0 ], [ -89.227567, 13.616985, 0.0 ], [ -89.227627, 13.617498, 0.0 ], [ -89.22783, 13.617952, 0.0 ], [ -89.228087, 13.618287, 0.0 ], [ -89.228143, 13.618359, 0.0 ], [ -89.228237, 13.618669, 0.0 ], [ -89.22843, 13.618849, 0.0 ], [ -89.228792, 13.618869, 0.0 ], [ -89.228748, 13.618974, 0.0 ], [ -89.228673, 13.619151, 0.0 ], [ -89.228513, 13.619532, 0.0 ], [ -89.228391, 13.619958, 0.0 ], [ -89.228416, 13.620015, 0.0 ], [ -89.228579, 13.620384, 0.0 ], [ -89.228615, 13.620466, 0.0 ], [ -89.228627, 13.620481, 0.0 ], [ -89.228799, 13.620683, 0.0 ], [ -89.22893, 13.62071, 0.0 ], [ -89.228982, 13.620998, 0.0 ], [ -89.229092, 13.621257, 0.0 ], [ -89.229178, 13.62146, 0.0 ], [ -89.229018, 13.621914, 0.0 ], [ -89.229021, 13.622684, 0.0 ], [ -89.229022, 13.622864, 0.0 ], [ -89.229022, 13.622938, 0.0 ], [ -89.229478, 13.623325, 0.0 ], [ -89.229415, 13.623328, 0.0 ], [ -89.228598, 13.623372, 0.0 ], [ -89.228261, 13.62339, 0.0 ], [ -89.227808, 13.623415, 0.0 ], [ -89.227643, 13.623425, 0.0 ], [ -89.22758, 13.623429, 0.0 ], [ -89.22748, 13.623436, 0.0 ], [ -89.227278, 13.623452, 0.0 ], [ -89.227204, 13.623458, 0.0 ], [ -89.227071, 13.623468, 0.0 ], [ -89.227036, 13.623469, 0.0 ], [ -89.227023, 13.62347, 0.0 ], [ -89.226998, 13.623471, 0.0 ], [ -89.226618, 13.623487, 0.0 ], [ -89.226496, 13.623492, 0.0 ], [ -89.226205, 13.623504, 0.0 ], [ -89.226183, 13.623505, 0.0 ], [ -89.226177, 13.623505, 0.0 ], [ -89.226158, 13.623506, 0.0 ], [ -89.226111, 13.623543, 0.0 ], [ -89.226103, 13.623619, 0.0 ], [ -89.226088, 13.623713, 0.0 ], [ -89.226025, 13.624116, 0.0 ], [ -89.225991, 13.624314, 0.0 ], [ -89.22597, 13.624576, 0.0 ], [ -89.225983, 13.624811, 0.0 ], [ -89.226003, 13.625046, 0.0 ], [ -89.226017, 13.625111, 0.0 ], [ -89.226118, 13.625366, 0.0 ], [ -89.226204, 13.625604, 0.0 ], [ -89.226328, 13.625927, 0.0 ], [ -89.226399, 13.626144, 0.0 ], [ -89.226472, 13.626323, 0.0 ], [ -89.226531, 13.626481, 0.0 ], [ -89.226536, 13.626538, 0.0 ], [ -89.226536, 13.62654, 0.0 ], [ -89.226524, 13.626654, 0.0 ], [ -89.226499, 13.626727, 0.0 ], [ -89.226423, 13.626863, 0.0 ], [ -89.226396, 13.626914, 0.0 ], [ -89.226349, 13.626999, 0.0 ], [ -89.226183, 13.627224, 0.0 ], [ -89.225995, 13.627457, 0.0 ], [ -89.225962, 13.627498, 0.0 ], [ -89.225891, 13.627585, 0.0 ], [ -89.225811, 13.62769, 0.0 ], [ -89.225739, 13.6278, 0.0 ], [ -89.225661, 13.627971, 0.0 ], [ -89.225587, 13.628131, 0.0 ], [ -89.225498, 13.62821, 0.0 ], [ -89.225477, 13.628225, 0.0 ], [ -89.22539, 13.62829, 0.0 ], [ -89.225217, 13.628386, 0.0 ], [ -89.225165, 13.628414, 0.0 ], [ -89.225072, 13.628465, 0.0 ], [ -89.225049, 13.628478, 0.0 ], [ -89.225044, 13.628481, 0.0 ], [ -89.225043, 13.628482, 0.0 ], [ -89.225042, 13.628482, 0.0 ], [ -89.224992, 13.628545, 0.0 ], [ -89.224965, 13.628654, 0.0 ], [ -89.224946, 13.628728, 0.0 ], [ -89.224824, 13.629217, 0.0 ], [ -89.224817, 13.629249, 0.0 ], [ -89.224812, 13.629276, 0.0 ], [ -89.224778, 13.629453, 0.0 ], [ -89.224771, 13.629491, 0.0 ], [ -89.224763, 13.62953, 0.0 ], [ -89.224714, 13.629786, 0.0 ], [ -89.224708, 13.629815, 0.0 ], [ -89.224702, 13.629852, 0.0 ], [ -89.224655, 13.6301, 0.0 ], [ -89.224558, 13.630078, 0.0 ], [ -89.224392, 13.630039, 0.0 ], [ -89.223256, 13.629774, 0.0 ], [ -89.223237, 13.629772, 0.0 ], [ -89.223187, 13.629768, 0.0 ], [ -89.22284, 13.629741, 0.0 ], [ -89.222831, 13.629741, 0.0 ], [ -89.222782, 13.629737, 0.0 ], [ -89.222443, 13.62971, 0.0 ], [ -89.222435, 13.62971, 0.0 ], [ -89.222407, 13.629707, 0.0 ], [ -89.222376, 13.629705, 0.0 ], [ -89.222375, 13.629705, 0.0 ], [ -89.222382, 13.629688, 0.0 ], [ -89.222446, 13.629551, 0.0 ], [ -89.222449, 13.629544, 0.0 ], [ -89.222457, 13.629533, 0.0 ], [ -89.222539, 13.629421, 0.0 ], [ -89.222545, 13.629411, 0.0 ], [ -89.222546, 13.62941, 0.0 ], [ -89.22255, 13.629388, 0.0 ], [ -89.22255, 13.629385, 0.0 ], [ -89.222551, 13.629379, 0.0 ], [ -89.222576, 13.629244, 0.0 ], [ -89.222579, 13.629226, 0.0 ], [ -89.222579, 13.629223, 0.0 ], [ -89.222596, 13.629128, 0.0 ], [ -89.222599, 13.629113, 0.0 ], [ -89.222599, 13.629112, 0.0 ], [ -89.222591, 13.629067, 0.0 ], [ -89.22259, 13.62906, 0.0 ], [ -89.222589, 13.629059, 0.0 ], [ -89.222566, 13.628933, 0.0 ], [ -89.222562, 13.628911, 0.0 ], [ -89.222561, 13.628904, 0.0 ], [ -89.222507, 13.628836, 0.0 ], [ -89.222498, 13.628824, 0.0 ], [ -89.222493, 13.628818, 0.0 ], [ -89.222393, 13.62869, 0.0 ], [ -89.222374, 13.628666, 0.0 ], [ -89.222363, 13.628652, 0.0 ], [ -89.222314, 13.628589, 0.0 ], [ -89.222304, 13.628577, 0.0 ], [ -89.222297, 13.628568, 0.0 ], [ -89.22222, 13.628544, 0.0 ], [ -89.222204, 13.62854, 0.0 ], [ -89.22219, 13.628536, 0.0 ], [ -89.222136, 13.628426, 0.0 ], [ -89.222125, 13.628402, 0.0 ], [ -89.222113, 13.628379, 0.0 ], [ -89.222035, 13.62822, 0.0 ], [ -89.222017, 13.628184, 0.0 ], [ -89.221997, 13.628144, 0.0 ], [ -89.222015, 13.628058, 0.0 ], [ -89.222019, 13.628038, 0.0 ], [ -89.222024, 13.628013, 0.0 ], [ -89.222039, 13.627937, 0.0 ], [ -89.222043, 13.627919, 0.0 ], [ -89.222048, 13.627893, 0.0 ], [ -89.22206, 13.627836, 0.0 ], [ -89.222063, 13.627821, 0.0 ], [ -89.222067, 13.627799, 0.0 ], [ -89.22214, 13.627755, 0.0 ], [ -89.22216, 13.627743, 0.0 ], [ -89.222192, 13.627724, 0.0 ], [ -89.222283, 13.627669, 0.0 ], [ -89.22231, 13.627654, 0.0 ], [ -89.222355, 13.627626, 0.0 ], [ -89.222298, 13.62755, 0.0 ], [ -89.222281, 13.627527, 0.0 ], [ -89.222249, 13.627485, 0.0 ], [ -89.222238, 13.627471, 0.0 ], [ -89.222235, 13.627466, 0.0 ], [ -89.222228, 13.627457, 0.0 ], [ -89.222251, 13.627293, 0.0 ], [ -89.222259, 13.627236, 0.0 ], [ -89.222274, 13.627121, 0.0 ], [ -89.222273, 13.627114, 0.0 ], [ -89.222273, 13.627111, 0.0 ], [ -89.222273, 13.627106, 0.0 ], [ -89.222268, 13.627059, 0.0 ], [ -89.222267, 13.627041, 0.0 ], [ -89.222263, 13.627001, 0.0 ], [ -89.222259, 13.626957, 0.0 ], [ -89.222257, 13.626939, 0.0 ], [ -89.222253, 13.626896, 0.0 ], [ -89.222252, 13.626888, 0.0 ], [ -89.222252, 13.626884, 0.0 ], [ -89.222251, 13.626875, 0.0 ], [ -89.22227, 13.626854, 0.0 ], [ -89.222279, 13.626843, 0.0 ], [ -89.222301, 13.626818, 0.0 ], [ -89.222317, 13.626799, 0.0 ], [ -89.222326, 13.62679, 0.0 ], [ -89.222347, 13.626765, 0.0 ], [ -89.222376, 13.626709, 0.0 ], [ -89.222392, 13.626678, 0.0 ], [ -89.222436, 13.626595, 0.0 ], [ -89.222387, 13.626515, 0.0 ], [ -89.222357, 13.626467, 0.0 ], [ -89.222275, 13.626334, 0.0 ], [ -89.222241, 13.626318, 0.0 ], [ -89.222218, 13.626307, 0.0 ], [ -89.222154, 13.626278, 0.0 ], [ -89.22209, 13.626248, 0.0 ], [ -89.222043, 13.626226, 0.0 ], [ -89.221905, 13.626162, 0.0 ], [ -89.221903, 13.626148, 0.0 ], [ -89.2219, 13.626137, 0.0 ], [ -89.221893, 13.626102, 0.0 ], [ -89.221868, 13.625972, 0.0 ], [ -89.221845, 13.625854, 0.0 ], [ -89.221773, 13.625489, 0.0 ], [ -89.221805, 13.625421, 0.0 ], [ -89.221838, 13.625351, 0.0 ], [ -89.221943, 13.625129, 0.0 ], [ -89.221954, 13.625089, 0.0 ], [ -89.221968, 13.625042, 0.0 ], [ -89.222012, 13.624889, 0.0 ], [ -89.222032, 13.624869, 0.0 ], [ -89.22206, 13.62484, 0.0 ], [ -89.222154, 13.624747, 0.0 ], [ -89.222159, 13.624742, 0.0 ], [ -89.222167, 13.624733, 0.0 ], [ -89.222195, 13.624705, 0.0 ], [ -89.222196, 13.624705, 0.0 ], [ -89.222197, 13.624704, 0.0 ], [ -89.2222, 13.6247, 0.0 ], [ -89.222208, 13.624695, 0.0 ], [ -89.222229, 13.624679, 0.0 ], [ -89.222304, 13.624623, 0.0 ], [ -89.222305, 13.624617, 0.0 ], [ -89.222312, 13.624592, 0.0 ], [ -89.222337, 13.624503, 0.0 ], [ -89.222337, 13.624502, 0.0 ], [ -89.222337, 13.624488, 0.0 ], [ -89.222338, 13.62444, 0.0 ], [ -89.222338, 13.624421, 0.0 ], [ -89.222339, 13.624355, 0.0 ], [ -89.222339, 13.624353, 0.0 ], [ -89.222337, 13.624344, 0.0 ], [ -89.222328, 13.624308, 0.0 ], [ -89.222328, 13.624306, 0.0 ], [ -89.222304, 13.624293, 0.0 ], [ -89.222199, 13.624239, 0.0 ], [ -89.22219, 13.624234, 0.0 ], [ -89.222149, 13.624208, 0.0 ], [ -89.221943, 13.624078, 0.0 ], [ -89.221919, 13.624063, 0.0 ], [ -89.221904, 13.62403, 0.0 ], [ -89.22182, 13.623834, 0.0 ], [ -89.221807, 13.623805, 0.0 ], [ -89.221812, 13.623773, 0.0 ], [ -89.221846, 13.623555, 0.0 ], [ -89.221852, 13.623515, 0.0 ], [ -89.221862, 13.623509, 0.0 ], [ -89.221953, 13.623453, 0.0 ], [ -89.221972, 13.623441, 0.0 ], [ -89.221978, 13.623428, 0.0 ], [ -89.222049, 13.623286, 0.0 ], [ -89.222067, 13.623251, 0.0 ], [ -89.222061, 13.623245, 0.0 ], [ -89.221966, 13.623133, 0.0 ], [ -89.22194, 13.623102, 0.0 ], [ -89.221936, 13.623098, 0.0 ], [ -89.221813, 13.622954, 0.0 ], [ -89.221775, 13.622909, 0.0 ], [ -89.221774, 13.622909, 0.0 ], [ -89.221609, 13.622786, 0.0 ], [ -89.221553, 13.622744, 0.0 ], [ -89.221531, 13.622729, 0.0 ], [ -89.221418, 13.622801, 0.0 ], [ -89.22137, 13.622943, 0.0 ], [ -89.221341, 13.623031, 0.0 ], [ -89.221269, 13.623258, 0.0 ], [ -89.221215, 13.6233, 0.0 ], [ -89.221192, 13.623311, 0.0 ], [ -89.220994, 13.623293, 0.0 ], [ -89.220972, 13.623306, 0.0 ], [ -89.220946, 13.623331, 0.0 ], [ -89.220949, 13.62339, 0.0 ], [ -89.220954, 13.623611, 0.0 ], [ -89.220902, 13.623689, 0.0 ], [ -89.220812, 13.623742, 0.0 ], [ -89.220649, 13.62377, 0.0 ], [ -89.220609, 13.623784, 0.0 ], [ -89.220564, 13.623801, 0.0 ], [ -89.220543, 13.623827, 0.0 ], [ -89.220541, 13.623851, 0.0 ], [ -89.220545, 13.623866, 0.0 ], [ -89.220576, 13.623919, 0.0 ], [ -89.220634, 13.623993, 0.0 ], [ -89.220634, 13.624073, 0.0 ], [ -89.220617, 13.624164, 0.0 ], [ -89.220444, 13.624523, 0.0 ], [ -89.220373, 13.624628, 0.0 ], [ -89.220338, 13.624657, 0.0 ], [ -89.220299, 13.624684, 0.0 ], [ -89.220263, 13.624686, 0.0 ], [ -89.220111, 13.624679, 0.0 ], [ -89.220029, 13.624679, 0.0 ], [ -89.219988, 13.624689, 0.0 ], [ -89.219966, 13.624708, 0.0 ], [ -89.219862, 13.624879, 0.0 ], [ -89.219777, 13.624998, 0.0 ], [ -89.219721, 13.625031, 0.0 ], [ -89.219598, 13.625091, 0.0 ], [ -89.219524, 13.62511, 0.0 ], [ -89.21946, 13.625091, 0.0 ], [ -89.219414, 13.625072, 0.0 ], [ -89.219366, 13.625051, 0.0 ], [ -89.219286, 13.625004, 0.0 ], [ -89.219243, 13.624982, 0.0 ], [ -89.219225, 13.624971, 0.0 ], [ -89.219191, 13.624972, 0.0 ], [ -89.219163, 13.624994, 0.0 ], [ -89.219139, 13.625019, 0.0 ], [ -89.219049, 13.625032, 0.0 ], [ -89.218986, 13.625043, 0.0 ], [ -89.218947, 13.625041, 0.0 ], [ -89.218851, 13.625034, 0.0 ], [ -89.218794, 13.62503, 0.0 ], [ -89.218586, 13.625006, 0.0 ], [ -89.218582, 13.625006, 0.0 ], [ -89.218444, 13.625041, 0.0 ], [ -89.218404, 13.625054, 0.0 ], [ -89.218368, 13.625059, 0.0 ], [ -89.218165, 13.625073, 0.0 ], [ -89.217878, 13.625075, 0.0 ], [ -89.21777, 13.625036, 0.0 ], [ -89.217725, 13.62502, 0.0 ], [ -89.217661, 13.625017, 0.0 ], [ -89.217635, 13.625033, 0.0 ], [ -89.217607, 13.625141, 0.0 ], [ -89.217599, 13.625208, 0.0 ], [ -89.217558, 13.625365, 0.0 ], [ -89.217508, 13.625455, 0.0 ], [ -89.217357, 13.625594, 0.0 ], [ -89.217184, 13.625664, 0.0 ], [ -89.217061, 13.625745, 0.0 ], [ -89.216833, 13.625814, 0.0 ], [ -89.216669, 13.625871, 0.0 ], [ -89.216637, 13.625887, 0.0 ], [ -89.21661, 13.625907, 0.0 ], [ -89.21656, 13.625969, 0.0 ], [ -89.216529, 13.626027, 0.0 ], [ -89.216523, 13.626199, 0.0 ], [ -89.216497, 13.626338, 0.0 ], [ -89.21642, 13.626413, 0.0 ], [ -89.216292, 13.62651, 0.0 ], [ -89.216204, 13.626569, 0.0 ], [ -89.215872, 13.626764, 0.0 ], [ -89.215784, 13.626945, 0.0 ], [ -89.215771, 13.626997, 0.0 ], [ -89.215761, 13.627066, 0.0 ], [ -89.21577, 13.627347, 0.0 ], [ -89.215719, 13.627467, 0.0 ], [ -89.215681, 13.627543, 0.0 ], [ -89.215649, 13.627597, 0.0 ], [ -89.215577, 13.627691, 0.0 ], [ -89.215412, 13.627853, 0.0 ], [ -89.215321, 13.627963, 0.0 ], [ -89.215189, 13.6281, 0.0 ], [ -89.215149, 13.628134, 0.0 ], [ -89.214991, 13.628311, 0.0 ], [ -89.214811, 13.628465, 0.0 ], [ -89.214708, 13.628582, 0.0 ], [ -89.214674, 13.628673, 0.0 ], [ -89.214675, 13.628676, 0.0 ], [ -89.214689, 13.628787, 0.0 ], [ -89.214565, 13.62887, 0.0 ], [ -89.214441, 13.628953, 0.0 ], [ -89.214281, 13.629068, 0.0 ], [ -89.21412, 13.629183, 0.0 ], [ -89.214026, 13.629344, 0.0 ], [ -89.214025, 13.629345, 0.0 ], [ -89.214022, 13.629345, 0.0 ], [ -89.213803, 13.629312, 0.0 ], [ -89.213561, 13.629413, 0.0 ], [ -89.213208, 13.62967, 0.0 ], [ -89.212974, 13.629979, 0.0 ], [ -89.212966, 13.630115, 0.0 ], [ -89.212843, 13.630274, 0.0 ], [ -89.212719, 13.630376, 0.0 ], [ -89.212371, 13.630825, 0.0 ], [ -89.212288, 13.630927, 0.0 ], [ -89.212153, 13.631125, 0.0 ], [ -89.212108, 13.631192, 0.0 ], [ -89.212069, 13.631213, 0.0 ], [ -89.211877, 13.631124, 0.0 ], [ -89.211761, 13.631252, 0.0 ], [ -89.211738, 13.631388, 0.0 ], [ -89.211514, 13.631495, 0.0 ], [ -89.21131, 13.631619, 0.0 ], [ -89.211083, 13.631777, 0.0 ], [ -89.210876, 13.631992, 0.0 ], [ -89.210601, 13.632052, 0.0 ], [ -89.210531, 13.63249, 0.0 ], [ -89.210382, 13.632676, 0.0 ], [ -89.210135, 13.632826, 0.0 ], [ -89.209802, 13.632988, 0.0 ], [ -89.20968, 13.633037, 0.0 ], [ -89.209572, 13.63333, 0.0 ], [ -89.20949, 13.633409, 0.0 ], [ -89.209565, 13.633538, 0.0 ], [ -89.209584, 13.633661, 0.0 ], [ -89.209549, 13.633732, 0.0 ], [ -89.209551, 13.633792, 0.0 ], [ -89.209587, 13.633863, 0.0 ], [ -89.20958, 13.634004, 0.0 ], [ -89.209577, 13.63403, 0.0 ], [ -89.209562, 13.634145, 0.0 ], [ -89.209489, 13.634256, 0.0 ], [ -89.209377, 13.634401, 0.0 ], [ -89.209209, 13.634584, 0.0 ], [ -89.209024, 13.634808, 0.0 ], [ -89.208898, 13.634988, 0.0 ], [ -89.208857, 13.635088, 0.0 ], [ -89.208775, 13.635149, 0.0 ], [ -89.20866, 13.63521, 0.0 ], [ -89.20856, 13.635323, 0.0 ], [ -89.208525, 13.635446, 0.0 ], [ -89.208536, 13.635541, 0.0 ], [ -89.208572, 13.635682, 0.0 ], [ -89.208585, 13.635766, 0.0 ], [ -89.208557, 13.635834, 0.0 ], [ -89.208491, 13.635891, 0.0 ], [ -89.208373, 13.636007, 0.0 ], [ -89.208264, 13.636255, 0.0 ], [ -89.208179, 13.636332, 0.0 ], [ -89.208078, 13.63642, 0.0 ], [ -89.207998, 13.636538, 0.0 ], [ -89.207893, 13.636639, 0.0 ], [ -89.207712, 13.636714, 0.0 ], [ -89.207713, 13.636751, 0.0 ], [ -89.207768, 13.636778, 0.0 ], [ -89.20779, 13.636789, 0.0 ], [ -89.207803, 13.636803, 0.0 ], [ -89.207819, 13.636819, 0.0 ], [ -89.207575407149335, 13.636906951818343, 0.0 ], [ -89.207405640288869, 13.636968637292485, 0.0 ], [ -89.207299140581355, 13.637011079007598, 0.0 ], [ -89.207158107552857, 13.637072500868603, 0.0 ], [ -89.207050553392818, 13.637164238240402, 0.0 ], [ -89.207003103028086, 13.637185327291389, 0.0 ], [ -89.206975687261803, 13.637227505393366, 0.0 ], [ -89.206881313758629, 13.637235545594049, 0.0 ], [ -89.206805393175074, 13.637238708951696, 0.0 ], [ -89.206593448212644, 13.63723132778385, 0.0 ], [ -89.206525963249476, 13.637238708951696, 0.0 ], [ -89.206495911351823, 13.637229218878753, 0.0 ], [ -89.206397847264725, 13.63723343668895, 0.0 ], [ -89.206342224892722, 13.637217356287575, 0.0 ], [ -89.206239942995424, 13.637230009718168, 0.0 ], [ -89.20611235423695, 13.637243717601311, 0.0 ], [ -89.20598002044197, 13.637269419882196, 0.0 ], [ -89.205860340077621, 13.637252548641408, 0.0 ], [ -89.205800499895417, 13.637246749152382, 0.0 ], [ -89.205730906027156, 13.637246221926109, 0.0 ], [ -89.205608325918277, 13.637253603093956, 0.0 ], [ -89.205461625207334, 13.637311070757901, 0.0 ], [ -89.2054596481088, 13.637313047856432, 0.0 ], [ -89.205460834367926, 13.637317002053493, 0.0 ], [ -89.205392294952205, 13.637455662563736, 0.0 ], [ -89.205334300061992, 13.637641246212432, 0.0 ], [ -89.205198671102821, 13.637732192744819, 0.0 ], [ -89.205198143876544, 13.637797436996314, 0.0 ], [ -89.205184963219679, 13.637915799294985, 0.0 ], [ -89.205140544406035, 13.637984338710696, 0.0 ], [ -89.205031803986884, 13.638067376848964, 0.0 ], [ -89.2048796992066, 13.638103228235648, 0.0 ], [ -89.204854590055277, 13.638135389038407, 0.0 ], [ -89.204845561305319, 13.638145867660615, 0.0 ], [ -89.204831721615619, 13.638152985215322, 0.0 ], [ -89.204827141337347, 13.638149031018266, 0.0 ], [ -89.204822758768941, 13.638161025416009, 0.0 ], [ -89.204805360301862, 13.638206894101902, 0.0 ], [ -89.204786907382243, 13.6383570876869, 0.0 ], [ -89.204745256506527, 13.638421574050623, 0.0 ], [ -89.204561254536628, 13.63859081368479, 0.0 ], [ -89.204404141106778, 13.63872947419503, 0.0 ], [ -89.204232001728087, 13.638853372369582, 0.0 ], [ -89.204033764648813, 13.638921911785291, 0.0 ], [ -89.203990927514027, 13.638956181493148, 0.0 ], [ -89.203883109740744, 13.639329457695609, 0.0 ], [ -89.20387678302545, 13.639461264264279, 0.0 ], [ -89.203883109740744, 13.639713278423574, 0.0 ], [ -89.20389576317136, 13.639883045284021, 0.0 ], [ -89.203748139814451, 13.640180400902938, 0.0 ], [ -89.203695944413255, 13.640255267033943, 0.0 ], [ -89.203200351715068, 13.640499900025393, 0.0 ], [ -89.203122849452683, 13.640477756521857, 0.0 ], [ -89.203035329891094, 13.640421870536741, 0.0 ], [ -89.20299947850441, 13.640404999295953, 0.0 ], [ -89.202972589964403, 13.64039919980693, 0.0 ], [ -89.2029431970996, 13.640403417617128, 0.0 ], [ -89.20281929892505, 13.640539705609131, 0.0 ], [ -89.202737051626201, 13.640647259769164, 0.0 ], [ -89.202709108633641, 13.64068258392957, 0.0 ], [ -89.202599445568509, 13.640862895315506, 0.0 ], [ -89.20253960538632, 13.64092616246846, 0.0 ], [ -89.202449976919638, 13.640982575679857, 0.0 ], [ -89.202366411555104, 13.64102686268693, 0.0 ], [ -89.202340577467638, 13.641070095241446, 0.0 ], [ -89.202347892732178, 13.641149047376082, 0.0 ], [ -89.202272828891324, 13.641147861116965, 0.0 ], [ -89.202243831446211, 13.641140743562255, 0.0 ], [ -89.202263075205238, 13.641074972084491, 0.0 ], [ -89.202214834001055, 13.641053092194094, 0.0 ], [ -89.202179509840647, 13.641033584821932, 0.0 ], [ -89.20212731443948, 13.641027785332904, 0.0 ], [ -89.202083818271817, 13.641043338508002, 0.0 ], [ -89.202037883682621, 13.641067722723209, 0.0 ], [ -89.20202971167538, 13.641073060889243, 0.0 ], [ -89.202015608372506, 13.641083671318018, 0.0 ], [ -89.201967713160641, 13.641123361571024, 0.0 ], [ -89.201966971748689, 13.641124020603867, 0.0 ], [ -89.201960991025615, 13.641125981226578, 0.0 ], [ -89.201916423929561, 13.641144187008877, 0.0 ], [ -89.201891561915545, 13.641154715058549, 0.0 ], [ -89.201878809630031, 13.641160086176225, 0.0 ], [ -89.201868693475888, 13.641164798261055, 0.0 ], [ -89.20186394843941, 13.641167038972723, 0.0 ], [ -89.201858976860379, 13.641167001902126, 0.0 ], [ -89.201810735656338, 13.641174119456835, 0.0 ], [ -89.201752477153022, 13.641166474675858, 0.0 ], [ -89.20166489168821, 13.641156457376646, 0.0 ], [ -89.201616288016055, 13.641150328371205, 0.0 ], [ -89.2015759881577, 13.641145986992349, 0.0 ], [ -89.201574983132616, 13.641144998443085, 0.0 ], [ -89.20157274242095, 13.641144990205175, 0.0 ], [ -89.201568083882549, 13.641144994324129, 0.0 ], [ -89.201563981403098, 13.64114497784831, 0.0 ], [ -89.20155895627768, 13.641144005774866, 0.0 ], [ -89.201557901825126, 13.641143956347403, 0.0 ], [ -89.201542694642256, 13.641153957170795, 0.0 ], [ -89.20153485215144, 13.641158109077704, 0.0 ], [ -89.201524604190723, 13.641161173580423, 0.0 ], [ -89.201518870605, 13.641163018872383, 0.0 ], [ -89.201510962210875, 13.641164995970913, 0.0 ], [ -89.201510962210875, 13.641166017471818, 0.0 ], [ -89.201504174172598, 13.641164534647922, 0.0 ], [ -89.201488966989757, 13.641161371290277, 0.0 ], [ -89.201481964765804, 13.641160036748769, 0.0 ], [ -89.20147992176399, 13.641160003797127, 0.0 ], [ -89.201466296259994, 13.641156197882463, 0.0 ], [ -89.201452720183426, 13.641152375491973, 0.0 ], [ -89.201437513000599, 13.641148091778494, 0.0 ], [ -89.201423805117471, 13.641143939871585, 0.0 ], [ -89.201418928274421, 13.641143017225604, 0.0 ], [ -89.201409059257614, 13.64114954165075, 0.0 ], [ -89.201398053409136, 13.641156988721873, 0.0 ], [ -89.201386734520057, 13.641164468744641, 0.0 ], [ -89.20130277373589, 13.64122220002168, 0.0 ], [ -89.201060183746435, 13.641034573371305, 0.0 ], [ -89.200824513601788, 13.641109439502259, 0.0 ], [ -89.200777063237112, 13.640963925050547, 0.0 ], [ -89.200784971631208, 13.640905864257086, 0.0 ], [ -89.20085792656694, 13.640854723308475, 0.0 ], [ -89.200793341348373, 13.64075455031635, 0.0 ], [ -89.199967968615894, 13.640036468130729, 0.0 ], [ -89.199945956918938, 13.639547795277716, 0.0 ], [ -89.19994885666344, 13.639532242102623, 0.0 ], [ -89.199952744957216, 13.639511976842703, 0.0 ], [ -89.199956171928008, 13.639492930793544, 0.0 ], [ -89.200025502183081, 13.639117018459954, 0.0 ], [ -89.200134110795574, 13.638531797295455, 0.0 ], [ -89.200062078505837, 13.638315766329555, 0.0 ], [ -89.199589156537755, 13.636861149038696, 0.0 ], [ -89.199310253838647, 13.636968175972383, 0.0 ], [ -89.198969270245797, 13.636132258714445, 0.0 ], [ -89.198593489718718, 13.635745801855366, 0.0 ], [ -89.198156814557052, 13.635537811090144, 0.0 ], [ -89.197885820252054, 13.635490887951731, 0.0 ], [ -89.197894058162674, 13.63546683325297, 0.0 ], [ -89.197882063764936, 13.635455234274934, 0.0 ], [ -89.197847530443966, 13.635421920164729, 0.0 ], [ -89.19780508872887, 13.635380203385775, 0.0 ], [ -89.197770192939913, 13.635310115242937, 0.0 ], [ -89.197739613815997, 13.635247902542567, 0.0 ], [ -89.197707551868177, 13.635185162615922, 0.0 ], [ -89.197619373273881, 13.635006268150725, 0.0 ], [ -89.197529085774406, 13.634820157275891, 0.0 ], [ -89.197431153494023, 13.634606894247929, 0.0 ], [ -89.197382648676779, 13.634503557898162, 0.0 ], [ -89.197378167253447, 13.634493013372678, 0.0 ], [ -89.197355694233494, 13.634461972925775, 0.0 ], [ -89.197312461679019, 13.634399496612277, 0.0 ], [ -89.197195022026435, 13.634230256978219, 0.0 ], [ -89.197104339107256, 13.634095287051993, 0.0 ], [ -89.197031054655113, 13.633985096760657, 0.0 ], [ -89.196952497940259, 13.633789495812886, 0.0 ], [ -89.196909397192343, 13.633734005247508, 0.0 ], [ -89.196881586006342, 13.633696044955759, 0.0 ], [ -89.196867746316642, 13.633677657939442, 0.0 ], [ -89.196851995431757, 13.633655992234731, 0.0 ], [ -89.196849919478296, 13.633647573090164, 0.0 ], [ -89.196834926481088, 13.633588045948631, 0.0 ], [ -89.196825436408261, 13.63339086332204, 0.0 ], [ -89.196859969729232, 13.633308088796968, 0.0 ], [ -89.196881322393338, 13.633252071005325, 0.0 ], [ -89.196900038926074, 13.63316138808614, 0.0 ], [ -89.196866296444512, 13.633003220203843, 0.0 ], [ -89.196721836445349, 13.632860869109777, 0.0 ], [ -89.196676099566034, 13.632768868124908, 0.0 ], [ -89.196663973361737, 13.6327042829063, 0.0 ], [ -89.19659227058844, 13.632683852888171, 0.0 ], [ -89.196452357915902, 13.632701119548654, 0.0 ], [ -89.196238831274798, 13.632762277796477, 0.0 ], [ -89.196142085253484, 13.632788639110194, 0.0 ], [ -89.195997098028045, 13.632852433489386, 0.0 ], [ -89.195904306203772, 13.632887757649767, 0.0 ], [ -89.195805187664234, 13.632909901153292, 0.0 ], [ -89.195705541898405, 13.632898829401533, 0.0 ], [ -89.195616951408454, 13.632871973813184, 0.0 ], [ -89.195551608302139, 13.632833486295167, 0.0 ], [ -89.19545670757276, 13.632778654762637, 0.0 ], [ -89.195398976295706, 13.632744253248235, 0.0 ], [ -89.19506735096914, 13.632575474937175, 0.0 ], [ -89.195039309121682, 13.632559789955513, 0.0 ], [ -89.195017692844431, 13.632548981816889, 0.0 ], [ -89.194947637653229, 13.632533296835227, 0.0 ], [ -89.194877252945602, 13.632516952820723, 0.0 ], [ -89.19472732297389, 13.632482419499754, 0.0 ], [ -89.194321622355801, 13.632456453605752, 0.0 ], [ -89.194206687028, 13.632484923824565, 0.0 ], [ -89.194083316079798, 13.632487032729662, 0.0 ], [ -89.193979979730031, 13.632498631707696, 0.0 ], [ -89.19387031666497, 13.632526047473961, 0.0 ], [ -89.193678406301103, 13.632527101926511, 0.0 ], [ -89.193520238418799, 13.632522884116316, 0.0 ], [ -89.193307239003971, 13.632491250539857, 0.0 ], [ -89.192919200466065, 13.632314102511689, 0.0 ], [ -89.192594429081097, 13.632147499009003, 0.0 ], [ -89.19190270820917, 13.631926063973788, 0.0 ], [ -89.191135066753802, 13.631019234781949, 0.0 ], [ -89.190518212012847, 13.630972838869807, 0.0 ], [ -89.190319447707424, 13.630911680621985, 0.0 ], [ -89.190267738716926, 13.630862434530558, 0.0 ], [ -89.190135709350827, 13.630547103653299, 0.0 ], [ -89.190115147526129, 13.630510461427233, 0.0 ], [ -89.190057943475367, 13.630466701646466, 0.0 ], [ -89.189977969839902, 13.630451988738248, 0.0 ], [ -89.189369880235844, 13.63064340482747, 0.0 ], [ -89.189318739287245, 13.630677147309028, 0.0 ], [ -89.189268652791171, 13.630780220045654, 0.0 ], [ -89.189268916404316, 13.630914003712764, 0.0 ], [ -89.189245059415398, 13.630936674442561, 0.0 ], [ -89.189345627827294, 13.631330644276055, 0.0 ], [ -89.189350372863757, 13.631374404056823, 0.0 ], [ -89.189358544871027, 13.631446634056406, 0.0 ], [ -89.189330074652233, 13.631557878800292, 0.0 ], [ -89.189311094506365, 13.631598475223415, 0.0 ], [ -89.189264838628745, 13.631695320092883, 0.0 ], [ -89.189130923154977, 13.631891448267073, 0.0 ], [ -89.189025477900032, 13.63198634899652, 0.0 ], [ -89.188816696295248, 13.632083358631066, 0.0 ], [ -89.188584716734383, 13.63225207103897, 0.0 ], [ -89.188354846078639, 13.632785624028974, 0.0 ], [ -89.188276816589976, 13.63311883103459, 0.0 ], [ -89.188182970313079, 13.633377171909194, 0.0 ], [ -89.188072780021699, 13.633855366140349, 0.0 ], [ -89.188085433452287, 13.634127414898098, 0.0 ], [ -89.188137628853497, 13.63437626569976, 0.0 ], [ -89.188113376444846, 13.634588210662194, 0.0 ], [ -89.187848708854958, 13.634868695040335, 0.0 ], [ -89.187678941994506, 13.635157615038876, 0.0 ], [ -89.187612511483891, 13.63531156511109, 0.0 ], [ -89.187448016886179, 13.635771306422633, 0.0 ], [ -89.18736787849241, 13.636530512258211, 0.0 ], [ -89.18719863885822, 13.638707956772754, 0.0 ], [ -89.187249252580614, 13.638865597428889, 0.0 ], [ -89.187183876522539, 13.639230438010987, 0.0 ], [ -89.187185985427647, 13.639381224725552, 0.0 ], [ -89.187170168639412, 13.639760827643343, 0.0 ], [ -89.187131153895066, 13.639845183847296, 0.0 ], [ -89.187110064844077, 13.640279618297653, 0.0 ], [ -89.187169114186844, 13.640591736252279, 0.0 ], [ -89.187266123821388, 13.64086167610493, 0.0 ], [ -89.187778587760377, 13.641830190771568, 0.0 ], [ -89.187877706300014, 13.642125437485406, 0.0 ], [ -89.187903013161218, 13.642390632301581, 0.0 ], [ -89.187696472268172, 13.643802148845548, 0.0 ], [ -89.186878744316076, 13.64345892454071, 0.0 ], [ -89.185898, 13.642807, 0.0 ], [ -89.185792, 13.642807, 0.0 ], [ -89.185662, 13.642735, 0.0 ], [ -89.185442, 13.642656, 0.0 ], [ -89.185052, 13.642576, 0.0 ], [ -89.18471, 13.642441, 0.0 ], [ -89.184606, 13.642389, 0.0 ], [ -89.184425, 13.642298, 0.0 ], [ -89.184059, 13.642092, 0.0 ], [ -89.183773, 13.641853, 0.0 ], [ -89.183471, 13.641581, 0.0 ], [ -89.183429, 13.641543, 0.0 ], [ -89.183377, 13.641599, 0.0 ], [ -89.182939, 13.641618, 0.0 ], [ -89.182846, 13.641628, 0.0 ], [ -89.182682, 13.641691, 0.0 ], [ -89.182577, 13.641733, 0.0 ], [ -89.182489, 13.641754, 0.0 ], [ -89.182421, 13.641768, 0.0 ], [ -89.182307, 13.641769, 0.0 ], [ -89.18219, 13.64175, 0.0 ], [ -89.182089, 13.641721, 0.0 ], [ -89.181954, 13.641655, 0.0 ], [ -89.181652, 13.6415, 0.0 ], [ -89.181492, 13.641428, 0.0 ], [ -89.181279, 13.641349, 0.0 ], [ -89.181101, 13.641334, 0.0 ], [ -89.180953, 13.641332, 0.0 ] ] ] ] } },
{ "type": "Feature", "properties": { "fid": 13766.0, "OBJECTID": 2032.0, "Name": "SAN SALVADOR", "FolderPath": "Población/Población", "PopupInfo": "<html><body><table border=\"1\"><tr><th>Field Name</th><th>Field Value</th></tr><tr><td>FID</td><td>7031</td></tr><tr><td>DEPTO</td><td>SAN SALVADOR</td></tr><tr><td>MPIO</td><td>ROSARIO DE MORA</td></tr><tr><td>CANTON</td><td>CERCO DE PIEDRA</td></tr><tr>", "Municipio": "ROSARIO DE MORA", "Canton": null, "Hombres": 225, "Mujeres": 504, "Total": 729, "Shape_Leng": 0.12563256278924001, "Shape_Area": 0.0003426245645, "PobTotal": 729.0 }, "geometry": { "type": "MultiPolygon", "coordinates": [ [ [ [ -89.189545, 13.523728, 0.0 ], [ -89.18954, 13.523403, 0.0 ], [ -89.189174, 13.523072, 0.0 ], [ -89.188971, 13.523012, 0.0 ], [ -89.188056, 13.522738, 0.0 ], [ -89.187993, 13.522508, 0.0 ], [ -89.18797, 13.522192, 0.0 ], [ -89.187931, 13.521591, 0.0 ], [ -89.188046, 13.520996, 0.0 ], [ -89.188267, 13.520377, 0.0 ], [ -89.188284, 13.520148, 0.0 ], [ -89.188262, 13.519874, 0.0 ], [ -89.188144, 13.519584, 0.0 ], [ -89.18793, 13.519441, 0.0 ], [ -89.187776, 13.519282, 0.0 ], [ -89.187754, 13.51911, 0.0 ], [ -89.187785, 13.518811, 0.0 ], [ -89.188306, 13.518051, 0.0 ], [ -89.188485, 13.517754, 0.0 ], [ -89.188388, 13.517379, 0.0 ], [ -89.188011, 13.51691, 0.0 ], [ -89.187707, 13.51657, 0.0 ], [ -89.187576, 13.516389, 0.0 ], [ -89.187533, 13.516218, 0.0 ], [ -89.187565, 13.516048, 0.0 ], [ -89.18765, 13.515847, 0.0 ], [ -89.187767, 13.515719, 0.0 ], [ -89.18806, 13.515521, 0.0 ], [ -89.188405, 13.515432, 0.0 ], [ -89.188594, 13.515191, 0.0 ], [ -89.188639, 13.515077, 0.0 ], [ -89.188652, 13.514787, 0.0 ], [ -89.188539, 13.514615, 0.0 ], [ -89.188178, 13.514204, 0.0 ], [ -89.188084, 13.514025, 0.0 ], [ -89.188079, 13.513829, 0.0 ], [ -89.18811, 13.513718, 0.0 ], [ -89.188376, 13.513555, 0.0 ], [ -89.188608, 13.513419, 0.0 ], [ -89.188754, 13.513238, 0.0 ], [ -89.189004, 13.512701, 0.0 ], [ -89.189294, 13.512146, 0.0 ], [ -89.18946, 13.511757, 0.0 ], [ -89.189552, 13.511226, 0.0 ], [ -89.189412, 13.510888, 0.0 ], [ -89.189038, 13.510451, 0.0 ], [ -89.188882, 13.510124, 0.0 ], [ -89.188907, 13.509749, 0.0 ], [ -89.188844, 13.509511, 0.0 ], [ -89.188855, 13.50923, 0.0 ], [ -89.188902, 13.508982, 0.0 ], [ -89.18928, 13.50862, 0.0 ], [ -89.189638, 13.508362, 0.0 ], [ -89.190203, 13.508216, 0.0 ], [ -89.190829, 13.507982, 0.0 ], [ -89.19146, 13.507651, 0.0 ], [ -89.191841, 13.5073, 0.0 ], [ -89.191931, 13.507121, 0.0 ], [ -89.192007, 13.506819, 0.0 ], [ -89.192072, 13.506199, 0.0 ], [ -89.192101, 13.50581, 0.0 ], [ -89.192202, 13.50553, 0.0 ], [ -89.192378, 13.505083, 0.0 ], [ -89.192089, 13.504623, 0.0 ], [ -89.191583, 13.503988, 0.0 ], [ -89.191583, 13.50374, 0.0 ], [ -89.191709, 13.503475, 0.0 ], [ -89.191944, 13.503475, 0.0 ], [ -89.192232, 13.50344, 0.0 ], [ -89.192647, 13.503475, 0.0 ], [ -89.193062, 13.503262, 0.0 ], [ -89.193062, 13.503015, 0.0 ], [ -89.193025, 13.502697, 0.0 ], [ -89.192809, 13.502344, 0.0 ], [ -89.192664, 13.502079, 0.0 ], [ -89.192649, 13.501572, 0.0 ], [ -89.192526, 13.50118, 0.0 ], [ -89.192217, 13.500652, 0.0 ], [ -89.192076, 13.500199, 0.0 ], [ -89.191943, 13.499419, 0.0 ], [ -89.191916, 13.49905, 0.0 ], [ -89.191969, 13.498412, 0.0 ], [ -89.192092, 13.497881, 0.0 ], [ -89.192153, 13.497484, 0.0 ], [ -89.192008, 13.49732, 0.0 ], [ -89.191704, 13.49739, 0.0 ], [ -89.191478, 13.497418, 0.0 ], [ -89.191317, 13.497297, 0.0 ], [ -89.191291, 13.497107, 0.0 ], [ -89.191388, 13.496891, 0.0 ], [ -89.191637, 13.496272, 0.0 ], [ -89.192161, 13.495642, 0.0 ], [ -89.192478, 13.49546, 0.0 ], [ -89.192916, 13.495208, 0.0 ], [ -89.193198, 13.49481, 0.0 ], [ -89.193118, 13.494396, 0.0 ], [ -89.192994, 13.494129, 0.0 ], [ -89.192694, 13.493767, 0.0 ], [ -89.192606, 13.493525, 0.0 ], [ -89.192676, 13.493318, 0.0 ], [ -89.192975, 13.492902, 0.0 ], [ -89.193062, 13.492497, 0.0 ], [ -89.193236, 13.490942, 0.0 ], [ -89.193237, 13.490935, 0.0 ], [ -89.19336, 13.489597, 0.0 ], [ -89.193341, 13.488933, 0.0 ], [ -89.193473, 13.488601, 0.0 ], [ -89.193843, 13.488117, 0.0 ], [ -89.19416, 13.487936, 0.0 ], [ -89.194565, 13.487944, 0.0 ], [ -89.195111, 13.487823, 0.0 ], [ -89.195411, 13.487486, 0.0 ], [ -89.195375, 13.487058, 0.0 ], [ -89.195269, 13.486644, 0.0 ], [ -89.195357, 13.486385, 0.0 ], [ -89.195532, 13.4861, 0.0 ], [ -89.195638, 13.48585, 0.0 ], [ -89.195673, 13.485418, 0.0 ], [ -89.195708, 13.484987, 0.0 ], [ -89.195856, 13.485023, 0.0 ], [ -89.195928, 13.485042, 0.0 ], [ -89.196046, 13.485073, 0.0 ], [ -89.196097, 13.485087, 0.0 ], [ -89.1962, 13.485096, 0.0 ], [ -89.196234, 13.485099, 0.0 ], [ -89.196275, 13.485102, 0.0 ], [ -89.196437, 13.485149, 0.0 ], [ -89.196461, 13.485155, 0.0 ], [ -89.196492, 13.485164, 0.0 ], [ -89.196517, 13.485172, 0.0 ], [ -89.196603, 13.485067, 0.0 ], [ -89.196712, 13.484979, 0.0 ], [ -89.196848, 13.484906, 0.0 ], [ -89.196984, 13.484833, 0.0 ], [ -89.196994, 13.484784, 0.0 ], [ -89.197174, 13.484572, 0.0 ], [ -89.197265, 13.484465, 0.0 ], [ -89.197275, 13.484453, 0.0 ], [ -89.19749, 13.484273, 0.0 ], [ -89.197622, 13.484162, 0.0 ], [ -89.197686, 13.484123, 0.0 ], [ -89.19778, 13.484065, 0.0 ], [ -89.197885, 13.484, 0.0 ], [ -89.197986, 13.483943, 0.0 ], [ -89.197997, 13.483937, 0.0 ], [ -89.198079, 13.48389, 0.0 ], [ -89.19805, 13.483777, 0.0 ], [ -89.198038, 13.483728, 0.0 ], [ -89.198027, 13.483687, 0.0 ], [ -89.198001, 13.483579, 0.0 ], [ -89.197979, 13.483485, 0.0 ], [ -89.197406, 13.483584, 0.0 ], [ -89.198005, 13.48291, 0.0 ], [ -89.198669, 13.482464, 0.0 ], [ -89.199374, 13.482152, 0.0 ], [ -89.200307, 13.481082, 0.0 ], [ -89.200659, 13.480805, 0.0 ], [ -89.201232, 13.480952, 0.0 ], [ -89.201549, 13.481236, 0.0 ], [ -89.201885, 13.481909, 0.0 ], [ -89.202204, 13.482159, 0.0 ], [ -89.202277, 13.482269, 0.0 ], [ -89.20232, 13.482333, 0.0 ], [ -89.202793, 13.482814, 0.0 ], [ -89.203362, 13.48325, 0.0 ], [ -89.203732, 13.483129, 0.0 ], [ -89.204216, 13.482757, 0.0 ], [ -89.204718, 13.482231, 0.0 ], [ -89.205211, 13.481652, 0.0 ], [ -89.205528, 13.481177, 0.0 ], [ -89.205824, 13.480708, 0.0 ], [ -89.20614, 13.479776, 0.0 ], [ -89.2063, 13.479019, 0.0 ], [ -89.206415, 13.478973, 0.0 ], [ -89.206515, 13.478893, 0.0 ], [ -89.206519, 13.47889, 0.0 ], [ -89.20658, 13.478802, 0.0 ], [ -89.206621, 13.478734, 0.0 ], [ -89.206637, 13.478685, 0.0 ], [ -89.206637, 13.478661, 0.0 ], [ -89.206678, 13.478659, 0.0 ], [ -89.206717, 13.478657, 0.0 ], [ -89.206989, 13.478664, 0.0 ], [ -89.207017, 13.478986, 0.0 ], [ -89.207074, 13.479142, 0.0 ], [ -89.207165, 13.479342, 0.0 ], [ -89.207259, 13.479494, 0.0 ], [ -89.207382, 13.479629, 0.0 ], [ -89.207548, 13.479839, 0.0 ], [ -89.207771, 13.480165, 0.0 ], [ -89.207881, 13.480316, 0.0 ], [ -89.207969, 13.480481, 0.0 ], [ -89.208149, 13.480903, 0.0 ], [ -89.208359, 13.481416, 0.0 ], [ -89.208391, 13.481584, 0.0 ], [ -89.208356, 13.481718, 0.0 ], [ -89.2083, 13.481962, 0.0 ], [ -89.208268, 13.482252, 0.0 ], [ -89.208245, 13.482662, 0.0 ], [ -89.20821, 13.482936, 0.0 ], [ -89.208199, 13.483018, 0.0 ], [ -89.208146, 13.483496, 0.0 ], [ -89.208125, 13.483626, 0.0 ], [ -89.208149, 13.483839, 0.0 ], [ -89.208179, 13.484012, 0.0 ], [ -89.20816, 13.484156, 0.0 ], [ -89.208022, 13.484399, 0.0 ], [ -89.207773, 13.48473, 0.0 ], [ -89.207583, 13.484922, 0.0 ], [ -89.207433, 13.485043, 0.0 ], [ -89.20732, 13.485119, 0.0 ], [ -89.207229, 13.485156, 0.0 ], [ -89.207127, 13.485169, 0.0 ], [ -89.207001, 13.485201, 0.0 ], [ -89.206801, 13.485396, 0.0 ], [ -89.206753, 13.485677, 0.0 ], [ -89.206718, 13.486167, 0.0 ], [ -89.206735, 13.486437, 0.0 ], [ -89.206732, 13.486532, 0.0 ], [ -89.206719, 13.486841, 0.0 ], [ -89.206725, 13.48709, 0.0 ], [ -89.206749, 13.487211, 0.0 ], [ -89.206829, 13.487425, 0.0 ], [ -89.206896, 13.487543, 0.0 ], [ -89.206987, 13.487638, 0.0 ], [ -89.206977, 13.487766, 0.0 ], [ -89.206945, 13.48791, 0.0 ], [ -89.206883, 13.488083, 0.0 ], [ -89.206677, 13.488285, 0.0 ], [ -89.206268, 13.488642, 0.0 ], [ -89.206078, 13.489036, 0.0 ], [ -89.205992, 13.489205, 0.0 ], [ -89.206003, 13.48936, 0.0 ], [ -89.206057, 13.489526, 0.0 ], [ -89.206124, 13.489675, 0.0 ], [ -89.206271, 13.489835, 0.0 ], [ -89.206518, 13.489986, 0.0 ], [ -89.206874, 13.49017, 0.0 ], [ -89.207258, 13.490366, 0.0 ], [ -89.207518, 13.490611, 0.0 ], [ -89.207603, 13.490818, 0.0 ], [ -89.207641, 13.491054, 0.0 ], [ -89.207615, 13.491398, 0.0 ], [ -89.207564, 13.491793, 0.0 ], [ -89.207511, 13.49215, 0.0 ], [ -89.207479, 13.492523, 0.0 ], [ -89.207509, 13.492936, 0.0 ], [ -89.20756, 13.493167, 0.0 ], [ -89.207708, 13.493672, 0.0 ], [ -89.207818, 13.494071, 0.0 ], [ -89.207971, 13.494627, 0.0 ], [ -89.208078, 13.495124, 0.0 ], [ -89.208167, 13.495379, 0.0 ], [ -89.208312, 13.495694, 0.0 ], [ -89.208476, 13.495909, 0.0 ], [ -89.208762, 13.496228, 0.0 ], [ -89.209212, 13.496432, 0.0 ], [ -89.20978, 13.496825, 0.0 ], [ -89.210027, 13.496885, 0.0 ], [ -89.210429, 13.496882, 0.0 ], [ -89.210819, 13.496724, 0.0 ], [ -89.211023, 13.496709, 0.0 ], [ -89.211176, 13.496774, 0.0 ], [ -89.211245, 13.496892, 0.0 ], [ -89.211302, 13.497055, 0.0 ], [ -89.211369, 13.497389, 0.0 ], [ -89.211497, 13.497539, 0.0 ], [ -89.211739, 13.497628, 0.0 ], [ -89.212326, 13.497772, 0.0 ], [ -89.213021, 13.497866, 0.0 ], [ -89.213265, 13.497886, 0.0 ], [ -89.213504, 13.497868, 0.0 ], [ -89.213673, 13.497818, 0.0 ], [ -89.213938, 13.497673, 0.0 ], [ -89.214339, 13.497429, 0.0 ], [ -89.214527, 13.497369, 0.0 ], [ -89.214761, 13.497357, 0.0 ], [ -89.214954, 13.497399, 0.0 ], [ -89.215089, 13.497459, 0.0 ], [ -89.215201, 13.497546, 0.0 ], [ -89.215276, 13.497677, 0.0 ], [ -89.215303, 13.497858, 0.0 ], [ -89.215277, 13.498088, 0.0 ], [ -89.215229, 13.498356, 0.0 ], [ -89.214981, 13.499228, 0.0 ], [ -89.214845, 13.499637, 0.0 ], [ -89.214658, 13.500267, 0.0 ], [ -89.214578, 13.500581, 0.0 ], [ -89.214522, 13.50093, 0.0 ], [ -89.214516, 13.501177, 0.0 ], [ -89.214538, 13.501294, 0.0 ], [ -89.214613, 13.501475, 0.0 ], [ -89.214849, 13.501958, 0.0 ], [ -89.215047, 13.502337, 0.0 ], [ -89.215174, 13.502562, 0.0 ], [ -89.215225, 13.502723, 0.0 ], [ -89.215263, 13.503138, 0.0 ], [ -89.215268, 13.503553, 0.0 ], [ -89.215319, 13.503755, 0.0 ], [ -89.215405, 13.503959, 0.0 ], [ -89.215489, 13.504295, 0.0 ], [ -89.215591, 13.504711, 0.0 ], [ -89.215644, 13.504845, 0.0 ], [ -89.215859, 13.505081, 0.0 ], [ -89.216036, 13.505242, 0.0 ], [ -89.216355, 13.505476, 0.0 ], [ -89.216497, 13.505654, 0.0 ], [ -89.216508, 13.505759, 0.0 ], [ -89.216529, 13.505951, 0.0 ], [ -89.216527, 13.506107, 0.0 ], [ -89.216433, 13.506474, 0.0 ], [ -89.216372, 13.506833, 0.0 ], [ -89.216437, 13.507119, 0.0 ], [ -89.216493, 13.50728, 0.0 ], [ -89.216866, 13.507957, 0.0 ], [ -89.217001, 13.508196, 0.0 ], [ -89.217164, 13.508586, 0.0 ], [ -89.217339, 13.508975, 0.0 ], [ -89.217408, 13.509215, 0.0 ], [ -89.217484, 13.509585, 0.0 ], [ -89.217519, 13.509901, 0.0 ], [ -89.217503, 13.510095, 0.0 ], [ -89.217399, 13.510297, 0.0 ], [ -89.216963, 13.510727, 0.0 ], [ -89.216473, 13.511299, 0.0 ], [ -89.216122, 13.511749, 0.0 ], [ -89.215844, 13.512315, 0.0 ], [ -89.21574, 13.512506, 0.0 ], [ -89.215649, 13.512792, 0.0 ], [ -89.215628, 13.513117, 0.0 ], [ -89.215631, 13.51324, 0.0 ], [ -89.215717, 13.513507, 0.0 ], [ -89.21584, 13.513714, 0.0 ], [ -89.215985, 13.513864, 0.0 ], [ -89.216269, 13.513942, 0.0 ], [ -89.216649, 13.513992, 0.0 ], [ -89.217035, 13.514015, 0.0 ], [ -89.217418, 13.513986, 0.0 ], [ -89.217764, 13.513925, 0.0 ], [ -89.218352, 13.513699, 0.0 ], [ -89.218703, 13.513581, 0.0 ], [ -89.2191, 13.513533, 0.0 ], [ -89.219488, 13.51363, 0.0 ], [ -89.219922, 13.513763, 0.0 ], [ -89.220356, 13.513949, 0.0 ], [ -89.220573, 13.514166, 0.0 ], [ -89.220747, 13.514385, 0.0 ], [ -89.220847, 13.514671, 0.0 ], [ -89.220903, 13.514997, 0.0 ], [ -89.22093, 13.515359, 0.0 ], [ -89.220957, 13.515804, 0.0 ], [ -89.220947, 13.5161, 0.0 ], [ -89.220864, 13.516494, 0.0 ], [ -89.220817, 13.516737, 0.0 ], [ -89.22079, 13.516989, 0.0 ], [ -89.220908, 13.517353, 0.0 ], [ -89.221002, 13.517631, 0.0 ], [ -89.221153, 13.517896, 0.0 ], [ -89.221343, 13.518157, 0.0 ], [ -89.221512, 13.51832, 0.0 ], [ -89.221624, 13.518386, 0.0 ], [ -89.221695, 13.518398, 0.0 ], [ -89.221747, 13.518406, 0.0 ], [ -89.22191, 13.51839, 0.0 ], [ -89.222122, 13.518385, 0.0 ], [ -89.222318, 13.518432, 0.0 ], [ -89.222752, 13.51867, 0.0 ], [ -89.222929, 13.518809, 0.0 ], [ -89.223518, 13.519374, 0.0 ], [ -89.223816, 13.519642, 0.0 ], [ -89.224095, 13.519808, 0.0 ], [ -89.224231, 13.519947, 0.0 ], [ -89.224352, 13.52018, 0.0 ], [ -89.224441, 13.52044, 0.0 ], [ -89.224463, 13.520629, 0.0 ], [ -89.224468, 13.520948, 0.0 ], [ -89.224512, 13.521383, 0.0 ], [ -89.22459, 13.521855, 0.0 ], [ -89.22467, 13.522002, 0.0 ], [ -89.224809, 13.522192, 0.0 ], [ -89.225032, 13.522455, 0.0 ], [ -89.225252, 13.52277, 0.0 ], [ -89.225424, 13.523112, 0.0 ], [ -89.225555, 13.523513, 0.0 ], [ -89.225585, 13.52378, 0.0 ], [ -89.225639, 13.524118, 0.0 ], [ -89.225594, 13.524433, 0.0 ], [ -89.225519, 13.524821, 0.0 ], [ -89.225434, 13.525075, 0.0 ], [ -89.225295, 13.525366, 0.0 ], [ -89.225017, 13.525854, 0.0 ], [ -89.224845, 13.526243, 0.0 ], [ -89.2248, 13.526404, 0.0 ], [ -89.22483, 13.526517, 0.0 ], [ -89.224937, 13.526691, 0.0 ], [ -89.225004, 13.526782, 0.0 ], [ -89.225224, 13.527007, 0.0 ], [ -89.225396, 13.527165, 0.0 ], [ -89.225741, 13.527379, 0.0 ], [ -89.226047, 13.527604, 0.0 ], [ -89.22624, 13.527796, 0.0 ], [ -89.226444, 13.528107, 0.0 ], [ -89.2265, 13.52828, 0.0 ], [ -89.226508, 13.528582, 0.0 ], [ -89.226444, 13.529037, 0.0 ], [ -89.226455, 13.529266, 0.0 ], [ -89.226509, 13.529394, 0.0 ], [ -89.226651, 13.529507, 0.0 ], [ -89.226844, 13.52959, 0.0 ], [ -89.227088, 13.529645, 0.0 ], [ -89.227444, 13.529729, 0.0 ], [ -89.227977, 13.529814, 0.0 ], [ -89.228283, 13.529872, 0.0 ], [ -89.228516, 13.529937, 0.0 ], [ -89.229261, 13.530437, 0.0 ], [ -89.229808, 13.53077, 0.0 ], [ -89.230078, 13.530991, 0.0 ], [ -89.230409, 13.531374, 0.0 ], [ -89.230548, 13.531673, 0.0 ], [ -89.230774, 13.532181, 0.0 ], [ -89.230951, 13.532593, 0.0 ], [ -89.231117, 13.532879, 0.0 ], [ -89.231254, 13.533006, 0.0 ], [ -89.231377, 13.533124, 0.0 ], [ -89.231543, 13.533237, 0.0 ], [ -89.231693, 13.533354, 0.0 ], [ -89.23175, 13.533533, 0.0 ], [ -89.231785, 13.533701, 0.0 ], [ -89.231782, 13.533879, 0.0 ], [ -89.23174, 13.534306, 0.0 ], [ -89.231708, 13.534529, 0.0 ], [ -89.231746, 13.534626, 0.0 ], [ -89.231797, 13.534694, 0.0 ], [ -89.231907, 13.534797, 0.0 ], [ -89.232155, 13.534994, 0.0 ], [ -89.232314, 13.535165, 0.0 ], [ -89.232362, 13.535338, 0.0 ], [ -89.232384, 13.535498, 0.0 ], [ -89.232392, 13.535652, 0.0 ], [ -89.232352, 13.535912, 0.0 ], [ -89.232296, 13.53609, 0.0 ], [ -89.232154, 13.536258, 0.0 ], [ -89.231809, 13.536512, 0.0 ], [ -89.231707, 13.536588, 0.0 ], [ -89.231598, 13.536799, 0.0 ], [ -89.231435, 13.537193, 0.0 ], [ -89.231296, 13.537509, 0.0 ], [ -89.231109, 13.537808, 0.0 ], [ -89.230857, 13.538144, 0.0 ], [ -89.230737, 13.538461, 0.0 ], [ -89.23071, 13.538679, 0.0 ], [ -89.230729, 13.538981, 0.0 ], [ -89.230789, 13.539551, 0.0 ], [ -89.23081, 13.539814, 0.0 ], [ -89.23084, 13.540122, 0.0 ], [ -89.230838, 13.54034, 0.0 ], [ -89.230731, 13.5406, 0.0 ], [ -89.230626, 13.540776, 0.0 ], [ -89.230415, 13.540925, 0.0 ], [ -89.230182, 13.541156, 0.0 ], [ -89.230198, 13.5415, 0.0 ], [ -89.230201, 13.541708, 0.0 ], [ -89.230236, 13.542026, 0.0 ], [ -89.230296, 13.542262, 0.0 ], [ -89.23043, 13.542582, 0.0 ], [ -89.230511, 13.542764, 0.0 ], [ -89.230613, 13.543169, 0.0 ], [ -89.230675, 13.543465, 0.0 ], [ -89.230651, 13.54356, 0.0 ], [ -89.230611, 13.543625, 0.0 ], [ -89.230247, 13.543858, 0.0 ], [ -89.229979, 13.544056, 0.0 ], [ -89.22949, 13.5445, 0.0 ], [ -89.229109, 13.544832, 0.0 ], [ -89.228724, 13.5452, 0.0 ], [ -89.228507, 13.54555, 0.0 ], [ -89.228355, 13.545842, 0.0 ], [ -89.228278, 13.546172, 0.0 ], [ -89.228213, 13.54639, 0.0 ], [ -89.228093, 13.546814, 0.0 ], [ -89.227912, 13.547254, 0.0 ], [ -89.227727, 13.547601, 0.0 ], [ -89.227492, 13.547916, 0.0 ], [ -89.227128, 13.548168, 0.0 ], [ -89.226482, 13.548662, 0.0 ], [ -89.226314, 13.549075, 0.0 ], [ -89.226122, 13.549503, 0.0 ], [ -89.226017, 13.549669, 0.0 ], [ -89.225905, 13.549775, 0.0 ], [ -89.225672, 13.550001, 0.0 ], [ -89.225554, 13.550177, 0.0 ], [ -89.225515, 13.550612, 0.0 ], [ -89.225499, 13.550992, 0.0 ], [ -89.225499, 13.55116, 0.0 ], [ -89.225612, 13.551576, 0.0 ], [ -89.225712, 13.551933, 0.0 ], [ -89.225806, 13.552208, 0.0 ], [ -89.225801, 13.552323, 0.0 ], [ -89.225696, 13.552433, 0.0 ], [ -89.225573, 13.552565, 0.0 ], [ -89.225399, 13.552685, 0.0 ], [ -89.224965, 13.553001, 0.0 ], [ -89.224828, 13.553129, 0.0 ], [ -89.224762, 13.55324, 0.0 ], [ -89.224697, 13.553448, 0.0 ], [ -89.224655, 13.553682, 0.0 ], [ -89.22466, 13.553879, 0.0 ], [ -89.224666, 13.554343, 0.0 ], [ -89.224669, 13.554625, 0.0 ], [ -89.224669, 13.554845, 0.0 ], [ -89.224635, 13.555058, 0.0 ], [ -89.224565, 13.55521, 0.0 ], [ -89.224416, 13.555477, 0.0 ], [ -89.224277, 13.55586, 0.0 ], [ -89.224143, 13.556258, 0.0 ], [ -89.224047, 13.55661, 0.0 ], [ -89.223935, 13.557006, 0.0 ], [ -89.22386, 13.557161, 0.0 ], [ -89.22378, 13.557261, 0.0 ], [ -89.223702, 13.557305, 0.0 ], [ -89.223533, 13.557355, 0.0 ], [ -89.222862, 13.557539, 0.0 ], [ -89.222486, 13.557655, 0.0 ], [ -89.222363, 13.557694, 0.0 ], [ -89.222163, 13.55789, 0.0 ], [ -89.222029, 13.558066, 0.0 ], [ -89.222026, 13.558182, 0.0 ], [ -89.222096, 13.558507, 0.0 ], [ -89.222142, 13.558761, 0.0 ], [ -89.222145, 13.558968, 0.0 ], [ -89.222097, 13.559191, 0.0 ], [ -89.221971, 13.559576, 0.0 ], [ -89.22191, 13.559789, 0.0 ], [ -89.221822, 13.559915, 0.0 ], [ -89.221672, 13.560047, 0.0 ], [ -89.221402, 13.560303, 0.0 ], [ -89.221241, 13.560505, 0.0 ], [ -89.221182, 13.560671, 0.0 ], [ -89.221163, 13.560871, 0.0 ], [ -89.221177, 13.56122, 0.0 ], [ -89.221172, 13.561412, 0.0 ], [ -89.221145, 13.561613, 0.0 ], [ -89.221154, 13.561792, 0.0 ], [ -89.221178, 13.561865, 0.0 ], [ -89.221202, 13.561939, 0.0 ], [ -89.221376, 13.562366, 0.0 ], [ -89.221556, 13.562853, 0.0 ], [ -89.221597, 13.563291, 0.0 ], [ -89.221629, 13.563656, 0.0 ], [ -89.221614, 13.563924, 0.0 ], [ -89.221592, 13.564024, 0.0 ], [ -89.221515, 13.564142, 0.0 ], [ -89.221533, 13.564242, 0.0 ], [ -89.221555, 13.564384, 0.0 ], [ -89.221528, 13.564473, 0.0 ], [ -89.221499, 13.564552, 0.0 ], [ -89.22144, 13.564654, 0.0 ], [ -89.221346, 13.564793, 0.0 ], [ -89.221197, 13.56501, 0.0 ], [ -89.221053, 13.565343, 0.0 ], [ -89.220975, 13.565526, 0.0 ], [ -89.220871, 13.565915, 0.0 ], [ -89.220791, 13.566238, 0.0 ], [ -89.220933, 13.566453, 0.0 ], [ -89.22125, 13.566829, 0.0 ], [ -89.221411, 13.567113, 0.0 ], [ -89.221504, 13.567245, 0.0 ], [ -89.221617, 13.567379, 0.0 ], [ -89.221644, 13.567473, 0.0 ], [ -89.22163, 13.567578, 0.0 ], [ -89.221593, 13.567709, 0.0 ], [ -89.221523, 13.567859, 0.0 ], [ -89.221376, 13.568122, 0.0 ], [ -89.221251, 13.568307, 0.0 ], [ -89.22113, 13.568559, 0.0 ], [ -89.221101, 13.568722, 0.0 ], [ -89.221093, 13.568861, 0.0 ], [ -89.221168, 13.569188, 0.0 ], [ -89.22123, 13.569503, 0.0 ], [ -89.221276, 13.569878, 0.0 ], [ -89.221306, 13.570136, 0.0 ], [ -89.221309, 13.57033, 0.0 ], [ -89.221282, 13.570477, 0.0 ], [ -89.221247, 13.570569, 0.0 ], [ -89.22105, 13.570975, 0.0 ], [ -89.220889, 13.571306, 0.0 ], [ -89.220892, 13.571587, 0.0 ], [ -89.220895, 13.571847, 0.0 ], [ -89.220951, 13.572136, 0.0 ], [ -89.221003, 13.572593, 0.0 ], [ -89.221027, 13.572917, 0.0 ], [ -89.221038, 13.573077, 0.0 ], [ -89.221014, 13.57323, 0.0 ], [ -89.220974, 13.5734, 0.0 ], [ -89.220878, 13.57362, 0.0 ], [ -89.220806, 13.573762, 0.0 ], [ -89.220755, 13.573914, 0.0 ], [ -89.220672, 13.574121, 0.0 ], [ -89.220584, 13.574299, 0.0 ], [ -89.22048, 13.574422, 0.0 ], [ -89.220351, 13.574527, 0.0 ], [ -89.22018, 13.574672, 0.0 ], [ -89.220043, 13.574829, 0.0 ], [ -89.219947, 13.574984, 0.0 ], [ -89.219762, 13.575352, 0.0 ], [ -89.219575, 13.575826, 0.0 ], [ -89.219506, 13.57601, 0.0 ], [ -89.219479, 13.576151, 0.0 ], [ -89.219492, 13.576282, 0.0 ], [ -89.219533, 13.576434, 0.0 ], [ -89.219605, 13.57656, 0.0 ], [ -89.219675, 13.576628, 0.0 ], [ -89.219772, 13.576678, 0.0 ], [ -89.219949, 13.576712, 0.0 ], [ -89.220158, 13.57672, 0.0 ], [ -89.220423, 13.576732, 0.0 ], [ -89.220667, 13.576758, 0.0 ], [ -89.220795, 13.576784, 0.0 ], [ -89.220913, 13.576839, 0.0 ], [ -89.220978, 13.576928, 0.0 ], [ -89.221063, 13.577106, 0.0 ], [ -89.221241, 13.577502, 0.0 ], [ -89.221396, 13.577842, 0.0 ], [ -89.221592, 13.578117, 0.0 ], [ -89.221743, 13.578388, 0.0 ], [ -89.221852, 13.578612, 0.0 ], [ -89.221949, 13.578814, 0.0 ], [ -89.222003, 13.578984, 0.0 ], [ -89.222014, 13.579055, 0.0 ], [ -89.222019, 13.579297, 0.0 ], [ -89.222001, 13.579631, 0.0 ], [ -89.222038, 13.579794, 0.0 ], [ -89.222111, 13.579897, 0.0 ], [ -89.222232, 13.579994, 0.0 ], [ -89.222363, 13.580062, 0.0 ], [ -89.22243, 13.580072, 0.0 ], [ -89.222561, 13.580051, 0.0 ], [ -89.222679, 13.580004, 0.0 ], [ -89.222906, 13.579927, 0.0 ], [ -89.223032, 13.579893, 0.0 ], [ -89.223107, 13.579893, 0.0 ], [ -89.223255, 13.57999, 0.0 ], [ -89.223384, 13.580111, 0.0 ], [ -89.223459, 13.580226, 0.0 ], [ -89.223512, 13.580375, 0.0 ], [ -89.223628, 13.580564, 0.0 ], [ -89.223759, 13.580729, 0.0 ], [ -89.223938, 13.580867, 0.0 ], [ -89.224097, 13.580946, 0.0 ], [ -89.224376, 13.581069, 0.0 ], [ -89.224704, 13.581203, 0.0 ], [ -89.224781, 13.581234, 0.0 ], [ -89.225081, 13.58137, 0.0 ], [ -89.225576, 13.581566, 0.0 ], [ -89.225925, 13.581689, 0.0 ], [ -89.226206, 13.581817, 0.0 ], [ -89.226359, 13.581924, 0.0 ], [ -89.226464, 13.582045, 0.0 ], [ -89.226536, 13.582157, 0.0 ], [ -89.226582, 13.582294, 0.0 ], [ -89.226643, 13.582563, 0.0 ], [ -89.22673, 13.582944, 0.0 ], [ -89.226794, 13.583208, 0.0 ], [ -89.226869, 13.583368, 0.0 ], [ -89.226979, 13.583489, 0.0 ], [ -89.227116, 13.583575, 0.0 ], [ -89.227507, 13.583739, 0.0 ], [ -89.227797, 13.583905, 0.0 ], [ -89.228054, 13.584114, 0.0 ], [ -89.228268, 13.584326, 0.0 ], [ -89.228427, 13.584509, 0.0 ], [ -89.228507, 13.584646, 0.0 ], [ -89.228566, 13.5848, 0.0 ], [ -89.228674, 13.585057, 0.0 ], [ -89.228808, 13.585359, 0.0 ], [ -89.228891, 13.585584, 0.0 ], [ -89.228895, 13.585592, 0.0 ], [ -89.22893, 13.585674, 0.0 ], [ -89.228852, 13.585715, 0.0 ], [ -89.228821, 13.585732, 0.0 ], [ -89.227336, 13.586522, 0.0 ], [ -89.226877, 13.586766, 0.0 ], [ -89.226876, 13.586767, 0.0 ], [ -89.225896, 13.587319, 0.0 ], [ -89.225585, 13.587494, 0.0 ], [ -89.225562, 13.587507, 0.0 ], [ -89.225523, 13.587469, 0.0 ], [ -89.225517, 13.587423, 0.0 ], [ -89.22532, 13.586908, 0.0 ], [ -89.225266, 13.586874, 0.0 ], [ -89.225182, 13.586865, 0.0 ], [ -89.225074, 13.586882, 0.0 ], [ -89.224977, 13.586912, 0.0 ], [ -89.224767, 13.586989, 0.0 ], [ -89.224692, 13.587007, 0.0 ], [ -89.224457, 13.586959, 0.0 ], [ -89.224264, 13.586816, 0.0 ], [ -89.224189, 13.586816, 0.0 ], [ -89.22406, 13.586873, 0.0 ], [ -89.223712, 13.586976, 0.0 ], [ -89.22328, 13.587079, 0.0 ], [ -89.223002, 13.587159, 0.0 ], [ -89.222656, 13.587207, 0.0 ], [ -89.222281, 13.587231, 0.0 ], [ -89.222116, 13.587204, 0.0 ], [ -89.221577, 13.586963, 0.0 ], [ -89.221479, 13.586771, 0.0 ], [ -89.221398, 13.586593, 0.0 ], [ -89.221339, 13.58647, 0.0 ], [ -89.221166, 13.586333, 0.0 ], [ -89.221043, 13.586245, 0.0 ], [ -89.22096, 13.586177, 0.0 ], [ -89.220766, 13.586137, 0.0 ], [ -89.220643, 13.58619, 0.0 ], [ -89.220565, 13.586237, 0.0 ], [ -89.220514, 13.586267, 0.0 ], [ -89.220424, 13.586285, 0.0 ], [ -89.22032, 13.586291, 0.0 ], [ -89.220257, 13.586259, 0.0 ], [ -89.21998, 13.586093, 0.0 ], [ -89.21995, 13.586046, 0.0 ], [ -89.219965, 13.585943, 0.0 ], [ -89.220001, 13.58589, 0.0 ], [ -89.22004, 13.585855, 0.0 ], [ -89.220213, 13.58574, 0.0 ], [ -89.220272, 13.585643, 0.0 ], [ -89.220233, 13.585351, 0.0 ], [ -89.220163, 13.585237, 0.0 ], [ -89.219836, 13.585107, 0.0 ], [ -89.219674, 13.584987, 0.0 ], [ -89.219442, 13.584816, 0.0 ], [ -89.219233, 13.584701, 0.0 ], [ -89.219078, 13.584536, 0.0 ], [ -89.219064, 13.584441, 0.0 ], [ -89.21903, 13.584306, 0.0 ], [ -89.218986, 13.584225, 0.0 ], [ -89.218809, 13.584056, 0.0 ], [ -89.218389, 13.583715, 0.0 ], [ -89.218172, 13.583561, 0.0 ], [ -89.218112, 13.58354, 0.0 ], [ -89.217952, 13.583505, 0.0 ], [ -89.217829, 13.583529, 0.0 ], [ -89.217732, 13.583577, 0.0 ], [ -89.217581, 13.583703, 0.0 ], [ -89.217403, 13.58406, 0.0 ], [ -89.217328, 13.58419, 0.0 ], [ -89.217182, 13.584323, 0.0 ], [ -89.216997, 13.584408, 0.0 ], [ -89.21687, 13.584443, 0.0 ], [ -89.216784, 13.584559, 0.0 ], [ -89.216734, 13.58463, 0.0 ], [ -89.216683, 13.584681, 0.0 ], [ -89.216653, 13.58471, 0.0 ], [ -89.21647, 13.584812, 0.0 ], [ -89.216309, 13.584845, 0.0 ], [ -89.216244, 13.584854, 0.0 ], [ -89.216128, 13.584865, 0.0 ], [ -89.215916, 13.584848, 0.0 ], [ -89.215768, 13.584831, 0.0 ], [ -89.21563, 13.584832, 0.0 ], [ -89.215561, 13.584822, 0.0 ], [ -89.215493, 13.5848, 0.0 ], [ -89.215391, 13.584768, 0.0 ], [ -89.214957, 13.584742, 0.0 ], [ -89.214563, 13.584688, 0.0 ], [ -89.21439, 13.584665, 0.0 ], [ -89.21421, 13.584661, 0.0 ], [ -89.214117, 13.584638, 0.0 ], [ -89.213931, 13.584477, 0.0 ], [ -89.213676, 13.584352, 0.0 ], [ -89.213303, 13.584199, 0.0 ], [ -89.212795, 13.58407, 0.0 ], [ -89.212426, 13.583928, 0.0 ], [ -89.212257, 13.583915, 0.0 ], [ -89.211958, 13.583983, 0.0 ], [ -89.211627, 13.584137, 0.0 ], [ -89.21147, 13.58414, 0.0 ], [ -89.211372, 13.584091, 0.0 ], [ -89.211344, 13.584067, 0.0 ], [ -89.211289, 13.584023, 0.0 ], [ -89.211189, 13.583882, 0.0 ], [ -89.210948, 13.58366, 0.0 ], [ -89.210854, 13.583648, 0.0 ], [ -89.210659, 13.583684, 0.0 ], [ -89.210356, 13.583734, 0.0 ], [ -89.21018, 13.583687, 0.0 ], [ -89.20994, 13.583521, 0.0 ], [ -89.209882, 13.583484, 0.0 ], [ -89.209606, 13.583266, 0.0 ], [ -89.209495, 13.583184, 0.0 ], [ -89.209331, 13.583079, 0.0 ], [ -89.209218, 13.583041, 0.0 ], [ -89.209051, 13.582996, 0.0 ], [ -89.208926, 13.583011, 0.0 ], [ -89.208754, 13.583061, 0.0 ], [ -89.208472, 13.583257, 0.0 ], [ -89.208437, 13.583275, 0.0 ], [ -89.208362, 13.583315, 0.0 ], [ -89.208207, 13.583409, 0.0 ], [ -89.208093, 13.583415, 0.0 ], [ -89.207958, 13.58338, 0.0 ], [ -89.207861, 13.583328, 0.0 ], [ -89.207795, 13.583243, 0.0 ], [ -89.207779, 13.583211, 0.0 ], [ -89.207741, 13.582954, 0.0 ], [ -89.207752, 13.582859, 0.0 ], [ -89.207805, 13.582648, 0.0 ], [ -89.207801, 13.582603, 0.0 ], [ -89.207774, 13.582577, 0.0 ], [ -89.207735, 13.582572, 0.0 ], [ -89.207681, 13.582594, 0.0 ], [ -89.207633, 13.582631, 0.0 ], [ -89.207535, 13.58274, 0.0 ], [ -89.207223, 13.582959, 0.0 ], [ -89.207146, 13.58298, 0.0 ], [ -89.206606, 13.582981, 0.0 ], [ -89.206445, 13.582998, 0.0 ], [ -89.206364, 13.582975, 0.0 ], [ -89.206235, 13.582874, 0.0 ], [ -89.206017, 13.582698, 0.0 ], [ -89.20583, 13.582633, 0.0 ], [ -89.205792, 13.58261, 0.0 ], [ -89.205563, 13.582476, 0.0 ], [ -89.205314, 13.582432, 0.0 ], [ -89.205107, 13.582449, 0.0 ], [ -89.204943, 13.582459, 0.0 ], [ -89.20468, 13.582431, 0.0 ], [ -89.204664, 13.582425, 0.0 ], [ -89.204389, 13.582323, 0.0 ], [ -89.204016, 13.582166, 0.0 ], [ -89.203924, 13.582152, 0.0 ], [ -89.203846, 13.582161, 0.0 ], [ -89.203587, 13.58219, 0.0 ], [ -89.203358, 13.582243, 0.0 ], [ -89.202957, 13.582653, 0.0 ], [ -89.202782, 13.582645, 0.0 ], [ -89.202699, 13.582664, 0.0 ], [ -89.202563, 13.582659, 0.0 ], [ -89.202464, 13.582578, 0.0 ], [ -89.202452, 13.582548, 0.0 ], [ -89.202392, 13.582328, 0.0 ], [ -89.202335, 13.582196, 0.0 ], [ -89.202228, 13.582094, 0.0 ], [ -89.201834, 13.581911, 0.0 ], [ -89.20174, 13.581885, 0.0 ], [ -89.201657, 13.581905, 0.0 ], [ -89.201111, 13.582109, 0.0 ], [ -89.200986, 13.582125, 0.0 ], [ -89.200787, 13.582155, 0.0 ], [ -89.200589, 13.582185, 0.0 ], [ -89.200348, 13.582275, 0.0 ], [ -89.200187, 13.582316, 0.0 ], [ -89.200093, 13.582294, 0.0 ], [ -89.199988, 13.582358, 0.0 ], [ -89.199818, 13.58234, 0.0 ], [ -89.199457, 13.58227, 0.0 ], [ -89.199214, 13.582174, 0.0 ], [ -89.198969, 13.582142, 0.0 ], [ -89.198778, 13.582145, 0.0 ], [ -89.198346, 13.582232, 0.0 ], [ -89.198179, 13.582279, 0.0 ], [ -89.197997, 13.582355, 0.0 ], [ -89.197866, 13.582421, 0.0 ], [ -89.197793, 13.582401, 0.0 ], [ -89.197774, 13.582396, 0.0 ], [ -89.197675, 13.582061, 0.0 ], [ -89.197661, 13.581978, 0.0 ], [ -89.197621, 13.581738, 0.0 ], [ -89.197482, 13.581427, 0.0 ], [ -89.197326, 13.580914, 0.0 ], [ -89.197011, 13.580403, 0.0 ], [ -89.196852, 13.580247, 0.0 ], [ -89.19684, 13.580203, 0.0 ], [ -89.196848, 13.58, 0.0 ], [ -89.196862, 13.579754, 0.0 ], [ -89.196885, 13.579676, 0.0 ], [ -89.197009, 13.579349, 0.0 ], [ -89.197069, 13.579234, 0.0 ], [ -89.197208, 13.579074, 0.0 ], [ -89.197438, 13.578937, 0.0 ], [ -89.197495, 13.578884, 0.0 ], [ -89.197495, 13.578783, 0.0 ], [ -89.197448, 13.578665, 0.0 ], [ -89.197299, 13.578463, 0.0 ], [ -89.197208, 13.57833, 0.0 ], [ -89.19712, 13.578171, 0.0 ], [ -89.197072, 13.577922, 0.0 ], [ -89.197054, 13.577688, 0.0 ], [ -89.197015, 13.5775, 0.0 ], [ -89.196967, 13.577429, 0.0 ], [ -89.196852, 13.577329, 0.0 ], [ -89.196633, 13.577232, 0.0 ], [ -89.196501, 13.577162, 0.0 ], [ -89.196404, 13.577101, 0.0 ], [ -89.196373, 13.577037, 0.0 ], [ -89.196331, 13.576877, 0.0 ], [ -89.196319, 13.576731, 0.0 ], [ -89.196327, 13.576671, 0.0 ], [ -89.19641, 13.576135, 0.0 ], [ -89.19643, 13.576003, 0.0 ], [ -89.196641, 13.575477, 0.0 ], [ -89.196725, 13.575243, 0.0 ], [ -89.196737, 13.574912, 0.0 ], [ -89.196787, 13.574692, 0.0 ], [ -89.196893, 13.574376, 0.0 ], [ -89.196907, 13.574327, 0.0 ], [ -89.19703, 13.57391, 0.0 ], [ -89.197155, 13.573379, 0.0 ], [ -89.197238, 13.572916, 0.0 ], [ -89.197352, 13.572752, 0.0 ], [ -89.197409, 13.572681, 0.0 ], [ -89.197361, 13.572655, 0.0 ], [ -89.196882, 13.572387, 0.0 ], [ -89.196852, 13.572376, 0.0 ], [ -89.196167, 13.572105, 0.0 ], [ -89.195978, 13.57203, 0.0 ], [ -89.195977, 13.572022, 0.0 ], [ -89.195915, 13.571492, 0.0 ], [ -89.195897, 13.571343, 0.0 ], [ -89.195896, 13.571336, 0.0 ], [ -89.195858, 13.570816, 0.0 ], [ -89.195847, 13.570672, 0.0 ], [ -89.195846, 13.570651, 0.0 ], [ -89.196047, 13.57048, 0.0 ], [ -89.196103, 13.570433, 0.0 ], [ -89.196117, 13.570421, 0.0 ], [ -89.196157, 13.570376, 0.0 ], [ -89.196168, 13.570363, 0.0 ], [ -89.196172, 13.570359, 0.0 ], [ -89.196275, 13.570238, 0.0 ], [ -89.196304, 13.570205, 0.0 ], [ -89.196317, 13.570189, 0.0 ], [ -89.196444, 13.570024, 0.0 ], [ -89.196479, 13.569978, 0.0 ], [ -89.1965, 13.569951, 0.0 ], [ -89.196516, 13.569814, 0.0 ], [ -89.196521, 13.569777, 0.0 ], [ -89.196524, 13.569749, 0.0 ], [ -89.196511, 13.569606, 0.0 ], [ -89.196508, 13.569566, 0.0 ], [ -89.196505, 13.569532, 0.0 ], [ -89.196416, 13.56932, 0.0 ], [ -89.196392, 13.569261, 0.0 ], [ -89.196367, 13.569202, 0.0 ], [ -89.196364, 13.568927, 0.0 ], [ -89.196363, 13.568851, 0.0 ], [ -89.196362, 13.568763, 0.0 ], [ -89.196295, 13.568696, 0.0 ], [ -89.196277, 13.568678, 0.0 ], [ -89.196252, 13.568654, 0.0 ], [ -89.196246, 13.568647, 0.0 ], [ -89.196245, 13.568644, 0.0 ], [ -89.196243, 13.568641, 0.0 ], [ -89.196239, 13.568633, 0.0 ], [ -89.196238, 13.568631, 0.0 ], [ -89.196236, 13.568627, 0.0 ], [ -89.196235, 13.568613, 0.0 ], [ -89.196235, 13.568609, 0.0 ], [ -89.196234, 13.568601, 0.0 ], [ -89.196279, 13.568458, 0.0 ], [ -89.196291, 13.568418, 0.0 ], [ -89.196316, 13.568338, 0.0 ], [ -89.196342, 13.568255, 0.0 ], [ -89.196349, 13.568232, 0.0 ], [ -89.196365, 13.568181, 0.0 ], [ -89.196372, 13.568157, 0.0 ], [ -89.196374, 13.568151, 0.0 ], [ -89.196379, 13.568134, 0.0 ], [ -89.19636, 13.568069, 0.0 ], [ -89.196354, 13.568052, 0.0 ], [ -89.19634, 13.568003, 0.0 ], [ -89.196287, 13.56794, 0.0 ], [ -89.196273, 13.567923, 0.0 ], [ -89.19623, 13.567871, 0.0 ], [ -89.196312, 13.567627, 0.0 ], [ -89.196334, 13.567561, 0.0 ], [ -89.196406, 13.567345, 0.0 ], [ -89.196413, 13.567287, 0.0 ], [ -89.196415, 13.567272, 0.0 ], [ -89.196421, 13.567216, 0.0 ], [ -89.196436, 13.567087, 0.0 ], [ -89.19644, 13.567052, 0.0 ], [ -89.196455, 13.566916, 0.0 ], [ -89.196446, 13.566736, 0.0 ], [ -89.196444, 13.566688, 0.0 ], [ -89.196433, 13.566481, 0.0 ], [ -89.196431, 13.566321, 0.0 ], [ -89.19643, 13.566278, 0.0 ], [ -89.196427, 13.566078, 0.0 ], [ -89.196424, 13.565891, 0.0 ], [ -89.196423, 13.565841, 0.0 ], [ -89.19642, 13.565587, 0.0 ], [ -89.196405, 13.565547, 0.0 ], [ -89.196402, 13.565537, 0.0 ], [ -89.19638, 13.565477, 0.0 ], [ -89.196374, 13.565461, 0.0 ], [ -89.196372, 13.565457, 0.0 ], [ -89.196361, 13.565431, 0.0 ], [ -89.196338, 13.565405, 0.0 ], [ -89.196332, 13.565399, 0.0 ], [ -89.196292, 13.565354, 0.0 ], [ -89.196246, 13.565321, 0.0 ], [ -89.196234, 13.565313, 0.0 ], [ -89.196146, 13.56525, 0.0 ], [ -89.196134, 13.565242, 0.0 ], [ -89.196131, 13.56524, 0.0 ], [ -89.196107, 13.565223, 0.0 ], [ -89.196091, 13.565211, 0.0 ], [ -89.196086, 13.565208, 0.0 ], [ -89.196049, 13.565181, 0.0 ], [ -89.195828, 13.565024, 0.0 ], [ -89.195771, 13.564984, 0.0 ], [ -89.195218, 13.564591, 0.0 ], [ -89.195183, 13.564566, 0.0 ], [ -89.195175, 13.56456, 0.0 ], [ -89.195078, 13.564489, 0.0 ], [ -89.194987, 13.564432, 0.0 ], [ -89.194964, 13.564418, 0.0 ], [ -89.194686, 13.564243, 0.0 ], [ -89.194661, 13.564217, 0.0 ], [ -89.194655, 13.564211, 0.0 ], [ -89.194571, 13.564122, 0.0 ], [ -89.194544, 13.563962, 0.0 ], [ -89.194537, 13.563922, 0.0 ], [ -89.194435, 13.563322, 0.0 ], [ -89.194358, 13.563325, 0.0 ], [ -89.194339, 13.563325, 0.0 ], [ -89.194016, 13.563337, 0.0 ], [ -89.193888, 13.563341, 0.0 ], [ -89.193858, 13.563342, 0.0 ], [ -89.193253, 13.563364, 0.0 ], [ -89.193196, 13.563368, 0.0 ], [ -89.193183, 13.563369, 0.0 ], [ -89.192876, 13.563394, 0.0 ], [ -89.192863, 13.563397, 0.0 ], [ -89.192861, 13.563397, 0.0 ], [ -89.192785, 13.563412, 0.0 ], [ -89.192768, 13.563421, 0.0 ], [ -89.192764, 13.563423, 0.0 ], [ -89.192638, 13.563488, 0.0 ], [ -89.192635, 13.56349, 0.0 ], [ -89.192634, 13.56349, 0.0 ], [ -89.192603, 13.563501, 0.0 ], [ -89.192596, 13.563502, 0.0 ], [ -89.192595, 13.563502, 0.0 ], [ -89.192518, 13.563507, 0.0 ], [ -89.192512, 13.563504, 0.0 ], [ -89.192511, 13.563503, 0.0 ], [ -89.192427, 13.56346, 0.0 ], [ -89.192315, 13.56346, 0.0 ], [ -89.192309, 13.563463, 0.0 ], [ -89.192163, 13.563549, 0.0 ], [ -89.192161, 13.563549, 0.0 ], [ -89.192083, 13.56357, 0.0 ], [ -89.192082, 13.56357, 0.0 ], [ -89.191885, 13.563524, 0.0 ], [ -89.191882, 13.563524, 0.0 ], [ -89.19188, 13.563523, 0.0 ], [ -89.191775, 13.563506, 0.0 ], [ -89.191773, 13.563505, 0.0 ], [ -89.19177, 13.563505, 0.0 ], [ -89.191701, 13.563505, 0.0 ], [ -89.191497, 13.563569, 0.0 ], [ -89.191491, 13.563571, 0.0 ], [ -89.191477, 13.563575, 0.0 ], [ -89.191372, 13.563576, 0.0 ], [ -89.191303, 13.563585, 0.0 ], [ -89.1913, 13.563585, 0.0 ], [ -89.191292, 13.563586, 0.0 ], [ -89.191211, 13.563613, 0.0 ], [ -89.191207, 13.563614, 0.0 ], [ -89.191196, 13.563618, 0.0 ], [ -89.191145, 13.563615, 0.0 ], [ -89.191143, 13.563615, 0.0 ], [ -89.191135, 13.563615, 0.0 ], [ -89.191062, 13.563601, 0.0 ], [ -89.191058, 13.5636, 0.0 ], [ -89.191045, 13.563598, 0.0 ], [ -89.19086, 13.563777, 0.0 ], [ -89.190847, 13.56379, 0.0 ], [ -89.190809, 13.563827, 0.0 ], [ -89.190608, 13.563829, 0.0 ], [ -89.190592, 13.563829, 0.0 ], [ -89.190545, 13.56383, 0.0 ], [ -89.190309, 13.563764, 0.0 ], [ -89.190289, 13.563758, 0.0 ], [ -89.190227, 13.563741, 0.0 ], [ -89.190123, 13.563724, 0.0 ], [ -89.190113, 13.563723, 0.0 ], [ -89.190083, 13.563718, 0.0 ], [ -89.190021, 13.563714, 0.0 ], [ -89.190015, 13.563714, 0.0 ], [ -89.189995, 13.563713, 0.0 ], [ -89.18983, 13.563762, 0.0 ], [ -89.189811, 13.563768, 0.0 ], [ -89.189752, 13.563786, 0.0 ], [ -89.189638, 13.563797, 0.0 ], [ -89.189623, 13.563799, 0.0 ], [ -89.189578, 13.563803, 0.0 ], [ -89.189507, 13.563811, 0.0 ], [ -89.189497, 13.563812, 0.0 ], [ -89.189466, 13.563815, 0.0 ], [ -89.189422, 13.5638, 0.0 ], [ -89.189415, 13.563798, 0.0 ], [ -89.189394, 13.563791, 0.0 ], [ -89.189288, 13.563731, 0.0 ], [ -89.18927, 13.563721, 0.0 ], [ -89.189215, 13.56369, 0.0 ], [ -89.189169, 13.563697, 0.0 ], [ -89.189161, 13.563698, 0.0 ], [ -89.189135, 13.563703, 0.0 ], [ -89.189035, 13.56376, 0.0 ], [ -89.189015, 13.563772, 0.0 ], [ -89.188953, 13.563807, 0.0 ], [ -89.188799, 13.563859, 0.0 ], [ -89.188767, 13.56387, 0.0 ], [ -89.188662, 13.563904, 0.0 ], [ -89.188585, 13.563916, 0.0 ], [ -89.188567, 13.563919, 0.0 ], [ -89.18851, 13.563928, 0.0 ], [ -89.188398, 13.563928, 0.0 ], [ -89.188359, 13.563926, 0.0 ], [ -89.188348, 13.563926, 0.0 ], [ -89.188314, 13.563925, 0.0 ], [ -89.188224, 13.563921, 0.0 ], [ -89.188197, 13.56392, 0.0 ], [ -89.188111, 13.563916, 0.0 ], [ -89.187942, 13.564134, 0.0 ], [ -89.187888, 13.564205, 0.0 ], [ -89.187711, 13.564432, 0.0 ], [ -89.187686, 13.564426, 0.0 ], [ -89.187677, 13.564424, 0.0 ], [ -89.187648, 13.564418, 0.0 ], [ -89.187623, 13.564471, 0.0 ], [ -89.187613, 13.564492, 0.0 ], [ -89.187582, 13.564558, 0.0 ], [ -89.187562, 13.564603, 0.0 ], [ -89.187553, 13.564621, 0.0 ], [ -89.187525, 13.564681, 0.0 ], [ -89.187506, 13.564691, 0.0 ], [ -89.187498, 13.564696, 0.0 ], [ -89.187469, 13.56471, 0.0 ], [ -89.187411, 13.564735, 0.0 ], [ -89.187375, 13.564595, 0.0 ], [ -89.187411, 13.56443, 0.0 ], [ -89.187839, 13.563986, 0.0 ], [ -89.187947, 13.563835, 0.0 ], [ -89.187999, 13.563729, 0.0 ], [ -89.188267, 13.56349, 0.0 ], [ -89.188425, 13.563322, 0.0 ], [ -89.188506, 13.563198, 0.0 ], [ -89.188526, 13.562983, 0.0 ], [ -89.188386, 13.56244, 0.0 ], [ -89.188225, 13.562056, 0.0 ], [ -89.187725, 13.561651, 0.0 ], [ -89.187513, 13.561486, 0.0 ], [ -89.187477, 13.561497, 0.0 ], [ -89.187422, 13.561309, 0.0 ], [ -89.18744, 13.561094, 0.0 ], [ -89.18758, 13.560869, 0.0 ], [ -89.187598, 13.560398, 0.0 ], [ -89.187502, 13.559702, 0.0 ], [ -89.187482, 13.559521, 0.0 ], [ -89.187446, 13.559236, 0.0 ], [ -89.187208, 13.558472, 0.0 ], [ -89.187104, 13.558209, 0.0 ], [ -89.186948, 13.557639, 0.0 ], [ -89.186975, 13.557, 0.0 ], [ -89.187113, 13.556177, 0.0 ], [ -89.187407, 13.555447, 0.0 ], [ -89.18769, 13.555026, 0.0 ], [ -89.188287, 13.554512, 0.0 ], [ -89.188296, 13.554371, 0.0 ], [ -89.18821, 13.554247, 0.0 ], [ -89.187806, 13.55381, 0.0 ], [ -89.187518, 13.55354, 0.0 ], [ -89.187222, 13.553304, 0.0 ], [ -89.187069, 13.553163, 0.0 ], [ -89.186987, 13.552845, 0.0 ], [ -89.186996, 13.552654, 0.0 ], [ -89.187032, 13.552464, 0.0 ], [ -89.187199, 13.552092, 0.0 ], [ -89.187719, 13.551676, 0.0 ], [ -89.187773, 13.551552, 0.0 ], [ -89.187746, 13.551305, 0.0 ], [ -89.187633, 13.551177, 0.0 ], [ -89.187299, 13.550878, 0.0 ], [ -89.187019, 13.550715, 0.0 ], [ -89.186652, 13.550693, 0.0 ], [ -89.186447, 13.55051, 0.0 ], [ -89.18605, 13.549805, 0.0 ], [ -89.185906, 13.549476, 0.0 ], [ -89.185797, 13.549173, 0.0 ], [ -89.185351, 13.548661, 0.0 ], [ -89.185238, 13.548242, 0.0 ], [ -89.184998, 13.547953, 0.0 ], [ -89.184973, 13.547433, 0.0 ], [ -89.184657, 13.547062, 0.0 ], [ -89.184601, 13.546972, 0.0 ], [ -89.184515, 13.546834, 0.0 ], [ -89.184524, 13.546733, 0.0 ], [ -89.184916, 13.546238, 0.0 ], [ -89.185306, 13.545857, 0.0 ], [ -89.185309, 13.545754, 0.0 ], [ -89.185318, 13.545525, 0.0 ], [ -89.18533, 13.545181, 0.0 ], [ -89.185391, 13.54464, 0.0 ], [ -89.185426, 13.544278, 0.0 ], [ -89.185471, 13.544134, 0.0 ], [ -89.185421, 13.543706, 0.0 ], [ -89.185252, 13.54294, 0.0 ], [ -89.185366, 13.542531, 0.0 ], [ -89.185854, 13.541545, 0.0 ], [ -89.185994, 13.540705, 0.0 ], [ -89.185982, 13.539976, 0.0 ], [ -89.186085, 13.539567, 0.0 ], [ -89.186398, 13.538688, 0.0 ], [ -89.186515, 13.538385, 0.0 ], [ -89.187118, 13.537891, 0.0 ], [ -89.187791, 13.537461, 0.0 ], [ -89.188174, 13.537019, 0.0 ], [ -89.188428, 13.536629, 0.0 ], [ -89.188473, 13.536439, 0.0 ], [ -89.188468, 13.536026, 0.0 ], [ -89.188227, 13.535599, 0.0 ], [ -89.188021, 13.535027, 0.0 ], [ -89.188082, 13.53476, 0.0 ], [ -89.188356, 13.534219, 0.0 ], [ -89.188282, 13.533837, 0.0 ], [ -89.188056, 13.533621, 0.0 ], [ -89.187767, 13.533432, 0.0 ], [ -89.187373, 13.532984, 0.0 ], [ -89.187296, 13.53287, 0.0 ], [ -89.187192, 13.532658, 0.0 ], [ -89.187246, 13.532435, 0.0 ], [ -89.187654, 13.531933, 0.0 ], [ -89.188341, 13.531537, 0.0 ], [ -89.188672, 13.531203, 0.0 ], [ -89.188719, 13.530938, 0.0 ], [ -89.188676, 13.530622, 0.0 ], [ -89.188421, 13.530168, 0.0 ], [ -89.188157, 13.529954, 0.0 ], [ -89.187945, 13.52953, 0.0 ], [ -89.187879, 13.529355, 0.0 ], [ -89.187852, 13.529141, 0.0 ], [ -89.187847, 13.529006, 0.0 ], [ -89.187901, 13.528825, 0.0 ], [ -89.188075, 13.528547, 0.0 ], [ -89.188196, 13.528394, 0.0 ], [ -89.188268, 13.528124, 0.0 ], [ -89.188277, 13.527963, 0.0 ], [ -89.188101, 13.527376, 0.0 ], [ -89.18806, 13.527075, 0.0 ], [ -89.188028, 13.526483, 0.0 ], [ -89.188021, 13.525807, 0.0 ], [ -89.188075, 13.525405, 0.0 ], [ -89.188263, 13.525141, 0.0 ], [ -89.189099, 13.524439, 0.0 ], [ -89.189243, 13.524298, 0.0 ], [ -89.189389, 13.524108, 0.0 ], [ -89.18941, 13.524082, 0.0 ], [ -89.189545, 13.523728, 0.0 ] ] ] ] } }
]
}
